phone,calls_made,unique_b_parties,total_duration_s,calls_received,unique_a_parties,total_calls
+917317979561,415.0,87.0,32271.0,60,6,475.0
+918623600490,353.0,60.0,29085.0,93,7,446.0
+919060847311,318.0,61.0,24644.0,110,8,428.0
+919729190007,303.0,54.0,24208.0,122,8,425.0
+916094771856,234.0,50.0,17993.0,190,11,424.0
+918361562235,279.0,53.0,19336.0,143,8,422.0
+918238474652,140.0,31.0,10514.0,281,15,421.0
+916447608719,358.0,71.0,31430.0,56,4,414.0
+918051846850,345.0,66.0,27474.0,66,6,411.0
+918878045823,367.0,59.0,30769.0,39,2,406.0
+919132880663,232.0,39.0,18696.0,151,14,383.0
+919366512921,166.0,31.0,12031.0,212,17,378.0
+917421153051,233.0,42.0,18815.0,145,11,378.0
+916237083180,268.0,53.0,21106.0,110,7,378.0
+918529196103,213.0,49.0,16821.0,160,13,373.0
+916058454908,269.0,45.0,20922.0,100,9,369.0
+917955429460,207.0,42.0,20623.0,158,11,365.0
+919951957150,197.0,47.0,18426.0,166,12,363.0
+917169308408,150.0,34.0,9522.0,206,14,356.0
+919587227820,238.0,36.0,17862.0,113,11,351.0
+918308817348,290.0,55.0,24530.0,59,6,349.0
+918177584112,284.0,52.0,21508.0,63,7,347.0
+918591086181,214.0,44.0,16337.0,133,11,347.0
+916369992539,218.0,35.0,15916.0,128,10,346.0
+917525780109,249.0,45.0,19918.0,97,8,346.0
+917003035066,189.0,34.0,13674.0,149,11,338.0
+917796810587,121.0,26.0,10122.0,216,18,337.0
+918269769851,199.0,46.0,13548.0,138,9,337.0
+918402956877,239.0,62.0,17866.0,97,9,336.0
+916607071821,205.0,44.0,17641.0,131,9,336.0
+916685600019,144.0,34.0,12447.0,190,14,334.0
+916015338131,210.0,43.0,18191.0,122,8,332.0
+919536599668,240.0,40.0,19103.0,92,8,332.0
+918097181152,286.0,47.0,23454.0,45,6,331.0
+918925061061,186.0,30.0,13065.0,145,10,331.0
+917635826849,181.0,33.0,18675.0,150,14,331.0
+919329674437,220.0,47.0,21780.0,110,10,330.0
+918221059249,221.0,46.0,16141.0,108,11,329.0
+918865231522,209.0,42.0,17117.0,120,10,329.0
+916653764109,150.0,27.0,12336.0,179,12,329.0
+916944187802,83.0,24.0,7354.0,245,11,328.0
+917394042807,203.0,42.0,16967.0,125,11,328.0
+918611768292,198.0,47.0,17429.0,128,10,326.0
+916306672398,181.0,41.0,17864.0,144,14,325.0
+918452562575,127.0,29.0,9422.0,198,15,325.0
+919090040167,202.0,38.0,15177.0,123,10,325.0
+918335588295,222.0,46.0,16199.0,102,10,324.0
+918795902065,77.0,24.0,6226.0,243,15,320.0
+918149222373,147.0,36.0,12165.0,172,14,319.0
+918462818817,204.0,45.0,14718.0,111,10,315.0
+918059085708,202.0,28.0,15200.0,113,10,315.0
+919980710646,205.0,33.0,15481.0,107,8,312.0
+916006487113,178.0,34.0,13085.0,133,10,311.0
+916246077008,141.0,31.0,11416.0,166,12,307.0
+916585498514,192.0,47.0,15738.0,115,8,307.0
+917935166757,147.0,30.0,11518.0,157,16,304.0
+916894088552,200.0,39.0,17207.0,98,8,298.0
+919495306697,254.0,38.0,19966.0,43,4,297.0
+916227628962,203.0,33.0,14114.0,93,8,296.0
+918321114508,142.0,35.0,10987.0,150,12,292.0
+919997487548,157.0,36.0,15394.0,134,14,291.0
+919695995412,101.0,26.0,7299.0,188,12,289.0
+918173879651,235.0,51.0,18299.0,54,6,289.0
+919382118159,124.0,21.0,10319.0,165,14,289.0
+917812391348,156.0,35.0,11975.0,132,9,288.0
+918880408181,118.0,16.0,11252.0,170,12,288.0
+918210044032,149.0,32.0,12708.0,138,11,287.0
+918623042155,93.0,24.0,7022.0,193,12,286.0
+916091813681,158.0,36.0,12155.0,128,12,286.0
+919639693636,200.0,37.0,16839.0,86,7,286.0
+917325505159,131.0,27.0,7850.0,155,13,286.0
+916382643732,224.0,31.0,16663.0,61,7,285.0
+918848119541,102.0,26.0,7435.0,183,15,285.0
+918704754445,154.0,33.0,10159.0,130,13,284.0
+919237117275,214.0,31.0,16843.0,70,7,284.0
+919742264945,160.0,33.0,12919.0,123,10,283.0
+918202473250,233.0,36.0,17092.0,48,7,281.0
+919977714521,195.0,40.0,15724.0,86,8,281.0
+916921097726,124.0,31.0,10233.0,157,12,281.0
+917701947401,162.0,37.0,12326.0,119,10,281.0
+916048294235,170.0,32.0,10218.0,109,10,279.0
+916914366972,236.0,48.0,18421.0,42,3,278.0
+919325163659,218.0,57.0,17493.0,58,6,276.0
+916386720397,140.0,31.0,9163.0,136,12,276.0
+918739897659,192.0,40.0,15940.0,83,9,275.0
+916655681478,180.0,35.0,14178.0,94,10,274.0
+916302244877,104.0,19.0,8570.0,170,12,274.0
+919461473187,103.0,33.0,9605.0,171,12,274.0
+919398827119,199.0,40.0,14807.0,74,7,273.0
+917992028801,148.0,32.0,13468.0,124,8,272.0
+916723984235,121.0,32.0,9250.0,150,15,271.0
+918422504004,168.0,37.0,11689.0,102,10,270.0
+919942600243,181.0,31.0,14157.0,89,7,270.0
+916342220921,130.0,36.0,8924.0,139,11,269.0
+917814451391,122.0,25.0,11905.0,146,7,268.0
+917833952280,79.0,23.0,8726.0,188,11,267.0
+919199925996,133.0,30.0,9361.0,133,11,266.0
+918606140014,103.0,32.0,7789.0,162,11,265.0
+917083061192,132.0,28.0,10214.0,133,11,265.0
+917705490618,75.0,18.0,5566.0,188,12,263.0
+918895066082,110.0,20.0,7893.0,153,9,263.0
+917179557445,137.0,32.0,11565.0,124,11,261.0
+916643318329,169.0,27.0,12035.0,92,7,261.0
+918291949356,183.0,37.0,14012.0,78,10,261.0
+918978425896,110.0,26.0,7759.0,150,12,260.0
+917271008318,128.0,30.0,9628.0,131,9,259.0
+918689441045,68.0,29.0,6774.0,190,16,258.0
+918392447579,177.0,36.0,13913.0,81,7,258.0
+916427193370,120.0,33.0,8321.0,138,10,258.0
+916270186140,125.0,28.0,9919.0,133,10,258.0
+916958783924,147.0,31.0,11457.0,110,12,257.0
+918742463794,158.0,29.0,12825.0,99,10,257.0
+918721605472,184.0,36.0,12357.0,73,7,257.0
+916937948410,141.0,24.0,12770.0,115,9,256.0
+919429506027,110.0,30.0,8028.0,145,11,255.0
+916544694099,34.0,12.0,2217.0,221,15,255.0
+917053396633,136.0,31.0,9966.0,118,10,254.0
+918486877238,82.0,19.0,7044.0,172,10,254.0
+917143908206,154.0,35.0,9735.0,99,8,253.0
+918640021011,66.0,15.0,7902.0,187,13,253.0
+916916154468,67.0,12.0,6514.0,186,14,253.0
+917785232626,174.0,34.0,12482.0,78,8,252.0
+918840860766,135.0,23.0,9468.0,117,10,252.0
+917292935273,172.0,38.0,13116.0,76,6,248.0
+919016200483,198.0,39.0,18206.0,50,6,248.0
+917446450194,116.0,29.0,8197.0,132,10,248.0
+919771863449,128.0,33.0,11097.0,118,12,246.0
+919262323307,177.0,40.0,13894.0,69,7,246.0
+917858416164,70.0,16.0,5035.0,176,14,246.0
+916051800324,157.0,34.0,12094.0,89,7,246.0
+918687158733,122.0,25.0,9506.0,123,11,245.0
+916990373779,60.0,17.0,3268.0,184,14,244.0
+917802459650,131.0,24.0,12966.0,113,6,244.0
+917789625717,158.0,20.0,11349.0,86,6,244.0
+918656476402,166.0,45.0,13884.0,77,9,243.0
+919017810073,106.0,29.0,9158.0,136,10,242.0
+918461913894,115.0,21.0,8410.0,127,12,242.0
+918208810607,135.0,30.0,10095.0,105,7,240.0
+919989557642,159.0,34.0,13727.0,81,6,240.0
+916706334379,134.0,24.0,9842.0,106,8,240.0
+919832708882,112.0,23.0,7543.0,127,8,239.0
+916776903156,141.0,33.0,12346.0,98,8,239.0
+917300807943,156.0,26.0,12875.0,83,8,239.0
+916058022855,108.0,27.0,9207.0,129,9,237.0
+917241973931,113.0,25.0,9004.0,124,6,237.0
+918689536467,30.0,10.0,2123.0,207,14,237.0
+917593434055,77.0,16.0,7054.0,160,10,237.0
+917776041515,191.0,48.0,17267.0,45,5,236.0
+916284970242,101.0,29.0,9290.0,135,9,236.0
+919819183914,177.0,40.0,14394.0,58,5,235.0
+917106301926,109.0,28.0,9818.0,125,9,234.0
+916080545992,114.0,27.0,9327.0,118,12,232.0
+918138908450,162.0,35.0,11926.0,69,7,231.0
+918291434977,81.0,16.0,5088.0,149,10,230.0
+917859668635,171.0,31.0,13297.0,58,7,229.0
+918447303277,132.0,29.0,9670.0,97,8,229.0
+917420191084,89.0,28.0,9898.0,140,10,229.0
+919588297102,65.0,17.0,4984.0,164,12,229.0
+916776103126,134.0,43.0,9122.0,95,9,229.0
+916575889151,143.0,27.0,12866.0,85,11,228.0
+916090204530,179.0,32.0,15996.0,49,7,228.0
+918394021688,156.0,33.0,14558.0,71,7,227.0
+918104714126,98.0,24.0,8679.0,129,11,227.0
+917446118252,88.0,22.0,8060.0,138,6,226.0
+916439697710,125.0,23.0,9299.0,101,11,226.0
+917560886948,127.0,30.0,11951.0,99,9,226.0
+916786672246,89.0,22.0,6959.0,136,8,225.0
+919622741846,140.0,35.0,10743.0,85,9,225.0
+917960473770,107.0,36.0,10308.0,118,13,225.0
+917351511220,79.0,21.0,7222.0,144,9,223.0
+917837488954,145.0,35.0,14604.0,78,6,223.0
+918171045222,124.0,38.0,10154.0,98,9,222.0
+918779205342,92.0,23.0,7562.0,130,10,222.0
+919178772513,90.0,14.0,7475.0,131,11,221.0
+919022035120,80.0,12.0,5812.0,141,10,221.0
+919345953674,128.0,26.0,10685.0,93,7,221.0
+918020107558,80.0,22.0,6654.0,141,12,221.0
+916628834112,110.0,32.0,8163.0,111,8,221.0
+916562583316,109.0,24.0,9154.0,111,10,220.0
+918389881375,88.0,21.0,6640.0,132,9,220.0
+917368876537,124.0,18.0,9067.0,96,9,220.0
+918730323219,120.0,19.0,9250.0,99,10,219.0
+917575257064,132.0,33.0,9930.0,85,8,217.0
+916845328571,135.0,33.0,11734.0,82,6,217.0
+919054979847,98.0,23.0,10418.0,118,7,216.0
+917673048151,118.0,27.0,9365.0,97,6,215.0
+916010496413,119.0,24.0,11098.0,96,7,215.0
+917238146740,152.0,31.0,11452.0,63,6,215.0
+918101417078,126.0,28.0,9763.0,89,7,215.0
+918813773116,164.0,36.0,13250.0,50,5,214.0
+916830256995,85.0,20.0,6977.0,129,10,214.0
+919929456591,113.0,38.0,8525.0,101,9,214.0
+919248520367,88.0,13.0,6623.0,125,11,213.0
+916130734182,131.0,38.0,11509.0,81,8,212.0
+917018736005,112.0,30.0,9284.0,100,8,212.0
+919291195045,131.0,29.0,12837.0,81,7,212.0
+916134754174,123.0,25.0,9905.0,89,8,212.0
+919346649100,78.0,20.0,6006.0,133,11,211.0
+916504882353,127.0,28.0,9328.0,84,9,211.0
+917578269611,118.0,20.0,8116.0,93,8,211.0
+918758500703,70.0,23.0,5751.0,141,11,211.0
+917794595645,124.0,40.0,10399.0,87,8,211.0
+917865422700,98.0,25.0,7682.0,113,9,211.0
+916787573037,120.0,18.0,12047.0,90,8,210.0
+918969127384,84.0,22.0,7315.0,126,13,210.0
+919881168369,120.0,30.0,9002.0,90,7,210.0
+917195763378,146.0,32.0,11016.0,63,7,209.0
+919251455465,134.0,19.0,9729.0,75,9,209.0
+917534485707,148.0,28.0,11953.0,61,6,209.0
+918275968997,95.0,22.0,8113.0,113,9,208.0
+919767645739,64.0,20.0,6510.0,144,14,208.0
+919015087717,75.0,25.0,6302.0,132,10,207.0
+916943428907,147.0,25.0,13502.0,59,9,206.0
+918803284020,79.0,21.0,6015.0,127,13,206.0
+916054988257,70.0,17.0,5233.0,136,11,206.0
+919160254626,121.0,20.0,10230.0,83,10,204.0
+916038274365,115.0,25.0,9336.0,89,8,204.0
+916281450195,97.0,27.0,7978.0,107,7,204.0
+916649870873,151.0,29.0,13269.0,52,4,203.0
+918241088500,122.0,27.0,11388.0,81,4,203.0
+919966175946,132.0,41.0,10930.0,69,6,201.0
+916765513077,81.0,25.0,5379.0,120,11,201.0
+917680136895,70.0,26.0,5757.0,131,10,201.0
+917943403280,114.0,32.0,11939.0,87,7,201.0
+917243264470,109.0,30.0,8968.0,92,9,201.0
+919588323233,139.0,38.0,10799.0,62,8,201.0
+919186457589,123.0,28.0,8773.0,75,7,198.0
+917101650257,81.0,18.0,6917.0,117,13,198.0
+918054052203,94.0,19.0,7397.0,104,10,198.0
+919954666052,97.0,26.0,7202.0,100,11,197.0
+916044407276,98.0,22.0,6835.0,99,9,197.0
+919214635276,135.0,38.0,12426.0,62,5,197.0
+917817995788,97.0,20.0,7351.0,100,9,197.0
+916476907742,93.0,26.0,7277.0,104,9,197.0
+917378311165,104.0,32.0,8968.0,92,6,196.0
+919263008115,124.0,31.0,10721.0,71,6,195.0
+917843067483,102.0,34.0,7090.0,93,6,195.0
+919805478666,104.0,25.0,9505.0,90,9,194.0
+916152322496,103.0,15.0,9967.0,90,10,193.0
+918584121833,66.0,27.0,6362.0,127,10,193.0
+918361725864,51.0,13.0,4091.0,142,8,193.0
+916279221742,71.0,13.0,6521.0,122,10,193.0
+916726377264,63.0,18.0,5037.0,129,10,192.0
+917022759595,78.0,24.0,6966.0,114,11,192.0
+917404527839,65.0,19.0,5386.0,126,9,191.0
+919351490028,129.0,25.0,10454.0,62,7,191.0
+918922479774,85.0,27.0,5923.0,105,8,190.0
+916146766927,69.0,15.0,6762.0,121,8,190.0
+919125031489,160.0,39.0,11839.0,29,3,189.0
+919896412634,67.0,21.0,6233.0,122,7,189.0
+919454754435,84.0,24.0,6699.0,105,12,189.0
+918075741764,156.0,24.0,12409.0,32,4,188.0
+918191446857,89.0,22.0,8760.0,99,6,188.0
+916351169293,70.0,20.0,6055.0,118,9,188.0
+919437089556,86.0,27.0,6035.0,102,10,188.0
+919190665048,116.0,24.0,10631.0,72,6,188.0
+919827773348,67.0,16.0,5473.0,120,9,187.0
+916245344475,145.0,34.0,13388.0,42,4,187.0
+919325021664,67.0,18.0,4676.0,120,9,187.0
+917292445266,47.0,14.0,4212.0,140,9,187.0
+918963060672,114.0,22.0,8873.0,73,8,187.0
+917984219303,88.0,25.0,6415.0,99,9,187.0
+918837165914,125.0,24.0,9735.0,61,8,186.0
+916464332961,153.0,31.0,12609.0,33,4,186.0
+918285389354,123.0,29.0,10649.0,62,7,185.0
+916051226122,115.0,22.0,7491.0,69,7,184.0
+919573222418,40.0,11.0,2754.0,144,12,184.0
+919349136289,107.0,30.0,7715.0,76,9,183.0
+918763668455,96.0,23.0,7202.0,87,9,183.0
+919361653078,145.0,23.0,11859.0,37,5,182.0
+916574486642,131.0,40.0,11002.0,51,7,182.0
+916691555042,71.0,17.0,6790.0,110,8,181.0
+917446745422,145.0,29.0,10442.0,36,6,181.0
+919686560609,90.0,22.0,7175.0,91,6,181.0
+916305700354,48.0,15.0,5202.0,133,13,181.0
+916861911094,96.0,23.0,6850.0,85,11,181.0
+916351164177,81.0,21.0,6818.0,98,9,179.0
+919722887352,133.0,23.0,11292.0,46,5,179.0
+919299482632,109.0,24.0,9525.0,70,6,179.0
+919378220674,90.0,23.0,7900.0,87,8,177.0
+918290616496,121.0,26.0,9898.0,56,6,177.0
+916355945616,58.0,11.0,5249.0,119,10,177.0
+918893147732,63.0,19.0,4370.0,114,6,177.0
+917746155057,53.0,19.0,3324.0,124,7,177.0
+918972637123,50.0,18.0,3797.0,127,9,177.0
+917337541513,85.0,22.0,4898.0,91,8,176.0
+916762758123,79.0,15.0,4658.0,97,9,176.0
+919288132902,97.0,36.0,7240.0,78,8,175.0
+917507968295,90.0,12.0,8132.0,85,5,175.0
+918432319315,100.0,21.0,10374.0,75,7,175.0
+916502066713,108.0,25.0,9614.0,65,7,173.0
+919151369982,90.0,25.0,7206.0,83,8,173.0
+919494611704,121.0,27.0,9153.0,52,6,173.0
+919444991128,101.0,16.0,7815.0,71,8,172.0
+916064767401,135.0,25.0,9162.0,37,4,172.0
+919798144557,122.0,24.0,8894.0,49,4,171.0
+918044611401,99.0,28.0,6148.0,71,6,170.0
+919356363134,53.0,12.0,3401.0,117,6,170.0
+919049006422,85.0,19.0,7734.0,84,6,169.0
+919472477843,104.0,23.0,7490.0,65,9,169.0
+918538512642,71.0,18.0,6359.0,98,8,169.0
+919723232248,111.0,20.0,8973.0,57,6,168.0
+917939466847,71.0,26.0,6411.0,97,8,168.0
+918280544103,47.0,15.0,3310.0,121,9,168.0
+918572563383,57.0,11.0,3104.0,110,8,167.0
+918526853964,102.0,19.0,7673.0,65,4,167.0
+917020336211,84.0,21.0,6659.0,83,6,167.0
+918791238423,59.0,21.0,4936.0,107,9,166.0
+917562849037,57.0,12.0,4091.0,109,8,166.0
+918759478429,60.0,21.0,5601.0,106,9,166.0
+916026607527,72.0,20.0,5673.0,93,7,165.0
+918777505274,24.0,12.0,2313.0,140,10,164.0
+918248309168,54.0,18.0,3870.0,108,8,162.0
+916843261431,107.0,23.0,7522.0,55,4,162.0
+919480729953,81.0,22.0,4905.0,80,7,161.0
+917644142587,108.0,23.0,10265.0,53,8,161.0
+919136296027,96.0,22.0,9321.0,65,7,161.0
+916765098129,54.0,19.0,4845.0,106,9,160.0
+917463442570,84.0,13.0,6021.0,75,4,159.0
+918801832510,136.0,26.0,11377.0,22,4,158.0
+916481948779,57.0,16.0,4026.0,101,5,158.0
+919400202190,99.0,24.0,8104.0,59,7,158.0
+917163268487,68.0,18.0,6131.0,90,7,158.0
+919093167108,132.0,33.0,12042.0,26,4,158.0
+917023186951,100.0,16.0,8763.0,57,6,157.0
+919042140949,40.0,12.0,3720.0,117,8,157.0
+917608485568,74.0,15.0,5963.0,83,9,157.0
+917020907558,85.0,21.0,7266.0,71,7,156.0
+916452938346,51.0,22.0,5852.0,105,9,156.0
+919992060094,92.0,17.0,7047.0,64,6,156.0
+916124039983,56.0,21.0,4563.0,99,6,155.0
+918258072611,77.0,19.0,6950.0,78,6,155.0
+917047956892,69.0,20.0,4882.0,86,9,155.0
+917581852074,52.0,20.0,4745.0,102,10,154.0
+916460695429,84.0,25.0,6406.0,70,6,154.0
+917046204632,61.0,15.0,4095.0,93,8,154.0
+919919910706,43.0,18.0,2794.0,109,9,152.0
+917135137906,88.0,21.0,7476.0,63,4,151.0
+918480860329,75.0,12.0,7106.0,75,7,150.0
+917844626423,54.0,14.0,4592.0,96,10,150.0
+918183450531,47.0,12.0,3910.0,102,8,149.0
+917876819542,91.0,29.0,8168.0,58,7,149.0
+916147717820,121.0,25.0,8075.0,28,2,149.0
+919723608203,65.0,12.0,4790.0,82,7,147.0
+919105845759,46.0,14.0,2557.0,100,9,146.0
+918332271345,85.0,26.0,7166.0,61,7,146.0
+917468933862,49.0,14.0,5520.0,96,10,145.0
+918994738321,58.0,15.0,3697.0,87,6,145.0
+918633560896,86.0,25.0,6255.0,59,4,145.0
+916530073829,65.0,15.0,6734.0,79,8,144.0
+919967192949,84.0,18.0,6990.0,59,4,143.0
+917568815375,47.0,15.0,4761.0,96,7,143.0
+918515994270,68.0,20.0,5554.0,74,6,142.0
+916364826792,71.0,18.0,5769.0,71,7,142.0
+919488491925,68.0,23.0,7808.0,73,6,141.0
+916200067404,62.0,12.0,6084.0,78,7,140.0
+917256454339,33.0,9.0,2954.0,106,8,139.0
+916097075945,76.0,19.0,7830.0,62,7,138.0
+918318427710,91.0,22.0,7395.0,47,4,138.0
+919850880135,101.0,24.0,6144.0,37,4,138.0
+918415729670,87.0,26.0,6360.0,49,5,136.0
+917412403448,72.0,21.0,5347.0,64,9,136.0
+919957584349,38.0,13.0,3146.0,98,10,136.0
+916762768981,102.0,26.0,8170.0,33,3,135.0
+918374813713,60.0,21.0,4076.0,75,8,135.0
+918143884566,73.0,14.0,5927.0,62,5,135.0
+917313258513,67.0,19.0,7589.0,68,7,135.0
+916125216679,88.0,28.0,5356.0,47,5,135.0
+918218496552,52.0,18.0,4506.0,82,6,134.0
+919954708302,36.0,12.0,3349.0,98,7,134.0
+917919519366,61.0,28.0,4699.0,72,7,133.0
+918559433871,78.0,21.0,6835.0,54,6,132.0
+918362375604,68.0,22.0,4795.0,64,6,132.0
+917697206595,75.0,18.0,6595.0,56,6,131.0
+919424159526,65.0,24.0,4707.0,66,5,131.0
+918270943564,60.0,16.0,3127.0,69,8,129.0
+917895797211,84.0,22.0,6854.0,44,3,128.0
+916946666469,74.0,16.0,8089.0,54,5,128.0
+919513762581,50.0,18.0,6101.0,77,4,127.0
+916193837401,60.0,21.0,6842.0,65,8,125.0
+917972848100,79.0,21.0,6809.0,45,3,124.0
+917522138966,48.0,13.0,3710.0,74,10,122.0
+918590985631,20.0,9.0,1474.0,101,9,121.0
+917518229786,79.0,15.0,6898.0,37,5,116.0
+918363885308,30.0,10.0,2247.0,81,6,111.0
+916054563891,58.0,12.0,4011.0,52,5,110.0
+917667987966,71.0,21.0,4146.0,38,5,109.0
+918875584213,49.0,9.0,3831.0,59,5,108.0
+919927392277,54.0,14.0,4646.0,50,7,104.0
+916953518715,32.0,18.0,2329.0,70,7,102.0
+919537675202,67.0,19.0,6315.0,33,4,100.0
+919221263787,12.0,6.0,2177.0,87,9,99.0
+918523286834,50.0,14.0,3774.0,45,5,95.0
+917217252603,63.0,18.0,5604.0,28,4,91.0
+919059088942,41.0,17.0,4058.0,48,4,89.0
+916256057257,36.0,16.0,3127.0,53,4,89.0
+916360772162,41.0,14.0,3269.0,46,4,87.0
+918457616974,55.0,19.0,4773.0,16,2,71.0
+918620015086,46.0,14.0,3549.0,25,3,71.0
+918367755424,53.0,14.0,6971.0,13,2,66.0
+918702874518,0.0,0.0,0.0,13,5,13.0
+917720448191,0.0,0.0,0.0,12,4,12.0
+919731992528,0.0,0.0,0.0,12,4,12.0
+918144510395,0.0,0.0,0.0,12,6,12.0
+919372092087,0.0,0.0,0.0,11,5,11.0
+919191416292,0.0,0.0,0.0,11,4,11.0
+918281130898,0.0,0.0,0.0,11,5,11.0
+919512098202,0.0,0.0,0.0,10,5,10.0
+916633329033,0.0,0.0,0.0,10,4,10.0
+918593326951,0.0,0.0,0.0,10,7,10.0
+916230361648,0.0,0.0,0.0,10,4,10.0
+918990146422,0.0,0.0,0.0,10,4,10.0
+916046139789,0.0,0.0,0.0,9,5,9.0
+917295917573,0.0,0.0,0.0,9,3,9.0
+919037301326,0.0,0.0,0.0,9,6,9.0
+917727149582,0.0,0.0,0.0,9,5,9.0
+916902317343,0.0,0.0,0.0,9,9,9.0
+917977259063,0.0,0.0,0.0,9,4,9.0
+918793344333,0.0,0.0,0.0,9,9,9.0
+916171283397,0.0,0.0,0.0,9,3,9.0
+916363108042,0.0,0.0,0.0,9,9,9.0
+916550237685,0.0,0.0,0.0,8,8,8.0
+916632999722,0.0,0.0,0.0,8,8,8.0
+919929971260,0.0,0.0,0.0,8,8,8.0
+919537932373,0.0,0.0,0.0,8,8,8.0
+919736731093,0.0,0.0,0.0,8,3,8.0
+918806242700,0.0,0.0,0.0,8,2,8.0
+919281720407,0.0,0.0,0.0,8,8,8.0
+919626003232,0.0,0.0,0.0,8,6,8.0
+916002820944,0.0,0.0,0.0,8,2,8.0
+916072084573,0.0,0.0,0.0,8,2,8.0
+917040363624,0.0,0.0,0.0,8,3,8.0
+919897214604,0.0,0.0,0.0,8,8,8.0
+918110383086,0.0,0.0,0.0,8,8,8.0
+919652457400,0.0,0.0,0.0,8,7,8.0
+919974032684,0.0,0.0,0.0,8,8,8.0
+916151486608,0.0,0.0,0.0,7,4,7.0
+919078011972,0.0,0.0,0.0,7,7,7.0
+918064718840,0.0,0.0,0.0,7,7,7.0
+917288572792,0.0,0.0,0.0,7,7,7.0
+917191151169,0.0,0.0,0.0,7,7,7.0
+916060100906,0.0,0.0,0.0,7,6,7.0
+917091234637,0.0,0.0,0.0,7,4,7.0
+917577188882,0.0,0.0,0.0,7,3,7.0
+919041941961,0.0,0.0,0.0,7,7,7.0
+919402366368,0.0,0.0,0.0,7,3,7.0
+918839011730,0.0,0.0,0.0,7,7,7.0
+917406500788,0.0,0.0,0.0,7,7,7.0
+917466914501,0.0,0.0,0.0,7,2,7.0
+919225814288,0.0,0.0,0.0,7,3,7.0
+918449579378,0.0,0.0,0.0,7,7,7.0
+916780016787,0.0,0.0,0.0,7,7,7.0
+918909716436,0.0,0.0,0.0,7,7,7.0
+916817784359,0.0,0.0,0.0,7,7,7.0
+916148144585,0.0,0.0,0.0,7,7,7.0
+918275958124,0.0,0.0,0.0,7,7,7.0
+916149612042,0.0,0.0,0.0,7,7,7.0
+918192611780,0.0,0.0,0.0,7,7,7.0
+916534815257,0.0,0.0,0.0,7,7,7.0
+919429310703,0.0,0.0,0.0,7,3,7.0
+918127997912,0.0,0.0,0.0,7,7,7.0
+916119272667,0.0,0.0,0.0,7,7,7.0
+917152824246,0.0,0.0,0.0,7,7,7.0
+916778046404,0.0,0.0,0.0,7,3,7.0
+919799597581,0.0,0.0,0.0,7,7,7.0
+919333901272,0.0,0.0,0.0,7,7,7.0
+918373609735,0.0,0.0,0.0,7,7,7.0
+919179914263,0.0,0.0,0.0,6,6,6.0
+917592045616,0.0,0.0,0.0,6,6,6.0
+916942664424,0.0,0.0,0.0,6,6,6.0
+919188699021,0.0,0.0,0.0,6,6,6.0
+919864970552,0.0,0.0,0.0,6,6,6.0
+918768494194,0.0,0.0,0.0,6,6,6.0
+918033629477,0.0,0.0,0.0,6,6,6.0
+919945436281,0.0,0.0,0.0,6,6,6.0
+918794240380,0.0,0.0,0.0,6,6,6.0
+916146378665,0.0,0.0,0.0,6,6,6.0
+918557143056,0.0,0.0,0.0,6,6,6.0
+918578314572,0.0,0.0,0.0,6,6,6.0
+916143158019,0.0,0.0,0.0,6,6,6.0
+919947302190,0.0,0.0,0.0,6,6,6.0
+919527712655,0.0,0.0,0.0,6,6,6.0
+918767205582,0.0,0.0,0.0,6,3,6.0
+918638328601,0.0,0.0,0.0,6,3,6.0
+917634960727,0.0,0.0,0.0,6,6,6.0
+919526633475,0.0,0.0,0.0,6,6,6.0
+916252281018,0.0,0.0,0.0,6,6,6.0
+917980891670,0.0,0.0,0.0,6,6,6.0
+917317610511,0.0,0.0,0.0,6,6,6.0
+919104772587,0.0,0.0,0.0,6,6,6.0
+916256144140,0.0,0.0,0.0,6,3,6.0
+916844208891,0.0,0.0,0.0,6,6,6.0
+916841588670,0.0,0.0,0.0,6,6,6.0
+919963097168,0.0,0.0,0.0,6,6,6.0
+916295172247,0.0,0.0,0.0,6,6,6.0
+917675390139,0.0,0.0,0.0,6,6,6.0
+918675722322,0.0,0.0,0.0,6,6,6.0
+919651166620,0.0,0.0,0.0,6,5,6.0
+919126799222,0.0,0.0,0.0,6,6,6.0
+916250852407,0.0,0.0,0.0,6,6,6.0
+918728482621,0.0,0.0,0.0,6,6,6.0
+919375762533,0.0,0.0,0.0,6,5,6.0
+919088652756,0.0,0.0,0.0,6,3,6.0
+919373565001,0.0,0.0,0.0,6,6,6.0
+918210180826,0.0,0.0,0.0,6,6,6.0
+916730734658,0.0,0.0,0.0,6,6,6.0
+916731042731,0.0,0.0,0.0,6,4,6.0
+919592720250,0.0,0.0,0.0,6,6,6.0
+919065479464,0.0,0.0,0.0,6,6,6.0
+916194899766,0.0,0.0,0.0,6,6,6.0
+919065709644,0.0,0.0,0.0,6,6,6.0
+919975826885,0.0,0.0,0.0,6,6,6.0
+918743857097,0.0,0.0,0.0,6,6,6.0
+916751429532,0.0,0.0,0.0,6,6,6.0
+919070388147,0.0,0.0,0.0,6,6,6.0
+919656047932,0.0,0.0,0.0,6,6,6.0
+916213156821,0.0,0.0,0.0,6,6,6.0
+917923039746,0.0,0.0,0.0,6,6,6.0
+916665587720,0.0,0.0,0.0,6,6,6.0
+919798365469,0.0,0.0,0.0,6,6,6.0
+917538114226,0.0,0.0,0.0,6,6,6.0
+919563875472,0.0,0.0,0.0,6,6,6.0
+917024752525,0.0,0.0,0.0,6,6,6.0
+917498874285,0.0,0.0,0.0,6,6,6.0
+917213454063,0.0,0.0,0.0,6,6,6.0
+918834696237,0.0,0.0,0.0,6,6,6.0
+916537070502,0.0,0.0,0.0,6,6,6.0
+919989411586,0.0,0.0,0.0,6,6,6.0
+918423636331,0.0,0.0,0.0,6,2,6.0
+919493642391,0.0,0.0,0.0,6,2,6.0
+916063036689,0.0,0.0,0.0,6,6,6.0
+917460910462,0.0,0.0,0.0,6,5,6.0
+917148906970,0.0,0.0,0.0,6,4,6.0
+916051102777,0.0,0.0,0.0,6,6,6.0
+919560638129,0.0,0.0,0.0,6,6,6.0
+918378194310,0.0,0.0,0.0,6,6,6.0
+917109113987,0.0,0.0,0.0,6,6,6.0
+916488440155,0.0,0.0,0.0,6,6,6.0
+918857532683,0.0,0.0,0.0,6,6,6.0
+918473464703,0.0,0.0,0.0,6,6,6.0
+918152696958,0.0,0.0,0.0,6,6,6.0
+917163060210,0.0,0.0,0.0,6,6,6.0
+916483900124,0.0,0.0,0.0,6,6,6.0
+919889623208,0.0,0.0,0.0,6,6,6.0
+919272706450,0.0,0.0,0.0,6,5,6.0
+918947907959,0.0,0.0,0.0,6,6,6.0
+918944322075,0.0,0.0,0.0,6,6,6.0
+916629886601,0.0,0.0,0.0,6,6,6.0
+916040468189,0.0,0.0,0.0,6,6,6.0
+919217955580,0.0,0.0,0.0,6,6,6.0
+918504661973,0.0,0.0,0.0,6,6,6.0
+919757125754,0.0,0.0,0.0,6,6,6.0
+917753447973,0.0,0.0,0.0,6,6,6.0
+918357001324,0.0,0.0,0.0,6,6,6.0
+918541126009,0.0,0.0,0.0,6,1,6.0
+919204439281,0.0,0.0,0.0,6,6,6.0
+919400113389,0.0,0.0,0.0,6,6,6.0
+916991931543,0.0,0.0,0.0,6,6,6.0
+919970777665,0.0,0.0,0.0,5,5,5.0
+917141805347,0.0,0.0,0.0,5,5,5.0
+916251683597,0.0,0.0,0.0,5,5,5.0
+916858679572,0.0,0.0,0.0,5,5,5.0
+918662397515,0.0,0.0,0.0,5,4,5.0
+919325464946,0.0,0.0,0.0,5,5,5.0
+916026636170,0.0,0.0,0.0,5,5,5.0
+916274548142,0.0,0.0,0.0,5,2,5.0
+916243048618,0.0,0.0,0.0,5,4,5.0
+917091483306,0.0,0.0,0.0,5,5,5.0
+916238637220,0.0,0.0,0.0,5,5,5.0
+919282319992,0.0,0.0,0.0,5,5,5.0
+916877383773,0.0,0.0,0.0,5,5,5.0
+917940370977,0.0,0.0,0.0,5,5,5.0
+916039371881,0.0,0.0,0.0,5,5,5.0
+917320301703,0.0,0.0,0.0,5,5,5.0
+918395869589,0.0,0.0,0.0,5,5,5.0
+916264057123,0.0,0.0,0.0,5,5,5.0
+917334259384,0.0,0.0,0.0,5,5,5.0
+917148309002,0.0,0.0,0.0,5,5,5.0
+917960761476,0.0,0.0,0.0,5,5,5.0
+917324720455,0.0,0.0,0.0,5,5,5.0
+919823542835,0.0,0.0,0.0,5,5,5.0
+918277601183,0.0,0.0,0.0,5,5,5.0
+918304549573,0.0,0.0,0.0,5,5,5.0
+919453123344,0.0,0.0,0.0,5,5,5.0
+918411990231,0.0,0.0,0.0,5,5,5.0
+918281201711,0.0,0.0,0.0,5,5,5.0
+918272167758,0.0,0.0,0.0,5,5,5.0
+919299180262,0.0,0.0,0.0,5,5,5.0
+919131171253,0.0,0.0,0.0,5,5,5.0
+918414454824,0.0,0.0,0.0,5,5,5.0
+916272509099,0.0,0.0,0.0,5,5,5.0
+916021945487,0.0,0.0,0.0,5,5,5.0
+918433840404,0.0,0.0,0.0,5,5,5.0
+919320653828,0.0,0.0,0.0,5,5,5.0
+916256349769,0.0,0.0,0.0,5,5,5.0
+917751635900,0.0,0.0,0.0,5,5,5.0
+919280213259,0.0,0.0,0.0,5,5,5.0
+917760734687,0.0,0.0,0.0,5,5,5.0
+916944326928,0.0,0.0,0.0,5,5,5.0
+917258817977,0.0,0.0,0.0,5,2,5.0
+918324888909,0.0,0.0,0.0,5,5,5.0
+919237192803,0.0,0.0,0.0,5,5,5.0
+919235247980,0.0,0.0,0.0,5,5,5.0
+918569776676,0.0,0.0,0.0,5,5,5.0
+916152132509,0.0,0.0,0.0,5,5,5.0
+919227577886,0.0,0.0,0.0,5,5,5.0
+917771382588,0.0,0.0,0.0,5,5,5.0
+919219063474,0.0,0.0,0.0,5,5,5.0
+918334304474,0.0,0.0,0.0,5,5,5.0
+916940803048,0.0,0.0,0.0,5,5,5.0
+919732921554,0.0,0.0,0.0,5,5,5.0
+917013092360,0.0,0.0,0.0,5,2,5.0
+917872519129,0.0,0.0,0.0,5,5,5.0
+916958090172,0.0,0.0,0.0,5,5,5.0
+916118931689,0.0,0.0,0.0,5,5,5.0
+917753671615,0.0,0.0,0.0,5,5,5.0
+917227673312,0.0,0.0,0.0,5,5,5.0
+919635739577,0.0,0.0,0.0,5,5,5.0
+917231423052,0.0,0.0,0.0,5,5,5.0
+916135637680,0.0,0.0,0.0,5,5,5.0
+919240320925,0.0,0.0,0.0,5,4,5.0
+917206664801,0.0,0.0,0.0,5,5,5.0
+919155347672,0.0,0.0,0.0,5,5,5.0
+917727190946,0.0,0.0,0.0,5,5,5.0
+917797566972,0.0,0.0,0.0,5,5,5.0
+917071444495,0.0,0.0,0.0,5,5,5.0
+918615678604,0.0,0.0,0.0,5,5,5.0
+919808214595,0.0,0.0,0.0,5,5,5.0
+918467219529,0.0,0.0,0.0,5,3,5.0
+918544319889,0.0,0.0,0.0,5,5,5.0
+917065383181,0.0,0.0,0.0,5,5,5.0
+917063052603,0.0,0.0,0.0,5,5,5.0
+916903120321,0.0,0.0,0.0,5,5,5.0
+918472916207,0.0,0.0,0.0,5,5,5.0
+917730792803,0.0,0.0,0.0,5,5,5.0
+917778442564,0.0,0.0,0.0,5,5,5.0
+918590083710,0.0,0.0,0.0,5,5,5.0
+917905599898,0.0,0.0,0.0,5,5,5.0
+916923839906,0.0,0.0,0.0,5,5,5.0
+917794387237,0.0,0.0,0.0,5,5,5.0
+917053419898,0.0,0.0,0.0,5,1,5.0
+919975991591,0.0,0.0,0.0,5,4,5.0
+919977067399,0.0,0.0,0.0,5,5,5.0
+919746192566,0.0,0.0,0.0,5,5,5.0
+917847923720,0.0,0.0,0.0,5,5,5.0
+916170928044,0.0,0.0,0.0,5,5,5.0
+919529987500,0.0,0.0,0.0,5,5,5.0
+918918088839,0.0,0.0,0.0,5,5,5.0
+916287192514,0.0,0.0,0.0,5,5,5.0
+918788461983,0.0,0.0,0.0,5,5,5.0
+917419829241,0.0,0.0,0.0,5,5,5.0
+918153511156,0.0,0.0,0.0,5,5,5.0
+918067142009,0.0,0.0,0.0,5,5,5.0
+919703089496,0.0,0.0,0.0,5,5,5.0
+919041459238,0.0,0.0,0.0,5,5,5.0
+919854456029,0.0,0.0,0.0,5,1,5.0
+916391059089,0.0,0.0,0.0,5,4,5.0
+917605773182,0.0,0.0,0.0,5,5,5.0
+917404427896,0.0,0.0,0.0,5,5,5.0
+916719630557,0.0,0.0,0.0,5,5,5.0
+918877104377,0.0,0.0,0.0,5,5,5.0
+918951015239,0.0,0.0,0.0,5,5,5.0
+916362114057,0.0,0.0,0.0,5,5,5.0
+919392866294,0.0,0.0,0.0,5,5,5.0
+919062364197,0.0,0.0,0.0,5,5,5.0
+918882642519,0.0,0.0,0.0,5,5,5.0
+918747269563,0.0,0.0,0.0,5,5,5.0
+916741718302,0.0,0.0,0.0,5,5,5.0
+916742954323,0.0,0.0,0.0,5,5,5.0
+918744643581,0.0,0.0,0.0,5,5,5.0
+917473378167,0.0,0.0,0.0,5,5,5.0
+917137601590,0.0,0.0,0.0,5,5,5.0
+917476199744,0.0,0.0,0.0,5,5,5.0
+916749174324,0.0,0.0,0.0,5,5,5.0
+916752725528,0.0,0.0,0.0,5,5,5.0
+918030316022,0.0,0.0,0.0,5,5,5.0
+919860955380,0.0,0.0,0.0,5,5,5.0
+919572257574,0.0,0.0,0.0,5,5,5.0
+919693944323,0.0,0.0,0.0,5,5,5.0
+918178151660,0.0,0.0,0.0,5,5,5.0
+919548690470,0.0,0.0,0.0,5,5,5.0
+917441735555,0.0,0.0,0.0,5,5,5.0
+918989983181,0.0,0.0,0.0,5,5,5.0
+918998178553,0.0,0.0,0.0,5,5,5.0
+918820182048,0.0,0.0,0.0,5,5,5.0
+918044780253,0.0,0.0,0.0,5,5,5.0
+919581604607,0.0,0.0,0.0,5,5,5.0
+919415750503,0.0,0.0,0.0,5,5,5.0
+916651450890,0.0,0.0,0.0,5,5,5.0
+918983215829,0.0,0.0,0.0,5,2,5.0
+919386494005,0.0,0.0,0.0,5,5,5.0
+919017204392,0.0,0.0,0.0,5,3,5.0
+916460276084,0.0,0.0,0.0,5,5,5.0
+916657734174,0.0,0.0,0.0,5,5,5.0
+916666870775,0.0,0.0,0.0,5,5,5.0
+919671019255,0.0,0.0,0.0,5,5,5.0
+918841837704,0.0,0.0,0.0,5,5,5.0
+916670315238,0.0,0.0,0.0,5,5,5.0
+918058017802,0.0,0.0,0.0,5,5,5.0
+918962078044,0.0,0.0,0.0,5,5,5.0
+917579186347,0.0,0.0,0.0,5,4,5.0
+917430155320,0.0,0.0,0.0,5,5,5.0
+919885376768,0.0,0.0,0.0,5,5,5.0
+918162508346,0.0,0.0,0.0,5,5,5.0
+917387264472,0.0,0.0,0.0,5,5,5.0
+917568684476,0.0,0.0,0.0,5,5,5.0
+917978979555,0.0,0.0,0.0,5,5,5.0
+916549834996,0.0,0.0,0.0,5,5,5.0
+918729494024,0.0,0.0,0.0,5,5,5.0
+919845793530,0.0,0.0,0.0,5,5,5.0
+919114856934,0.0,0.0,0.0,5,5,5.0
+918230499666,0.0,0.0,0.0,5,5,5.0
+918893751506,0.0,0.0,0.0,5,5,5.0
+919559509660,0.0,0.0,0.0,5,5,5.0
+916524932547,0.0,0.0,0.0,5,5,5.0
+917522454814,0.0,0.0,0.0,5,5,5.0
+919711131585,0.0,0.0,0.0,5,5,5.0
+918911040277,0.0,0.0,0.0,5,5,5.0
+918923633194,0.0,0.0,0.0,5,5,5.0
+919107138588,0.0,0.0,0.0,5,5,5.0
+919719632023,0.0,0.0,0.0,5,4,5.0
+916509699746,0.0,0.0,0.0,5,5,5.0
+916306888390,0.0,0.0,0.0,5,2,5.0
+919835486496,0.0,0.0,0.0,5,5,5.0
+918099983418,0.0,0.0,0.0,5,5,5.0
+916302917072,0.0,0.0,0.0,5,5,5.0
+917624501066,0.0,0.0,0.0,5,5,5.0
+918223359661,0.0,0.0,0.0,5,5,5.0
+918913899894,0.0,0.0,0.0,5,5,5.0
+917351259150,0.0,0.0,0.0,5,5,5.0
+919437776120,0.0,0.0,0.0,5,5,5.0
+917510219904,0.0,0.0,0.0,5,2,5.0
+917622762480,0.0,0.0,0.0,5,5,5.0
+918674806506,0.0,0.0,0.0,5,5,5.0
+917972643828,0.0,0.0,0.0,5,5,5.0
+917380617083,0.0,0.0,0.0,5,5,5.0
+919085182362,0.0,0.0,0.0,5,5,5.0
+916812303670,0.0,0.0,0.0,5,5,5.0
+917350102232,0.0,0.0,0.0,5,5,5.0
+916805259008,0.0,0.0,0.0,5,5,5.0
+917526956701,0.0,0.0,0.0,5,5,5.0
+918222043275,0.0,0.0,0.0,5,5,5.0
+918739970797,0.0,0.0,0.0,5,5,5.0
+917806341663,0.0,0.0,0.0,4,4,4.0
+918365849113,0.0,0.0,0.0,4,4,4.0
+917451855844,0.0,0.0,0.0,4,4,4.0
+919743421427,0.0,0.0,0.0,4,4,4.0
+917506036432,0.0,0.0,0.0,4,4,4.0
+918363673009,0.0,0.0,0.0,4,4,4.0
+918102114862,0.0,0.0,0.0,4,4,4.0
+917851613107,0.0,0.0,0.0,4,4,4.0
+917817768108,0.0,0.0,0.0,4,4,4.0
+917557390716,0.0,0.0,0.0,4,4,4.0
+919550208912,0.0,0.0,0.0,4,4,4.0
+919668143495,0.0,0.0,0.0,4,4,4.0
+918051576575,0.0,0.0,0.0,4,4,4.0
+917559724754,0.0,0.0,0.0,4,4,4.0
+919742166789,0.0,0.0,0.0,4,4,4.0
+919564003834,0.0,0.0,0.0,4,4,4.0
+917212052018,0.0,0.0,0.0,4,4,4.0
+917213197656,0.0,0.0,0.0,4,4,4.0
+917449712268,0.0,0.0,0.0,4,4,4.0
+917777453925,0.0,0.0,0.0,4,4,4.0
+919757044032,0.0,0.0,0.0,4,4,4.0
+917784156244,0.0,0.0,0.0,4,4,4.0
+919498456260,0.0,0.0,0.0,4,4,4.0
+917455088373,0.0,0.0,0.0,4,4,4.0
+917827150982,0.0,0.0,0.0,4,4,4.0
+917176197519,0.0,0.0,0.0,4,4,4.0
+918081393022,0.0,0.0,0.0,4,4,4.0
+919500995108,0.0,0.0,0.0,4,4,4.0
+918048827375,0.0,0.0,0.0,4,4,4.0
+918392442416,0.0,0.0,0.0,4,4,4.0
+919559159127,0.0,0.0,0.0,4,4,4.0
+919557572589,0.0,0.0,0.0,4,4,4.0
+919626242363,0.0,0.0,0.0,4,4,4.0
+917819799294,0.0,0.0,0.0,4,4,4.0
+917162228880,0.0,0.0,0.0,4,1,4.0
+917171351320,0.0,0.0,0.0,4,4,4.0
+917800195600,0.0,0.0,0.0,4,4,4.0
+917475917879,0.0,0.0,0.0,4,4,4.0
+917166378764,0.0,0.0,0.0,4,4,4.0
+917180716885,0.0,0.0,0.0,4,4,4.0
+919751114387,0.0,0.0,0.0,4,4,4.0
+919561379259,0.0,0.0,0.0,4,4,4.0
+919683180110,0.0,0.0,0.0,4,4,4.0
+918167064179,0.0,0.0,0.0,4,4,4.0
+918163317105,0.0,0.0,0.0,4,3,4.0
+919568955990,0.0,0.0,0.0,4,4,4.0
+918376006509,0.0,0.0,0.0,4,4,4.0
+917821108760,0.0,0.0,0.0,4,4,4.0
+917149802258,0.0,0.0,0.0,4,4,4.0
+919556327304,0.0,0.0,0.0,4,4,4.0
+918389464528,0.0,0.0,0.0,4,4,4.0
+917494653382,0.0,0.0,0.0,4,4,4.0
+918151848106,0.0,0.0,0.0,4,4,4.0
+917182101180,0.0,0.0,0.0,4,4,4.0
+918078157963,0.0,0.0,0.0,4,3,4.0
+917796321918,0.0,0.0,0.0,4,4,4.0
+917490001580,0.0,0.0,0.0,4,4,4.0
+918082310123,0.0,0.0,0.0,4,4,4.0
+918189301884,0.0,0.0,0.0,4,4,4.0
+917766745279,0.0,0.0,0.0,4,4,4.0
+918308195547,0.0,0.0,0.0,4,4,4.0
+918010902530,0.0,0.0,0.0,4,4,4.0
+917618871507,0.0,0.0,0.0,4,4,4.0
+918296939232,0.0,0.0,0.0,4,4,4.0
+917711430577,0.0,0.0,0.0,4,4,4.0
+919731237540,0.0,0.0,0.0,4,4,4.0
+917721554466,0.0,0.0,0.0,4,4,4.0
+918304687659,0.0,0.0,0.0,4,4,4.0
+917389247278,0.0,0.0,0.0,4,4,4.0
+917722145943,0.0,0.0,0.0,4,4,4.0
+917725554210,0.0,0.0,0.0,4,4,4.0
+917944068280,0.0,0.0,0.0,4,4,4.0
+917726330502,0.0,0.0,0.0,4,4,4.0
+917391883307,0.0,0.0,0.0,4,4,4.0
+918220339060,0.0,0.0,0.0,4,4,4.0
+918316567067,0.0,0.0,0.0,4,4,4.0
+917616329773,0.0,0.0,0.0,4,4,4.0
+918316667508,0.0,0.0,0.0,4,4,4.0
+917735228327,0.0,0.0,0.0,4,4,4.0
+919614243960,0.0,0.0,0.0,4,4,4.0
+917908456799,0.0,0.0,0.0,4,4,4.0
+917378227401,0.0,0.0,0.0,4,4,4.0
+917691241700,0.0,0.0,0.0,4,4,4.0
+917900894150,0.0,0.0,0.0,4,4,4.0
+917362908668,0.0,0.0,0.0,4,4,4.0
+917967684585,0.0,0.0,0.0,4,4,4.0
+917509689514,0.0,0.0,0.0,4,4,4.0
+917973063222,0.0,0.0,0.0,4,4,4.0
+919602343408,0.0,0.0,0.0,4,4,4.0
+917974782070,0.0,0.0,0.0,4,4,4.0
+917352927749,0.0,0.0,0.0,4,4,4.0
+917677556130,0.0,0.0,0.0,4,4,4.0
+919531695551,0.0,0.0,0.0,4,4,4.0
+917324590515,0.0,0.0,0.0,4,4,4.0
+917364702206,0.0,0.0,0.0,4,4,4.0
+919602753833,0.0,0.0,0.0,4,4,4.0
+917364989461,0.0,0.0,0.0,4,4,4.0
+917958615558,0.0,0.0,0.0,4,4,4.0
+917319757394,0.0,0.0,0.0,4,4,4.0
+917684178541,0.0,0.0,0.0,4,4,4.0
+917645775770,0.0,0.0,0.0,4,4,4.0
+917989480482,0.0,0.0,0.0,4,4,4.0
+917952962157,0.0,0.0,0.0,4,4,4.0
+917637378003,0.0,0.0,0.0,4,4,4.0
+917995589103,0.0,0.0,0.0,4,4,4.0
+917609508166,0.0,0.0,0.0,4,4,4.0
+918216704388,0.0,0.0,0.0,4,4,4.0
+917220473463,0.0,0.0,0.0,4,4,4.0
+918185593169,0.0,0.0,0.0,4,4,4.0
+919738902688,0.0,0.0,0.0,4,4,4.0
+917967027996,0.0,0.0,0.0,4,4,4.0
+917239243219,0.0,0.0,0.0,4,4,4.0
+917752015275,0.0,0.0,0.0,4,4,4.0
+917237859346,0.0,0.0,0.0,4,3,4.0
+917237147883,0.0,0.0,0.0,4,4,4.0
+918348252093,0.0,0.0,0.0,4,4,4.0
+917753179330,0.0,0.0,0.0,4,4,4.0
+917753426952,0.0,0.0,0.0,4,4,4.0
+917576005901,0.0,0.0,0.0,4,4,4.0
+918339923379,0.0,0.0,0.0,4,4,4.0
+917231642615,0.0,0.0,0.0,4,4,4.0
+918184689406,0.0,0.0,0.0,4,4,4.0
+917439689609,0.0,0.0,0.0,4,4,4.0
+919620743265,0.0,0.0,0.0,4,4,4.0
+917440098049,0.0,0.0,0.0,4,4,4.0
+918361647016,0.0,0.0,0.0,4,4,4.0
+918361703964,0.0,0.0,0.0,4,4,4.0
+918182349236,0.0,0.0,0.0,4,4,4.0
+918179102239,0.0,0.0,0.0,4,4,4.0
+918341971448,0.0,0.0,0.0,4,4,4.0
+918041021674,0.0,0.0,0.0,4,4,4.0
+917271609347,0.0,0.0,0.0,4,4,4.0
+917886190580,0.0,0.0,0.0,4,4,4.0
+917605904600,0.0,0.0,0.0,4,4,4.0
+919522774558,0.0,0.0,0.0,4,4,4.0
+918321050706,0.0,0.0,0.0,4,4,4.0
+918202676415,0.0,0.0,0.0,4,4,4.0
+917260047517,0.0,0.0,0.0,4,4,4.0
+917893129866,0.0,0.0,0.0,4,4,4.0
+919732400080,0.0,0.0,0.0,4,4,4.0
+918200727074,0.0,0.0,0.0,4,4,4.0
+917888487762,0.0,0.0,0.0,4,4,4.0
+918326661054,0.0,0.0,0.0,4,4,4.0
+918335758268,0.0,0.0,0.0,4,4,4.0
+919583956984,0.0,0.0,0.0,4,4,4.0
+917427687700,0.0,0.0,0.0,4,4,4.0
+918036368939,0.0,0.0,0.0,4,4,4.0
+919544990837,0.0,0.0,0.0,4,4,4.0
+919666581682,0.0,0.0,0.0,4,4,4.0
+917582365422,0.0,0.0,0.0,4,4,4.0
+917248895740,0.0,0.0,0.0,4,4,4.0
+919702640276,0.0,0.0,0.0,4,4,4.0
+917248516532,0.0,0.0,0.0,4,4,4.0
+917138578225,0.0,0.0,0.0,4,4,4.0
+919326332184,0.0,0.0,0.0,4,4,4.0
+917137021326,0.0,0.0,0.0,4,4,4.0
+918988820842,0.0,0.0,0.0,4,4,4.0
+919907284129,0.0,0.0,0.0,4,4,4.0
+919902516504,0.0,0.0,0.0,4,4,4.0
+918895479022,0.0,0.0,0.0,4,4,4.0
+916552452114,0.0,0.0,0.0,4,4,4.0
+916554358902,0.0,0.0,0.0,4,4,4.0
+918893582939,0.0,0.0,0.0,4,4,4.0
+916559961368,0.0,0.0,0.0,4,4,4.0
+916564262253,0.0,0.0,0.0,4,4,4.0
+916564312242,0.0,0.0,0.0,4,4,4.0
+916565414804,0.0,0.0,0.0,4,4,4.0
+919400500954,0.0,0.0,0.0,4,4,4.0
+918884558921,0.0,0.0,0.0,4,4,4.0
+918880714915,0.0,0.0,0.0,4,4,4.0
+917132045449,0.0,0.0,0.0,4,4,4.0
+918869411973,0.0,0.0,0.0,4,4,4.0
+918869370529,0.0,0.0,0.0,4,4,4.0
+916602829839,0.0,0.0,0.0,4,4,4.0
+918906584012,0.0,0.0,0.0,4,4,4.0
+916527448425,0.0,0.0,0.0,4,4,4.0
+918907176852,0.0,0.0,0.0,4,4,4.0
+919918285570,0.0,0.0,0.0,4,4,4.0
+916455964977,0.0,0.0,0.0,4,4,4.0
+918965184670,0.0,0.0,0.0,4,4,4.0
+916468320889,0.0,0.0,0.0,4,4,4.0
+918958041503,0.0,0.0,0.0,4,4,4.0
+918955937060,0.0,0.0,0.0,4,4,4.0
+916469727399,0.0,0.0,0.0,4,4,4.0
+916481226553,0.0,0.0,0.0,4,4,4.0
+916487588327,0.0,0.0,0.0,4,4,4.0
+916526118058,0.0,0.0,0.0,4,4,4.0
+919397292346,0.0,0.0,0.0,4,4,4.0
+918929733996,0.0,0.0,0.0,4,4,4.0
+916503149484,0.0,0.0,0.0,4,4,4.0
+919912891858,0.0,0.0,0.0,4,4,4.0
+916508816006,0.0,0.0,0.0,4,4,4.0
+916510665427,0.0,0.0,0.0,4,4,4.0
+916514509675,0.0,0.0,0.0,4,4,4.0
+918842903748,0.0,0.0,0.0,4,4,4.0
+918842802162,0.0,0.0,0.0,4,4,4.0
+916615446891,0.0,0.0,0.0,4,4,4.0
+918723915336,0.0,0.0,0.0,4,4,4.0
+919849096720,0.0,0.0,0.0,4,4,4.0
+919847819441,0.0,0.0,0.0,4,4,4.0
+919846543263,0.0,0.0,0.0,4,4,4.0
+918737315550,0.0,0.0,0.0,4,4,4.0
+916763633996,0.0,0.0,0.0,4,4,4.0
+918724685026,0.0,0.0,0.0,4,4,4.0
+916774361507,0.0,0.0,0.0,4,4,4.0
+918716455802,0.0,0.0,0.0,4,4,4.0
+919851944629,0.0,0.0,0.0,4,4,4.0
+919845651416,0.0,0.0,0.0,4,4,4.0
+918706448277,0.0,0.0,0.0,4,4,4.0
+919442642783,0.0,0.0,0.0,4,4,4.0
+918697950011,0.0,0.0,0.0,4,4,4.0
+916794814873,0.0,0.0,0.0,4,4,4.0
+919835474452,0.0,0.0,0.0,4,4,4.0
+919447636948,0.0,0.0,0.0,4,4,4.0
+919851471459,0.0,0.0,0.0,4,4,4.0
+918770429564,0.0,0.0,0.0,4,3,4.0
+918837396328,0.0,0.0,0.0,4,4,4.0
+918801405360,0.0,0.0,0.0,4,4,4.0
+918826380438,0.0,0.0,0.0,4,4,4.0
+918818327909,0.0,0.0,0.0,4,4,4.0
+916641281865,0.0,0.0,0.0,4,4,4.0
+918808824333,0.0,0.0,0.0,4,4,4.0
+918805412835,0.0,0.0,0.0,4,4,4.0
+919868025317,0.0,0.0,0.0,4,4,4.0
+916661177534,0.0,0.0,0.0,4,4,4.0
+918795115863,0.0,0.0,0.0,4,4,4.0
+916709323441,0.0,0.0,0.0,4,4,4.0
+916683122954,0.0,0.0,0.0,4,3,4.0
+919862703107,0.0,0.0,0.0,4,4,4.0
+919431066179,0.0,0.0,0.0,4,4,4.0
+916698193426,0.0,0.0,0.0,4,4,4.0
+916698769826,0.0,0.0,0.0,4,4,4.0
+918781153734,0.0,0.0,0.0,4,4,4.0
+918770861716,0.0,0.0,0.0,4,4,4.0
+918977784561,0.0,0.0,0.0,4,4,4.0
+916442905575,0.0,0.0,0.0,4,4,4.0
+919833146978,0.0,0.0,0.0,4,4,4.0
+916439994777,0.0,0.0,0.0,4,4,4.0
+916130576058,0.0,0.0,0.0,4,4,4.0
+919981118515,0.0,0.0,0.0,4,4,4.0
+916160281402,0.0,0.0,0.0,4,4,4.0
+919183019867,0.0,0.0,0.0,4,4,4.0
+919181964221,0.0,0.0,0.0,4,4,4.0
+916174621788,0.0,0.0,0.0,4,4,4.0
+919975878272,0.0,0.0,0.0,4,4,4.0
+916194140543,0.0,0.0,0.0,4,4,4.0
+916194381130,0.0,0.0,0.0,4,4,4.0
+916208889072,0.0,0.0,0.0,4,4,4.0
+916219392204,0.0,0.0,0.0,4,4,4.0
+919152632814,0.0,0.0,0.0,4,4,4.0
+916227571921,0.0,0.0,0.0,4,4,4.0
+916237595070,0.0,0.0,0.0,4,4,4.0
+919969371745,0.0,0.0,0.0,4,4,4.0
+916250450296,0.0,0.0,0.0,4,4,4.0
+919141439361,0.0,0.0,0.0,4,4,4.0
+916129374089,0.0,0.0,0.0,4,4,4.0
+919200738235,0.0,0.0,0.0,4,4,4.0
+916124966810,0.0,0.0,0.0,4,4,4.0
+919337896164,0.0,0.0,0.0,4,4,4.0
+919313984091,0.0,0.0,0.0,4,4,4.0
+916019563659,0.0,0.0,0.0,4,4,4.0
+919295280795,0.0,0.0,0.0,4,4,4.0
+916029152977,0.0,0.0,0.0,4,4,4.0
+916043399382,0.0,0.0,0.0,4,4,4.0
+916044344696,0.0,0.0,0.0,4,4,4.0
+916045961134,0.0,0.0,0.0,4,4,4.0
+916054293007,0.0,0.0,0.0,4,4,4.0
+916121789511,0.0,0.0,0.0,4,4,4.0
+919340667002,0.0,0.0,0.0,4,4,4.0
+919253351106,0.0,0.0,0.0,4,4,4.0
+916074037430,0.0,0.0,0.0,4,4,4.0
+916089325363,0.0,0.0,0.0,4,4,4.0
+919236618754,0.0,0.0,0.0,4,4,4.0
+916117252366,0.0,0.0,0.0,4,4,4.0
+919200814550,0.0,0.0,0.0,4,4,4.0
+916251719953,0.0,0.0,0.0,4,4,4.0
+919141335180,0.0,0.0,0.0,4,4,4.0
+916252320668,0.0,0.0,0.0,4,4,4.0
+919944632626,0.0,0.0,0.0,4,4,4.0
+919960939201,0.0,0.0,0.0,4,4,4.0
+916357581481,0.0,0.0,0.0,4,4,4.0
+919059025419,0.0,0.0,0.0,4,4,4.0
+919058834113,0.0,0.0,0.0,4,4,4.0
+919044082114,0.0,0.0,0.0,4,4,4.0
+916398024624,0.0,0.0,0.0,4,4,4.0
+919033274264,0.0,0.0,0.0,4,4,4.0
+916410821244,0.0,0.0,0.0,4,4,4.0
+919074954159,0.0,0.0,0.0,4,4,4.0
+916416138596,0.0,0.0,0.0,4,4,4.0
+916416236920,0.0,0.0,0.0,4,4,4.0
+919025428437,0.0,0.0,0.0,4,4,4.0
+919017321384,0.0,0.0,0.0,4,4,4.0
+916428850016,0.0,0.0,0.0,4,4,4.0
+916431451306,0.0,0.0,0.0,4,4,4.0
+919379867897,0.0,0.0,0.0,4,4,4.0
+919064512269,0.0,0.0,0.0,4,4,4.0
+916330269676,0.0,0.0,0.0,4,4,4.0
+916261970818,0.0,0.0,0.0,4,4,4.0
+916293361089,0.0,0.0,0.0,4,4,4.0
+919359311187,0.0,0.0,0.0,4,4,4.0
+919131660699,0.0,0.0,0.0,4,4,4.0
+916271060135,0.0,0.0,0.0,4,4,4.0
+919129185045,0.0,0.0,0.0,4,4,4.0
+916276393455,0.0,0.0,0.0,4,4,4.0
+916289710166,0.0,0.0,0.0,4,4,4.0
+919359955447,0.0,0.0,0.0,4,4,4.0
+919360497056,0.0,0.0,0.0,4,4,4.0
+919962029772,0.0,0.0,0.0,4,4,4.0
+919117465543,0.0,0.0,0.0,4,4,4.0
+916306463163,0.0,0.0,0.0,4,1,4.0
+919104099628,0.0,0.0,0.0,4,4,4.0
+919102416674,0.0,0.0,0.0,4,4,4.0
+919101123299,0.0,0.0,0.0,4,4,4.0
+919099243552,0.0,0.0,0.0,4,4,4.0
+919087969209,0.0,0.0,0.0,4,4,4.0
+918686162558,0.0,0.0,0.0,4,4,4.0
+917816284756,0.0,0.0,0.0,4,4,4.0
+918553714266,0.0,0.0,0.0,4,4,4.0
+917098504133,0.0,0.0,0.0,4,4,4.0
+918441722778,0.0,0.0,0.0,4,4,4.0
+918554263185,0.0,0.0,0.0,4,4,4.0
+917051456542,0.0,0.0,0.0,4,4,4.0
+918640947028,0.0,0.0,0.0,4,4,4.0
+918568509511,0.0,0.0,0.0,4,4,4.0
+916949221233,0.0,0.0,0.0,4,4,4.0
+919822762492,0.0,0.0,0.0,4,4,4.0
+918552508533,0.0,0.0,0.0,4,4,4.0
+918458229852,0.0,0.0,0.0,4,4,4.0
+919800384723,0.0,0.0,0.0,4,4,4.0
+918460835633,0.0,0.0,0.0,4,4,4.0
+916851091045,0.0,0.0,0.0,4,4,4.0
+919453869048,0.0,0.0,0.0,4,4,4.0
+917106627155,0.0,0.0,0.0,4,4,4.0
+916981127075,0.0,0.0,0.0,4,4,4.0
+916850090200,0.0,0.0,0.0,4,3,4.0
+918647211100,0.0,0.0,0.0,4,4,4.0
+917026539364,0.0,0.0,0.0,4,4,4.0
+916860082477,0.0,0.0,0.0,4,4,4.0
+918648139709,0.0,0.0,0.0,4,4,4.0
+919760990716,0.0,0.0,0.0,4,4,4.0
+919771009980,0.0,0.0,0.0,4,4,4.0
+919462233035,0.0,0.0,0.0,4,4,4.0
+917080227033,0.0,0.0,0.0,4,4,4.0
+918563471044,0.0,0.0,0.0,4,4,4.0
+917078151548,0.0,0.0,0.0,4,4,4.0
+917044171774,0.0,0.0,0.0,4,4,4.0
+916878157587,0.0,0.0,0.0,4,4,4.0
+919761153347,0.0,0.0,0.0,4,4,4.0
+918448331702,0.0,0.0,0.0,4,4,4.0
+917028280613,0.0,0.0,0.0,4,4,4.0
+919775204162,0.0,0.0,0.0,4,4,4.0
+916878120426,0.0,0.0,0.0,4,4,4.0
+919487446670,0.0,0.0,0.0,4,4,4.0
+916873581313,0.0,0.0,0.0,4,4,4.0
+919457358559,0.0,0.0,0.0,4,4,4.0
+918564140543,0.0,0.0,0.0,4,4,4.0
+919469581827,0.0,0.0,0.0,4,4,4.0
+919483685514,0.0,0.0,0.0,4,4,4.0
+918507738211,0.0,0.0,0.0,4,4,4.0
+918608326150,0.0,0.0,0.0,4,4,4.0
+916824234903,0.0,0.0,0.0,4,4,4.0
+916835938970,0.0,0.0,0.0,4,4,4.0
+918655386577,0.0,0.0,0.0,4,4,4.0
+917126172385,0.0,0.0,0.0,4,4,4.0
+919767844778,0.0,0.0,0.0,4,4,4.0
+918661817796,0.0,0.0,0.0,4,4,4.0
+919800705161,0.0,0.0,0.0,4,4,4.0
+918541185913,0.0,0.0,0.0,4,4,4.0
+918665562417,0.0,0.0,0.0,4,4,4.0
+918531522700,0.0,0.0,0.0,4,4,4.0
+918417619320,0.0,0.0,0.0,4,4,4.0
+916994328746,0.0,0.0,0.0,4,4,4.0
+917000182143,0.0,0.0,0.0,4,4,4.0
+918416237203,0.0,0.0,0.0,4,4,4.0
+918582147546,0.0,0.0,0.0,4,4,4.0
+919757771123,0.0,0.0,0.0,4,4,4.0
+918479755997,0.0,0.0,0.0,4,4,4.0
+917123334645,0.0,0.0,0.0,4,4,4.0
+916909713870,0.0,0.0,0.0,4,4,4.0
+916961071085,0.0,0.0,0.0,4,4,4.0
+918546654734,0.0,0.0,0.0,4,4,4.0
+919474758330,0.0,0.0,0.0,4,4,4.0
+919770064384,0.0,0.0,0.0,4,4,4.0
+918531423191,0.0,0.0,0.0,4,4,4.0
+916841272764,0.0,0.0,0.0,4,4,4.0
+918648655364,0.0,0.0,0.0,4,4,4.0
+917017075263,0.0,0.0,0.0,4,4,4.0
+918480544637,0.0,0.0,0.0,4,4,4.0
+917053673400,0.0,0.0,0.0,4,4,4.0
+917117869638,0.0,0.0,0.0,4,4,4.0
+918425926766,0.0,0.0,0.0,4,4,4.0
+918430856556,0.0,0.0,0.0,4,4,4.0
+919482277275,0.0,0.0,0.0,3,3,3.0
+919360903966,0.0,0.0,0.0,3,3,3.0
+918483360702,0.0,0.0,0.0,3,3,3.0
+918476472435,0.0,0.0,0.0,3,3,3.0
+917972427540,0.0,0.0,0.0,3,3,3.0
+919122441006,0.0,0.0,0.0,3,3,3.0
+919136852957,0.0,0.0,0.0,3,3,3.0
+919131346359,0.0,0.0,0.0,3,3,3.0
+918376033038,0.0,0.0,0.0,3,3,3.0
+919508984458,0.0,0.0,0.0,3,3,3.0
+917962282742,0.0,0.0,0.0,3,3,3.0
+919126842399,0.0,0.0,0.0,3,3,3.0
+919120840098,0.0,0.0,0.0,3,3,3.0
+918259308769,0.0,0.0,0.0,3,3,3.0
+917977157835,0.0,0.0,0.0,3,3,3.0
+919113593263,0.0,0.0,0.0,3,3,3.0
+919085597684,0.0,0.0,0.0,3,3,3.0
+918012701941,0.0,0.0,0.0,3,3,3.0
+918512625462,0.0,0.0,0.0,3,3,3.0
+919591915371,0.0,0.0,0.0,3,3,3.0
+918016304694,0.0,0.0,0.0,3,3,3.0
+919472886412,0.0,0.0,0.0,3,3,3.0
+919058374965,0.0,0.0,0.0,3,3,3.0
+919050038431,0.0,0.0,0.0,3,3,3.0
+919048253182,0.0,0.0,0.0,3,3,3.0
+918532001215,0.0,0.0,0.0,3,3,3.0
+918028598100,0.0,0.0,0.0,3,3,3.0
+919043444628,0.0,0.0,0.0,3,3,3.0
+919584405468,0.0,0.0,0.0,3,3,3.0
+919033859947,0.0,0.0,0.0,3,3,3.0
+919033352017,0.0,0.0,0.0,3,2,3.0
+919480653254,0.0,0.0,0.0,3,3,3.0
+918008243314,0.0,0.0,0.0,3,3,3.0
+918006726043,0.0,0.0,0.0,3,3,3.0
+918386753225,0.0,0.0,0.0,3,3,3.0
+919481945841,0.0,0.0,0.0,3,3,3.0
+919105079887,0.0,0.0,0.0,3,3,3.0
+919104722695,0.0,0.0,0.0,3,3,3.0
+919104248874,0.0,0.0,0.0,3,3,3.0
+919366397200,0.0,0.0,0.0,3,3,3.0
+917991998801,0.0,0.0,0.0,3,2,3.0
+919099909226,0.0,0.0,0.0,3,3,3.0
+918497831368,0.0,0.0,0.0,3,3,3.0
+918489833796,0.0,0.0,0.0,3,3,3.0
+919097874437,0.0,0.0,0.0,3,3,3.0
+919594661067,0.0,0.0,0.0,3,3,3.0
+917995479186,0.0,0.0,0.0,3,3,3.0
+919092054122,0.0,0.0,0.0,3,3,3.0
+919594577578,0.0,0.0,0.0,3,3,3.0
+918386447186,0.0,0.0,0.0,3,3,3.0
+917920854246,0.0,0.0,0.0,3,3,3.0
+918386953707,0.0,0.0,0.0,3,3,3.0
+919258870718,0.0,0.0,0.0,3,3,3.0
+919258545841,0.0,0.0,0.0,3,3,3.0
+919492193271,0.0,0.0,0.0,3,3,3.0
+918402392222,0.0,0.0,0.0,3,3,3.0
+919250146506,0.0,0.0,0.0,3,3,3.0
+919246974954,0.0,0.0,0.0,3,3,3.0
+919346229661,0.0,0.0,0.0,3,3,3.0
+918436649947,0.0,0.0,0.0,3,3,3.0
+919225468704,0.0,0.0,0.0,3,3,3.0
+919222918853,0.0,0.0,0.0,3,3,3.0
+917864665332,0.0,0.0,0.0,3,3,3.0
+919216788869,0.0,0.0,0.0,3,3,3.0
+919214252566,0.0,0.0,0.0,3,3,3.0
+919211596427,0.0,0.0,0.0,3,3,3.0
+919204509733,0.0,0.0,0.0,3,3,3.0
+917871496615,0.0,0.0,0.0,3,3,3.0
+918395850843,0.0,0.0,0.0,3,3,3.0
+918395001057,0.0,0.0,0.0,3,3,3.0
+919623076662,0.0,0.0,0.0,3,3,3.0
+917839533733,0.0,0.0,0.0,3,3,3.0
+918442337843,0.0,0.0,0.0,3,3,3.0
+917837607111,0.0,0.0,0.0,3,3,3.0
+919319315007,0.0,0.0,0.0,3,2,3.0
+919317667598,0.0,0.0,0.0,3,3,3.0
+917818139523,0.0,0.0,0.0,3,3,3.0
+919298726868,0.0,0.0,0.0,3,3,3.0
+919297961486,0.0,0.0,0.0,3,3,3.0
+917819981406,0.0,0.0,0.0,3,3,3.0
+919293959516,0.0,0.0,0.0,3,3,3.0
+918414627065,0.0,0.0,0.0,3,3,3.0
+917820898471,0.0,0.0,0.0,3,3,3.0
+919284955589,0.0,0.0,0.0,3,3,3.0
+919282127962,0.0,0.0,0.0,3,3,3.0
+919272843665,0.0,0.0,0.0,3,3,3.0
+917827412673,0.0,0.0,0.0,3,3,3.0
+918422961102,0.0,0.0,0.0,3,3,3.0
+917836054651,0.0,0.0,0.0,3,3,3.0
+919270933182,0.0,0.0,0.0,3,3,3.0
+919265110589,0.0,0.0,0.0,3,3,3.0
+918438163053,0.0,0.0,0.0,3,3,3.0
+919195420678,0.0,0.0,0.0,3,3,3.0
+917951156042,0.0,0.0,0.0,3,3,3.0
+919158873733,0.0,0.0,0.0,3,3,3.0
+919354221821,0.0,0.0,0.0,3,3,3.0
+918351460899,0.0,0.0,0.0,3,3,3.0
+917921170786,0.0,0.0,0.0,3,3,3.0
+917930713699,0.0,0.0,0.0,3,3,3.0
+919356045243,0.0,0.0,0.0,3,3,3.0
+917937796534,0.0,0.0,0.0,3,3,3.0
+917938523413,0.0,0.0,0.0,3,3,3.0
+918388885892,0.0,0.0,0.0,3,3,3.0
+919149609647,0.0,0.0,0.0,3,3,3.0
+918471654427,0.0,0.0,0.0,3,3,3.0
+919147394718,0.0,0.0,0.0,3,3,3.0
+919357814850,0.0,0.0,0.0,3,3,3.0
+919143751440,0.0,0.0,0.0,3,3,3.0
+917945355731,0.0,0.0,0.0,3,3,3.0
+917948268271,0.0,0.0,0.0,3,3,3.0
+918387681799,0.0,0.0,0.0,3,3,3.0
+917950647581,0.0,0.0,0.0,3,3,3.0
+919354028492,0.0,0.0,0.0,3,3,3.0
+919162589230,0.0,0.0,0.0,3,3,3.0
+919190717891,0.0,0.0,0.0,3,3,3.0
+919162788035,0.0,0.0,0.0,3,3,3.0
+917880384640,0.0,0.0,0.0,3,3,3.0
+919187718021,0.0,0.0,0.0,3,3,3.0
+918452829614,0.0,0.0,0.0,3,3,3.0
+919179620062,0.0,0.0,0.0,3,3,3.0
+917895693153,0.0,0.0,0.0,3,3,3.0
+918455462565,0.0,0.0,0.0,3,3,3.0
+917897175595,0.0,0.0,0.0,3,3,3.0
+917899390132,0.0,0.0,0.0,3,3,3.0
+919172077954,0.0,0.0,0.0,3,3,3.0
+919171479110,0.0,0.0,0.0,3,3,3.0
+919168830367,0.0,0.0,0.0,3,3,3.0
+917912752542,0.0,0.0,0.0,3,3,3.0
+917914025149,0.0,0.0,0.0,3,3,3.0
+919611907333,0.0,0.0,0.0,3,3,3.0
+918458185616,0.0,0.0,0.0,3,3,3.0
+919168269969,0.0,0.0,0.0,3,3,3.0
+919163145626,0.0,0.0,0.0,3,3,3.0
+918532438264,0.0,0.0,0.0,3,3,3.0
+918348172815,0.0,0.0,0.0,3,3,3.0
+918350142534,0.0,0.0,0.0,3,3,3.0
+918638275842,0.0,0.0,0.0,3,3,3.0
+918812556122,0.0,0.0,0.0,3,3,3.0
+918812342866,0.0,0.0,0.0,3,3,3.0
+918811636050,0.0,0.0,0.0,3,3,3.0
+918810797864,0.0,0.0,0.0,3,3,3.0
+918808940706,0.0,0.0,0.0,3,3,3.0
+918296278212,0.0,0.0,0.0,3,3,3.0
+918294555571,0.0,0.0,0.0,3,3,3.0
+918795649615,0.0,0.0,0.0,3,3,3.0
+919424436162,0.0,0.0,0.0,3,3,3.0
+918204498121,0.0,0.0,0.0,3,3,3.0
+919428511997,0.0,0.0,0.0,3,3,3.0
+918200264722,0.0,0.0,0.0,3,3,3.0
+918638421972,0.0,0.0,0.0,3,3,3.0
+919526424953,0.0,0.0,0.0,3,3,3.0
+918286298175,0.0,0.0,0.0,3,3,3.0
+919454891254,0.0,0.0,0.0,3,3,3.0
+918201643938,0.0,0.0,0.0,3,3,3.0
+918780361928,0.0,0.0,0.0,3,3,3.0
+918813585527,0.0,0.0,0.0,3,3,3.0
+918300344757,0.0,0.0,0.0,3,3,3.0
+918819975598,0.0,0.0,0.0,3,3,3.0
+918826604204,0.0,0.0,0.0,3,3,3.0
+918853792341,0.0,0.0,0.0,3,3,3.0
+918850288410,0.0,0.0,0.0,3,3,3.0
+918850168928,0.0,0.0,0.0,3,3,3.0
+918614611664,0.0,0.0,0.0,3,3,3.0
+919402666609,0.0,0.0,0.0,3,3,3.0
+918620275447,0.0,0.0,0.0,3,3,3.0
+918621932771,0.0,0.0,0.0,3,3,3.0
+918623640238,0.0,0.0,0.0,3,3,3.0
+918841580085,0.0,0.0,0.0,3,3,3.0
+918840516809,0.0,0.0,0.0,3,3,3.0
+918172158864,0.0,0.0,0.0,3,3,3.0
+918172410711,0.0,0.0,0.0,3,3,3.0
+919550565455,0.0,0.0,0.0,3,3,3.0
+919462414048,0.0,0.0,0.0,3,3,3.0
+918834923851,0.0,0.0,0.0,3,3,3.0
+918174062996,0.0,0.0,0.0,3,3,3.0
+919413282804,0.0,0.0,0.0,3,3,3.0
+918642044982,0.0,0.0,0.0,3,3,3.0
+918645228812,0.0,0.0,0.0,3,3,3.0
+918859322411,0.0,0.0,0.0,3,3,3.0
+919527094344,0.0,0.0,0.0,3,3,3.0
+918713068135,0.0,0.0,0.0,3,3,3.0
+918710705279,0.0,0.0,0.0,3,3,3.0
+918708352109,0.0,0.0,0.0,3,3,3.0
+918700115898,0.0,0.0,0.0,3,3,3.0
+918657510216,0.0,0.0,0.0,3,3,3.0
+919533317714,0.0,0.0,0.0,3,3,3.0
+918247034656,0.0,0.0,0.0,3,3,3.0
+918247495217,0.0,0.0,0.0,3,3,3.0
+918691692457,0.0,0.0,0.0,3,3,3.0
+918768305909,0.0,0.0,0.0,3,3,3.0
+918684650022,0.0,0.0,0.0,3,3,3.0
+918683414958,0.0,0.0,0.0,3,3,3.0
+918674226499,0.0,0.0,0.0,3,3,3.0
+919528890600,0.0,0.0,0.0,3,3,3.0
+918250976564,0.0,0.0,0.0,3,3,3.0
+918667044288,0.0,0.0,0.0,3,3,3.0
+918253774601,0.0,0.0,0.0,3,3,3.0
+918257005994,0.0,0.0,0.0,3,3,3.0
+919440961866,0.0,0.0,0.0,3,3,3.0
+918275842027,0.0,0.0,0.0,3,3,3.0
+918653928569,0.0,0.0,0.0,3,3,3.0
+918653002799,0.0,0.0,0.0,3,3,3.0
+918767773403,0.0,0.0,0.0,3,3,3.0
+918207737580,0.0,0.0,0.0,3,3,3.0
+918762879214,0.0,0.0,0.0,3,3,3.0
+918760823788,0.0,0.0,0.0,3,3,3.0
+919431337077,0.0,0.0,0.0,3,3,3.0
+918744527476,0.0,0.0,0.0,3,3,3.0
+918220355678,0.0,0.0,0.0,3,3,3.0
+919539536131,0.0,0.0,0.0,3,3,3.0
+919437333503,0.0,0.0,0.0,3,3,3.0
+918220853714,0.0,0.0,0.0,3,3,3.0
+918737901717,0.0,0.0,0.0,3,3,3.0
+918222496478,0.0,0.0,0.0,3,3,3.0
+918731426771,0.0,0.0,0.0,3,3,3.0
+918728944618,0.0,0.0,0.0,3,2,3.0
+918650926518,0.0,0.0,0.0,3,3,3.0
+918652011594,0.0,0.0,0.0,3,3,3.0
+918230750424,0.0,0.0,0.0,3,3,3.0
+918859188926,0.0,0.0,0.0,3,3,3.0
+918869157043,0.0,0.0,0.0,3,3,3.0
+918037514521,0.0,0.0,0.0,3,3,3.0
+918064801797,0.0,0.0,0.0,3,3,3.0
+918981260998,0.0,0.0,0.0,3,3,3.0
+918978088355,0.0,0.0,0.0,3,3,3.0
+918552430433,0.0,0.0,0.0,3,3,3.0
+918347354065,0.0,0.0,0.0,3,3,3.0
+918963327121,0.0,0.0,0.0,3,3,3.0
+918055531561,0.0,0.0,0.0,3,3,3.0
+918962555134,0.0,0.0,0.0,3,3,3.0
+919388812313,0.0,0.0,0.0,3,3,3.0
+919514255553,0.0,0.0,0.0,3,3,3.0
+919469868179,0.0,0.0,0.0,3,3,3.0
+919573575052,0.0,0.0,0.0,3,3,3.0
+918954584610,0.0,0.0,0.0,3,3,3.0
+918954282681,0.0,0.0,0.0,3,3,3.0
+918940150268,0.0,0.0,0.0,3,3,3.0
+918557289150,0.0,0.0,0.0,3,3,3.0
+918938947079,0.0,0.0,0.0,3,3,3.0
+918937167696,0.0,0.0,0.0,3,3,3.0
+918083924812,0.0,0.0,0.0,3,3,3.0
+918986044657,0.0,0.0,0.0,3,3,3.0
+918051645560,0.0,0.0,0.0,3,3,3.0
+918548183653,0.0,0.0,0.0,3,3,3.0
+918051061785,0.0,0.0,0.0,3,3,3.0
+918039370478,0.0,0.0,0.0,3,3,3.0
+919030527594,0.0,0.0,0.0,3,3,3.0
+919025728551,0.0,0.0,0.0,3,3,3.0
+918534818802,0.0,0.0,0.0,3,3,3.0
+919025015910,0.0,0.0,0.0,3,3,3.0
+918042241098,0.0,0.0,0.0,3,3,3.0
+919023923239,0.0,0.0,0.0,3,3,3.0
+919581975555,0.0,0.0,0.0,3,3,3.0
+918348764221,0.0,0.0,0.0,3,3,3.0
+918541498185,0.0,0.0,0.0,3,3,3.0
+918543867898,0.0,0.0,0.0,3,3,3.0
+918544875280,0.0,0.0,0.0,3,3,3.0
+919013934776,0.0,0.0,0.0,3,3,3.0
+918995283513,0.0,0.0,0.0,3,3,3.0
+918666791511,0.0,0.0,0.0,3,3,3.0
+918989756401,0.0,0.0,0.0,3,3,3.0
+918050648102,0.0,0.0,0.0,3,3,3.0
+918089353466,0.0,0.0,0.0,3,3,3.0
+918937116255,0.0,0.0,0.0,3,3,3.0
+918612217044,0.0,0.0,0.0,3,3,3.0
+918140089240,0.0,0.0,0.0,3,3,3.0
+918582692217,0.0,0.0,0.0,3,3,3.0
+918134371487,0.0,0.0,0.0,3,3,3.0
+918320808309,0.0,0.0,0.0,3,3,3.0
+918137550467,0.0,0.0,0.0,3,3,3.0
+919467346642,0.0,0.0,0.0,3,3,3.0
+918138456380,0.0,0.0,0.0,3,3,3.0
+918585803737,0.0,0.0,0.0,3,3,3.0
+918887955011,0.0,0.0,0.0,3,3,3.0
+918318466339,0.0,0.0,0.0,3,3,3.0
+918095387295,0.0,0.0,0.0,3,3,3.0
+919558938834,0.0,0.0,0.0,3,3,3.0
+918589080155,0.0,0.0,0.0,3,3,3.0
+918887676362,0.0,0.0,0.0,3,3,3.0
+918147600272,0.0,0.0,0.0,3,3,3.0
+918605054242,0.0,0.0,0.0,3,3,3.0
+918605703334,0.0,0.0,0.0,3,3,3.0
+919525462596,0.0,0.0,0.0,3,3,3.0
+918314142067,0.0,0.0,0.0,3,3,3.0
+918133499502,0.0,0.0,0.0,3,3,3.0
+918132787709,0.0,0.0,0.0,3,3,3.0
+918128288553,0.0,0.0,0.0,3,3,3.0
+918900695946,0.0,0.0,0.0,3,3,3.0
+918562186993,0.0,0.0,0.0,3,3,3.0
+918931766606,0.0,0.0,0.0,3,3,3.0
+918927095439,0.0,0.0,0.0,3,3,3.0
+918923139565,0.0,0.0,0.0,3,3,3.0
+918333358605,0.0,0.0,0.0,3,3,3.0
+918102002916,0.0,0.0,0.0,3,3,3.0
+918915604284,0.0,0.0,0.0,3,3,3.0
+918915454062,0.0,0.0,0.0,3,3,3.0
+919467350364,0.0,0.0,0.0,3,3,3.0
+918572981058,0.0,0.0,0.0,3,3,3.0
+918573767930,0.0,0.0,0.0,3,3,3.0
+918902778071,0.0,0.0,0.0,3,3,3.0
+918120016604,0.0,0.0,0.0,3,3,3.0
+918120392968,0.0,0.0,0.0,3,3,3.0
+919562334602,0.0,0.0,0.0,3,3,3.0
+919561814572,0.0,0.0,0.0,3,3,3.0
+918574828706,0.0,0.0,0.0,3,3,3.0
+918874524757,0.0,0.0,0.0,3,3,3.0
+917660146244,0.0,0.0,0.0,3,3,3.0
+916930720631,0.0,0.0,0.0,3,3,3.0
+917287804666,0.0,0.0,0.0,3,3,3.0
+919737306841,0.0,0.0,0.0,3,3,3.0
+917248930150,0.0,0.0,0.0,3,3,3.0
+917251518705,0.0,0.0,0.0,3,3,3.0
+916502651063,0.0,0.0,0.0,3,3,3.0
+917252964790,0.0,0.0,0.0,3,3,3.0
+917257336024,0.0,0.0,0.0,3,3,3.0
+919731994441,0.0,0.0,0.0,3,3,3.0
+917269983030,0.0,0.0,0.0,3,3,3.0
+917273383173,0.0,0.0,0.0,3,3,3.0
+916492963632,0.0,0.0,0.0,3,3,3.0
+917280112599,0.0,0.0,0.0,3,3,3.0
+917284834073,0.0,0.0,0.0,3,3,3.0
+919916319827,0.0,0.0,0.0,3,3,3.0
+917160559645,0.0,0.0,0.0,3,3,3.0
+917295031844,0.0,0.0,0.0,3,3,3.0
+917295085493,0.0,0.0,0.0,3,3,3.0
+917302064269,0.0,0.0,0.0,3,3,3.0
+917303949164,0.0,0.0,0.0,3,3,3.0
+916470414978,0.0,0.0,0.0,3,3,3.0
+917307451482,0.0,0.0,0.0,3,3,3.0
+919925569100,0.0,0.0,0.0,3,3,3.0
+917315825662,0.0,0.0,0.0,3,3,3.0
+917318446648,0.0,0.0,0.0,3,3,3.0
+916468327612,0.0,0.0,0.0,3,3,3.0
+916466087426,0.0,0.0,0.0,3,3,3.0
+916464452567,0.0,0.0,0.0,3,3,3.0
+916515903085,0.0,0.0,0.0,3,3,3.0
+916516583859,0.0,0.0,0.0,3,3,3.0
+917244219663,0.0,0.0,0.0,3,3,3.0
+916519349510,0.0,0.0,0.0,3,3,3.0
+919894518715,0.0,0.0,0.0,3,3,3.0
+917172000103,0.0,0.0,0.0,3,3,3.0
+917174144220,0.0,0.0,0.0,3,3,3.0
+917174872429,0.0,0.0,0.0,3,3,3.0
+917181621199,0.0,0.0,0.0,3,3,3.0
+917185198287,0.0,0.0,0.0,3,3,3.0
+916574037667,0.0,0.0,0.0,3,3,3.0
+917188882029,0.0,0.0,0.0,3,3,3.0
+919747353912,0.0,0.0,0.0,3,3,3.0
+916569636579,0.0,0.0,0.0,3,2,3.0
+917191863830,0.0,0.0,0.0,3,3,3.0
+917196373102,0.0,0.0,0.0,3,3,3.0
+919746485283,0.0,0.0,0.0,3,3,3.0
+917201092715,0.0,0.0,0.0,3,3,3.0
+916538021092,0.0,0.0,0.0,3,3,3.0
+917217019641,0.0,0.0,0.0,3,3,3.0
+916528810708,0.0,0.0,0.0,3,3,3.0
+916527066721,0.0,0.0,0.0,3,3,3.0
+917224843507,0.0,0.0,0.0,3,3,3.0
+919739673437,0.0,0.0,0.0,3,3,3.0
+916522392656,0.0,0.0,0.0,3,3,3.0
+917230721175,0.0,0.0,0.0,3,3,3.0
+917232452014,0.0,0.0,0.0,3,3,3.0
+917233371970,0.0,0.0,0.0,3,3,3.0
+917235286524,0.0,0.0,0.0,3,3,3.0
+916461549793,0.0,0.0,0.0,3,3,3.0
+917330824152,0.0,0.0,0.0,3,3,3.0
+916458437338,0.0,0.0,0.0,3,3,3.0
+917435119738,0.0,0.0,0.0,3,3,3.0
+917442405323,0.0,0.0,0.0,3,3,3.0
+917442936199,0.0,0.0,0.0,3,3,3.0
+917444137988,0.0,0.0,0.0,3,3,3.0
+916373799775,0.0,0.0,0.0,3,3,3.0
+916372275672,0.0,0.0,0.0,3,3,3.0
+916362630523,0.0,0.0,0.0,3,3,3.0
+917450692702,0.0,0.0,0.0,3,3,3.0
+919699368761,0.0,0.0,0.0,3,3,3.0
+917451376241,0.0,0.0,0.0,3,3,3.0
+916352364704,0.0,0.0,0.0,3,3,3.0
+917461092230,0.0,0.0,0.0,3,3,3.0
+917462961354,0.0,0.0,0.0,3,3,3.0
+916342351178,0.0,0.0,0.0,3,3,3.0
+916342200176,0.0,0.0,0.0,3,3,3.0
+917466179399,0.0,0.0,0.0,3,3,3.0
+917468148511,0.0,0.0,0.0,3,3,3.0
+919961938647,0.0,0.0,0.0,3,3,3.0
+917472825897,0.0,0.0,0.0,3,3,3.0
+916336642628,0.0,0.0,0.0,3,3,3.0
+916329121894,0.0,0.0,0.0,3,3,3.0
+917477649216,0.0,0.0,0.0,3,3,3.0
+919690779055,0.0,0.0,0.0,3,3,3.0
+917486302764,0.0,0.0,0.0,3,3,3.0
+917489769840,0.0,0.0,0.0,3,3,3.0
+917490397283,0.0,0.0,0.0,3,3,3.0
+917440401979,0.0,0.0,0.0,3,3,3.0
+916381228134,0.0,0.0,0.0,3,3,3.0
+916452204914,0.0,0.0,0.0,3,3,3.0
+916382622582,0.0,0.0,0.0,3,3,3.0
+916451528234,0.0,0.0,0.0,3,3,3.0
+916451301401,0.0,0.0,0.0,3,3,3.0
+917338796197,0.0,0.0,0.0,3,3,3.0
+917343731374,0.0,0.0,0.0,3,3,3.0
+917345855517,0.0,0.0,0.0,3,3,3.0
+917348538399,0.0,0.0,0.0,3,3,3.0
+916445373896,0.0,0.0,0.0,3,3,3.0
+917356837430,0.0,0.0,0.0,3,3,3.0
+916439425319,0.0,0.0,0.0,3,3,3.0
+917367388354,0.0,0.0,0.0,3,3,3.0
+919707602713,0.0,0.0,0.0,3,3,3.0
+917377194343,0.0,0.0,0.0,3,3,3.0
+919707192662,0.0,0.0,0.0,3,3,3.0
+917384067394,0.0,0.0,0.0,3,3,3.0
+916421127986,0.0,0.0,0.0,3,3,3.0
+916419645330,0.0,0.0,0.0,3,3,3.0
+919942127820,0.0,0.0,0.0,3,3,3.0
+917396801093,0.0,0.0,0.0,3,3,3.0
+916396600380,0.0,0.0,0.0,3,3,3.0
+917408478046,0.0,0.0,0.0,3,3,3.0
+919948385516,0.0,0.0,0.0,3,3,3.0
+916386364854,0.0,0.0,0.0,3,3,3.0
+916385759362,0.0,0.0,0.0,3,3,3.0
+917428868194,0.0,0.0,0.0,3,3,3.0
+917431795207,0.0,0.0,0.0,3,3,3.0
+919893853354,0.0,0.0,0.0,3,3,3.0
+917158835122,0.0,0.0,0.0,3,3,3.0
+916327474038,0.0,0.0,0.0,3,3,3.0
+916726538362,0.0,0.0,0.0,3,3,3.0
+916889013205,0.0,0.0,0.0,3,3,3.0
+916889383809,0.0,0.0,0.0,3,3,3.0
+916763413801,0.0,0.0,0.0,3,3,3.0
+916760384221,0.0,0.0,0.0,3,3,3.0
+916900017093,0.0,0.0,0.0,3,3,3.0
+919803112375,0.0,0.0,0.0,3,3,3.0
+916906128668,0.0,0.0,0.0,3,3,3.0
+919801451602,0.0,0.0,0.0,3,3,3.0
+916739484377,0.0,0.0,0.0,3,3,3.0
+916925772557,0.0,0.0,0.0,3,3,3.0
+916932429670,0.0,0.0,0.0,3,3,3.0
+916733704245,0.0,0.0,0.0,3,3,3.0
+916725420895,0.0,0.0,0.0,3,3,3.0
+916579804032,0.0,0.0,0.0,3,3,3.0
+916941275326,0.0,0.0,0.0,3,3,3.0
+916718232666,0.0,0.0,0.0,3,3,3.0
+916718021574,0.0,0.0,0.0,3,3,3.0
+916948259966,0.0,0.0,0.0,3,3,3.0
+916950837633,0.0,0.0,0.0,3,3,3.0
+916954969895,0.0,0.0,0.0,3,3,3.0
+916710666168,0.0,0.0,0.0,3,3,3.0
+919855585738,0.0,0.0,0.0,3,3,3.0
+916956621046,0.0,0.0,0.0,3,3,3.0
+916704445752,0.0,0.0,0.0,3,3,3.0
+916971132795,0.0,0.0,0.0,3,3,3.0
+916700920539,0.0,0.0,0.0,3,3,3.0
+916765061910,0.0,0.0,0.0,3,3,3.0
+919809462196,0.0,0.0,0.0,3,3,3.0
+916765754898,0.0,0.0,0.0,3,3,3.0
+916772341304,0.0,0.0,0.0,3,3,3.0
+916817788029,0.0,0.0,0.0,3,3,3.0
+916808124739,0.0,0.0,0.0,3,3,3.0
+916805535724,0.0,0.0,0.0,3,3,3.0
+916805471977,0.0,0.0,0.0,3,3,3.0
+916829566964,0.0,0.0,0.0,3,3,3.0
+919825899719,0.0,0.0,0.0,3,3,3.0
+919833768767,0.0,0.0,0.0,3,3,3.0
+916800354264,0.0,0.0,0.0,3,3,3.0
+916836196926,0.0,0.0,0.0,3,3,3.0
+916800290789,0.0,0.0,0.0,3,3,3.0
+916798566130,0.0,0.0,0.0,3,3,3.0
+919824410359,0.0,0.0,0.0,3,3,3.0
+916844425870,0.0,0.0,0.0,3,3,3.0
+916846549948,0.0,0.0,0.0,3,3,3.0
+916852943667,0.0,0.0,0.0,3,3,3.0
+916853372598,0.0,0.0,0.0,3,3,3.0
+919819424988,0.0,0.0,0.0,3,3,3.0
+916856463007,0.0,0.0,0.0,3,3,3.0
+916859374514,0.0,0.0,0.0,3,3,3.0
+916859646693,0.0,0.0,0.0,3,3,3.0
+916870373857,0.0,0.0,0.0,3,3,3.0
+919845432607,0.0,0.0,0.0,3,3,3.0
+916780926228,0.0,0.0,0.0,3,3,3.0
+916778651793,0.0,0.0,0.0,3,3,3.0
+916777233145,0.0,0.0,0.0,3,3,3.0
+916694271830,0.0,0.0,0.0,3,3,3.0
+919797886333,0.0,0.0,0.0,3,3,3.0
+919796917516,0.0,0.0,0.0,3,3,3.0
+917076044566,0.0,0.0,0.0,3,3,3.0
+917080906313,0.0,0.0,0.0,3,3,3.0
+916624460002,0.0,0.0,0.0,3,3,3.0
+917082664462,0.0,0.0,0.0,3,3,3.0
+916622516919,0.0,0.0,0.0,3,3,3.0
+917089561001,0.0,0.0,0.0,3,3,3.0
+917093063244,0.0,0.0,0.0,3,3,3.0
+916622072864,0.0,0.0,0.0,3,3,3.0
+917096519723,0.0,0.0,0.0,3,3,3.0
+917104288939,0.0,0.0,0.0,3,3,3.0
+916607792833,0.0,0.0,0.0,3,3,3.0
+917106506157,0.0,0.0,0.0,3,3,3.0
+917115535602,0.0,0.0,0.0,3,3,3.0
+917118144737,0.0,0.0,0.0,3,3,3.0
+917125454096,0.0,0.0,0.0,3,3,3.0
+916597729437,0.0,0.0,0.0,3,3,3.0
+916597229756,0.0,0.0,0.0,3,3,3.0
+917128431157,0.0,0.0,0.0,3,3,3.0
+919887256418,0.0,0.0,0.0,3,3,3.0
+917128560339,0.0,0.0,0.0,3,3,3.0
+919757776904,0.0,0.0,0.0,3,3,3.0
+917131226950,0.0,0.0,0.0,3,3,3.0
+916592083194,0.0,0.0,0.0,3,3,3.0
+916581077157,0.0,0.0,0.0,3,3,3.0
+916580965077,0.0,0.0,0.0,3,3,3.0
+919888360513,0.0,0.0,0.0,3,3,3.0
+917077658132,0.0,0.0,0.0,3,3,3.0
+919766665573,0.0,0.0,0.0,3,3,3.0
+916984786280,0.0,0.0,0.0,3,3,3.0
+916627481193,0.0,0.0,0.0,3,3,3.0
+919796125491,0.0,0.0,0.0,3,3,3.0
+916987495439,0.0,0.0,0.0,3,3,3.0
+916988376155,0.0,0.0,0.0,3,3,3.0
+916988451568,0.0,0.0,0.0,3,3,3.0
+916994748733,0.0,0.0,0.0,3,3,3.0
+916997218793,0.0,0.0,0.0,3,3,3.0
+919865642719,0.0,0.0,0.0,3,3,3.0
+917005897921,0.0,0.0,0.0,3,3,3.0
+916680078278,0.0,0.0,0.0,3,3,3.0
+917008295543,0.0,0.0,0.0,3,3,3.0
+917011252566,0.0,0.0,0.0,3,3,3.0
+917015135674,0.0,0.0,0.0,3,3,3.0
+917015447369,0.0,0.0,0.0,3,3,3.0
+916670771375,0.0,0.0,0.0,3,3,3.0
+919782115890,0.0,0.0,0.0,3,3,3.0
+919778535983,0.0,0.0,0.0,3,3,3.0
+917025270258,0.0,0.0,0.0,3,3,3.0
+916646590452,0.0,0.0,0.0,3,3,3.0
+919873865972,0.0,0.0,0.0,3,3,3.0
+916639468985,0.0,0.0,0.0,3,3,3.0
+917051784838,0.0,0.0,0.0,3,3,3.0
+917053001040,0.0,0.0,0.0,3,3,3.0
+916634713532,0.0,0.0,0.0,3,3,3.0
+917068696597,0.0,0.0,0.0,3,3,3.0
+916628643685,0.0,0.0,0.0,3,3,3.0
+917491719524,0.0,0.0,0.0,3,3,3.0
+916814848475,0.0,0.0,0.0,3,3,3.0
+917495205879,0.0,0.0,0.0,3,3,3.0
+916170502137,0.0,0.0,0.0,3,3,3.0
+919656961580,0.0,0.0,0.0,3,3,3.0
+919978712841,0.0,0.0,0.0,3,3,3.0
+917632449017,0.0,0.0,0.0,3,3,3.0
+917640175475,0.0,0.0,0.0,3,3,3.0
+917642833032,0.0,0.0,0.0,3,3,3.0
+916128298611,0.0,0.0,0.0,3,3,3.0
+917644497344,0.0,0.0,0.0,3,3,3.0
+919652726749,0.0,0.0,0.0,3,3,3.0
+917654882188,0.0,0.0,0.0,3,3,3.0
+917655306498,0.0,0.0,0.0,3,3,3.0
+917655647373,0.0,0.0,0.0,3,3,3.0
+917656300944,0.0,0.0,0.0,3,3,3.0
+916111246980,0.0,0.0,0.0,3,3,3.0
+917663986754,0.0,0.0,0.0,3,3,3.0
+917675690261,0.0,0.0,0.0,3,3,3.0
+917682660872,0.0,0.0,0.0,3,3,3.0
+917683764674,0.0,0.0,0.0,3,3,3.0
+916106292087,0.0,0.0,0.0,3,3,3.0
+916105146516,0.0,0.0,0.0,3,3,3.0
+916164672379,0.0,0.0,0.0,3,3,3.0
+916173278606,0.0,0.0,0.0,3,3,3.0
+919679896878,0.0,0.0,0.0,3,3,3.0
+916188010291,0.0,0.0,0.0,3,3,3.0
+917551440270,0.0,0.0,0.0,3,3,3.0
+916266429832,0.0,0.0,0.0,3,3,3.0
+916251731553,0.0,0.0,0.0,3,3,3.0
+916249346483,0.0,0.0,0.0,3,3,3.0
+917561874564,0.0,0.0,0.0,3,3,3.0
+916245365434,0.0,0.0,0.0,3,3,3.0
+919668603924,0.0,0.0,0.0,3,3,3.0
+917572048184,0.0,0.0,0.0,3,3,3.0
+916221828993,0.0,0.0,0.0,3,3,3.0
+919972299269,0.0,0.0,0.0,3,3,3.0
+917578235515,0.0,0.0,0.0,3,3,3.0
+919975620610,0.0,0.0,0.0,3,3,3.0
+916199788549,0.0,0.0,0.0,3,3,3.0
+919666372985,0.0,0.0,0.0,3,3,3.0
+916198411845,0.0,0.0,0.0,3,3,3.0
+916192453103,0.0,0.0,0.0,3,3,3.0
+917594872344,0.0,0.0,0.0,3,3,3.0
+916189864817,0.0,0.0,0.0,3,3,3.0
+916188841453,0.0,0.0,0.0,3,3,3.0
+917686223703,0.0,0.0,0.0,3,3,3.0
+916101342976,0.0,0.0,0.0,3,3,3.0
+916098121887,0.0,0.0,0.0,3,3,3.0
+917700059077,0.0,0.0,0.0,3,3,3.0
+917755398473,0.0,0.0,0.0,3,3,3.0
+917756675509,0.0,0.0,0.0,3,3,3.0
+916031989439,0.0,0.0,0.0,3,3,3.0
+916030123201,0.0,0.0,0.0,3,3,3.0
+917760959657,0.0,0.0,0.0,3,3,3.0
+916028092720,0.0,0.0,0.0,3,3,3.0
+917777410396,0.0,0.0,0.0,3,3,3.0
+917778488497,0.0,0.0,0.0,3,3,3.0
+919632864418,0.0,0.0,0.0,3,3,3.0
+917781173350,0.0,0.0,0.0,3,3,3.0
+919632529782,0.0,0.0,0.0,3,3,3.0
+917782989759,0.0,0.0,0.0,3,3,3.0
+916021844635,0.0,0.0,0.0,3,3,3.0
+919632502596,0.0,0.0,0.0,3,3,3.0
+917792228131,0.0,0.0,0.0,3,3,3.0
+919996949508,0.0,0.0,0.0,3,3,3.0
+917798185132,0.0,0.0,0.0,3,3,3.0
+917798187724,0.0,0.0,0.0,3,3,3.0
+917807200605,0.0,0.0,0.0,3,3,3.0
+917753541735,0.0,0.0,0.0,3,3,3.0
+919992464728,0.0,0.0,0.0,3,3,3.0
+917743303723,0.0,0.0,0.0,3,3,3.0
+916066920775,0.0,0.0,0.0,3,3,3.0
+916095791836,0.0,0.0,0.0,3,3,3.0
+917704392995,0.0,0.0,0.0,3,3,3.0
+919983259652,0.0,0.0,0.0,3,3,3.0
+917707080897,0.0,0.0,0.0,3,3,3.0
+916088574902,0.0,0.0,0.0,3,3,3.0
+919985077624,0.0,0.0,0.0,3,3,3.0
+916083295717,0.0,0.0,0.0,3,3,3.0
+916080289131,0.0,0.0,0.0,3,3,3.0
+917726263883,0.0,0.0,0.0,3,3,3.0
+919992209000,0.0,0.0,0.0,3,3,3.0
+916066261635,0.0,0.0,0.0,3,3,3.0
+916065441336,0.0,0.0,0.0,3,3,3.0
+917732420782,0.0,0.0,0.0,3,3,3.0
+917736258994,0.0,0.0,0.0,3,3,3.0
+917737995435,0.0,0.0,0.0,3,3,3.0
+917738288136,0.0,0.0,0.0,3,3,3.0
+917739290233,0.0,0.0,0.0,3,3,3.0
+916047587750,0.0,0.0,0.0,3,3,3.0
+917549321657,0.0,0.0,0.0,3,3,3.0
+916121714755,0.0,0.0,0.0,3,3,3.0
+916276524991,0.0,0.0,0.0,3,3,3.0
+916293059263,0.0,0.0,0.0,3,3,3.0
+917511022478,0.0,0.0,0.0,3,3,3.0
+916315635757,0.0,0.0,0.0,3,3,3.0
+916324643050,0.0,0.0,0.0,3,3,3.0
+916271164200,0.0,0.0,0.0,3,3,3.0
+916310908425,0.0,0.0,0.0,3,3,3.0
+917504849924,0.0,0.0,0.0,3,3,3.0
+916309428698,0.0,0.0,0.0,3,3,3.0
+916268571931,0.0,0.0,0.0,3,3,3.0
+917530734079,0.0,0.0,0.0,3,3,3.0
+916320837332,0.0,0.0,0.0,3,3,3.0
+916288306109,0.0,0.0,0.0,3,3,3.0
+917539930178,0.0,0.0,0.0,3,3,3.0
+916317968288,0.0,0.0,0.0,3,3,3.0
+917506873145,0.0,0.0,0.0,3,3,3.0
+916287854505,0.0,0.0,0.0,3,3,3.0
+916271838376,0.0,0.0,0.0,3,3,3.0
+917527676988,0.0,0.0,0.0,3,3,3.0
+917513638214,0.0,0.0,0.0,3,3,3.0
+917518276376,0.0,0.0,0.0,3,3,3.0
+916272958503,0.0,0.0,0.0,3,3,3.0
+916311916264,0.0,0.0,0.0,3,3,3.0
+917503143823,0.0,0.0,0.0,3,3,3.0
+916054629084,0.0,0.0,0.0,2,2,2.0
+918791480902,0.0,0.0,0.0,2,2,2.0
+918771245383,0.0,0.0,0.0,2,2,2.0
+916065556662,0.0,0.0,0.0,2,2,2.0
+916696738582,0.0,0.0,0.0,2,2,2.0
+916688066085,0.0,0.0,0.0,2,2,2.0
+916043784941,0.0,0.0,0.0,2,2,2.0
+916682689900,0.0,0.0,0.0,2,2,2.0
+919954974105,0.0,0.0,0.0,2,2,2.0
+916344311627,0.0,0.0,0.0,2,2,2.0
+916370335679,0.0,0.0,0.0,2,2,2.0
+919257375989,0.0,0.0,0.0,2,2,2.0
+918777677650,0.0,0.0,0.0,2,2,2.0
+919107273367,0.0,0.0,0.0,2,2,2.0
+918783306096,0.0,0.0,0.0,2,2,2.0
+919431091244,0.0,0.0,0.0,2,2,2.0
+916360260790,0.0,0.0,0.0,2,2,2.0
+919862321077,0.0,0.0,0.0,2,2,2.0
+919264518107,0.0,0.0,0.0,2,2,2.0
+916701341547,0.0,0.0,0.0,2,2,2.0
+919062995446,0.0,0.0,0.0,2,2,2.0
+916057332465,0.0,0.0,0.0,2,2,2.0
+918794419976,0.0,0.0,0.0,2,2,2.0
+919340607843,0.0,0.0,0.0,2,2,2.0
+919858026181,0.0,0.0,0.0,2,2,2.0
+918784125754,0.0,0.0,0.0,2,2,2.0
+916057041955,0.0,0.0,0.0,2,2,2.0
+916699437212,0.0,0.0,0.0,2,2,2.0
+916067077980,0.0,0.0,0.0,2,2,2.0
+918995988797,0.0,0.0,0.0,2,2,2.0
+918794976710,0.0,0.0,0.0,2,2,2.0
+919240859306,0.0,0.0,0.0,2,2,2.0
+916642112559,0.0,0.0,0.0,2,2,2.0
+916638178156,0.0,0.0,0.0,2,2,2.0
+916637411513,0.0,0.0,0.0,2,2,2.0
+918816258306,0.0,0.0,0.0,2,2,2.0
+916635563334,0.0,0.0,0.0,2,2,2.0
+916634945995,0.0,0.0,0.0,2,2,2.0
+916374489681,0.0,0.0,0.0,2,2,2.0
+916300492516,0.0,0.0,0.0,2,2,2.0
+918823784399,0.0,0.0,0.0,2,2,2.0
+918824710455,0.0,0.0,0.0,2,2,2.0
+918825726512,0.0,0.0,0.0,2,2,2.0
+919419527417,0.0,0.0,0.0,2,2,2.0
+916634636250,0.0,0.0,0.0,2,2,2.0
+916631101188,0.0,0.0,0.0,2,2,2.0
+919417758881,0.0,0.0,0.0,2,2,2.0
+919235544820,0.0,0.0,0.0,2,2,2.0
+919883143473,0.0,0.0,0.0,2,2,2.0
+916300955549,0.0,0.0,0.0,2,2,2.0
+916302207571,0.0,0.0,0.0,2,2,2.0
+916069784452,0.0,0.0,0.0,2,2,2.0
+919873801150,0.0,0.0,0.0,2,2,2.0
+916679623213,0.0,0.0,0.0,2,2,2.0
+918795495502,0.0,0.0,0.0,2,2,2.0
+919278454860,0.0,0.0,0.0,2,2,2.0
+919866873317,0.0,0.0,0.0,2,2,2.0
+916673018708,0.0,0.0,0.0,2,2,2.0
+919989890458,0.0,0.0,0.0,2,2,2.0
+916305887076,0.0,0.0,0.0,2,2,2.0
+918798887876,0.0,0.0,0.0,2,2,2.0
+919346119526,0.0,0.0,0.0,2,2,2.0
+916667575249,0.0,0.0,0.0,2,2,2.0
+916081343432,0.0,0.0,0.0,2,2,2.0
+919867340203,0.0,0.0,0.0,2,2,2.0
+919246791637,0.0,0.0,0.0,2,2,2.0
+919871500637,0.0,0.0,0.0,2,2,2.0
+919872382866,0.0,0.0,0.0,2,2,2.0
+918807944189,0.0,0.0,0.0,2,2,2.0
+918808627778,0.0,0.0,0.0,2,2,2.0
+919866782850,0.0,0.0,0.0,2,2,2.0
+916344104571,0.0,0.0,0.0,2,2,2.0
+919854373513,0.0,0.0,0.0,2,2,2.0
+919300301606,0.0,0.0,0.0,2,2,2.0
+916788942061,0.0,0.0,0.0,2,2,2.0
+919836192973,0.0,0.0,0.0,2,2,2.0
+918703871190,0.0,0.0,0.0,2,2,2.0
+916324890352,0.0,0.0,0.0,2,2,2.0
+919305748655,0.0,0.0,0.0,2,2,2.0
+919305113498,0.0,0.0,0.0,2,2,2.0
+916787332407,0.0,0.0,0.0,2,2,2.0
+919304769355,0.0,0.0,0.0,2,2,2.0
+919840197027,0.0,0.0,0.0,2,2,2.0
+919444854462,0.0,0.0,0.0,2,2,2.0
+916020685967,0.0,0.0,0.0,2,2,2.0
+918707745815,0.0,0.0,0.0,2,2,2.0
+916331882741,0.0,0.0,0.0,2,2,2.0
+916781706228,0.0,0.0,0.0,2,2,2.0
+916779566750,0.0,0.0,0.0,2,2,2.0
+918721114433,0.0,0.0,0.0,2,2,2.0
+916337182237,0.0,0.0,0.0,2,2,2.0
+918722360834,0.0,0.0,0.0,2,2,2.0
+916793297790,0.0,0.0,0.0,2,2,2.0
+919314418621,0.0,0.0,0.0,2,2,2.0
+919336496698,0.0,0.0,0.0,2,2,2.0
+919833750628,0.0,0.0,0.0,2,2,2.0
+919998753454,0.0,0.0,0.0,2,2,2.0
+916006096847,0.0,0.0,0.0,2,2,2.0
+918680380317,0.0,0.0,0.0,2,2,2.0
+916806013106,0.0,0.0,0.0,2,2,2.0
+916007170292,0.0,0.0,0.0,2,2,2.0
+919449009942,0.0,0.0,0.0,2,2,2.0
+916327144918,0.0,0.0,0.0,2,2,2.0
+918686400555,0.0,0.0,0.0,2,2,2.0
+919321581888,0.0,0.0,0.0,2,2,2.0
+919316390875,0.0,0.0,0.0,2,2,2.0
+916010583187,0.0,0.0,0.0,2,2,2.0
+916012331782,0.0,0.0,0.0,2,2,2.0
+919318882247,0.0,0.0,0.0,2,2,2.0
+916326651284,0.0,0.0,0.0,2,2,2.0
+919094320720,0.0,0.0,0.0,2,2,2.0
+918690550606,0.0,0.0,0.0,2,2,2.0
+916013150062,0.0,0.0,0.0,2,2,2.0
+919316583791,0.0,0.0,0.0,2,2,2.0
+918723695057,0.0,0.0,0.0,2,2,2.0
+919368061545,0.0,0.0,0.0,2,2,2.0
+919081256051,0.0,0.0,0.0,2,2,2.0
+919067330004,0.0,0.0,0.0,2,2,2.0
+916740731677,0.0,0.0,0.0,2,2,2.0
+918749116807,0.0,0.0,0.0,2,2,2.0
+916339434731,0.0,0.0,0.0,2,2,2.0
+919436684409,0.0,0.0,0.0,2,2,2.0
+919071256012,0.0,0.0,0.0,2,2,2.0
+916739360967,0.0,0.0,0.0,2,2,2.0
+916314933418,0.0,0.0,0.0,2,2,2.0
+919850944100,0.0,0.0,0.0,2,2,2.0
+916313271572,0.0,0.0,0.0,2,2,2.0
+918728356702,0.0,0.0,0.0,2,2,2.0
+919284827559,0.0,0.0,0.0,2,2,2.0
+916038953473,0.0,0.0,0.0,2,2,2.0
+918763903335,0.0,0.0,0.0,2,2,2.0
+916722570684,0.0,0.0,0.0,2,2,2.0
+916039392407,0.0,0.0,0.0,2,2,2.0
+919234061063,0.0,0.0,0.0,2,2,2.0
+918767910614,0.0,0.0,0.0,2,2,2.0
+916042375009,0.0,0.0,0.0,2,2,2.0
+916744910798,0.0,0.0,0.0,2,2,2.0
+916745103110,0.0,0.0,0.0,2,2,2.0
+916747027907,0.0,0.0,0.0,2,2,2.0
+916754616202,0.0,0.0,0.0,2,2,2.0
+916771447560,0.0,0.0,0.0,2,2,2.0
+916769304017,0.0,0.0,0.0,2,2,2.0
+919993738946,0.0,0.0,0.0,2,2,2.0
+918729775859,0.0,0.0,0.0,2,2,2.0
+919368687376,0.0,0.0,0.0,2,2,2.0
+919295773554,0.0,0.0,0.0,2,2,2.0
+916027713880,0.0,0.0,0.0,2,2,2.0
+916320338715,0.0,0.0,0.0,2,2,2.0
+916763878548,0.0,0.0,0.0,2,2,2.0
+918735352729,0.0,0.0,0.0,2,2,2.0
+916318173674,0.0,0.0,0.0,2,2,2.0
+916028353809,0.0,0.0,0.0,2,2,2.0
+916760168031,0.0,0.0,0.0,2,2,2.0
+916757036051,0.0,0.0,0.0,2,2,2.0
+916756593710,0.0,0.0,0.0,2,2,2.0
+919289899613,0.0,0.0,0.0,2,2,2.0
+916756099704,0.0,0.0,0.0,2,2,2.0
+916378133635,0.0,0.0,0.0,2,2,2.0
+916299032493,0.0,0.0,0.0,2,2,2.0
+916378427913,0.0,0.0,0.0,2,2,2.0
+916488173704,0.0,0.0,0.0,2,2,2.0
+918927927483,0.0,0.0,0.0,2,2,2.0
+919937449854,0.0,0.0,0.0,2,2,2.0
+916495632780,0.0,0.0,0.0,2,2,2.0
+919162757830,0.0,0.0,0.0,2,2,2.0
+916199599990,0.0,0.0,0.0,2,2,2.0
+916427608170,0.0,0.0,0.0,2,2,2.0
+916492548168,0.0,0.0,0.0,2,2,2.0
+916200871286,0.0,0.0,0.0,2,2,2.0
+919131984097,0.0,0.0,0.0,2,2,2.0
+918944942031,0.0,0.0,0.0,2,2,2.0
+916429000124,0.0,0.0,0.0,2,2,2.0
+916484863519,0.0,0.0,0.0,2,2,2.0
+918938635137,0.0,0.0,0.0,2,2,2.0
+916434681319,0.0,0.0,0.0,2,2,2.0
+916482049080,0.0,0.0,0.0,2,2,2.0
+916217470445,0.0,0.0,0.0,2,2,2.0
+916475442403,0.0,0.0,0.0,2,2,2.0
+918941563701,0.0,0.0,0.0,2,2,2.0
+916496820857,0.0,0.0,0.0,2,2,2.0
+918924610013,0.0,0.0,0.0,2,2,2.0
+916498196544,0.0,0.0,0.0,2,2,2.0
+916195711623,0.0,0.0,0.0,2,2,2.0
+916405914535,0.0,0.0,0.0,2,2,2.0
+916170897645,0.0,0.0,0.0,2,2,2.0
+919379461109,0.0,0.0,0.0,2,2,2.0
+916179241714,0.0,0.0,0.0,2,2,2.0
+919174605767,0.0,0.0,0.0,2,2,2.0
+918915397838,0.0,0.0,0.0,2,2,2.0
+919025886399,0.0,0.0,0.0,2,2,2.0
+916417145504,0.0,0.0,0.0,2,2,2.0
+918916910895,0.0,0.0,0.0,2,2,2.0
+918917718347,0.0,0.0,0.0,2,2,2.0
+916510900132,0.0,0.0,0.0,2,2,2.0
+918918174903,0.0,0.0,0.0,2,2,2.0
+919170591407,0.0,0.0,0.0,2,2,2.0
+918919767113,0.0,0.0,0.0,2,2,2.0
+919914195800,0.0,0.0,0.0,2,2,2.0
+916268925476,0.0,0.0,0.0,2,2,2.0
+916194745639,0.0,0.0,0.0,2,2,2.0
+916474734300,0.0,0.0,0.0,2,2,2.0
+918946984551,0.0,0.0,0.0,2,2,2.0
+918836372208,0.0,0.0,0.0,2,2,2.0
+919136704989,0.0,0.0,0.0,2,2,2.0
+916454551661,0.0,0.0,0.0,2,2,2.0
+916453828045,0.0,0.0,0.0,2,2,2.0
+919004572466,0.0,0.0,0.0,2,2,2.0
+919142196113,0.0,0.0,0.0,2,2,2.0
+916250887122,0.0,0.0,0.0,2,2,2.0
+919833439214,0.0,0.0,0.0,2,2,2.0
+919002780200,0.0,0.0,0.0,2,2,2.0
+916448821912,0.0,0.0,0.0,2,2,2.0
+919933407533,0.0,0.0,0.0,2,2,2.0
+916474542683,0.0,0.0,0.0,2,2,2.0
+916438480466,0.0,0.0,0.0,2,2,2.0
+916266627383,0.0,0.0,0.0,2,2,2.0
+918989461750,0.0,0.0,0.0,2,2,2.0
+918997721215,0.0,0.0,0.0,2,2,2.0
+916444052508,0.0,0.0,0.0,2,2,2.0
+918996792405,0.0,0.0,0.0,2,2,2.0
+918991167412,0.0,0.0,0.0,2,2,2.0
+919136028236,0.0,0.0,0.0,2,2,2.0
+916454649843,0.0,0.0,0.0,2,2,2.0
+918971575117,0.0,0.0,0.0,2,2,2.0
+919387965223,0.0,0.0,0.0,2,2,2.0
+919006267645,0.0,0.0,0.0,2,2,2.0
+919971290563,0.0,0.0,0.0,2,2,2.0
+916474253977,0.0,0.0,0.0,2,2,2.0
+916473598591,0.0,0.0,0.0,2,2,2.0
+916472662201,0.0,0.0,0.0,2,2,2.0
+919380168401,0.0,0.0,0.0,2,2,2.0
+916224606039,0.0,0.0,0.0,2,2,2.0
+916229717072,0.0,0.0,0.0,2,2,2.0
+919388978530,0.0,0.0,0.0,2,2,2.0
+919927071218,0.0,0.0,0.0,2,2,2.0
+916230563249,0.0,0.0,0.0,2,2,2.0
+918961490489,0.0,0.0,0.0,2,2,2.0
+919148083769,0.0,0.0,0.0,2,2,2.0
+916239529429,0.0,0.0,0.0,2,2,2.0
+919383713928,0.0,0.0,0.0,2,2,2.0
+919146283358,0.0,0.0,0.0,2,2,2.0
+919007867056,0.0,0.0,0.0,2,2,2.0
+919144582618,0.0,0.0,0.0,2,2,2.0
+919376782338,0.0,0.0,0.0,2,2,2.0
+919183056947,0.0,0.0,0.0,2,2,2.0
+918910925930,0.0,0.0,0.0,2,2,2.0
+916114621059,0.0,0.0,0.0,2,2,2.0
+916383401142,0.0,0.0,0.0,2,2,2.0
+918848622405,0.0,0.0,0.0,2,2,2.0
+916604292068,0.0,0.0,0.0,2,2,2.0
+918848768687,0.0,0.0,0.0,2,2,2.0
+918848779367,0.0,0.0,0.0,2,2,2.0
+916385380809,0.0,0.0,0.0,2,2,2.0
+919043665576,0.0,0.0,0.0,2,2,2.0
+916113296660,0.0,0.0,0.0,2,2,2.0
+916115048852,0.0,0.0,0.0,2,2,2.0
+918910315491,0.0,0.0,0.0,2,2,2.0
+919982759030,0.0,0.0,0.0,2,2,2.0
+919204265580,0.0,0.0,0.0,2,2,2.0
+916586694191,0.0,0.0,0.0,2,2,2.0
+916585026767,0.0,0.0,0.0,2,2,2.0
+918859974994,0.0,0.0,0.0,2,2,2.0
+916584614748,0.0,0.0,0.0,2,2,2.0
+919401990661,0.0,0.0,0.0,2,2,2.0
+919951689598,0.0,0.0,0.0,2,2,2.0
+916604798837,0.0,0.0,0.0,2,2,2.0
+918846629855,0.0,0.0,0.0,2,2,2.0
+916606126714,0.0,0.0,0.0,2,2,2.0
+916109372797,0.0,0.0,0.0,2,2,2.0
+919229803341,0.0,0.0,0.0,2,2,2.0
+919229338908,0.0,0.0,0.0,2,2,2.0
+919051876269,0.0,0.0,0.0,2,2,2.0
+916099618054,0.0,0.0,0.0,2,2,2.0
+916439026847,0.0,0.0,0.0,2,2,2.0
+916101951348,0.0,0.0,0.0,2,2,2.0
+916103275787,0.0,0.0,0.0,2,2,2.0
+919408158967,0.0,0.0,0.0,2,2,2.0
+916622506457,0.0,0.0,0.0,2,2,2.0
+916296920488,0.0,0.0,0.0,2,2,2.0
+916104915160,0.0,0.0,0.0,2,2,2.0
+916620909413,0.0,0.0,0.0,2,2,2.0
+916617334122,0.0,0.0,0.0,2,2,2.0
+919403934102,0.0,0.0,0.0,2,2,2.0
+919048709223,0.0,0.0,0.0,2,2,2.0
+918842543663,0.0,0.0,0.0,2,2,2.0
+916607453172,0.0,0.0,0.0,2,2,2.0
+919964561572,0.0,0.0,0.0,2,2,2.0
+918869844403,0.0,0.0,0.0,2,2,2.0
+918872655597,0.0,0.0,0.0,2,2,2.0
+916146434675,0.0,0.0,0.0,2,2,2.0
+916149440499,0.0,0.0,0.0,2,2,2.0
+918890333229,0.0,0.0,0.0,2,2,2.0
+916559345107,0.0,0.0,0.0,2,2,2.0
+916557962544,0.0,0.0,0.0,2,2,2.0
+919901522635,0.0,0.0,0.0,2,2,2.0
+916548253077,0.0,0.0,0.0,2,2,2.0
+919349404242,0.0,0.0,0.0,2,2,2.0
+919979081895,0.0,0.0,0.0,2,2,2.0
+919902185765,0.0,0.0,0.0,2,2,2.0
+919187856835,0.0,0.0,0.0,2,2,2.0
+918906240133,0.0,0.0,0.0,2,2,2.0
+916529127472,0.0,0.0,0.0,2,2,2.0
+916158940857,0.0,0.0,0.0,2,2,2.0
+919185810477,0.0,0.0,0.0,2,2,2.0
+916525442418,0.0,0.0,0.0,2,2,2.0
+919185236129,0.0,0.0,0.0,2,2,2.0
+918909950658,0.0,0.0,0.0,2,2,2.0
+916563892762,0.0,0.0,0.0,2,2,2.0
+919190818922,0.0,0.0,0.0,2,2,2.0
+919203130378,0.0,0.0,0.0,2,2,2.0
+916145324848,0.0,0.0,0.0,2,2,2.0
+916327193468,0.0,0.0,0.0,2,2,2.0
+919041402811,0.0,0.0,0.0,2,2,2.0
+919037822581,0.0,0.0,0.0,2,2,2.0
+916578017520,0.0,0.0,0.0,2,2,2.0
+916284163676,0.0,0.0,0.0,2,2,2.0
+916401367627,0.0,0.0,0.0,2,2,2.0
+918879050715,0.0,0.0,0.0,2,2,2.0
+919196648040,0.0,0.0,0.0,2,2,2.0
+916401937916,0.0,0.0,0.0,2,2,2.0
+919195633517,0.0,0.0,0.0,2,2,2.0
+916575901270,0.0,0.0,0.0,2,2,2.0
+916133536715,0.0,0.0,0.0,2,2,2.0
+916135898407,0.0,0.0,0.0,2,2,2.0
+919192305512,0.0,0.0,0.0,2,2,2.0
+916573663006,0.0,0.0,0.0,2,2,2.0
+916573232183,0.0,0.0,0.0,2,2,2.0
+916572982071,0.0,0.0,0.0,2,2,2.0
+916450064530,0.0,0.0,0.0,2,2,2.0
+917815524404,0.0,0.0,0.0,2,2,2.0
+919831172610,0.0,0.0,0.0,2,2,2.0
+919689799468,0.0,0.0,0.0,2,2,2.0
+918142604436,0.0,0.0,0.0,2,2,2.0
+919691202907,0.0,0.0,0.0,2,2,2.0
+917476969601,0.0,0.0,0.0,2,2,2.0
+918145778698,0.0,0.0,0.0,2,2,2.0
+918147163598,0.0,0.0,0.0,2,2,2.0
+917473769715,0.0,0.0,0.0,2,2,2.0
+917471719570,0.0,0.0,0.0,2,2,2.0
+918152904591,0.0,0.0,0.0,2,2,2.0
+917465073439,0.0,0.0,0.0,2,2,2.0
+918154221839,0.0,0.0,0.0,2,2,2.0
+919554739005,0.0,0.0,0.0,2,2,2.0
+917463646887,0.0,0.0,0.0,2,2,2.0
+919553877667,0.0,0.0,0.0,2,2,2.0
+919551628615,0.0,0.0,0.0,2,2,2.0
+917451683305,0.0,0.0,0.0,2,2,2.0
+917451074813,0.0,0.0,0.0,2,2,2.0
+918173400954,0.0,0.0,0.0,2,2,2.0
+917450459114,0.0,0.0,0.0,2,2,2.0
+917446043982,0.0,0.0,0.0,2,2,2.0
+918181546406,0.0,0.0,0.0,2,2,2.0
+918182554028,0.0,0.0,0.0,2,2,2.0
+917439732765,0.0,0.0,0.0,2,2,2.0
+917437360761,0.0,0.0,0.0,2,2,2.0
+917433915402,0.0,0.0,0.0,2,2,2.0
+918190547867,0.0,0.0,0.0,2,2,2.0
+919690631110,0.0,0.0,0.0,2,2,2.0
+919559643261,0.0,0.0,0.0,2,2,2.0
+917425667684,0.0,0.0,0.0,2,2,2.0
+918129925522,0.0,0.0,0.0,2,2,2.0
+917537894144,0.0,0.0,0.0,2,2,2.0
+918080539606,0.0,0.0,0.0,2,2,2.0
+919683281947,0.0,0.0,0.0,2,2,2.0
+919684190730,0.0,0.0,0.0,2,2,2.0
+917533754264,0.0,0.0,0.0,2,2,2.0
+917532264310,0.0,0.0,0.0,2,2,2.0
+918092908322,0.0,0.0,0.0,2,2,2.0
+918095508417,0.0,0.0,0.0,2,2,2.0
+919688224275,0.0,0.0,0.0,2,2,2.0
+917516689229,0.0,0.0,0.0,2,2,2.0
+917509208793,0.0,0.0,0.0,2,2,2.0
+919565053433,0.0,0.0,0.0,2,2,2.0
+918104505421,0.0,0.0,0.0,2,2,2.0
+919688480855,0.0,0.0,0.0,2,2,2.0
+917503484503,0.0,0.0,0.0,2,2,2.0
+918120386869,0.0,0.0,0.0,2,2,2.0
+918121885189,0.0,0.0,0.0,2,2,2.0
+917499011530,0.0,0.0,0.0,2,2,2.0
+917498166337,0.0,0.0,0.0,2,2,2.0
+918126882842,0.0,0.0,0.0,2,2,2.0
+918127290570,0.0,0.0,0.0,2,2,2.0
+917497148507,0.0,0.0,0.0,2,2,2.0
+917496738672,0.0,0.0,0.0,2,2,2.0
+917496529238,0.0,0.0,0.0,2,2,2.0
+918129713842,0.0,0.0,0.0,2,2,2.0
+919546772770,0.0,0.0,0.0,2,2,2.0
+917418240936,0.0,0.0,0.0,2,2,2.0
+919727535087,0.0,0.0,0.0,2,2,2.0
+918246475869,0.0,0.0,0.0,2,2,2.0
+917359933851,0.0,0.0,0.0,2,2,2.0
+918249154655,0.0,0.0,0.0,2,2,2.0
+917348606595,0.0,0.0,0.0,2,2,2.0
+917344232435,0.0,0.0,0.0,2,2,2.0
+917340497087,0.0,0.0,0.0,2,2,2.0
+917336961511,0.0,0.0,0.0,2,2,2.0
+918262113007,0.0,0.0,0.0,2,2,2.0
+918265168382,0.0,0.0,0.0,2,2,2.0
+918265228595,0.0,0.0,0.0,2,2,2.0
+917335986745,0.0,0.0,0.0,2,2,2.0
+918267972776,0.0,0.0,0.0,2,2,2.0
+918267994075,0.0,0.0,0.0,2,2,2.0
+917333998881,0.0,0.0,0.0,2,2,2.0
+917333974608,0.0,0.0,0.0,2,2,2.0
+918271454118,0.0,0.0,0.0,2,2,2.0
+917327912143,0.0,0.0,0.0,2,2,2.0
+917327163328,0.0,0.0,0.0,2,2,2.0
+917322083923,0.0,0.0,0.0,2,2,2.0
+917319533615,0.0,0.0,0.0,2,2,2.0
+917317654773,0.0,0.0,0.0,2,2,2.0
+917308122249,0.0,0.0,0.0,2,2,2.0
+918282328712,0.0,0.0,0.0,2,2,2.0
+917307892655,0.0,0.0,0.0,2,2,2.0
+918286737911,0.0,0.0,0.0,2,2,2.0
+918287449030,0.0,0.0,0.0,2,2,2.0
+917360948149,0.0,0.0,0.0,2,2,2.0
+918245844107,0.0,0.0,0.0,2,2,2.0
+918201137859,0.0,0.0,0.0,2,2,2.0
+918245187100,0.0,0.0,0.0,2,2,2.0
+917413323042,0.0,0.0,0.0,2,2,2.0
+917411105263,0.0,0.0,0.0,2,2,2.0
+917408573880,0.0,0.0,0.0,2,2,2.0
+917401915169,0.0,0.0,0.0,2,2,2.0
+919704948679,0.0,0.0,0.0,2,2,2.0
+917400553677,0.0,0.0,0.0,2,2,2.0
+917399302209,0.0,0.0,0.0,2,2,2.0
+918216912976,0.0,0.0,0.0,2,2,2.0
+919705709724,0.0,0.0,0.0,2,2,2.0
+918218616402,0.0,0.0,0.0,2,2,2.0
+917393260552,0.0,0.0,0.0,2,2,2.0
+917389370568,0.0,0.0,0.0,2,2,2.0
+919707183673,0.0,0.0,0.0,2,2,2.0
+918220640258,0.0,0.0,0.0,2,2,2.0
+917383811016,0.0,0.0,0.0,2,2,2.0
+918226439667,0.0,0.0,0.0,2,2,2.0
+917376895353,0.0,0.0,0.0,2,2,2.0
+917374326623,0.0,0.0,0.0,2,2,2.0
+917370967094,0.0,0.0,0.0,2,2,2.0
+918234071109,0.0,0.0,0.0,2,2,2.0
+917368547640,0.0,0.0,0.0,2,2,2.0
+919715985500,0.0,0.0,0.0,2,2,2.0
+918240537733,0.0,0.0,0.0,2,2,2.0
+919535289564,0.0,0.0,0.0,2,2,2.0
+917361366233,0.0,0.0,0.0,2,2,2.0
+918077364219,0.0,0.0,0.0,2,2,2.0
+917540966179,0.0,0.0,0.0,2,2,2.0
+918071073827,0.0,0.0,0.0,2,2,2.0
+917742544942,0.0,0.0,0.0,2,2,2.0
+917897597606,0.0,0.0,0.0,2,2,2.0
+917740462372,0.0,0.0,0.0,2,2,2.0
+917901753130,0.0,0.0,0.0,2,2,2.0
+919619646966,0.0,0.0,0.0,2,2,2.0
+917736538755,0.0,0.0,0.0,2,2,2.0
+919644387774,0.0,0.0,0.0,2,2,2.0
+919608934650,0.0,0.0,0.0,2,2,2.0
+919644807522,0.0,0.0,0.0,2,2,2.0
+919646698513,0.0,0.0,0.0,2,2,2.0
+919607872901,0.0,0.0,0.0,2,2,2.0
+917923972740,0.0,0.0,0.0,2,2,2.0
+917926407075,0.0,0.0,0.0,2,2,2.0
+917929299616,0.0,0.0,0.0,2,2,2.0
+917708873917,0.0,0.0,0.0,2,2,2.0
+917933053984,0.0,0.0,0.0,2,2,2.0
+917708859316,0.0,0.0,0.0,2,2,2.0
+919647531153,0.0,0.0,0.0,2,2,2.0
+919647608622,0.0,0.0,0.0,2,2,2.0
+917940904732,0.0,0.0,0.0,2,2,2.0
+919647808100,0.0,0.0,0.0,2,2,2.0
+917702393090,0.0,0.0,0.0,2,2,2.0
+917697490233,0.0,0.0,0.0,2,2,2.0
+917693527154,0.0,0.0,0.0,2,2,2.0
+917950906129,0.0,0.0,0.0,2,2,2.0
+917693393885,0.0,0.0,0.0,2,2,2.0
+917742111850,0.0,0.0,0.0,2,2,2.0
+917895446374,0.0,0.0,0.0,2,2,2.0
+918067235734,0.0,0.0,0.0,2,2,2.0
+917894704865,0.0,0.0,0.0,2,2,2.0
+919627241304,0.0,0.0,0.0,2,2,2.0
+917809790092,0.0,0.0,0.0,2,2,2.0
+917807850128,0.0,0.0,0.0,2,2,2.0
+919627589915,0.0,0.0,0.0,2,2,2.0
+917803948048,0.0,0.0,0.0,2,2,2.0
+917798423397,0.0,0.0,0.0,2,2,2.0
+919625724293,0.0,0.0,0.0,2,2,2.0
+917797803282,0.0,0.0,0.0,2,2,2.0
+917828519736,0.0,0.0,0.0,2,2,2.0
+917789140046,0.0,0.0,0.0,2,2,2.0
+917838017917,0.0,0.0,0.0,2,2,2.0
+919624164580,0.0,0.0,0.0,2,2,2.0
+919632503641,0.0,0.0,0.0,2,2,2.0
+917850688896,0.0,0.0,0.0,2,2,2.0
+919622864774,0.0,0.0,0.0,2,2,2.0
+917857754859,0.0,0.0,0.0,2,2,2.0
+917864230150,0.0,0.0,0.0,2,2,2.0
+917767826833,0.0,0.0,0.0,2,2,2.0
+917763969023,0.0,0.0,0.0,2,2,2.0
+917867955778,0.0,0.0,0.0,2,2,2.0
+917869543691,0.0,0.0,0.0,2,2,2.0
+917751166400,0.0,0.0,0.0,2,2,2.0
+917750774508,0.0,0.0,0.0,2,2,2.0
+919636220011,0.0,0.0,0.0,2,2,2.0
+917745565900,0.0,0.0,0.0,2,2,2.0
+919650317324,0.0,0.0,0.0,2,2,2.0
+917690585278,0.0,0.0,0.0,2,2,2.0
+917958032841,0.0,0.0,0.0,2,2,2.0
+917684128698,0.0,0.0,0.0,2,2,2.0
+919662136505,0.0,0.0,0.0,2,2,2.0
+917599518618,0.0,0.0,0.0,2,2,2.0
+917597187307,0.0,0.0,0.0,2,2,2.0
+917594599078,0.0,0.0,0.0,2,2,2.0
+918035277878,0.0,0.0,0.0,2,2,2.0
+918035402307,0.0,0.0,0.0,2,2,2.0
+917589110132,0.0,0.0,0.0,2,2,2.0
+917586617165,0.0,0.0,0.0,2,2,2.0
+918040386455,0.0,0.0,0.0,2,2,2.0
+917578639562,0.0,0.0,0.0,2,2,2.0
+918041090953,0.0,0.0,0.0,2,2,2.0
+918042520885,0.0,0.0,0.0,2,2,2.0
+918042855567,0.0,0.0,0.0,2,2,2.0
+917577151019,0.0,0.0,0.0,2,2,2.0
+917576909931,0.0,0.0,0.0,2,2,2.0
+918048495607,0.0,0.0,0.0,2,2,2.0
+917569124083,0.0,0.0,0.0,2,2,2.0
+918050302679,0.0,0.0,0.0,2,2,2.0
+917566357682,0.0,0.0,0.0,2,2,2.0
+918052870375,0.0,0.0,0.0,2,2,2.0
+919679827150,0.0,0.0,0.0,2,2,2.0
+918055764523,0.0,0.0,0.0,2,2,2.0
+919575455889,0.0,0.0,0.0,2,2,2.0
+917551513940,0.0,0.0,0.0,2,2,2.0
+917545814216,0.0,0.0,0.0,2,2,2.0
+918026498298,0.0,0.0,0.0,2,2,2.0
+919660482080,0.0,0.0,0.0,2,2,2.0
+917608311550,0.0,0.0,0.0,2,2,2.0
+917629822041,0.0,0.0,0.0,2,2,2.0
+917960308842,0.0,0.0,0.0,2,2,2.0
+917969331762,0.0,0.0,0.0,2,2,2.0
+919601661180,0.0,0.0,0.0,2,2,2.0
+917657485721,0.0,0.0,0.0,2,2,2.0
+917655811459,0.0,0.0,0.0,2,2,2.0
+917978443805,0.0,0.0,0.0,2,2,2.0
+917645938230,0.0,0.0,0.0,2,2,2.0
+917981446943,0.0,0.0,0.0,2,2,2.0
+917637979438,0.0,0.0,0.0,2,2,2.0
+917631048786,0.0,0.0,0.0,2,2,2.0
+917992602723,0.0,0.0,0.0,2,2,2.0
+917628667271,0.0,0.0,0.0,2,2,2.0
+919590528500,0.0,0.0,0.0,2,2,2.0
+917628017936,0.0,0.0,0.0,2,2,2.0
+917998793908,0.0,0.0,0.0,2,2,2.0
+918005929814,0.0,0.0,0.0,2,2,2.0
+919654684599,0.0,0.0,0.0,2,2,2.0
+918009301489,0.0,0.0,0.0,2,2,2.0
+919655890576,0.0,0.0,0.0,2,2,2.0
+917617006248,0.0,0.0,0.0,2,2,2.0
+917615423798,0.0,0.0,0.0,2,2,2.0
+917615086148,0.0,0.0,0.0,2,2,2.0
+919591056217,0.0,0.0,0.0,2,2,2.0
+918019901351,0.0,0.0,0.0,2,2,2.0
+918289190582,0.0,0.0,0.0,2,2,2.0
+916000432345,0.0,0.0,0.0,2,2,2.0
+918291806312,0.0,0.0,0.0,2,2,2.0
+917017817212,0.0,0.0,0.0,2,2,2.0
+919478048135,0.0,0.0,0.0,2,2,2.0
+919473695760,0.0,0.0,0.0,2,2,2.0
+919473590735,0.0,0.0,0.0,2,2,2.0
+919783443834,0.0,0.0,0.0,2,2,2.0
+919473584095,0.0,0.0,0.0,2,2,2.0
+918526316465,0.0,0.0,0.0,2,2,2.0
+917008677753,0.0,0.0,0.0,2,2,2.0
+918529583325,0.0,0.0,0.0,2,2,2.0
+917007287979,0.0,0.0,0.0,2,2,2.0
+917004619760,0.0,0.0,0.0,2,2,2.0
+919794209960,0.0,0.0,0.0,2,2,2.0
+916990074243,0.0,0.0,0.0,2,2,2.0
+919795089039,0.0,0.0,0.0,2,2,2.0
+916974696783,0.0,0.0,0.0,2,2,2.0
+918553163964,0.0,0.0,0.0,2,2,2.0
+916974598857,0.0,0.0,0.0,2,2,2.0
+918554069702,0.0,0.0,0.0,2,2,2.0
+916974433447,0.0,0.0,0.0,2,2,2.0
+916972368226,0.0,0.0,0.0,2,2,2.0
+916963837976,0.0,0.0,0.0,2,2,2.0
+916962214017,0.0,0.0,0.0,2,2,2.0
+916958536466,0.0,0.0,0.0,2,2,2.0
+918562595174,0.0,0.0,0.0,2,2,2.0
+916957147498,0.0,0.0,0.0,2,2,2.0
+918564916206,0.0,0.0,0.0,2,2,2.0
+917015484368,0.0,0.0,0.0,2,2,2.0
+917019782680,0.0,0.0,0.0,2,2,2.0
+918451232907,0.0,0.0,0.0,2,2,2.0
+918503254419,0.0,0.0,0.0,2,2,2.0
+918456318312,0.0,0.0,0.0,2,2,2.0
+918459690889,0.0,0.0,0.0,2,2,2.0
+917069735377,0.0,0.0,0.0,2,2,2.0
+917069078669,0.0,0.0,0.0,2,2,2.0
+917066461214,0.0,0.0,0.0,2,2,2.0
+917062564003,0.0,0.0,0.0,2,2,2.0
+917059311864,0.0,0.0,0.0,2,2,2.0
+917058991286,0.0,0.0,0.0,2,2,2.0
+918477309359,0.0,0.0,0.0,2,2,2.0
+918478224377,0.0,0.0,0.0,2,2,2.0
+917057523736,0.0,0.0,0.0,2,2,2.0
+919769446174,0.0,0.0,0.0,2,2,2.0
+919482948869,0.0,0.0,0.0,2,2,2.0
+918484678727,0.0,0.0,0.0,2,2,2.0
+918484724826,0.0,0.0,0.0,2,2,2.0
+917046389364,0.0,0.0,0.0,2,2,2.0
+919770283406,0.0,0.0,0.0,2,2,2.0
+918488658979,0.0,0.0,0.0,2,2,2.0
+917300583030,0.0,0.0,0.0,2,2,2.0
+917026015585,0.0,0.0,0.0,2,2,2.0
+919481524453,0.0,0.0,0.0,2,2,2.0
+918498401223,0.0,0.0,0.0,2,2,2.0
+918499204575,0.0,0.0,0.0,2,2,2.0
+919480974004,0.0,0.0,0.0,2,2,2.0
+918503142014,0.0,0.0,0.0,2,2,2.0
+918565937049,0.0,0.0,0.0,2,2,2.0
+916949244234,0.0,0.0,0.0,2,2,2.0
+916947606689,0.0,0.0,0.0,2,2,2.0
+919800587619,0.0,0.0,0.0,2,2,2.0
+918623944955,0.0,0.0,0.0,2,2,2.0
+916881021296,0.0,0.0,0.0,2,2,2.0
+916871579382,0.0,0.0,0.0,2,2,2.0
+919459899621,0.0,0.0,0.0,2,2,2.0
+918632239538,0.0,0.0,0.0,2,2,2.0
+918632376610,0.0,0.0,0.0,2,2,2.0
+918633494836,0.0,0.0,0.0,2,2,2.0
+916870485530,0.0,0.0,0.0,2,2,2.0
+916856843782,0.0,0.0,0.0,2,2,2.0
+918642490188,0.0,0.0,0.0,2,2,2.0
+916852146029,0.0,0.0,0.0,2,2,2.0
+916850581520,0.0,0.0,0.0,2,2,2.0
+916847804184,0.0,0.0,0.0,2,2,2.0
+918647942451,0.0,0.0,0.0,2,2,2.0
+916838009163,0.0,0.0,0.0,2,2,2.0
+919825721475,0.0,0.0,0.0,2,2,2.0
+916836305328,0.0,0.0,0.0,2,2,2.0
+916834797453,0.0,0.0,0.0,2,2,2.0
+918656067687,0.0,0.0,0.0,2,2,2.0
+916828595712,0.0,0.0,0.0,2,2,2.0
+919826786106,0.0,0.0,0.0,2,2,2.0
+919450742034,0.0,0.0,0.0,2,2,2.0
+918664005068,0.0,0.0,0.0,2,2,2.0
+918665139978,0.0,0.0,0.0,2,2,2.0
+916819653231,0.0,0.0,0.0,2,2,2.0
+918623614785,0.0,0.0,0.0,2,2,2.0
+916883224619,0.0,0.0,0.0,2,2,2.0
+918623466769,0.0,0.0,0.0,2,2,2.0
+918601271305,0.0,0.0,0.0,2,2,2.0
+916944328553,0.0,0.0,0.0,2,2,2.0
+918576739427,0.0,0.0,0.0,2,2,2.0
+916938193632,0.0,0.0,0.0,2,2,2.0
+918580674248,0.0,0.0,0.0,2,2,2.0
+916934137784,0.0,0.0,0.0,2,2,2.0
+916934122915,0.0,0.0,0.0,2,2,2.0
+917814251160,0.0,0.0,0.0,2,2,2.0
+916921003810,0.0,0.0,0.0,2,2,2.0
+916918141508,0.0,0.0,0.0,2,2,2.0
+916909653807,0.0,0.0,0.0,2,2,2.0
+918595568574,0.0,0.0,0.0,2,2,2.0
+918601634452,0.0,0.0,0.0,2,2,2.0
+916883481179,0.0,0.0,0.0,2,2,2.0
+919467103229,0.0,0.0,0.0,2,2,2.0
+919465727443,0.0,0.0,0.0,2,2,2.0
+916905504911,0.0,0.0,0.0,2,2,2.0
+918605163188,0.0,0.0,0.0,2,2,2.0
+918605946696,0.0,0.0,0.0,2,2,2.0
+916902296228,0.0,0.0,0.0,2,2,2.0
+916899514611,0.0,0.0,0.0,2,2,2.0
+916898007316,0.0,0.0,0.0,2,2,2.0
+919464586486,0.0,0.0,0.0,2,2,2.0
+918620038498,0.0,0.0,0.0,2,2,2.0
+919810165633,0.0,0.0,0.0,2,2,2.0
+917084485784,0.0,0.0,0.0,2,2,2.0
+917033944887,0.0,0.0,0.0,2,2,2.0
+919486084630,0.0,0.0,0.0,2,2,2.0
+917196400847,0.0,0.0,0.0,2,2,2.0
+917225013000,0.0,0.0,0.0,2,2,2.0
+917222476705,0.0,0.0,0.0,2,2,2.0
+917219384726,0.0,0.0,0.0,2,2,2.0
+918361788181,0.0,0.0,0.0,2,2,2.0
+917213637355,0.0,0.0,0.0,2,2,2.0
+917207708884,0.0,0.0,0.0,2,2,2.0
+917206149690,0.0,0.0,0.0,2,2,2.0
+918366660333,0.0,0.0,0.0,2,2,2.0
+919508035971,0.0,0.0,0.0,2,2,2.0
+918372746129,0.0,0.0,0.0,2,2,2.0
+917192806457,0.0,0.0,0.0,2,2,2.0
+917225594448,0.0,0.0,0.0,2,2,2.0
+919503555197,0.0,0.0,0.0,2,2,2.0
+918379557449,0.0,0.0,0.0,2,2,2.0
+919501375000,0.0,0.0,0.0,2,2,2.0
+917188974308,0.0,0.0,0.0,2,2,2.0
+917187879502,0.0,0.0,0.0,2,2,2.0
+919749320080,0.0,0.0,0.0,2,2,2.0
+917173650348,0.0,0.0,0.0,2,2,2.0
+918392627803,0.0,0.0,0.0,2,2,2.0
+918392772022,0.0,0.0,0.0,2,2,2.0
+917163220478,0.0,0.0,0.0,2,2,2.0
+918361104655,0.0,0.0,0.0,2,2,2.0
+917238361395,0.0,0.0,0.0,2,2,2.0
+918398971198,0.0,0.0,0.0,2,2,2.0
+919523555678,0.0,0.0,0.0,2,2,2.0
+918293151471,0.0,0.0,0.0,2,2,2.0
+918293289466,0.0,0.0,0.0,2,2,2.0
+917300439228,0.0,0.0,0.0,2,2,2.0
+919730067137,0.0,0.0,0.0,2,2,2.0
+917291175375,0.0,0.0,0.0,2,2,2.0
+918307414966,0.0,0.0,0.0,2,2,2.0
+919731645564,0.0,0.0,0.0,2,2,2.0
+917286263568,0.0,0.0,0.0,2,2,2.0
+917281437228,0.0,0.0,0.0,2,2,2.0
+917274624813,0.0,0.0,0.0,2,2,2.0
+917268921594,0.0,0.0,0.0,2,2,2.0
+919738057394,0.0,0.0,0.0,2,2,2.0
+917262267290,0.0,0.0,0.0,2,2,2.0
+917257600352,0.0,0.0,0.0,2,2,2.0
+919521130592,0.0,0.0,0.0,2,2,2.0
+919520625161,0.0,0.0,0.0,2,2,2.0
+918334491425,0.0,0.0,0.0,2,2,2.0
+919737230000,0.0,0.0,0.0,2,2,2.0
+917246062863,0.0,0.0,0.0,2,2,2.0
+918341621315,0.0,0.0,0.0,2,2,2.0
+918342342114,0.0,0.0,0.0,2,2,2.0
+918344080827,0.0,0.0,0.0,2,2,2.0
+917158068883,0.0,0.0,0.0,2,2,2.0
+918368418545,0.0,0.0,0.0,2,2,2.0
+917153384468,0.0,0.0,0.0,2,2,2.0
+919494601208,0.0,0.0,0.0,2,2,2.0
+917144944765,0.0,0.0,0.0,2,2,2.0
+917107127501,0.0,0.0,0.0,2,2,2.0
+918436887704,0.0,0.0,0.0,2,2,2.0
+917112464551,0.0,0.0,0.0,2,2,2.0
+917105615416,0.0,0.0,0.0,2,2,2.0
+917104707211,0.0,0.0,0.0,2,2,2.0
+919495795460,0.0,0.0,0.0,2,2,2.0
+918416873908,0.0,0.0,0.0,2,2,2.0
+917111681536,0.0,0.0,0.0,2,2,2.0
+917127031870,0.0,0.0,0.0,2,2,2.0
+918403582512,0.0,0.0,0.0,2,2,2.0
+917100354268,0.0,0.0,0.0,2,2,2.0
+919759245148,0.0,0.0,0.0,2,2,2.0
+917118546011,0.0,0.0,0.0,2,2,2.0
+917095012213,0.0,0.0,0.0,2,2,2.0
+919497340264,0.0,0.0,0.0,2,2,2.0
+917097123265,0.0,0.0,0.0,2,2,2.0
+917150012735,0.0,0.0,0.0,2,2,2.0
+919488294087,0.0,0.0,0.0,2,2,2.0
+917145711754,0.0,0.0,0.0,2,2,2.0
+919760671360,0.0,0.0,0.0,2,2,2.0
+919814575986,0.0,0.0,0.0,1,1,1.0
+919644750133,0.0,0.0,0.0,1,1,1.0
+919566468121,0.0,0.0,0.0,1,1,1.0
+919387845879,0.0,0.0,0.0,1,1,1.0
+919691785651,0.0,0.0,0.0,1,1,1.0
+919440170480,0.0,0.0,0.0,1,1,1.0
+919732517940,0.0,0.0,0.0,1,1,1.0
+919399329349,0.0,0.0,0.0,1,1,1.0
+919514707288,0.0,0.0,0.0,1,1,1.0
+919492227131,0.0,0.0,0.0,1,1,1.0
+919610803316,0.0,0.0,0.0,1,1,1.0
+919721626974,0.0,0.0,0.0,1,1,1.0
+919450699872,0.0,0.0,0.0,1,1,1.0
+919693115388,0.0,0.0,0.0,1,1,1.0
+919620733527,0.0,0.0,0.0,1,1,1.0
+919817631919,0.0,0.0,0.0,1,1,1.0
+919986391345,0.0,0.0,0.0,1,1,1.0
+919333991752,0.0,0.0,0.0,1,1,1.0
+919636506315,0.0,0.0,0.0,1,1,1.0
+919844698323,0.0,0.0,0.0,1,1,1.0
+919926025850,0.0,0.0,0.0,1,1,1.0
+919729439601,0.0,0.0,0.0,1,1,1.0
+919630194163,0.0,0.0,0.0,1,1,1.0
+919885234838,0.0,0.0,0.0,1,1,1.0
+919689619559,0.0,0.0,0.0,1,1,1.0
+919766776617,0.0,0.0,0.0,1,1,1.0
+919630695383,0.0,0.0,0.0,1,1,1.0
+919927120928,0.0,0.0,0.0,1,1,1.0
+919630786672,0.0,0.0,0.0,1,1,1.0
+919624834589,0.0,0.0,0.0,1,1,1.0
+919631502996,0.0,0.0,0.0,1,1,1.0
+919446299113,0.0,0.0,0.0,1,1,1.0
+919962640976,0.0,0.0,0.0,1,1,1.0
+919833832840,0.0,0.0,0.0,1,1,1.0
+919996546042,0.0,0.0,0.0,1,1,1.0
+919996386829,0.0,0.0,0.0,1,1,1.0
+919688793418,0.0,0.0,0.0,1,1,1.0
+919444512463,0.0,0.0,0.0,1,1,1.0
+919839450129,0.0,0.0,0.0,1,1,1.0
+919683237527,0.0,0.0,0.0,1,1,1.0
+919914602561,0.0,0.0,0.0,1,1,1.0
+919819031056,0.0,0.0,0.0,1,1,1.0
+919459870800,0.0,0.0,0.0,1,1,1.0
+919420295753,0.0,0.0,0.0,1,1,1.0
+919465378229,0.0,0.0,0.0,1,1,1.0
+919606106048,0.0,0.0,0.0,1,1,1.0
+919369896390,0.0,0.0,0.0,1,1,1.0
+919901219014,0.0,0.0,0.0,1,1,1.0
+919540968982,0.0,0.0,0.0,1,1,1.0
+919594295364,0.0,0.0,0.0,1,1,1.0
+919594272522,0.0,0.0,0.0,1,1,1.0
+919653570119,0.0,0.0,0.0,1,1,1.0
+919945175230,0.0,0.0,0.0,1,1,1.0
+919541601627,0.0,0.0,0.0,1,1,1.0
+919669277892,0.0,0.0,0.0,1,1,1.0
+919668871620,0.0,0.0,0.0,1,1,1.0
+919495839770,0.0,0.0,0.0,1,1,1.0
+919376392791,0.0,0.0,0.0,1,1,1.0
+919401624612,0.0,0.0,0.0,1,1,1.0
+919579826380,0.0,0.0,0.0,1,1,1.0
+919470125984,0.0,0.0,0.0,1,1,1.0
+919887878429,0.0,0.0,0.0,1,1,1.0
+919661496842,0.0,0.0,0.0,1,1,1.0
+919699434419,0.0,0.0,0.0,1,1,1.0
+919667299423,0.0,0.0,0.0,1,1,1.0
+919865516378,0.0,0.0,0.0,1,1,1.0
+919791953810,0.0,0.0,0.0,1,1,1.0
+919549724745,0.0,0.0,0.0,1,1,1.0
+919664642738,0.0,0.0,0.0,1,1,1.0
+919702853465,0.0,0.0,0.0,1,1,1.0
+919423975786,0.0,0.0,0.0,1,1,1.0
+919751517228,0.0,0.0,0.0,1,1,1.0
+919678782311,0.0,0.0,0.0,1,1,1.0
+919504061387,0.0,0.0,0.0,1,1,1.0
+919941685568,0.0,0.0,0.0,1,1,1.0
+919436783193,0.0,0.0,0.0,1,1,1.0
+919806462221,0.0,0.0,0.0,1,1,1.0
+919604506892,0.0,0.0,0.0,1,1,1.0
+919353901868,0.0,0.0,0.0,1,1,1.0
+919739360132,0.0,0.0,0.0,1,1,1.0
+919983197744,0.0,0.0,0.0,1,1,1.0
+919370176102,0.0,0.0,0.0,1,1,1.0
+919604132258,0.0,0.0,0.0,1,1,1.0
+919876196321,0.0,0.0,0.0,1,1,1.0
+919934687710,0.0,0.0,0.0,1,1,1.0
+919849475442,0.0,0.0,0.0,1,1,1.0
+919934826757,0.0,0.0,0.0,1,1,1.0
+919421336325,0.0,0.0,0.0,1,1,1.0
+919754397870,0.0,0.0,0.0,1,1,1.0
+919650952067,0.0,0.0,0.0,1,1,1.0
+919651388691,0.0,0.0,0.0,1,1,1.0
+919936123592,0.0,0.0,0.0,1,1,1.0
+919910915324,0.0,0.0,0.0,1,1,1.0
+919594775310,0.0,0.0,0.0,1,1,1.0
+919707225365,0.0,0.0,0.0,1,1,1.0
+919968704548,0.0,0.0,0.0,1,1,1.0
+919938184947,0.0,0.0,0.0,1,1,1.0
+919982745572,0.0,0.0,0.0,1,1,1.0
+919411830238,0.0,0.0,0.0,1,1,1.0
+919941179818,0.0,0.0,0.0,1,1,1.0
+919933637470,0.0,0.0,0.0,1,1,1.0
+918030165426,0.0,0.0,0.0,1,1,1.0
+919299132119,0.0,0.0,0.0,1,1,1.0
+917089597474,0.0,0.0,0.0,1,1,1.0
+916997542092,0.0,0.0,0.0,1,1,1.0
+917012134253,0.0,0.0,0.0,1,1,1.0
+917018419816,0.0,0.0,0.0,1,1,1.0
+917022609765,0.0,0.0,0.0,1,1,1.0
+917027001062,0.0,0.0,0.0,1,1,1.0
+917037677056,0.0,0.0,0.0,1,1,1.0
+917042492636,0.0,0.0,0.0,1,1,1.0
+917043069911,0.0,0.0,0.0,1,1,1.0
+917051991557,0.0,0.0,0.0,1,1,1.0
+917053257161,0.0,0.0,0.0,1,1,1.0
+917057471214,0.0,0.0,0.0,1,1,1.0
+917060648345,0.0,0.0,0.0,1,1,1.0
+917070299043,0.0,0.0,0.0,1,1,1.0
+917073727955,0.0,0.0,0.0,1,1,1.0
+917098141634,0.0,0.0,0.0,1,1,1.0
+916987026405,0.0,0.0,0.0,1,1,1.0
+917121441152,0.0,0.0,0.0,1,1,1.0
+917122615218,0.0,0.0,0.0,1,1,1.0
+917130940676,0.0,0.0,0.0,1,1,1.0
+917131498663,0.0,0.0,0.0,1,1,1.0
+917143016529,0.0,0.0,0.0,1,1,1.0
+917143858749,0.0,0.0,0.0,1,1,1.0
+917146469172,0.0,0.0,0.0,1,1,1.0
+917155880544,0.0,0.0,0.0,1,1,1.0
+917156541208,0.0,0.0,0.0,1,1,1.0
+917181978311,0.0,0.0,0.0,1,1,1.0
+917191629599,0.0,0.0,0.0,1,1,1.0
+917197573793,0.0,0.0,0.0,1,1,1.0
+917201500968,0.0,0.0,0.0,1,1,1.0
+917204577884,0.0,0.0,0.0,1,1,1.0
+916993265225,0.0,0.0,0.0,1,1,1.0
+916984949927,0.0,0.0,0.0,1,1,1.0
+917601221877,0.0,0.0,0.0,1,1,1.0
+916881614058,0.0,0.0,0.0,1,1,1.0
+916809436997,0.0,0.0,0.0,1,1,1.0
+916815086927,0.0,0.0,0.0,1,1,1.0
+916817077249,0.0,0.0,0.0,1,1,1.0
+916818752248,0.0,0.0,0.0,1,1,1.0
+916822696401,0.0,0.0,0.0,1,1,1.0
+916825020790,0.0,0.0,0.0,1,1,1.0
+916829635199,0.0,0.0,0.0,1,1,1.0
+916837206119,0.0,0.0,0.0,1,1,1.0
+916839804718,0.0,0.0,0.0,1,1,1.0
+916847092909,0.0,0.0,0.0,1,1,1.0
+916854079850,0.0,0.0,0.0,1,1,1.0
+916855425611,0.0,0.0,0.0,1,1,1.0
+916859094374,0.0,0.0,0.0,1,1,1.0
+916866696777,0.0,0.0,0.0,1,1,1.0
+916882584304,0.0,0.0,0.0,1,1,1.0
+916982855143,0.0,0.0,0.0,1,1,1.0
+916885356910,0.0,0.0,0.0,1,1,1.0
+916885516151,0.0,0.0,0.0,1,1,1.0
+916892436880,0.0,0.0,0.0,1,1,1.0
+916899925164,0.0,0.0,0.0,1,1,1.0
+916900486422,0.0,0.0,0.0,1,1,1.0
+916904861148,0.0,0.0,0.0,1,1,1.0
+916916607058,0.0,0.0,0.0,1,1,1.0
+916934925023,0.0,0.0,0.0,1,1,1.0
+916945831764,0.0,0.0,0.0,1,1,1.0
+916946626338,0.0,0.0,0.0,1,1,1.0
+916954712524,0.0,0.0,0.0,1,1,1.0
+916959019256,0.0,0.0,0.0,1,1,1.0
+916962079138,0.0,0.0,0.0,1,1,1.0
+916979265191,0.0,0.0,0.0,1,1,1.0
+917206443666,0.0,0.0,0.0,1,1,1.0
+917208997277,0.0,0.0,0.0,1,1,1.0
+917225713599,0.0,0.0,0.0,1,1,1.0
+917535305069,0.0,0.0,0.0,1,1,1.0
+917450916073,0.0,0.0,0.0,1,1,1.0
+917452819035,0.0,0.0,0.0,1,1,1.0
+917463931424,0.0,0.0,0.0,1,1,1.0
+917467275523,0.0,0.0,0.0,1,1,1.0
+917474682143,0.0,0.0,0.0,1,1,1.0
+917477057621,0.0,0.0,0.0,1,1,1.0
+917484918186,0.0,0.0,0.0,1,1,1.0
+917492118692,0.0,0.0,0.0,1,1,1.0
+917495740163,0.0,0.0,0.0,1,1,1.0
+917502529885,0.0,0.0,0.0,1,1,1.0
+917505550767,0.0,0.0,0.0,1,1,1.0
+917505746649,0.0,0.0,0.0,1,1,1.0
+917517253218,0.0,0.0,0.0,1,1,1.0
+917529575827,0.0,0.0,0.0,1,1,1.0
+917535566252,0.0,0.0,0.0,1,1,1.0
+917230269739,0.0,0.0,0.0,1,1,1.0
+917536935272,0.0,0.0,0.0,1,1,1.0
+917538143021,0.0,0.0,0.0,1,1,1.0
+917548076238,0.0,0.0,0.0,1,1,1.0
+917553138403,0.0,0.0,0.0,1,1,1.0
+917555873407,0.0,0.0,0.0,1,1,1.0
+917556827124,0.0,0.0,0.0,1,1,1.0
+917564329339,0.0,0.0,0.0,1,1,1.0
+917566269332,0.0,0.0,0.0,1,1,1.0
+917566645323,0.0,0.0,0.0,1,1,1.0
+917567108346,0.0,0.0,0.0,1,1,1.0
+917569657248,0.0,0.0,0.0,1,1,1.0
+917582371160,0.0,0.0,0.0,1,1,1.0
+917591360959,0.0,0.0,0.0,1,1,1.0
+917592496645,0.0,0.0,0.0,1,1,1.0
+917450144607,0.0,0.0,0.0,1,1,1.0
+917432507678,0.0,0.0,0.0,1,1,1.0
+917431177399,0.0,0.0,0.0,1,1,1.0
+917417726233,0.0,0.0,0.0,1,1,1.0
+917244396181,0.0,0.0,0.0,1,1,1.0
+917244940531,0.0,0.0,0.0,1,1,1.0
+917245976763,0.0,0.0,0.0,1,1,1.0
+917246570966,0.0,0.0,0.0,1,1,1.0
+917250421619,0.0,0.0,0.0,1,1,1.0
+917251425229,0.0,0.0,0.0,1,1,1.0
+917251853513,0.0,0.0,0.0,1,1,1.0
+917259577931,0.0,0.0,0.0,1,1,1.0
+917269226461,0.0,0.0,0.0,1,1,1.0
+917283583182,0.0,0.0,0.0,1,1,1.0
+917288228427,0.0,0.0,0.0,1,1,1.0
+917292460296,0.0,0.0,0.0,1,1,1.0
+917295065335,0.0,0.0,0.0,1,1,1.0
+917295884536,0.0,0.0,0.0,1,1,1.0
+917302482963,0.0,0.0,0.0,1,1,1.0
+917303608268,0.0,0.0,0.0,1,1,1.0
+917349581059,0.0,0.0,0.0,1,1,1.0
+917349853943,0.0,0.0,0.0,1,1,1.0
+917350956368,0.0,0.0,0.0,1,1,1.0
+917356750838,0.0,0.0,0.0,1,1,1.0
+917366847399,0.0,0.0,0.0,1,1,1.0
+917367512266,0.0,0.0,0.0,1,1,1.0
+917367897773,0.0,0.0,0.0,1,1,1.0
+917375586648,0.0,0.0,0.0,1,1,1.0
+917380034742,0.0,0.0,0.0,1,1,1.0
+917382569128,0.0,0.0,0.0,1,1,1.0
+917387632578,0.0,0.0,0.0,1,1,1.0
+917394798358,0.0,0.0,0.0,1,1,1.0
+917401774776,0.0,0.0,0.0,1,1,1.0
+916805215777,0.0,0.0,0.0,1,1,1.0
+916804300575,0.0,0.0,0.0,1,1,1.0
+916796290800,0.0,0.0,0.0,1,1,1.0
+916391763397,0.0,0.0,0.0,1,1,1.0
+916256540921,0.0,0.0,0.0,1,1,1.0
+916271406644,0.0,0.0,0.0,1,1,1.0
+916278538476,0.0,0.0,0.0,1,1,1.0
+916286680216,0.0,0.0,0.0,1,1,1.0
+916299056728,0.0,0.0,0.0,1,1,1.0
+916309475646,0.0,0.0,0.0,1,1,1.0
+916329616311,0.0,0.0,0.0,1,1,1.0
+916339281612,0.0,0.0,0.0,1,1,1.0
+916350643506,0.0,0.0,0.0,1,1,1.0
+916355681527,0.0,0.0,0.0,1,1,1.0
+916363285063,0.0,0.0,0.0,1,1,1.0
+916363377037,0.0,0.0,0.0,1,1,1.0
+916364488277,0.0,0.0,0.0,1,1,1.0
+916387856074,0.0,0.0,0.0,1,1,1.0
+916394728320,0.0,0.0,0.0,1,1,1.0
+916449502521,0.0,0.0,0.0,1,1,1.0
+916395584651,0.0,0.0,0.0,1,1,1.0
+916396807153,0.0,0.0,0.0,1,1,1.0
+916402454947,0.0,0.0,0.0,1,1,1.0
+916403923689,0.0,0.0,0.0,1,1,1.0
+916407307221,0.0,0.0,0.0,1,1,1.0
+916413178204,0.0,0.0,0.0,1,1,1.0
+916414809101,0.0,0.0,0.0,1,1,1.0
+916418108888,0.0,0.0,0.0,1,1,1.0
+916420063104,0.0,0.0,0.0,1,1,1.0
+916421979486,0.0,0.0,0.0,1,1,1.0
+916432673551,0.0,0.0,0.0,1,1,1.0
+916435451794,0.0,0.0,0.0,1,1,1.0
+916437397965,0.0,0.0,0.0,1,1,1.0
+916441482134,0.0,0.0,0.0,1,1,1.0
+916249677988,0.0,0.0,0.0,1,1,1.0
+916226416989,0.0,0.0,0.0,1,1,1.0
+916220227531,0.0,0.0,0.0,1,1,1.0
+916213054596,0.0,0.0,0.0,1,1,1.0
+916002974738,0.0,0.0,0.0,1,1,1.0
+916007771861,0.0,0.0,0.0,1,1,1.0
+916019438028,0.0,0.0,0.0,1,1,1.0
+916021873534,0.0,0.0,0.0,1,1,1.0
+916023219447,0.0,0.0,0.0,1,1,1.0
+916027121375,0.0,0.0,0.0,1,1,1.0
+916040754883,0.0,0.0,0.0,1,1,1.0
+916043634814,0.0,0.0,0.0,1,1,1.0
+916060453676,0.0,0.0,0.0,1,1,1.0
+916073811447,0.0,0.0,0.0,1,1,1.0
+916077268887,0.0,0.0,0.0,1,1,1.0
+916078234551,0.0,0.0,0.0,1,1,1.0
+916080322473,0.0,0.0,0.0,1,1,1.0
+916087384424,0.0,0.0,0.0,1,1,1.0
+916089946066,0.0,0.0,0.0,1,1,1.0
+916092803560,0.0,0.0,0.0,1,1,1.0
+916121387236,0.0,0.0,0.0,1,1,1.0
+916127559487,0.0,0.0,0.0,1,1,1.0
+916149871381,0.0,0.0,0.0,1,1,1.0
+916155742091,0.0,0.0,0.0,1,1,1.0
+916157632033,0.0,0.0,0.0,1,1,1.0
+916164155789,0.0,0.0,0.0,1,1,1.0
+916177147016,0.0,0.0,0.0,1,1,1.0
+916181877079,0.0,0.0,0.0,1,1,1.0
+916187709159,0.0,0.0,0.0,1,1,1.0
+916194040397,0.0,0.0,0.0,1,1,1.0
+916195560276,0.0,0.0,0.0,1,1,1.0
+916204258775,0.0,0.0,0.0,1,1,1.0
+916206824747,0.0,0.0,0.0,1,1,1.0
+916447740908,0.0,0.0,0.0,1,1,1.0
+916462025243,0.0,0.0,0.0,1,1,1.0
+916795389881,0.0,0.0,0.0,1,1,1.0
+916729288288,0.0,0.0,0.0,1,1,1.0
+916654452707,0.0,0.0,0.0,1,1,1.0
+916658689189,0.0,0.0,0.0,1,1,1.0
+916674996867,0.0,0.0,0.0,1,1,1.0
+916675802559,0.0,0.0,0.0,1,1,1.0
+916680342488,0.0,0.0,0.0,1,1,1.0
+916686300973,0.0,0.0,0.0,1,1,1.0
+916687135684,0.0,0.0,0.0,1,1,1.0
+916687404289,0.0,0.0,0.0,1,1,1.0
+916691987224,0.0,0.0,0.0,1,1,1.0
+916693485132,0.0,0.0,0.0,1,1,1.0
+916696721035,0.0,0.0,0.0,1,1,1.0
+916705867936,0.0,0.0,0.0,1,1,1.0
+916706322333,0.0,0.0,0.0,1,1,1.0
+916714272330,0.0,0.0,0.0,1,1,1.0
+916730552047,0.0,0.0,0.0,1,1,1.0
+916464720786,0.0,0.0,0.0,1,1,1.0
+916734795185,0.0,0.0,0.0,1,1,1.0
+916736780543,0.0,0.0,0.0,1,1,1.0
+916739840954,0.0,0.0,0.0,1,1,1.0
+916742840342,0.0,0.0,0.0,1,1,1.0
+916746827938,0.0,0.0,0.0,1,1,1.0
+916753698224,0.0,0.0,0.0,1,1,1.0
+916774125899,0.0,0.0,0.0,1,1,1.0
+916779905825,0.0,0.0,0.0,1,1,1.0
+916782851178,0.0,0.0,0.0,1,1,1.0
+916785038700,0.0,0.0,0.0,1,1,1.0
+916786745292,0.0,0.0,0.0,1,1,1.0
+916788319377,0.0,0.0,0.0,1,1,1.0
+916788939258,0.0,0.0,0.0,1,1,1.0
+916791263002,0.0,0.0,0.0,1,1,1.0
+916652926869,0.0,0.0,0.0,1,1,1.0
+916652923520,0.0,0.0,0.0,1,1,1.0
+916651239700,0.0,0.0,0.0,1,1,1.0
+916646503430,0.0,0.0,0.0,1,1,1.0
+916468018306,0.0,0.0,0.0,1,1,1.0
+916468362578,0.0,0.0,0.0,1,1,1.0
+916468814064,0.0,0.0,0.0,1,1,1.0
+916469286491,0.0,0.0,0.0,1,1,1.0
+916481539374,0.0,0.0,0.0,1,1,1.0
+916484961439,0.0,0.0,0.0,1,1,1.0
+916485327751,0.0,0.0,0.0,1,1,1.0
+916497267253,0.0,0.0,0.0,1,1,1.0
+916502922168,0.0,0.0,0.0,1,1,1.0
+916508041232,0.0,0.0,0.0,1,1,1.0
+916532694592,0.0,0.0,0.0,1,1,1.0
+916534003066,0.0,0.0,0.0,1,1,1.0
+916544743998,0.0,0.0,0.0,1,1,1.0
+916546887527,0.0,0.0,0.0,1,1,1.0
+916552377553,0.0,0.0,0.0,1,1,1.0
+916559654368,0.0,0.0,0.0,1,1,1.0
+916566129283,0.0,0.0,0.0,1,1,1.0
+916575087808,0.0,0.0,0.0,1,1,1.0
+916576958113,0.0,0.0,0.0,1,1,1.0
+916578704394,0.0,0.0,0.0,1,1,1.0
+916579313175,0.0,0.0,0.0,1,1,1.0
+916579839952,0.0,0.0,0.0,1,1,1.0
+916582842187,0.0,0.0,0.0,1,1,1.0
+916593491577,0.0,0.0,0.0,1,1,1.0
+916600417141,0.0,0.0,0.0,1,1,1.0
+916626935258,0.0,0.0,0.0,1,1,1.0
+916630312261,0.0,0.0,0.0,1,1,1.0
+916637944104,0.0,0.0,0.0,1,1,1.0
+916641291652,0.0,0.0,0.0,1,1,1.0
+917600803715,0.0,0.0,0.0,1,1,1.0
+917605199184,0.0,0.0,0.0,1,1,1.0
+919287438894,0.0,0.0,0.0,1,1,1.0
+918696030416,0.0,0.0,0.0,1,1,1.0
+918626288514,0.0,0.0,0.0,1,1,1.0
+918628749292,0.0,0.0,0.0,1,1,1.0
+918634479907,0.0,0.0,0.0,1,1,1.0
+918634863860,0.0,0.0,0.0,1,1,1.0
+918639573999,0.0,0.0,0.0,1,1,1.0
+918641399059,0.0,0.0,0.0,1,1,1.0
+918646853455,0.0,0.0,0.0,1,1,1.0
+918653341502,0.0,0.0,0.0,1,1,1.0
+918663636378,0.0,0.0,0.0,1,1,1.0
+918665835924,0.0,0.0,0.0,1,1,1.0
+918685152687,0.0,0.0,0.0,1,1,1.0
+918689818577,0.0,0.0,0.0,1,1,1.0
+918689913702,0.0,0.0,0.0,1,1,1.0
+918690997535,0.0,0.0,0.0,1,1,1.0
+918702269810,0.0,0.0,0.0,1,1,1.0
+918624005684,0.0,0.0,0.0,1,1,1.0
+918704168498,0.0,0.0,0.0,1,1,1.0
+918715188516,0.0,0.0,0.0,1,1,1.0
+918718667772,0.0,0.0,0.0,1,1,1.0
+918736221131,0.0,0.0,0.0,1,1,1.0
+918741207937,0.0,0.0,0.0,1,1,1.0
+918746109418,0.0,0.0,0.0,1,1,1.0
+918755369411,0.0,0.0,0.0,1,1,1.0
+918756076163,0.0,0.0,0.0,1,1,1.0
+918756636270,0.0,0.0,0.0,1,1,1.0
+918777987423,0.0,0.0,0.0,1,1,1.0
+918781596070,0.0,0.0,0.0,1,1,1.0
+918788373912,0.0,0.0,0.0,1,1,1.0
+918788846381,0.0,0.0,0.0,1,1,1.0
+918793289832,0.0,0.0,0.0,1,1,1.0
+918626258144,0.0,0.0,0.0,1,1,1.0
+918615503837,0.0,0.0,0.0,1,1,1.0
+917614998218,0.0,0.0,0.0,1,1,1.0
+918503924826,0.0,0.0,0.0,1,1,1.0
+918420814712,0.0,0.0,0.0,1,1,1.0
+918423662670,0.0,0.0,0.0,1,1,1.0
+918424317588,0.0,0.0,0.0,1,1,1.0
+918436529552,0.0,0.0,0.0,1,1,1.0
+918437137027,0.0,0.0,0.0,1,1,1.0
+918446712954,0.0,0.0,0.0,1,1,1.0
+918447592045,0.0,0.0,0.0,1,1,1.0
+918450468568,0.0,0.0,0.0,1,1,1.0
+918462052478,0.0,0.0,0.0,1,1,1.0
+918484658781,0.0,0.0,0.0,1,1,1.0
+918486005749,0.0,0.0,0.0,1,1,1.0
+918489269245,0.0,0.0,0.0,1,1,1.0
+918489877684,0.0,0.0,0.0,1,1,1.0
+918500734623,0.0,0.0,0.0,1,1,1.0
+918510663754,0.0,0.0,0.0,1,1,1.0
+918607505797,0.0,0.0,0.0,1,1,1.0
+918512778525,0.0,0.0,0.0,1,1,1.0
+918513177183,0.0,0.0,0.0,1,1,1.0
+918516080464,0.0,0.0,0.0,1,1,1.0
+918522692532,0.0,0.0,0.0,1,1,1.0
+918525858050,0.0,0.0,0.0,1,1,1.0
+918530103307,0.0,0.0,0.0,1,1,1.0
+918549747484,0.0,0.0,0.0,1,1,1.0
+918552726814,0.0,0.0,0.0,1,1,1.0
+918561170840,0.0,0.0,0.0,1,1,1.0
+918568212574,0.0,0.0,0.0,1,1,1.0
+918570624717,0.0,0.0,0.0,1,1,1.0
+918585233367,0.0,0.0,0.0,1,1,1.0
+918601761507,0.0,0.0,0.0,1,1,1.0
+918604281784,0.0,0.0,0.0,1,1,1.0
+918794059190,0.0,0.0,0.0,1,1,1.0
+918796175119,0.0,0.0,0.0,1,1,1.0
+918797599229,0.0,0.0,0.0,1,1,1.0
+919151712243,0.0,0.0,0.0,1,1,1.0
+919055075436,0.0,0.0,0.0,1,1,1.0
+919060891530,0.0,0.0,0.0,1,1,1.0
+919070018009,0.0,0.0,0.0,1,1,1.0
+919073340432,0.0,0.0,0.0,1,1,1.0
+919079312668,0.0,0.0,0.0,1,1,1.0
+919084335501,0.0,0.0,0.0,1,1,1.0
+919084492269,0.0,0.0,0.0,1,1,1.0
+919101964131,0.0,0.0,0.0,1,1,1.0
+919109293016,0.0,0.0,0.0,1,1,1.0
+919117446648,0.0,0.0,0.0,1,1,1.0
+919117711687,0.0,0.0,0.0,1,1,1.0
+919118420280,0.0,0.0,0.0,1,1,1.0
+919134679350,0.0,0.0,0.0,1,1,1.0
+919145043167,0.0,0.0,0.0,1,1,1.0
+919152334648,0.0,0.0,0.0,1,1,1.0
+918809077100,0.0,0.0,0.0,1,1,1.0
+919153972634,0.0,0.0,0.0,1,1,1.0
+919155537613,0.0,0.0,0.0,1,1,1.0
+919159544737,0.0,0.0,0.0,1,1,1.0
+919172962599,0.0,0.0,0.0,1,1,1.0
+919188740500,0.0,0.0,0.0,1,1,1.0
+919194881711,0.0,0.0,0.0,1,1,1.0
+919214518401,0.0,0.0,0.0,1,1,1.0
+919242979355,0.0,0.0,0.0,1,1,1.0
+919246981098,0.0,0.0,0.0,1,1,1.0
+919251095439,0.0,0.0,0.0,1,1,1.0
+919264601791,0.0,0.0,0.0,1,1,1.0
+919264739524,0.0,0.0,0.0,1,1,1.0
+919271908100,0.0,0.0,0.0,1,1,1.0
+919279946889,0.0,0.0,0.0,1,1,1.0
+919051994383,0.0,0.0,0.0,1,1,1.0
+919040019277,0.0,0.0,0.0,1,1,1.0
+919032922522,0.0,0.0,0.0,1,1,1.0
+919031021827,0.0,0.0,0.0,1,1,1.0
+918816515646,0.0,0.0,0.0,1,1,1.0
+918825796207,0.0,0.0,0.0,1,1,1.0
+918827288795,0.0,0.0,0.0,1,1,1.0
+918831303126,0.0,0.0,0.0,1,1,1.0
+918832893076,0.0,0.0,0.0,1,1,1.0
+918837552262,0.0,0.0,0.0,1,1,1.0
+918838462013,0.0,0.0,0.0,1,1,1.0
+918841726431,0.0,0.0,0.0,1,1,1.0
+918848634846,0.0,0.0,0.0,1,1,1.0
+918862537314,0.0,0.0,0.0,1,1,1.0
+918862861077,0.0,0.0,0.0,1,1,1.0
+918885072201,0.0,0.0,0.0,1,1,1.0
+918886077311,0.0,0.0,0.0,1,1,1.0
+918899845570,0.0,0.0,0.0,1,1,1.0
+918906869268,0.0,0.0,0.0,1,1,1.0
+918920102193,0.0,0.0,0.0,1,1,1.0
+918929653590,0.0,0.0,0.0,1,1,1.0
+918932344625,0.0,0.0,0.0,1,1,1.0
+918948052624,0.0,0.0,0.0,1,1,1.0
+918959054154,0.0,0.0,0.0,1,1,1.0
+918959247774,0.0,0.0,0.0,1,1,1.0
+918970240812,0.0,0.0,0.0,1,1,1.0
+918978820871,0.0,0.0,0.0,1,1,1.0
+918980698619,0.0,0.0,0.0,1,1,1.0
+919012297843,0.0,0.0,0.0,1,1,1.0
+919012896332,0.0,0.0,0.0,1,1,1.0
+919014912800,0.0,0.0,0.0,1,1,1.0
+919016031021,0.0,0.0,0.0,1,1,1.0
+919028689323,0.0,0.0,0.0,1,1,1.0
+918418578083,0.0,0.0,0.0,1,1,1.0
+918416732721,0.0,0.0,0.0,1,1,1.0
+918411494138,0.0,0.0,0.0,1,1,1.0
+917931810621,0.0,0.0,0.0,1,1,1.0
+917825524905,0.0,0.0,0.0,1,1,1.0
+917836969110,0.0,0.0,0.0,1,1,1.0
+917838621130,0.0,0.0,0.0,1,1,1.0
+917839748984,0.0,0.0,0.0,1,1,1.0
+917855196282,0.0,0.0,0.0,1,1,1.0
+917865025557,0.0,0.0,0.0,1,1,1.0
+917875361882,0.0,0.0,0.0,1,1,1.0
+917902044926,0.0,0.0,0.0,1,1,1.0
+917903013031,0.0,0.0,0.0,1,1,1.0
+917909118261,0.0,0.0,0.0,1,1,1.0
+917914035780,0.0,0.0,0.0,1,1,1.0
+917915676968,0.0,0.0,0.0,1,1,1.0
+917915976539,0.0,0.0,0.0,1,1,1.0
+917923921948,0.0,0.0,0.0,1,1,1.0
+917935599583,0.0,0.0,0.0,1,1,1.0
+916001533493,0.0,0.0,0.0,1,1,1.0
+917945367726,0.0,0.0,0.0,1,1,1.0
+917951345800,0.0,0.0,0.0,1,1,1.0
+917962416061,0.0,0.0,0.0,1,1,1.0
+917971716268,0.0,0.0,0.0,1,1,1.0
+917971723541,0.0,0.0,0.0,1,1,1.0
+917992407178,0.0,0.0,0.0,1,1,1.0
+917997751022,0.0,0.0,0.0,1,1,1.0
+918003324352,0.0,0.0,0.0,1,1,1.0
+918003403755,0.0,0.0,0.0,1,1,1.0
+918014037502,0.0,0.0,0.0,1,1,1.0
+918014905525,0.0,0.0,0.0,1,1,1.0
+918017531234,0.0,0.0,0.0,1,1,1.0
+918020006976,0.0,0.0,0.0,1,1,1.0
+918020764815,0.0,0.0,0.0,1,1,1.0
+917820635437,0.0,0.0,0.0,1,1,1.0
+917819198440,0.0,0.0,0.0,1,1,1.0
+917816410201,0.0,0.0,0.0,1,1,1.0
+917805594582,0.0,0.0,0.0,1,1,1.0
+917618557644,0.0,0.0,0.0,1,1,1.0
+917619448749,0.0,0.0,0.0,1,1,1.0
+917622741455,0.0,0.0,0.0,1,1,1.0
+917623419971,0.0,0.0,0.0,1,1,1.0
+917646553317,0.0,0.0,0.0,1,1,1.0
+917654372728,0.0,0.0,0.0,1,1,1.0
+917659204112,0.0,0.0,0.0,1,1,1.0
+917669019140,0.0,0.0,0.0,1,1,1.0
+917682923106,0.0,0.0,0.0,1,1,1.0
+917691167343,0.0,0.0,0.0,1,1,1.0
+917704391448,0.0,0.0,0.0,1,1,1.0
+917705197927,0.0,0.0,0.0,1,1,1.0
+917707556098,0.0,0.0,0.0,1,1,1.0
+917709059666,0.0,0.0,0.0,1,1,1.0
+917712318012,0.0,0.0,0.0,1,1,1.0
+917718429150,0.0,0.0,0.0,1,1,1.0
+917731308929,0.0,0.0,0.0,1,1,1.0
+917743744317,0.0,0.0,0.0,1,1,1.0
+917746596592,0.0,0.0,0.0,1,1,1.0
+917747260997,0.0,0.0,0.0,1,1,1.0
+917751607362,0.0,0.0,0.0,1,1,1.0
+917778750095,0.0,0.0,0.0,1,1,1.0
+917781590571,0.0,0.0,0.0,1,1,1.0
+917783107905,0.0,0.0,0.0,1,1,1.0
+917786707824,0.0,0.0,0.0,1,1,1.0
+917790040884,0.0,0.0,0.0,1,1,1.0
+917794092349,0.0,0.0,0.0,1,1,1.0
+917795624313,0.0,0.0,0.0,1,1,1.0
+917801589798,0.0,0.0,0.0,1,1,1.0
+918022144947,0.0,0.0,0.0,1,1,1.0
+918032572424,0.0,0.0,0.0,1,1,1.0
+918410379472,0.0,0.0,0.0,1,1,1.0
+918320790127,0.0,0.0,0.0,1,1,1.0
+918220541726,0.0,0.0,0.0,1,1,1.0
+918231098361,0.0,0.0,0.0,1,1,1.0
+918231394744,0.0,0.0,0.0,1,1,1.0
+918239045265,0.0,0.0,0.0,1,1,1.0
+918240584033,0.0,0.0,0.0,1,1,1.0
+918243718351,0.0,0.0,0.0,1,1,1.0
+918246879232,0.0,0.0,0.0,1,1,1.0
+918253490805,0.0,0.0,0.0,1,1,1.0
+918259744545,0.0,0.0,0.0,1,1,1.0
+918260498008,0.0,0.0,0.0,1,1,1.0
+918266974992,0.0,0.0,0.0,1,1,1.0
+918281635980,0.0,0.0,0.0,1,1,1.0
+918287560224,0.0,0.0,0.0,1,1,1.0
+918314881566,0.0,0.0,0.0,1,1,1.0
+918320837734,0.0,0.0,0.0,1,1,1.0
+918033155778,0.0,0.0,0.0,1,1,1.0
+918325693205,0.0,0.0,0.0,1,1,1.0
+918333124044,0.0,0.0,0.0,1,1,1.0
+918339379319,0.0,0.0,0.0,1,1,1.0
+918346878561,0.0,0.0,0.0,1,1,1.0
+918349181936,0.0,0.0,0.0,1,1,1.0
+918353737404,0.0,0.0,0.0,1,1,1.0
+918367303635,0.0,0.0,0.0,1,1,1.0
+918368578646,0.0,0.0,0.0,1,1,1.0
+918369629436,0.0,0.0,0.0,1,1,1.0
+918376779581,0.0,0.0,0.0,1,1,1.0
+918383959649,0.0,0.0,0.0,1,1,1.0
+918391059351,0.0,0.0,0.0,1,1,1.0
+918392962963,0.0,0.0,0.0,1,1,1.0
+918402894129,0.0,0.0,0.0,1,1,1.0
+918216939126,0.0,0.0,0.0,1,1,1.0
+918214569699,0.0,0.0,0.0,1,1,1.0
+918192889574,0.0,0.0,0.0,1,1,1.0
+918191152915,0.0,0.0,0.0,1,1,1.0
+918043042325,0.0,0.0,0.0,1,1,1.0
+918044615340,0.0,0.0,0.0,1,1,1.0
+918050531430,0.0,0.0,0.0,1,1,1.0
+918057493874,0.0,0.0,0.0,1,1,1.0
+918073692727,0.0,0.0,0.0,1,1,1.0
+918082884821,0.0,0.0,0.0,1,1,1.0
+918093698725,0.0,0.0,0.0,1,1,1.0
+918098280213,0.0,0.0,0.0,1,1,1.0
+918098792552,0.0,0.0,0.0,1,1,1.0
+918103910913,0.0,0.0,0.0,1,1,1.0
+918106027227,0.0,0.0,0.0,1,1,1.0
+918111448359,0.0,0.0,0.0,1,1,1.0
+918121269121,0.0,0.0,0.0,1,1,1.0
+918125748146,0.0,0.0,0.0,1,1,1.0
+918125857336,0.0,0.0,0.0,1,1,1.0
+918129044201,0.0,0.0,0.0,1,1,1.0
+918131616976,0.0,0.0,0.0,1,1,1.0
+918135232069,0.0,0.0,0.0,1,1,1.0
+918138708834,0.0,0.0,0.0,1,1,1.0
+918144491615,0.0,0.0,0.0,1,1,1.0
+918147826373,0.0,0.0,0.0,1,1,1.0
+918152577123,0.0,0.0,0.0,1,1,1.0
+918162021109,0.0,0.0,0.0,1,1,1.0
+918163299817,0.0,0.0,0.0,1,1,1.0
+918168881289,0.0,0.0,0.0,1,1,1.0
+918172980147,0.0,0.0,0.0,1,1,1.0
+918173039572,0.0,0.0,0.0,1,1,1.0
+918175483491,0.0,0.0,0.0,1,1,1.0
+918176642882,0.0,0.0,0.0,1,1,1.0
+919999262649,0.0,0.0,0.0,1,1,1.0
