Anomaly_ID,Customer_ID,Transaction_ID,CDR_IDs,IPDR_IDs,Scenario_Type,Difficulty,Source_Scope,Bank_Anomaly,CDR_Anomaly,IPDR_Anomaly,Amount_Anomaly,Time_Anomaly,Beneficiary_Anomaly,Velocity_Anomaly,Call_Anomaly,Device_Anomaly,Location_Anomaly,Network_Anomaly,Injected_Signals,Is_Suspicious
ANOM000000,100000181,ATM25030208XOPY,,,ODD_HOUR_TRANSACTION,MEDIUM,BANK_ONLY,1,0,0,0,1,0,0,0,0,0,0,Time,1
ANOM000001,100000008,ATM250204RIWZXF,,,CUSTOMER_RELATIVE_AMOUNT_SPIKE,EASY,BANK_ONLY,1,0,0,1,0,0,0,0,0,0,0,Amount,1
ANOM000002,100000037,TXN250128XCKDGW,,,AMOUNT_VELOCITY_SPIKE,EASY,BANK_ONLY,1,0,0,1,0,0,1,0,0,0,0,Amount;Velocity,1
ANOM000003,100000287,TXN250122DZTBWV,,,TRANSACTION_BURST,EASY,BANK_ONLY,1,0,0,0,0,0,1,0,0,0,0,Velocity,1
ANOM000004,100000031,TXN250301NDHNAW,,,NEW_BENEFICIARY,HARD,BANK_ONLY,1,0,0,0,0,1,0,0,0,0,0,Beneficiary,1
ANOM000005,100000218,TXN250113314REH,,,AMOUNT_PLUS_NEW_BENEFICIARY,MEDIUM,BANK_ONLY,1,0,0,1,0,1,0,0,0,0,0,Amount;Beneficiary,1
ANOM000006,100000061,TXN250123Y3XUGT,CDR202600060000,,UNUSUAL_CALL_BEFORE_TRANSACTION,EASY,BANK_CDR,0,1,0,0,0,0,0,1,0,0,0,Call,1
ANOM000007,100000103,ATM250129AE9487,CDR202600060001,,CALL_THEN_HIGH_VALUE_TRANSFER,MEDIUM,BANK_CDR,1,1,0,1,0,0,0,1,0,0,0,Amount;Call,1
ANOM000008,100000118,TXN250122O5CIG2,CDR202600060002,,CALL_THEN_NEW_BENEFICIARY,EASY,BANK_CDR,1,1,0,0,0,1,0,1,0,0,0,Beneficiary;Call,1
ANOM000009,100000122,ATM2501032C5FIQ,CDR202600060003;CDR202600060004;CDR202600060005;CDR202600060006,,REPEATED_CALLS_BEFORE_TRANSACTION,MEDIUM,BANK_CDR,0,1,0,0,0,0,0,1,0,0,0,Call,1
ANOM000010,100000388,TXN2501167X0M1M,,IPDR202600050000;IPDR202600050001;IPDR202600050002;IPDR202600050003;IPDR202600050004;IPDR202600050005;IPDR202600050006;IPDR202600050007;IPDR202600050008;IPDR202600050009;IPDR202600050010;IPDR202600050011;IPDR202600050012;IPDR202600050013;IPDR202600050014;IPDR202600050015;IPDR202600050016,NETWORK_SESSION_BURST_AROUND_TRANSACTION,HARD,BANK_CDR_IPDR,0,0,1,0,0,0,0,0,0,0,1,Network,1
ANOM000011,100000037,TXN250321IRT0B1,CDR202600060007,IPDR202600050017,UNUSUAL_LOCATION_CONTEXT,HARD,BANK_CDR_IPDR,0,1,1,0,0,0,0,0,0,1,0,Location,1
ANOM000012,100000393,TXN250108534CS4,CDR202600060008,IPDR202600050018,NEW_DEVICE_AROUND_TRANSACTION,MEDIUM,BANK_CDR_IPDR,0,1,1,0,0,0,0,0,1,0,0,Device,1
ANOM000013,100000317,TXN250314DW8NAY,CDR202600060009,,IMSI_IMEI_PAIR_NOVELTY,MEDIUM,BANK_CDR,0,1,0,0,0,0,0,0,1,0,0,Device,1
ANOM000014,100000241,ATM250320DYOJK8,CDR202600060010,IPDR202600050019;IPDR202600050020;IPDR202600050021;IPDR202600050022;IPDR202600050023;IPDR202600050024,SUBTLE_MULTI_SOURCE_SUSPICIOUS_PATTERN,HARD,BANK_CDR_IPDR,1,1,1,1,0,0,0,1,0,0,1,Amount;Call;Network,1
ANOM000015,100000194,TXN250322XTU7Z0,,,ODD_HOUR_TRANSACTION,HARD,BANK_ONLY,1,0,0,0,1,0,0,0,0,0,0,Time,1
ANOM000016,100000062,TXN2501179W71AY,,,CUSTOMER_RELATIVE_AMOUNT_SPIKE,EASY,BANK_ONLY,1,0,0,1,0,0,0,0,0,0,0,Amount,1
ANOM000017,100000211,ATM250208QLUIMZ,,,AMOUNT_VELOCITY_SPIKE,HARD,BANK_ONLY,1,0,0,1,0,0,1,0,0,0,0,Amount;Velocity,1
ANOM000018,100000314,ATM250301SAP2HP,,,TRANSACTION_BURST,MEDIUM,BANK_ONLY,1,0,0,0,0,0,1,0,0,0,0,Velocity,1
ANOM000019,100000045,TXN250202IIELQ4,,,NEW_BENEFICIARY,EASY,BANK_ONLY,1,0,0,0,0,1,0,0,0,0,0,Beneficiary,1
ANOM000020,100000387,TXN250209OK1TDE,,,AMOUNT_PLUS_NEW_BENEFICIARY,EASY,BANK_ONLY,1,0,0,1,0,1,0,0,0,0,0,Amount;Beneficiary,1
ANOM000021,100000389,TXN2502089IKJWW,CDR202600060011,,UNUSUAL_CALL_BEFORE_TRANSACTION,MEDIUM,BANK_CDR,0,1,0,0,0,0,0,1,0,0,0,Call,1
ANOM000022,100000021,TXN2502202YKNBE,CDR202600060012,,CALL_THEN_HIGH_VALUE_TRANSFER,HARD,BANK_CDR,1,1,0,1,0,0,0,1,0,0,0,Amount;Call,1
ANOM000023,100000085,ATM250126YG24X0,CDR202600060013,,CALL_THEN_NEW_BENEFICIARY,HARD,BANK_CDR,1,1,0,0,0,1,0,1,0,0,0,Beneficiary;Call,1
ANOM000024,100000346,TXN250327FW0NMF,CDR202600060014;CDR202600060015;CDR202600060016;CDR202600060017;CDR202600060018,,REPEATED_CALLS_BEFORE_TRANSACTION,MEDIUM,BANK_CDR,0,1,0,0,0,0,0,1,0,0,0,Call,1
ANOM000025,100000195,TXN250116Z3H7HA,,IPDR202600050025;IPDR202600050026;IPDR202600050027;IPDR202600050028;IPDR202600050029;IPDR202600050030;IPDR202600050031;IPDR202600050032;IPDR202600050033;IPDR202600050034;IPDR202600050035;IPDR202600050036;IPDR202600050037;IPDR202600050038;IPDR202600050039;IPDR202600050040;IPDR202600050041,NETWORK_SESSION_BURST_AROUND_TRANSACTION,HARD,BANK_CDR_IPDR,0,0,1,0,0,0,0,0,0,0,1,Network,1
ANOM000026,100000381,TXN250225D37CTM,CDR202600060019,IPDR202600050042,UNUSUAL_LOCATION_CONTEXT,MEDIUM,BANK_CDR_IPDR,0,1,1,0,0,0,0,0,0,1,0,Location,1
ANOM000027,100000057,TXN250310LMLXC3,CDR202600060020,IPDR202600050043,NEW_DEVICE_AROUND_TRANSACTION,EASY,BANK_CDR_IPDR,0,1,1,0,0,0,0,0,1,0,0,Device,1
ANOM000028,100000134,TXN2501185PETMF,CDR202600060021,,IMSI_IMEI_PAIR_NOVELTY,MEDIUM,BANK_CDR,0,1,0,0,0,0,0,0,1,0,0,Device,1
ANOM000029,100000144,TXN2503311VCY1Z,CDR202600060022,IPDR202600050044;IPDR202600050045;IPDR202600050046;IPDR202600050047;IPDR202600050048;IPDR202600050049,SUBTLE_MULTI_SOURCE_SUSPICIOUS_PATTERN,HARD,BANK_CDR_IPDR,1,1,1,1,0,0,0,1,0,0,1,Amount;Call;Network,1
ANOM000030,100000185,TXN250212C6YFM1,,,ODD_HOUR_TRANSACTION,HARD,BANK_ONLY,1,0,0,0,1,0,0,0,0,0,0,Time,1
ANOM000031,100000267,ATM250120QNWLCH,,,CUSTOMER_RELATIVE_AMOUNT_SPIKE,EASY,BANK_ONLY,1,0,0,1,0,0,0,0,0,0,0,Amount,1
ANOM000032,100000350,TXN250220SS0FFL,,,AMOUNT_VELOCITY_SPIKE,HARD,BANK_ONLY,1,0,0,1,0,0,1,0,0,0,0,Amount;Velocity,1
ANOM000033,100000036,TXN250120PW7D3Z,,,TRANSACTION_BURST,HARD,BANK_ONLY,1,0,0,0,0,0,1,0,0,0,0,Velocity,1
ANOM000034,100000050,TXN250107ZXZQW9,,,NEW_BENEFICIARY,HARD,BANK_ONLY,1,0,0,0,0,1,0,0,0,0,0,Beneficiary,1
ANOM000035,100000243,TXN2501020HJCB4,,,AMOUNT_PLUS_NEW_BENEFICIARY,HARD,BANK_ONLY,1,0,0,1,0,1,0,0,0,0,0,Amount;Beneficiary,1
ANOM000036,100000250,TXN250326EA6GU8,CDR202600060023,,UNUSUAL_CALL_BEFORE_TRANSACTION,HARD,BANK_CDR,0,1,0,0,0,0,0,1,0,0,0,Call,1
ANOM000037,100000302,TXN250109UIX691,CDR202600060024,,CALL_THEN_HIGH_VALUE_TRANSFER,EASY,BANK_CDR,1,1,0,1,0,0,0,1,0,0,0,Amount;Call,1
ANOM000038,100000120,ATM250330N7BTR4,CDR202600060025,,CALL_THEN_NEW_BENEFICIARY,MEDIUM,BANK_CDR,1,1,0,0,0,1,0,1,0,0,0,Beneficiary;Call,1
ANOM000039,100000023,ATM250206CJ9GXI,CDR202600060026;CDR202600060027;CDR202600060028;CDR202600060029;CDR202600060030,,REPEATED_CALLS_BEFORE_TRANSACTION,HARD,BANK_CDR,0,1,0,0,0,0,0,1,0,0,0,Call,1
ANOM000040,100000281,TXN250228U1EHS4,,IPDR202600050050;IPDR202600050051;IPDR202600050052;IPDR202600050053;IPDR202600050054;IPDR202600050055;IPDR202600050056;IPDR202600050057;IPDR202600050058;IPDR202600050059;IPDR202600050060;IPDR202600050061;IPDR202600050062;IPDR202600050063;IPDR202600050064;IPDR202600050065;IPDR202600050066;IPDR202600050067;IPDR202600050068;IPDR202600050069;IPDR202600050070;IPDR202600050071;IPDR202600050072;IPDR202600050073;IPDR202600050074;IPDR202600050075;IPDR202600050076;IPDR202600050077;IPDR202600050078,NETWORK_SESSION_BURST_AROUND_TRANSACTION,EASY,BANK_CDR_IPDR,0,0,1,0,0,0,0,0,0,0,1,Network,1
ANOM000041,100000080,ATM250210R6GUPW,CDR202600060031,IPDR202600050079,UNUSUAL_LOCATION_CONTEXT,MEDIUM,BANK_CDR_IPDR,0,1,1,0,0,0,0,0,0,1,0,Location,1
ANOM000042,100000019,TXN250329SC6RLU,CDR202600060032,IPDR202600050080,NEW_DEVICE_AROUND_TRANSACTION,MEDIUM,BANK_CDR_IPDR,0,1,1,0,0,0,0,0,1,0,0,Device,1
ANOM000043,100000176,ATM250203WALKH3,CDR202600060033,,IMSI_IMEI_PAIR_NOVELTY,HARD,BANK_CDR,0,1,0,0,0,0,0,0,1,0,0,Device,1
ANOM000044,100000113,ATM2502246X69XH,CDR202600060034,IPDR202600050081;IPDR202600050082;IPDR202600050083;IPDR202600050084,SUBTLE_MULTI_SOURCE_SUSPICIOUS_PATTERN,EASY,BANK_CDR_IPDR,1,1,1,1,0,0,0,1,0,0,1,Amount;Call;Network,1
ANOM000045,100000185,TXN250316WI22NT,,,ODD_HOUR_TRANSACTION,MEDIUM,BANK_ONLY,1,0,0,0,1,0,0,0,0,0,0,Time,1
ANOM000046,100000086,ATM250219X7M558,,,CUSTOMER_RELATIVE_AMOUNT_SPIKE,MEDIUM,BANK_ONLY,1,0,0,1,0,0,0,0,0,0,0,Amount,1
ANOM000047,100000052,ATM250207L5N4EC,,,AMOUNT_VELOCITY_SPIKE,MEDIUM,BANK_ONLY,1,0,0,1,0,0,1,0,0,0,0,Amount;Velocity,1
ANOM000048,100000264,TXN250126SOMH10,,,TRANSACTION_BURST,EASY,BANK_ONLY,1,0,0,0,0,0,1,0,0,0,0,Velocity,1
ANOM000049,100000341,ATM250212RW10PR,,,NEW_BENEFICIARY,MEDIUM,BANK_ONLY,1,0,0,0,0,1,0,0,0,0,0,Beneficiary,1
ANOM000050,100000359,ATM250108N9C9Z0,,,AMOUNT_PLUS_NEW_BENEFICIARY,MEDIUM,BANK_ONLY,1,0,0,1,0,1,0,0,0,0,0,Amount;Beneficiary,1
ANOM000051,100000222,ATM250212Z6VKXM,CDR202600060035,,UNUSUAL_CALL_BEFORE_TRANSACTION,HARD,BANK_CDR,0,1,0,0,0,0,0,1,0,0,0,Call,1
ANOM000052,100000072,TXN250102Z5XU6Q,CDR202600060036,,CALL_THEN_HIGH_VALUE_TRANSFER,EASY,BANK_CDR,1,1,0,1,0,0,0,1,0,0,0,Amount;Call,1
ANOM000053,100000256,TXN250127Z72DRJ,CDR202600060037,,CALL_THEN_NEW_BENEFICIARY,EASY,BANK_CDR,1,1,0,0,0,1,0,1,0,0,0,Beneficiary;Call,1
ANOM000054,100000393,TXN250319UZDWPV,CDR202600060038;CDR202600060039;CDR202600060040;CDR202600060041;CDR202600060042,,REPEATED_CALLS_BEFORE_TRANSACTION,HARD,BANK_CDR,0,1,0,0,0,0,0,1,0,0,0,Call,1
ANOM000055,100000161,TXN250219TUL9YS,,IPDR202600050085;IPDR202600050086;IPDR202600050087;IPDR202600050088;IPDR202600050089;IPDR202600050090;IPDR202600050091;IPDR202600050092;IPDR202600050093;IPDR202600050094;IPDR202600050095,NETWORK_SESSION_BURST_AROUND_TRANSACTION,HARD,BANK_CDR_IPDR,0,0,1,0,0,0,0,0,0,0,1,Network,1
ANOM000056,100000356,TXN250225CFG2CW,CDR202600060043,IPDR202600050096,UNUSUAL_LOCATION_CONTEXT,HARD,BANK_CDR_IPDR,0,1,1,0,0,0,0,0,0,1,0,Location,1
ANOM000057,100000318,TXN250205HKQEUX,CDR202600060044,IPDR202600050097,NEW_DEVICE_AROUND_TRANSACTION,MEDIUM,BANK_CDR_IPDR,0,1,1,0,0,0,0,0,1,0,0,Device,1
ANOM000058,100000067,ATM250202KL05FW,CDR202600060045,,IMSI_IMEI_PAIR_NOVELTY,MEDIUM,BANK_CDR,0,1,0,0,0,0,0,0,1,0,0,Device,1
ANOM000059,100000212,TXN250303KXB07H,CDR202600060046,IPDR202600050098;IPDR202600050099;IPDR202600050100;IPDR202600050101;IPDR202600050102;IPDR202600050103;IPDR202600050104,SUBTLE_MULTI_SOURCE_SUSPICIOUS_PATTERN,HARD,BANK_CDR_IPDR,1,1,1,1,0,0,0,1,0,0,1,Amount;Call;Network,1
ANOM000060,100000064,TXN250218ZSSWP0,,,ODD_HOUR_TRANSACTION,MEDIUM,BANK_ONLY,1,0,0,0,1,0,0,0,0,0,0,Time,1
ANOM000061,100000387,TXN250201UBRWPY,,,CUSTOMER_RELATIVE_AMOUNT_SPIKE,MEDIUM,BANK_ONLY,1,0,0,1,0,0,0,0,0,0,0,Amount,1
ANOM000062,100000089,ATM250313TG6NYD,,,AMOUNT_VELOCITY_SPIKE,EASY,BANK_ONLY,1,0,0,1,0,0,1,0,0,0,0,Amount;Velocity,1
ANOM000063,100000060,TXN250224Y0ZMXU,,,TRANSACTION_BURST,EASY,BANK_ONLY,1,0,0,0,0,0,1,0,0,0,0,Velocity,1
ANOM000064,100000362,ATM2501158W7OIN,,,NEW_BENEFICIARY,HARD,BANK_ONLY,1,0,0,0,0,1,0,0,0,0,0,Beneficiary,1
ANOM000065,100000293,TXN250308WIGGAT,,,AMOUNT_PLUS_NEW_BENEFICIARY,HARD,BANK_ONLY,1,0,0,1,0,1,0,0,0,0,0,Amount;Beneficiary,1
ANOM000066,100000187,TXN250105B6Q74G,CDR202600060047,,UNUSUAL_CALL_BEFORE_TRANSACTION,HARD,BANK_CDR,0,1,0,0,0,0,0,1,0,0,0,Call,1
ANOM000067,100000218,ATM250113SYX8NO,CDR202600060048,,CALL_THEN_HIGH_VALUE_TRANSFER,HARD,BANK_CDR,1,1,0,1,0,0,0,1,0,0,0,Amount;Call,1
ANOM000068,100000390,TXN2501245I1YSC,CDR202600060049,,CALL_THEN_NEW_BENEFICIARY,MEDIUM,BANK_CDR,1,1,0,0,0,1,0,1,0,0,0,Beneficiary;Call,1
ANOM000069,100000370,TXN250119PETAO6,CDR202600060050;CDR202600060051;CDR202600060052;CDR202600060053;CDR202600060054;CDR202600060055;CDR202600060056,,REPEATED_CALLS_BEFORE_TRANSACTION,EASY,BANK_CDR,0,1,0,0,0,0,0,1,0,0,0,Call,1
ANOM000070,100000199,TXN2501056NKN01,,IPDR202600050105;IPDR202600050106;IPDR202600050107;IPDR202600050108;IPDR202600050109;IPDR202600050110;IPDR202600050111;IPDR202600050112;IPDR202600050113;IPDR202600050114;IPDR202600050115;IPDR202600050116;IPDR202600050117;IPDR202600050118;IPDR202600050119;IPDR202600050120,NETWORK_SESSION_BURST_AROUND_TRANSACTION,MEDIUM,BANK_CDR_IPDR,0,0,1,0,0,0,0,0,0,0,1,Network,1
ANOM000071,100000195,TXN250128CKZV2U,CDR202600060057,IPDR202600050121,UNUSUAL_LOCATION_CONTEXT,HARD,BANK_CDR_IPDR,0,1,1,0,0,0,0,0,0,1,0,Location,1
ANOM000072,100000191,TXN2502094OAO06,CDR202600060058,IPDR202600050122,NEW_DEVICE_AROUND_TRANSACTION,HARD,BANK_CDR_IPDR,0,1,1,0,0,0,0,0,1,0,0,Device,1
ANOM000073,100000348,TXN250208MSBXUL,CDR202600060059,,IMSI_IMEI_PAIR_NOVELTY,HARD,BANK_CDR,0,1,0,0,0,0,0,0,1,0,0,Device,1
ANOM000074,100000053,ATM250209STMANI,CDR202600060060,IPDR202600050123;IPDR202600050124;IPDR202600050125;IPDR202600050126;IPDR202600050127;IPDR202600050128,SUBTLE_MULTI_SOURCE_SUSPICIOUS_PATTERN,MEDIUM,BANK_CDR_IPDR,1,1,1,1,0,0,0,1,0,0,1,Amount;Call;Network,1
ANOM000075,100000131,TXN250311239Q5D,,,ODD_HOUR_TRANSACTION,MEDIUM,BANK_ONLY,1,0,0,0,1,0,0,0,0,0,0,Time,1
ANOM000076,100000208,TXN250125J9J634,,,CUSTOMER_RELATIVE_AMOUNT_SPIKE,EASY,BANK_ONLY,1,0,0,1,0,0,0,0,0,0,0,Amount,1
ANOM000077,100000163,TXN250306AKT42I,,,AMOUNT_VELOCITY_SPIKE,EASY,BANK_ONLY,1,0,0,1,0,0,1,0,0,0,0,Amount;Velocity,1
ANOM000078,100000026,ATM250324J2CLEM,,,TRANSACTION_BURST,HARD,BANK_ONLY,1,0,0,0,0,0,1,0,0,0,0,Velocity,1
ANOM000079,100000100,ATM250105YYBYHW,,,NEW_BENEFICIARY,EASY,BANK_ONLY,1,0,0,0,0,1,0,0,0,0,0,Beneficiary,1
ANOM000080,100000065,TXN25030334D0Y8,,,AMOUNT_PLUS_NEW_BENEFICIARY,MEDIUM,BANK_ONLY,1,0,0,1,0,1,0,0,0,0,0,Amount;Beneficiary,1
ANOM000081,100000028,ATM2503023RI0NL,CDR202600060061,,UNUSUAL_CALL_BEFORE_TRANSACTION,HARD,BANK_CDR,0,1,0,0,0,0,0,1,0,0,0,Call,1
ANOM000082,100000185,ATM250217IVZPPO,CDR202600060062,,CALL_THEN_HIGH_VALUE_TRANSFER,HARD,BANK_CDR,1,1,0,1,0,0,0,1,0,0,0,Amount;Call,1
ANOM000083,100000236,TXN250327J5E4D6,CDR202600060063,,CALL_THEN_NEW_BENEFICIARY,MEDIUM,BANK_CDR,1,1,0,0,0,1,0,1,0,0,0,Beneficiary;Call,1
ANOM000084,100000201,TXN25010892I7XE,CDR202600060064;CDR202600060065;CDR202600060066;CDR202600060067,,REPEATED_CALLS_BEFORE_TRANSACTION,MEDIUM,BANK_CDR,0,1,0,0,0,0,0,1,0,0,0,Call,1
ANOM000085,100000120,ATM250214WBZ3ZV,,IPDR202600050129;IPDR202600050130;IPDR202600050131;IPDR202600050132;IPDR202600050133;IPDR202600050134;IPDR202600050135;IPDR202600050136;IPDR202600050137;IPDR202600050138;IPDR202600050139,NETWORK_SESSION_BURST_AROUND_TRANSACTION,HARD,BANK_CDR_IPDR,0,0,1,0,0,0,0,0,0,0,1,Network,1
ANOM000086,100000348,ATM250304PJ4NG6,CDR202600060068,IPDR202600050140,UNUSUAL_LOCATION_CONTEXT,MEDIUM,BANK_CDR_IPDR,0,1,1,0,0,0,0,0,0,1,0,Location,1
ANOM000087,100000062,TXN250308C4L472,CDR202600060069,IPDR202600050141,NEW_DEVICE_AROUND_TRANSACTION,HARD,BANK_CDR_IPDR,0,1,1,0,0,0,0,0,1,0,0,Device,1
ANOM000088,100000007,TXN2501094XPFLV,CDR202600060070,,IMSI_IMEI_PAIR_NOVELTY,MEDIUM,BANK_CDR,0,1,0,0,0,0,0,0,1,0,0,Device,1
ANOM000089,100000299,ATM250122CTK35W,CDR202600060071,IPDR202600050142;IPDR202600050143;IPDR202600050144;IPDR202600050145;IPDR202600050146;IPDR202600050147;IPDR202600050148,SUBTLE_MULTI_SOURCE_SUSPICIOUS_PATTERN,MEDIUM,BANK_CDR_IPDR,1,1,1,1,0,0,0,1,0,0,1,Amount;Call;Network,1
ANOM000090,100000338,ATM250224Q7688D,,,ODD_HOUR_TRANSACTION,HARD,BANK_ONLY,1,0,0,0,1,0,0,0,0,0,0,Time,1
ANOM000091,100000264,ATM250129TVXDZX,,,CUSTOMER_RELATIVE_AMOUNT_SPIKE,MEDIUM,BANK_ONLY,1,0,0,1,0,0,0,0,0,0,0,Amount,1
ANOM000092,100000328,TXN250330R8R64I,,,AMOUNT_VELOCITY_SPIKE,MEDIUM,BANK_ONLY,1,0,0,1,0,0,1,0,0,0,0,Amount;Velocity,1
ANOM000093,100000009,ATM2503317ZDUUA,,,TRANSACTION_BURST,EASY,BANK_ONLY,1,0,0,0,0,0,1,0,0,0,0,Velocity,1
ANOM000094,100000089,ATM2503192QIKD9,,,NEW_BENEFICIARY,HARD,BANK_ONLY,1,0,0,0,0,1,0,0,0,0,0,Beneficiary,1
ANOM000095,100000250,TXN250112FOHIMY,,,AMOUNT_PLUS_NEW_BENEFICIARY,MEDIUM,BANK_ONLY,1,0,0,1,0,1,0,0,0,0,0,Amount;Beneficiary,1
ANOM000096,100000210,TXN250204YK1UQW,CDR202600060072,,UNUSUAL_CALL_BEFORE_TRANSACTION,MEDIUM,BANK_CDR,0,1,0,0,0,0,0,1,0,0,0,Call,1
ANOM000097,100000265,TXN250216QH7L00,CDR202600060073,,CALL_THEN_HIGH_VALUE_TRANSFER,EASY,BANK_CDR,1,1,0,1,0,0,0,1,0,0,0,Amount;Call,1
ANOM000098,100000001,ATM250313PLU8C5,CDR202600060074,,CALL_THEN_NEW_BENEFICIARY,HARD,BANK_CDR,1,1,0,0,0,1,0,1,0,0,0,Beneficiary;Call,1
ANOM000099,100000372,TXN25033026ZAO1,CDR202600060075;CDR202600060076;CDR202600060077,,REPEATED_CALLS_BEFORE_TRANSACTION,HARD,BANK_CDR,0,1,0,0,0,0,0,1,0,0,0,Call,1
ANOM000100,100000293,ATM250122FCZ0V8,,IPDR202600050149;IPDR202600050150;IPDR202600050151;IPDR202600050152;IPDR202600050153;IPDR202600050154;IPDR202600050155;IPDR202600050156;IPDR202600050157;IPDR202600050158;IPDR202600050159;IPDR202600050160,NETWORK_SESSION_BURST_AROUND_TRANSACTION,HARD,BANK_CDR_IPDR,0,0,1,0,0,0,0,0,0,0,1,Network,1
ANOM000101,100000269,TXN2502141VM86F,CDR202600060078,IPDR202600050161,UNUSUAL_LOCATION_CONTEXT,HARD,BANK_CDR_IPDR,0,1,1,0,0,0,0,0,0,1,0,Location,1
ANOM000102,100000272,TXN250106TSR7YR,CDR202600060079,IPDR202600050162,NEW_DEVICE_AROUND_TRANSACTION,HARD,BANK_CDR_IPDR,0,1,1,0,0,0,0,0,1,0,0,Device,1
ANOM000103,100000344,ATM250304E2HJ52,CDR202600060080,,IMSI_IMEI_PAIR_NOVELTY,EASY,BANK_CDR,0,1,0,0,0,0,0,0,1,0,0,Device,1
ANOM000104,100000324,ATM250304RDG5R8,CDR202600060081,IPDR202600050163;IPDR202600050164;IPDR202600050165;IPDR202600050166;IPDR202600050167;IPDR202600050168;IPDR202600050169;IPDR202600050170,SUBTLE_MULTI_SOURCE_SUSPICIOUS_PATTERN,MEDIUM,BANK_CDR_IPDR,1,1,1,1,0,0,0,1,0,0,1,Amount;Call;Network,1
ANOM000105,100000063,TXN2503253OH754,,,ODD_HOUR_TRANSACTION,HARD,BANK_ONLY,1,0,0,0,1,0,0,0,0,0,0,Time,1
ANOM000106,100000282,TXN250123YS0LD1,,,CUSTOMER_RELATIVE_AMOUNT_SPIKE,HARD,BANK_ONLY,1,0,0,1,0,0,0,0,0,0,0,Amount,1
ANOM000107,100000046,TXN2502263W4ZPB,,,AMOUNT_VELOCITY_SPIKE,HARD,BANK_ONLY,1,0,0,1,0,0,1,0,0,0,0,Amount;Velocity,1
ANOM000108,100000347,ATM250115WP1YK2,,,TRANSACTION_BURST,EASY,BANK_ONLY,1,0,0,0,0,0,1,0,0,0,0,Velocity,1
ANOM000109,100000255,TXN2502251EFQ27,,,NEW_BENEFICIARY,MEDIUM,BANK_ONLY,1,0,0,0,0,1,0,0,0,0,0,Beneficiary,1
ANOM000110,100000013,TXN250308888GWK,,,AMOUNT_PLUS_NEW_BENEFICIARY,HARD,BANK_ONLY,1,0,0,1,0,1,0,0,0,0,0,Amount;Beneficiary,1
ANOM000111,100000191,TXN250201S2ZOIY,CDR202600060082,,UNUSUAL_CALL_BEFORE_TRANSACTION,EASY,BANK_CDR,0,1,0,0,0,0,0,1,0,0,0,Call,1
ANOM000112,100000011,TXN250117R4PIV5,CDR202600060083,,CALL_THEN_HIGH_VALUE_TRANSFER,HARD,BANK_CDR,1,1,0,1,0,0,0,1,0,0,0,Amount;Call,1
ANOM000113,100000143,TXN250103HPWFLH,CDR202600060084,,CALL_THEN_NEW_BENEFICIARY,MEDIUM,BANK_CDR,1,1,0,0,0,1,0,1,0,0,0,Beneficiary;Call,1
ANOM000114,100000148,ATM250317H66AP6,CDR202600060085;CDR202600060086;CDR202600060087;CDR202600060088;CDR202600060089;CDR202600060090;CDR202600060091,,REPEATED_CALLS_BEFORE_TRANSACTION,EASY,BANK_CDR,0,1,0,0,0,0,0,1,0,0,0,Call,1
ANOM000115,100000398,TXN250131BO6DB1,,IPDR202600050171;IPDR202600050172;IPDR202600050173;IPDR202600050174;IPDR202600050175;IPDR202600050176;IPDR202600050177;IPDR202600050178;IPDR202600050179;IPDR202600050180;IPDR202600050181;IPDR202600050182;IPDR202600050183;IPDR202600050184;IPDR202600050185;IPDR202600050186,NETWORK_SESSION_BURST_AROUND_TRANSACTION,MEDIUM,BANK_CDR_IPDR,0,0,1,0,0,0,0,0,0,0,1,Network,1
ANOM000116,100000078,TXN250319VF5RY4,CDR202600060092,IPDR202600050187,UNUSUAL_LOCATION_CONTEXT,MEDIUM,BANK_CDR_IPDR,0,1,1,0,0,0,0,0,0,1,0,Location,1
ANOM000117,100000253,ATM250320CC499A,CDR202600060093,IPDR202600050188,NEW_DEVICE_AROUND_TRANSACTION,MEDIUM,BANK_CDR_IPDR,0,1,1,0,0,0,0,0,1,0,0,Device,1
ANOM000118,100000392,TXN250305CFT0IL,CDR202600060094,,IMSI_IMEI_PAIR_NOVELTY,MEDIUM,BANK_CDR,0,1,0,0,0,0,0,0,1,0,0,Device,1
ANOM000119,100000263,TXN250104O68MY2,CDR202600060095,IPDR202600050189;IPDR202600050190;IPDR202600050191;IPDR202600050192,SUBTLE_MULTI_SOURCE_SUSPICIOUS_PATTERN,MEDIUM,BANK_CDR_IPDR,1,1,1,1,0,0,0,1,0,0,1,Amount;Call;Network,1
ANOM000120,100000348,TXN2503187MOMGX,,,ODD_HOUR_TRANSACTION,MEDIUM,BANK_ONLY,1,0,0,0,1,0,0,0,0,0,0,Time,1
ANOM000121,100000046,ATM250208ZFJLH1,,,CUSTOMER_RELATIVE_AMOUNT_SPIKE,HARD,BANK_ONLY,1,0,0,1,0,0,0,0,0,0,0,Amount,1
ANOM000122,100000297,TXN250202YJGLEQ,,,AMOUNT_VELOCITY_SPIKE,EASY,BANK_ONLY,1,0,0,1,0,0,1,0,0,0,0,Amount;Velocity,1
ANOM000123,100000245,ATM2501012C89WO,,,TRANSACTION_BURST,HARD,BANK_ONLY,1,0,0,0,0,0,1,0,0,0,0,Velocity,1
ANOM000124,100000373,ATM250122ARCE55,,,NEW_BENEFICIARY,HARD,BANK_ONLY,1,0,0,0,0,1,0,0,0,0,0,Beneficiary,1
ANOM000125,100000069,TXN250203HPWPH9,,,AMOUNT_PLUS_NEW_BENEFICIARY,MEDIUM,BANK_ONLY,1,0,0,1,0,1,0,0,0,0,0,Amount;Beneficiary,1
ANOM000126,100000267,TXN250330DEL992,CDR202600060096,,UNUSUAL_CALL_BEFORE_TRANSACTION,MEDIUM,BANK_CDR,0,1,0,0,0,0,0,1,0,0,0,Call,1
ANOM000127,100000006,ATM2503041BOMO1,CDR202600060097,,CALL_THEN_HIGH_VALUE_TRANSFER,MEDIUM,BANK_CDR,1,1,0,1,0,0,0,1,0,0,0,Amount;Call,1
ANOM000128,100000124,TXN250327VWL6ZB,CDR202600060098,,CALL_THEN_NEW_BENEFICIARY,HARD,BANK_CDR,1,1,0,0,0,1,0,1,0,0,0,Beneficiary;Call,1
ANOM000129,100000019,TXN250224TFUFAK,CDR202600060099;CDR202600060100;CDR202600060101;CDR202600060102;CDR202600060103;CDR202600060104;CDR202600060105,,REPEATED_CALLS_BEFORE_TRANSACTION,EASY,BANK_CDR,0,1,0,0,0,0,0,1,0,0,0,Call,1
ANOM000130,100000283,TXN250209KMNE6K,,IPDR202600050193;IPDR202600050194;IPDR202600050195;IPDR202600050196;IPDR202600050197;IPDR202600050198;IPDR202600050199;IPDR202600050200;IPDR202600050201;IPDR202600050202;IPDR202600050203;IPDR202600050204;IPDR202600050205;IPDR202600050206;IPDR202600050207;IPDR202600050208;IPDR202600050209;IPDR202600050210;IPDR202600050211;IPDR202600050212;IPDR202600050213;IPDR202600050214;IPDR202600050215;IPDR202600050216,NETWORK_SESSION_BURST_AROUND_TRANSACTION,MEDIUM,BANK_CDR_IPDR,0,0,1,0,0,0,0,0,0,0,1,Network,1
ANOM000131,100000300,ATM250312Q3YOOA,CDR202600060106,IPDR202600050217,UNUSUAL_LOCATION_CONTEXT,MEDIUM,BANK_CDR_IPDR,0,1,1,0,0,0,0,0,0,1,0,Location,1
ANOM000132,100000322,ATM250116VQ64QE,CDR202600060107,IPDR202600050218,NEW_DEVICE_AROUND_TRANSACTION,HARD,BANK_CDR_IPDR,0,1,1,0,0,0,0,0,1,0,0,Device,1
ANOM000133,100000015,TXN250305M1TOCL,CDR202600060108,,IMSI_IMEI_PAIR_NOVELTY,HARD,BANK_CDR,0,1,0,0,0,0,0,0,1,0,0,Device,1
ANOM000134,100000251,ATM250330XEQ1D3,CDR202600060109,IPDR202600050219;IPDR202600050220;IPDR202600050221;IPDR202600050222;IPDR202600050223;IPDR202600050224;IPDR202600050225,SUBTLE_MULTI_SOURCE_SUSPICIOUS_PATTERN,MEDIUM,BANK_CDR_IPDR,1,1,1,1,0,0,0,1,0,0,1,Amount;Call;Network,1
ANOM000135,100000261,ATM250118UYBHL7,,,ODD_HOUR_TRANSACTION,MEDIUM,BANK_ONLY,1,0,0,0,1,0,0,0,0,0,0,Time,1
ANOM000136,100000067,TXN250314PXA56D,,,CUSTOMER_RELATIVE_AMOUNT_SPIKE,HARD,BANK_ONLY,1,0,0,1,0,0,0,0,0,0,0,Amount,1
ANOM000137,100000262,TXN250114YAQXJZ,,,AMOUNT_VELOCITY_SPIKE,EASY,BANK_ONLY,1,0,0,1,0,0,1,0,0,0,0,Amount;Velocity,1
ANOM000138,100000185,TXN2503138H1IGE,,,TRANSACTION_BURST,MEDIUM,BANK_ONLY,1,0,0,0,0,0,1,0,0,0,0,Velocity,1
ANOM000139,100000163,TXN250301815SG1,,,NEW_BENEFICIARY,HARD,BANK_ONLY,1,0,0,0,0,1,0,0,0,0,0,Beneficiary,1
ANOM000140,100000041,TXN250312YTFKKA,,,AMOUNT_PLUS_NEW_BENEFICIARY,HARD,BANK_ONLY,1,0,0,1,0,1,0,0,0,0,0,Amount;Beneficiary,1
ANOM000141,100000146,ATM2503113TRZEE,CDR202600060110,,UNUSUAL_CALL_BEFORE_TRANSACTION,HARD,BANK_CDR,0,1,0,0,0,0,0,1,0,0,0,Call,1
ANOM000142,100000155,TXN250303X0THMI,CDR202600060111,,CALL_THEN_HIGH_VALUE_TRANSFER,EASY,BANK_CDR,1,1,0,1,0,0,0,1,0,0,0,Amount;Call,1
ANOM000143,100000021,TXN250315XSAOW5,CDR202600060112,,CALL_THEN_NEW_BENEFICIARY,MEDIUM,BANK_CDR,1,1,0,0,0,1,0,1,0,0,0,Beneficiary;Call,1
ANOM000144,100000299,TXN2502222HE5S5,CDR202600060113;CDR202600060114;CDR202600060115;CDR202600060116,,REPEATED_CALLS_BEFORE_TRANSACTION,HARD,BANK_CDR,0,1,0,0,0,0,0,1,0,0,0,Call,1
ANOM000145,100000018,TXN2503036HTCPW,,IPDR202600050226;IPDR202600050227;IPDR202600050228;IPDR202600050229;IPDR202600050230;IPDR202600050231;IPDR202600050232;IPDR202600050233;IPDR202600050234;IPDR202600050235,NETWORK_SESSION_BURST_AROUND_TRANSACTION,HARD,BANK_CDR_IPDR,0,0,1,0,0,0,0,0,0,0,1,Network,1
ANOM000146,100000042,TXN250111NEN7FG,CDR202600060117,IPDR202600050236,UNUSUAL_LOCATION_CONTEXT,MEDIUM,BANK_CDR_IPDR,0,1,1,0,0,0,0,0,0,1,0,Location,1
ANOM000147,100000226,ATM250326L9SNIK,CDR202600060118,IPDR202600050237,NEW_DEVICE_AROUND_TRANSACTION,MEDIUM,BANK_CDR_IPDR,0,1,1,0,0,0,0,0,1,0,0,Device,1
ANOM000148,100000234,TXN250319024YOM,CDR202600060119,,IMSI_IMEI_PAIR_NOVELTY,HARD,BANK_CDR,0,1,0,0,0,0,0,0,1,0,0,Device,1
ANOM000149,100000178,TXN250115Y79L9N,CDR202600060120,IPDR202600050238;IPDR202600050239;IPDR202600050240;IPDR202600050241;IPDR202600050242;IPDR202600050243;IPDR202600050244,SUBTLE_MULTI_SOURCE_SUSPICIOUS_PATTERN,HARD,BANK_CDR_IPDR,1,1,1,1,0,0,0,1,0,0,1,Amount;Call;Network,1
ANOM000150,100000013,TXN250110KXMLDR,,,ODD_HOUR_TRANSACTION,MEDIUM,BANK_ONLY,1,0,0,0,1,0,0,0,0,0,0,Time,1
ANOM000151,100000011,TXN250107SFIKSV,,,CUSTOMER_RELATIVE_AMOUNT_SPIKE,EASY,BANK_ONLY,1,0,0,1,0,0,0,0,0,0,0,Amount,1
ANOM000152,100000287,TXN250314VCN3SG,,,AMOUNT_VELOCITY_SPIKE,MEDIUM,BANK_ONLY,1,0,0,1,0,0,1,0,0,0,0,Amount;Velocity,1
ANOM000153,100000040,TXN250119ROZT4B,,,TRANSACTION_BURST,EASY,BANK_ONLY,1,0,0,0,0,0,1,0,0,0,0,Velocity,1
ANOM000154,100000394,ATM250101NZIVQ4,,,NEW_BENEFICIARY,MEDIUM,BANK_ONLY,1,0,0,0,0,1,0,0,0,0,0,Beneficiary,1
ANOM000155,100000375,ATM250309FUMGBH,,,AMOUNT_PLUS_NEW_BENEFICIARY,MEDIUM,BANK_ONLY,1,0,0,1,0,1,0,0,0,0,0,Amount;Beneficiary,1
ANOM000156,100000332,TXN250126BDFCIZ,CDR202600060121,,UNUSUAL_CALL_BEFORE_TRANSACTION,MEDIUM,BANK_CDR,0,1,0,0,0,0,0,1,0,0,0,Call,1
ANOM000157,100000381,TXN250312YN2XB8,CDR202600060122,,CALL_THEN_HIGH_VALUE_TRANSFER,HARD,BANK_CDR,1,1,0,1,0,0,0,1,0,0,0,Amount;Call,1
ANOM000158,100000202,ATM250102D3LXIZ,CDR202600060123,,CALL_THEN_NEW_BENEFICIARY,EASY,BANK_CDR,1,1,0,0,0,1,0,1,0,0,0,Beneficiary;Call,1
ANOM000159,100000017,ATM25021465EW3P,CDR202600060124;CDR202600060125;CDR202600060126,,REPEATED_CALLS_BEFORE_TRANSACTION,HARD,BANK_CDR,0,1,0,0,0,0,0,1,0,0,0,Call,1
ANOM000160,100000063,ATM250327O3NX4X,,IPDR202600050245;IPDR202600050246;IPDR202600050247;IPDR202600050248;IPDR202600050249;IPDR202600050250;IPDR202600050251;IPDR202600050252;IPDR202600050253;IPDR202600050254;IPDR202600050255;IPDR202600050256;IPDR202600050257;IPDR202600050258,NETWORK_SESSION_BURST_AROUND_TRANSACTION,HARD,BANK_CDR_IPDR,0,0,1,0,0,0,0,0,0,0,1,Network,1
ANOM000161,100000050,TXN250212JU2T0U,CDR202600060127,IPDR202600050259,UNUSUAL_LOCATION_CONTEXT,EASY,BANK_CDR_IPDR,0,1,1,0,0,0,0,0,0,1,0,Location,1
ANOM000162,100000111,TXN250222X39GYB,CDR202600060128,IPDR202600050260,NEW_DEVICE_AROUND_TRANSACTION,HARD,BANK_CDR_IPDR,0,1,1,0,0,0,0,0,1,0,0,Device,1
ANOM000163,100000082,TXN25022398Z8MQ,CDR202600060129,,IMSI_IMEI_PAIR_NOVELTY,EASY,BANK_CDR,0,1,0,0,0,0,0,0,1,0,0,Device,1
ANOM000164,100000218,TXN250324HZSY6U,CDR202600060130,IPDR202600050261;IPDR202600050262;IPDR202600050263;IPDR202600050264;IPDR202600050265;IPDR202600050266,SUBTLE_MULTI_SOURCE_SUSPICIOUS_PATTERN,MEDIUM,BANK_CDR_IPDR,1,1,1,1,0,0,0,1,0,0,1,Amount;Call;Network,1
ANOM000165,100000306,TXN250104AQXIM0,,,ODD_HOUR_TRANSACTION,MEDIUM,BANK_ONLY,1,0,0,0,1,0,0,0,0,0,0,Time,1
ANOM000166,100000227,ATM250126SVFNYZ,,,CUSTOMER_RELATIVE_AMOUNT_SPIKE,EASY,BANK_ONLY,1,0,0,1,0,0,0,0,0,0,0,Amount,1
ANOM000167,100000312,TXN250201NJ089C,,,AMOUNT_VELOCITY_SPIKE,EASY,BANK_ONLY,1,0,0,1,0,0,1,0,0,0,0,Amount;Velocity,1
ANOM000168,100000295,TXN2502105C4I4L,,,TRANSACTION_BURST,MEDIUM,BANK_ONLY,1,0,0,0,0,0,1,0,0,0,0,Velocity,1
ANOM000169,100000153,ATM250304NCUWRV,,,NEW_BENEFICIARY,MEDIUM,BANK_ONLY,1,0,0,0,0,1,0,0,0,0,0,Beneficiary,1
ANOM000170,100000242,ATM250103MRTER1,,,AMOUNT_PLUS_NEW_BENEFICIARY,HARD,BANK_ONLY,1,0,0,1,0,1,0,0,0,0,0,Amount;Beneficiary,1
ANOM000171,100000090,TXN2501048W4NMN,CDR202600060131,,UNUSUAL_CALL_BEFORE_TRANSACTION,EASY,BANK_CDR,0,1,0,0,0,0,0,1,0,0,0,Call,1
ANOM000172,100000304,ATM250322PAYF3D,CDR202600060132,,CALL_THEN_HIGH_VALUE_TRANSFER,MEDIUM,BANK_CDR,1,1,0,1,0,0,0,1,0,0,0,Amount;Call,1
ANOM000173,100000078,TXN25011266QHAY,CDR202600060133,,CALL_THEN_NEW_BENEFICIARY,EASY,BANK_CDR,1,1,0,0,0,1,0,1,0,0,0,Beneficiary;Call,1
ANOM000174,100000390,ATM250217J6DCXP,CDR202600060134;CDR202600060135;CDR202600060136,,REPEATED_CALLS_BEFORE_TRANSACTION,HARD,BANK_CDR,0,1,0,0,0,0,0,1,0,0,0,Call,1
ANOM000175,100000164,TXN250330LSC1DX,,IPDR202600050267;IPDR202600050268;IPDR202600050269;IPDR202600050270;IPDR202600050271;IPDR202600050272;IPDR202600050273;IPDR202600050274;IPDR202600050275;IPDR202600050276;IPDR202600050277;IPDR202600050278;IPDR202600050279;IPDR202600050280;IPDR202600050281;IPDR202600050282;IPDR202600050283,NETWORK_SESSION_BURST_AROUND_TRANSACTION,HARD,BANK_CDR_IPDR,0,0,1,0,0,0,0,0,0,0,1,Network,1
ANOM000176,100000178,ATM2501145P854Q,CDR202600060137,IPDR202600050284,UNUSUAL_LOCATION_CONTEXT,MEDIUM,BANK_CDR_IPDR,0,1,1,0,0,0,0,0,0,1,0,Location,1
ANOM000177,100000200,ATM250306064NMM,CDR202600060138,IPDR202600050285,NEW_DEVICE_AROUND_TRANSACTION,HARD,BANK_CDR_IPDR,0,1,1,0,0,0,0,0,1,0,0,Device,1
ANOM000178,100000236,TXN25012092MY4E,CDR202600060139,,IMSI_IMEI_PAIR_NOVELTY,HARD,BANK_CDR,0,1,0,0,0,0,0,0,1,0,0,Device,1
ANOM000179,100000342,ATM250301CT59FX,CDR202600060140,IPDR202600050286;IPDR202600050287;IPDR202600050288;IPDR202600050289,SUBTLE_MULTI_SOURCE_SUSPICIOUS_PATTERN,EASY,BANK_CDR_IPDR,1,1,1,1,0,0,0,1,0,0,1,Amount;Call;Network,1
ANOM000180,100000214,TXN250125N0AOTD,,,ODD_HOUR_TRANSACTION,HARD,BANK_ONLY,1,0,0,0,1,0,0,0,0,0,0,Time,1
ANOM000181,100000068,TXN2503312FALJ8,,,CUSTOMER_RELATIVE_AMOUNT_SPIKE,MEDIUM,BANK_ONLY,1,0,0,1,0,0,0,0,0,0,0,Amount,1
ANOM000182,100000145,ATM250203IZ6Q0R,,,AMOUNT_VELOCITY_SPIKE,MEDIUM,BANK_ONLY,1,0,0,1,0,0,1,0,0,0,0,Amount;Velocity,1
ANOM000183,100000175,TXN250302UE9HTL,,,TRANSACTION_BURST,MEDIUM,BANK_ONLY,1,0,0,0,0,0,1,0,0,0,0,Velocity,1
ANOM000184,100000297,ATM2502055LT3UK,,,NEW_BENEFICIARY,HARD,BANK_ONLY,1,0,0,0,0,1,0,0,0,0,0,Beneficiary,1
ANOM000185,100000072,ATM250210IHI2MM,,,AMOUNT_PLUS_NEW_BENEFICIARY,HARD,BANK_ONLY,1,0,0,1,0,1,0,0,0,0,0,Amount;Beneficiary,1
ANOM000186,100000054,TXN250314T156C3,CDR202600060141,,UNUSUAL_CALL_BEFORE_TRANSACTION,EASY,BANK_CDR,0,1,0,0,0,0,0,1,0,0,0,Call,1
ANOM000187,100000068,ATM25020995SA6J,CDR202600060142,,CALL_THEN_HIGH_VALUE_TRANSFER,HARD,BANK_CDR,1,1,0,1,0,0,0,1,0,0,0,Amount;Call,1
ANOM000188,100000355,TXN250219T95KLY,CDR202600060143,,CALL_THEN_NEW_BENEFICIARY,HARD,BANK_CDR,1,1,0,0,0,1,0,1,0,0,0,Beneficiary;Call,1
ANOM000189,100000310,ATM250206MSI3Z6,CDR202600060144;CDR202600060145;CDR202600060146;CDR202600060147,,REPEATED_CALLS_BEFORE_TRANSACTION,HARD,BANK_CDR,0,1,0,0,0,0,0,1,0,0,0,Call,1
ANOM000190,100000194,ATM250206C7GNV2,,IPDR202600050290;IPDR202600050291;IPDR202600050292;IPDR202600050293;IPDR202600050294;IPDR202600050295;IPDR202600050296;IPDR202600050297;IPDR202600050298;IPDR202600050299;IPDR202600050300,NETWORK_SESSION_BURST_AROUND_TRANSACTION,HARD,BANK_CDR_IPDR,0,0,1,0,0,0,0,0,0,0,1,Network,1
ANOM000191,100000142,ATM250307YRXX5M,CDR202600060148,IPDR202600050301,UNUSUAL_LOCATION_CONTEXT,HARD,BANK_CDR_IPDR,0,1,1,0,0,0,0,0,0,1,0,Location,1
ANOM000192,100000335,ATM250116IOA1KN,CDR202600060149,IPDR202600050302,NEW_DEVICE_AROUND_TRANSACTION,MEDIUM,BANK_CDR_IPDR,0,1,1,0,0,0,0,0,1,0,0,Device,1
ANOM000193,100000069,ATM250112EQ78XX,CDR202600060150,,IMSI_IMEI_PAIR_NOVELTY,MEDIUM,BANK_CDR,0,1,0,0,0,0,0,0,1,0,0,Device,1
ANOM000194,100000064,TXN2501083DL7YV,CDR202600060151,IPDR202600050303;IPDR202600050304;IPDR202600050305;IPDR202600050306;IPDR202600050307;IPDR202600050308,SUBTLE_MULTI_SOURCE_SUSPICIOUS_PATTERN,EASY,BANK_CDR_IPDR,1,1,1,1,0,0,0,1,0,0,1,Amount;Call;Network,1
ANOM000195,100000066,TXN250129O0L62Q,,,ODD_HOUR_TRANSACTION,MEDIUM,BANK_ONLY,1,0,0,0,1,0,0,0,0,0,0,Time,1
ANOM000196,100000325,ATM250328V4XCGF,,,CUSTOMER_RELATIVE_AMOUNT_SPIKE,HARD,BANK_ONLY,1,0,0,1,0,0,0,0,0,0,0,Amount,1
ANOM000197,100000021,TXN250317MWR5K4,,,AMOUNT_VELOCITY_SPIKE,EASY,BANK_ONLY,1,0,0,1,0,0,1,0,0,0,0,Amount;Velocity,1
ANOM000198,100000139,TXN250114890GF4,,,TRANSACTION_BURST,EASY,BANK_ONLY,1,0,0,0,0,0,1,0,0,0,0,Velocity,1
ANOM000199,100000163,TXN2503082CDVKJ,,,NEW_BENEFICIARY,MEDIUM,BANK_ONLY,1,0,0,0,0,1,0,0,0,0,0,Beneficiary,1
ANOM000200,100000231,TXN25031187WEJB,,,AMOUNT_PLUS_NEW_BENEFICIARY,EASY,BANK_ONLY,1,0,0,1,0,1,0,0,0,0,0,Amount;Beneficiary,1
ANOM000201,100000161,TXN250202UJU4GC,CDR202600060152,,UNUSUAL_CALL_BEFORE_TRANSACTION,MEDIUM,BANK_CDR,0,1,0,0,0,0,0,1,0,0,0,Call,1
ANOM000202,100000056,TXN250328MO277V,CDR202600060153,,CALL_THEN_HIGH_VALUE_TRANSFER,MEDIUM,BANK_CDR,1,1,0,1,0,0,0,1,0,0,0,Amount;Call,1
ANOM000203,100000318,TXN2501182ODFEW,CDR202600060154,,CALL_THEN_NEW_BENEFICIARY,EASY,BANK_CDR,1,1,0,0,0,1,0,1,0,0,0,Beneficiary;Call,1
ANOM000204,100000186,TXN250302PIGPXG,CDR202600060155;CDR202600060156;CDR202600060157;CDR202600060158,,REPEATED_CALLS_BEFORE_TRANSACTION,HARD,BANK_CDR,0,1,0,0,0,0,0,1,0,0,0,Call,1
ANOM000205,100000094,TXN250209MKCRPR,,IPDR202600050309;IPDR202600050310;IPDR202600050311;IPDR202600050312;IPDR202600050313;IPDR202600050314;IPDR202600050315;IPDR202600050316;IPDR202600050317;IPDR202600050318;IPDR202600050319;IPDR202600050320;IPDR202600050321;IPDR202600050322;IPDR202600050323;IPDR202600050324;IPDR202600050325;IPDR202600050326;IPDR202600050327;IPDR202600050328;IPDR202600050329;IPDR202600050330;IPDR202600050331;IPDR202600050332;IPDR202600050333;IPDR202600050334;IPDR202600050335;IPDR202600050336;IPDR202600050337;IPDR202600050338;IPDR202600050339;IPDR202600050340,NETWORK_SESSION_BURST_AROUND_TRANSACTION,EASY,BANK_CDR_IPDR,0,0,1,0,0,0,0,0,0,0,1,Network,1
ANOM000206,100000312,ATM2503316K2JRP,CDR202600060159,IPDR202600050341,UNUSUAL_LOCATION_CONTEXT,HARD,BANK_CDR_IPDR,0,1,1,0,0,0,0,0,0,1,0,Location,1
ANOM000207,100000062,TXN2501094MJSWV,CDR202600060160,IPDR202600050342,NEW_DEVICE_AROUND_TRANSACTION,HARD,BANK_CDR_IPDR,0,1,1,0,0,0,0,0,1,0,0,Device,1
ANOM000208,100000380,ATM250114YQSX1J,CDR202600060161,,IMSI_IMEI_PAIR_NOVELTY,MEDIUM,BANK_CDR,0,1,0,0,0,0,0,0,1,0,0,Device,1
ANOM000209,100000106,TXN250115TBTVWC,CDR202600060162,IPDR202600050343;IPDR202600050344;IPDR202600050345;IPDR202600050346;IPDR202600050347;IPDR202600050348,SUBTLE_MULTI_SOURCE_SUSPICIOUS_PATTERN,EASY,BANK_CDR_IPDR,1,1,1,1,0,0,0,1,0,0,1,Amount;Call;Network,1
ANOM000210,100000156,TXN250331S9RPLM,,,ODD_HOUR_TRANSACTION,MEDIUM,BANK_ONLY,1,0,0,0,1,0,0,0,0,0,0,Time,1
ANOM000211,100000178,TXN250217BOPSFY,,,CUSTOMER_RELATIVE_AMOUNT_SPIKE,MEDIUM,BANK_ONLY,1,0,0,1,0,0,0,0,0,0,0,Amount,1
ANOM000212,100000204,TXN250312PMR44B,,,AMOUNT_VELOCITY_SPIKE,EASY,BANK_ONLY,1,0,0,1,0,0,1,0,0,0,0,Amount;Velocity,1
ANOM000213,100000062,TXN250221K4OF0K,,,TRANSACTION_BURST,HARD,BANK_ONLY,1,0,0,0,0,0,1,0,0,0,0,Velocity,1
ANOM000214,100000006,TXN250103LKZ4SM,,,NEW_BENEFICIARY,EASY,BANK_ONLY,1,0,0,0,0,1,0,0,0,0,0,Beneficiary,1
ANOM000215,100000014,ATM250327NAII1Y,,,AMOUNT_PLUS_NEW_BENEFICIARY,HARD,BANK_ONLY,1,0,0,1,0,1,0,0,0,0,0,Amount;Beneficiary,1
ANOM000216,100000232,ATM250328N6KXDF,CDR202600060163,,UNUSUAL_CALL_BEFORE_TRANSACTION,MEDIUM,BANK_CDR,0,1,0,0,0,0,0,1,0,0,0,Call,1
ANOM000217,100000228,ATM25031682FYJ1,CDR202600060164,,CALL_THEN_HIGH_VALUE_TRANSFER,HARD,BANK_CDR,1,1,0,1,0,0,0,1,0,0,0,Amount;Call,1
ANOM000218,100000320,ATM250116ZSKDZ7,CDR202600060165,,CALL_THEN_NEW_BENEFICIARY,EASY,BANK_CDR,1,1,0,0,0,1,0,1,0,0,0,Beneficiary;Call,1
ANOM000219,100000245,TXN250329RMTNBR,CDR202600060166;CDR202600060167;CDR202600060168;CDR202600060169,,REPEATED_CALLS_BEFORE_TRANSACTION,MEDIUM,BANK_CDR,0,1,0,0,0,0,0,1,0,0,0,Call,1
ANOM000220,100000185,TXN25011773C8O8,,IPDR202600050349;IPDR202600050350;IPDR202600050351;IPDR202600050352;IPDR202600050353;IPDR202600050354;IPDR202600050355;IPDR202600050356;IPDR202600050357;IPDR202600050358;IPDR202600050359;IPDR202600050360;IPDR202600050361;IPDR202600050362;IPDR202600050363;IPDR202600050364;IPDR202600050365;IPDR202600050366;IPDR202600050367;IPDR202600050368;IPDR202600050369;IPDR202600050370,NETWORK_SESSION_BURST_AROUND_TRANSACTION,EASY,BANK_CDR_IPDR,0,0,1,0,0,0,0,0,0,0,1,Network,1
ANOM000221,100000320,TXN250318H9TM3Z,CDR202600060170,IPDR202600050371,UNUSUAL_LOCATION_CONTEXT,HARD,BANK_CDR_IPDR,0,1,1,0,0,0,0,0,0,1,0,Location,1
ANOM000222,100000368,TXN250103AXWENM,CDR202600060171,IPDR202600050372,NEW_DEVICE_AROUND_TRANSACTION,EASY,BANK_CDR_IPDR,0,1,1,0,0,0,0,0,1,0,0,Device,1
ANOM000223,100000143,TXN250319CXRJXQ,CDR202600060172,,IMSI_IMEI_PAIR_NOVELTY,HARD,BANK_CDR,0,1,0,0,0,0,0,0,1,0,0,Device,1
ANOM000224,100000011,ATM2503235MXVH0,CDR202600060173,IPDR202600050373;IPDR202600050374;IPDR202600050375;IPDR202600050376,SUBTLE_MULTI_SOURCE_SUSPICIOUS_PATTERN,MEDIUM,BANK_CDR_IPDR,1,1,1,1,0,0,0,1,0,0,1,Amount;Call;Network,1
ANOM000225,100000065,ATM250109C8J0VE,,,ODD_HOUR_TRANSACTION,HARD,BANK_ONLY,1,0,0,0,1,0,0,0,0,0,0,Time,1
ANOM000226,100000026,TXN2502220G54JL,,,CUSTOMER_RELATIVE_AMOUNT_SPIKE,EASY,BANK_ONLY,1,0,0,1,0,0,0,0,0,0,0,Amount,1
ANOM000227,100000124,TXN250303TMDVE5,,,AMOUNT_VELOCITY_SPIKE,MEDIUM,BANK_ONLY,1,0,0,1,0,0,1,0,0,0,0,Amount;Velocity,1
ANOM000228,100000235,ATM250320AGGB4E,,,TRANSACTION_BURST,EASY,BANK_ONLY,1,0,0,0,0,0,1,0,0,0,0,Velocity,1
ANOM000229,100000230,TXN25031003CRA0,,,NEW_BENEFICIARY,HARD,BANK_ONLY,1,0,0,0,0,1,0,0,0,0,0,Beneficiary,1
ANOM000230,100000012,TXN250130CAWGVA,,,AMOUNT_PLUS_NEW_BENEFICIARY,EASY,BANK_ONLY,1,0,0,1,0,1,0,0,0,0,0,Amount;Beneficiary,1
ANOM000231,100000246,TXN250303A34WHP,CDR202600060174,,UNUSUAL_CALL_BEFORE_TRANSACTION,EASY,BANK_CDR,0,1,0,0,0,0,0,1,0,0,0,Call,1
ANOM000232,100000182,ATM25011051OOOI,CDR202600060175,,CALL_THEN_HIGH_VALUE_TRANSFER,MEDIUM,BANK_CDR,1,1,0,1,0,0,0,1,0,0,0,Amount;Call,1
ANOM000233,100000152,TXN250225HVVSGZ,CDR202600060176,,CALL_THEN_NEW_BENEFICIARY,HARD,BANK_CDR,1,1,0,0,0,1,0,1,0,0,0,Beneficiary;Call,1
ANOM000234,100000100,TXN250321693KTU,CDR202600060177;CDR202600060178;CDR202600060179;CDR202600060180,,REPEATED_CALLS_BEFORE_TRANSACTION,MEDIUM,BANK_CDR,0,1,0,0,0,0,0,1,0,0,0,Call,1
ANOM000235,100000036,ATM2503271PK88H,,IPDR202600050377;IPDR202600050378;IPDR202600050379;IPDR202600050380;IPDR202600050381;IPDR202600050382;IPDR202600050383;IPDR202600050384;IPDR202600050385;IPDR202600050386;IPDR202600050387;IPDR202600050388;IPDR202600050389;IPDR202600050390;IPDR202600050391;IPDR202600050392;IPDR202600050393;IPDR202600050394;IPDR202600050395;IPDR202600050396;IPDR202600050397;IPDR202600050398;IPDR202600050399,NETWORK_SESSION_BURST_AROUND_TRANSACTION,EASY,BANK_CDR_IPDR,0,0,1,0,0,0,0,0,0,0,1,Network,1
ANOM000236,100000242,TXN250313JXVOQ7,CDR202600060181,IPDR202600050400,UNUSUAL_LOCATION_CONTEXT,HARD,BANK_CDR_IPDR,0,1,1,0,0,0,0,0,0,1,0,Location,1
ANOM000237,100000299,ATM250321UF7MCF,CDR202600060182,IPDR202600050401,NEW_DEVICE_AROUND_TRANSACTION,HARD,BANK_CDR_IPDR,0,1,1,0,0,0,0,0,1,0,0,Device,1
ANOM000238,100000362,ATM250221F48GQF,CDR202600060183,,IMSI_IMEI_PAIR_NOVELTY,MEDIUM,BANK_CDR,0,1,0,0,0,0,0,0,1,0,0,Device,1
ANOM000239,100000147,ATM250129ZEXHG2,CDR202600060184,IPDR202600050402;IPDR202600050403;IPDR202600050404;IPDR202600050405;IPDR202600050406;IPDR202600050407;IPDR202600050408,SUBTLE_MULTI_SOURCE_SUSPICIOUS_PATTERN,HARD,BANK_CDR_IPDR,1,1,1,1,0,0,0,1,0,0,1,Amount;Call;Network,1
ANOM000240,100000222,TXN250131V5AW4A,,,ODD_HOUR_TRANSACTION,HARD,BANK_ONLY,1,0,0,0,1,0,0,0,0,0,0,Time,1
ANOM000241,100000074,TXN250221TQ2RSD,,,CUSTOMER_RELATIVE_AMOUNT_SPIKE,MEDIUM,BANK_ONLY,1,0,0,1,0,0,0,0,0,0,0,Amount,1
ANOM000242,100000104,TXN250324QN8MYF,,,AMOUNT_VELOCITY_SPIKE,HARD,BANK_ONLY,1,0,0,1,0,0,1,0,0,0,0,Amount;Velocity,1
ANOM000243,100000119,TXN2502070474XM,,,TRANSACTION_BURST,EASY,BANK_ONLY,1,0,0,0,0,0,1,0,0,0,0,Velocity,1
ANOM000244,100000008,TXN25020249RMYR,,,NEW_BENEFICIARY,MEDIUM,BANK_ONLY,1,0,0,0,0,1,0,0,0,0,0,Beneficiary,1
ANOM000245,100000217,ATM250115UQ9XWL,,,AMOUNT_PLUS_NEW_BENEFICIARY,EASY,BANK_ONLY,1,0,0,1,0,1,0,0,0,0,0,Amount;Beneficiary,1
ANOM000246,100000070,TXN250311CDN50C,CDR202600060185,,UNUSUAL_CALL_BEFORE_TRANSACTION,HARD,BANK_CDR,0,1,0,0,0,0,0,1,0,0,0,Call,1
ANOM000247,100000143,TXN2501306VYDFX,CDR202600060186,,CALL_THEN_HIGH_VALUE_TRANSFER,HARD,BANK_CDR,1,1,0,1,0,0,0,1,0,0,0,Amount;Call,1
ANOM000248,100000354,ATM2501214XUYKC,CDR202600060187,,CALL_THEN_NEW_BENEFICIARY,HARD,BANK_CDR,1,1,0,0,0,1,0,1,0,0,0,Beneficiary;Call,1
ANOM000249,100000211,TXN2503298Y7RM2,CDR202600060188;CDR202600060189;CDR202600060190;CDR202600060191;CDR202600060192;CDR202600060193,,REPEATED_CALLS_BEFORE_TRANSACTION,MEDIUM,BANK_CDR,0,1,0,0,0,0,0,1,0,0,0,Call,1
ANOM000250,100000266,TXN2501190CL3C7,,IPDR202600050409;IPDR202600050410;IPDR202600050411;IPDR202600050412;IPDR202600050413;IPDR202600050414;IPDR202600050415;IPDR202600050416;IPDR202600050417;IPDR202600050418;IPDR202600050419;IPDR202600050420;IPDR202600050421;IPDR202600050422;IPDR202600050423;IPDR202600050424;IPDR202600050425;IPDR202600050426;IPDR202600050427;IPDR202600050428;IPDR202600050429,NETWORK_SESSION_BURST_AROUND_TRANSACTION,EASY,BANK_CDR_IPDR,0,0,1,0,0,0,0,0,0,0,1,Network,1
ANOM000251,100000020,TXN250128KEOQH5,CDR202600060194,IPDR202600050430,UNUSUAL_LOCATION_CONTEXT,HARD,BANK_CDR_IPDR,0,1,1,0,0,0,0,0,0,1,0,Location,1
ANOM000252,100000019,ATM2502032WEGCK,CDR202600060195,IPDR202600050431,NEW_DEVICE_AROUND_TRANSACTION,MEDIUM,BANK_CDR_IPDR,0,1,1,0,0,0,0,0,1,0,0,Device,1
ANOM000253,100000023,ATM250310QGQ7AG,CDR202600060196,,IMSI_IMEI_PAIR_NOVELTY,HARD,BANK_CDR,0,1,0,0,0,0,0,0,1,0,0,Device,1
ANOM000254,100000339,TXN2503171NDN9D,CDR202600060197,IPDR202600050432;IPDR202600050433;IPDR202600050434;IPDR202600050435;IPDR202600050436;IPDR202600050437,SUBTLE_MULTI_SOURCE_SUSPICIOUS_PATTERN,HARD,BANK_CDR_IPDR,1,1,1,1,0,0,0,1,0,0,1,Amount;Call;Network,1
ANOM000255,100000368,TXN250116K9Q1GF,,,ODD_HOUR_TRANSACTION,MEDIUM,BANK_ONLY,1,0,0,0,1,0,0,0,0,0,0,Time,1
ANOM000256,100000014,ATM2503197PZQYG,,,CUSTOMER_RELATIVE_AMOUNT_SPIKE,MEDIUM,BANK_ONLY,1,0,0,1,0,0,0,0,0,0,0,Amount,1
ANOM000257,100000034,ATM2503062DUX4T,,,AMOUNT_VELOCITY_SPIKE,HARD,BANK_ONLY,1,0,0,1,0,0,1,0,0,0,0,Amount;Velocity,1
ANOM000258,100000009,ATM250217M7NSL2,,,TRANSACTION_BURST,EASY,BANK_ONLY,1,0,0,0,0,0,1,0,0,0,0,Velocity,1
ANOM000259,100000376,TXN250120V2VJOW,,,NEW_BENEFICIARY,HARD,BANK_ONLY,1,0,0,0,0,1,0,0,0,0,0,Beneficiary,1
ANOM000260,100000159,ATM250305O3PBC4,,,AMOUNT_PLUS_NEW_BENEFICIARY,MEDIUM,BANK_ONLY,1,0,0,1,0,1,0,0,0,0,0,Amount;Beneficiary,1
ANOM000261,100000046,ATM250122E03I06,CDR202600060198,,UNUSUAL_CALL_BEFORE_TRANSACTION,HARD,BANK_CDR,0,1,0,0,0,0,0,1,0,0,0,Call,1
ANOM000262,100000279,TXN2503181QA48L,CDR202600060199,,CALL_THEN_HIGH_VALUE_TRANSFER,HARD,BANK_CDR,1,1,0,1,0,0,0,1,0,0,0,Amount;Call,1
ANOM000263,100000210,TXN250125IUGE5W,CDR202600060200,,CALL_THEN_NEW_BENEFICIARY,MEDIUM,BANK_CDR,1,1,0,0,0,1,0,1,0,0,0,Beneficiary;Call,1
ANOM000264,100000175,TXN250214Q50F5P,CDR202600060201;CDR202600060202;CDR202600060203;CDR202600060204,,REPEATED_CALLS_BEFORE_TRANSACTION,MEDIUM,BANK_CDR,0,1,0,0,0,0,0,1,0,0,0,Call,1
ANOM000265,100000264,ATM250124SP5FRS,,IPDR202600050438;IPDR202600050439;IPDR202600050440;IPDR202600050441;IPDR202600050442;IPDR202600050443;IPDR202600050444;IPDR202600050445;IPDR202600050446;IPDR202600050447;IPDR202600050448;IPDR202600050449;IPDR202600050450;IPDR202600050451;IPDR202600050452;IPDR202600050453;IPDR202600050454,NETWORK_SESSION_BURST_AROUND_TRANSACTION,MEDIUM,BANK_CDR_IPDR,0,0,1,0,0,0,0,0,0,0,1,Network,1
ANOM000266,100000078,ATM250214GY02NM,CDR202600060205,IPDR202600050455,UNUSUAL_LOCATION_CONTEXT,EASY,BANK_CDR_IPDR,0,1,1,0,0,0,0,0,0,1,0,Location,1
ANOM000267,100000213,TXN250209CKUSLH,CDR202600060206,IPDR202600050456,NEW_DEVICE_AROUND_TRANSACTION,HARD,BANK_CDR_IPDR,0,1,1,0,0,0,0,0,1,0,0,Device,1
ANOM000268,100000009,TXN250318R2PKG0,CDR202600060207,,IMSI_IMEI_PAIR_NOVELTY,HARD,BANK_CDR,0,1,0,0,0,0,0,0,1,0,0,Device,1
ANOM000269,100000234,TXN2501135C9CJL,CDR202600060208,IPDR202600050457;IPDR202600050458;IPDR202600050459;IPDR202600050460;IPDR202600050461;IPDR202600050462;IPDR202600050463;IPDR202600050464,SUBTLE_MULTI_SOURCE_SUSPICIOUS_PATTERN,EASY,BANK_CDR_IPDR,1,1,1,1,0,0,0,1,0,0,1,Amount;Call;Network,1
ANOM000270,100000066,ATM250307MZ2XZ6,,,ODD_HOUR_TRANSACTION,HARD,BANK_ONLY,1,0,0,0,1,0,0,0,0,0,0,Time,1
ANOM000271,100000324,TXN25022859A2UZ,,,CUSTOMER_RELATIVE_AMOUNT_SPIKE,HARD,BANK_ONLY,1,0,0,1,0,0,0,0,0,0,0,Amount,1
ANOM000272,100000335,ATM250105PESQ50,,,AMOUNT_VELOCITY_SPIKE,EASY,BANK_ONLY,1,0,0,1,0,0,1,0,0,0,0,Amount;Velocity,1
ANOM000273,100000253,TXN25020876WISR,,,TRANSACTION_BURST,MEDIUM,BANK_ONLY,1,0,0,0,0,0,1,0,0,0,0,Velocity,1
ANOM000274,100000380,ATM250304VQWH5C,,,NEW_BENEFICIARY,HARD,BANK_ONLY,1,0,0,0,0,1,0,0,0,0,0,Beneficiary,1
ANOM000275,100000037,TXN2501073F4QS5,,,AMOUNT_PLUS_NEW_BENEFICIARY,EASY,BANK_ONLY,1,0,0,1,0,1,0,0,0,0,0,Amount;Beneficiary,1
ANOM000276,100000038,TXN250228HH44RV,CDR202600060209,,UNUSUAL_CALL_BEFORE_TRANSACTION,EASY,BANK_CDR,0,1,0,0,0,0,0,1,0,0,0,Call,1
ANOM000277,100000244,TXN250210OFIMI6,CDR202600060210,,CALL_THEN_HIGH_VALUE_TRANSFER,EASY,BANK_CDR,1,1,0,1,0,0,0,1,0,0,0,Amount;Call,1
ANOM000278,100000226,TXN2503126NKHR0,CDR202600060211,,CALL_THEN_NEW_BENEFICIARY,HARD,BANK_CDR,1,1,0,0,0,1,0,1,0,0,0,Beneficiary;Call,1
ANOM000279,100000279,TXN2503042TJHZ1,CDR202600060212;CDR202600060213;CDR202600060214,,REPEATED_CALLS_BEFORE_TRANSACTION,HARD,BANK_CDR,0,1,0,0,0,0,0,1,0,0,0,Call,1
ANOM000280,100000100,ATM250223ZF03FJ,,IPDR202600050465;IPDR202600050466;IPDR202600050467;IPDR202600050468;IPDR202600050469;IPDR202600050470;IPDR202600050471;IPDR202600050472;IPDR202600050473;IPDR202600050474,NETWORK_SESSION_BURST_AROUND_TRANSACTION,HARD,BANK_CDR_IPDR,0,0,1,0,0,0,0,0,0,0,1,Network,1
ANOM000281,100000018,TXN250125SYW3T1,CDR202600060215,IPDR202600050475,UNUSUAL_LOCATION_CONTEXT,EASY,BANK_CDR_IPDR,0,1,1,0,0,0,0,0,0,1,0,Location,1
ANOM000282,100000256,TXN250203BM6DJ1,CDR202600060216,IPDR202600050476,NEW_DEVICE_AROUND_TRANSACTION,HARD,BANK_CDR_IPDR,0,1,1,0,0,0,0,0,1,0,0,Device,1
ANOM000283,100000111,ATM250113BXJFVA,CDR202600060217,,IMSI_IMEI_PAIR_NOVELTY,HARD,BANK_CDR,0,1,0,0,0,0,0,0,1,0,0,Device,1
ANOM000284,100000020,TXN250202XAS4TW,CDR202600060218,IPDR202600050477;IPDR202600050478;IPDR202600050479;IPDR202600050480;IPDR202600050481;IPDR202600050482,SUBTLE_MULTI_SOURCE_SUSPICIOUS_PATTERN,MEDIUM,BANK_CDR_IPDR,1,1,1,1,0,0,0,1,0,0,1,Amount;Call;Network,1
ANOM000285,100000064,ATM250219Z860P1,,,ODD_HOUR_TRANSACTION,MEDIUM,BANK_ONLY,1,0,0,0,1,0,0,0,0,0,0,Time,1
ANOM000286,100000199,TXN250212CWEH9E,,,CUSTOMER_RELATIVE_AMOUNT_SPIKE,EASY,BANK_ONLY,1,0,0,1,0,0,0,0,0,0,0,Amount,1
ANOM000287,100000130,ATM2501281B95RW,,,AMOUNT_VELOCITY_SPIKE,MEDIUM,BANK_ONLY,1,0,0,1,0,0,1,0,0,0,0,Amount;Velocity,1
ANOM000288,100000064,TXN25030238FCI4,,,TRANSACTION_BURST,MEDIUM,BANK_ONLY,1,0,0,0,0,0,1,0,0,0,0,Velocity,1
ANOM000289,100000069,ATM250326USA4TI,,,NEW_BENEFICIARY,HARD,BANK_ONLY,1,0,0,0,0,1,0,0,0,0,0,Beneficiary,1
ANOM000290,100000291,ATM250111303IQK,,,AMOUNT_PLUS_NEW_BENEFICIARY,MEDIUM,BANK_ONLY,1,0,0,1,0,1,0,0,0,0,0,Amount;Beneficiary,1
ANOM000291,100000091,TXN2501285N5HOH,CDR202600060219,,UNUSUAL_CALL_BEFORE_TRANSACTION,MEDIUM,BANK_CDR,0,1,0,0,0,0,0,1,0,0,0,Call,1
ANOM000292,100000350,TXN250127VL67OM,CDR202600060220,,CALL_THEN_HIGH_VALUE_TRANSFER,MEDIUM,BANK_CDR,1,1,0,1,0,0,0,1,0,0,0,Amount;Call,1
ANOM000293,100000063,ATM250217AJJ1PJ,CDR202600060221,,CALL_THEN_NEW_BENEFICIARY,HARD,BANK_CDR,1,1,0,0,0,1,0,1,0,0,0,Beneficiary;Call,1
ANOM000294,100000089,TXN2501120NIC8M,CDR202600060222;CDR202600060223;CDR202600060224;CDR202600060225;CDR202600060226;CDR202600060227;CDR202600060228,,REPEATED_CALLS_BEFORE_TRANSACTION,EASY,BANK_CDR,0,1,0,0,0,0,0,1,0,0,0,Call,1
ANOM000295,100000315,TXN250307R7QQQ7,,IPDR202600050483;IPDR202600050484;IPDR202600050485;IPDR202600050486;IPDR202600050487;IPDR202600050488;IPDR202600050489;IPDR202600050490;IPDR202600050491;IPDR202600050492;IPDR202600050493;IPDR202600050494;IPDR202600050495;IPDR202600050496;IPDR202600050497;IPDR202600050498,NETWORK_SESSION_BURST_AROUND_TRANSACTION,HARD,BANK_CDR_IPDR,0,0,1,0,0,0,0,0,0,0,1,Network,1
ANOM000296,100000191,ATM250225CHTJC9,CDR202600060229,IPDR202600050499,UNUSUAL_LOCATION_CONTEXT,HARD,BANK_CDR_IPDR,0,1,1,0,0,0,0,0,0,1,0,Location,1
ANOM000297,100000007,TXN250212CU72JG,CDR202600060230,IPDR202600050500,NEW_DEVICE_AROUND_TRANSACTION,MEDIUM,BANK_CDR_IPDR,0,1,1,0,0,0,0,0,1,0,0,Device,1
ANOM000298,100000190,TXN250206Z9QQW5,CDR202600060231,,IMSI_IMEI_PAIR_NOVELTY,MEDIUM,BANK_CDR,0,1,0,0,0,0,0,0,1,0,0,Device,1
ANOM000299,100000048,TXN250307YVNBMQ,CDR202600060232,IPDR202600050501;IPDR202600050502;IPDR202600050503;IPDR202600050504;IPDR202600050505;IPDR202600050506;IPDR202600050507;IPDR202600050508,SUBTLE_MULTI_SOURCE_SUSPICIOUS_PATTERN,MEDIUM,BANK_CDR_IPDR,1,1,1,1,0,0,0,1,0,0,1,Amount;Call;Network,1
ANOM000300,100000251,TXN250205V5RF0S,,,ODD_HOUR_TRANSACTION,MEDIUM,BANK_ONLY,1,0,0,0,1,0,0,0,0,0,0,Time,1
ANOM000301,100000352,TXN250301UV77J5,,,CUSTOMER_RELATIVE_AMOUNT_SPIKE,HARD,BANK_ONLY,1,0,0,1,0,0,0,0,0,0,0,Amount,1
ANOM000302,100000185,TXN2503276SHX1Z,,,AMOUNT_VELOCITY_SPIKE,HARD,BANK_ONLY,1,0,0,1,0,0,1,0,0,0,0,Amount;Velocity,1
ANOM000303,100000186,ATM2502137R1C5E,,,TRANSACTION_BURST,MEDIUM,BANK_ONLY,1,0,0,0,0,0,1,0,0,0,0,Velocity,1
ANOM000304,100000307,TXN250316KCGEFD,,,NEW_BENEFICIARY,MEDIUM,BANK_ONLY,1,0,0,0,0,1,0,0,0,0,0,Beneficiary,1
ANOM000305,100000208,TXN250331UEREEH,,,AMOUNT_PLUS_NEW_BENEFICIARY,HARD,BANK_ONLY,1,0,0,1,0,1,0,0,0,0,0,Amount;Beneficiary,1
ANOM000306,100000230,ATM2502219ICD6D,CDR202600060233,,UNUSUAL_CALL_BEFORE_TRANSACTION,EASY,BANK_CDR,0,1,0,0,0,0,0,1,0,0,0,Call,1
ANOM000307,100000111,TXN250218F7L8FN,CDR202600060234,,CALL_THEN_HIGH_VALUE_TRANSFER,EASY,BANK_CDR,1,1,0,1,0,0,0,1,0,0,0,Amount;Call,1
ANOM000308,100000218,TXN250118QTJPRV,CDR202600060235,,CALL_THEN_NEW_BENEFICIARY,HARD,BANK_CDR,1,1,0,0,0,1,0,1,0,0,0,Beneficiary;Call,1
ANOM000309,100000113,TXN2501236N6WQ6,CDR202600060236;CDR202600060237;CDR202600060238;CDR202600060239,,REPEATED_CALLS_BEFORE_TRANSACTION,MEDIUM,BANK_CDR,0,1,0,0,0,0,0,1,0,0,0,Call,1
ANOM000310,100000392,ATM250124W8TH90,,IPDR202600050509;IPDR202600050510;IPDR202600050511;IPDR202600050512;IPDR202600050513;IPDR202600050514;IPDR202600050515;IPDR202600050516;IPDR202600050517;IPDR202600050518;IPDR202600050519;IPDR202600050520;IPDR202600050521;IPDR202600050522;IPDR202600050523;IPDR202600050524;IPDR202600050525,NETWORK_SESSION_BURST_AROUND_TRANSACTION,HARD,BANK_CDR_IPDR,0,0,1,0,0,0,0,0,0,0,1,Network,1
ANOM000311,100000068,TXN2502098XNAQP,CDR202600060240,IPDR202600050526,UNUSUAL_LOCATION_CONTEXT,MEDIUM,BANK_CDR_IPDR,0,1,1,0,0,0,0,0,0,1,0,Location,1
ANOM000312,100000344,TXN2503019TR1NI,CDR202600060241,IPDR202600050527,NEW_DEVICE_AROUND_TRANSACTION,MEDIUM,BANK_CDR_IPDR,0,1,1,0,0,0,0,0,1,0,0,Device,1
ANOM000313,100000379,ATM250205037L2C,CDR202600060242,,IMSI_IMEI_PAIR_NOVELTY,HARD,BANK_CDR,0,1,0,0,0,0,0,0,1,0,0,Device,1
ANOM000314,100000216,TXN250120NXASJD,CDR202600060243,IPDR202600050528;IPDR202600050529;IPDR202600050530;IPDR202600050531,SUBTLE_MULTI_SOURCE_SUSPICIOUS_PATTERN,EASY,BANK_CDR_IPDR,1,1,1,1,0,0,0,1,0,0,1,Amount;Call;Network,1
ANOM000315,100000300,TXN25012977DHPO,,,ODD_HOUR_TRANSACTION,HARD,BANK_ONLY,1,0,0,0,1,0,0,0,0,0,0,Time,1
ANOM000316,100000110,TXN250107FNN2RU,,,CUSTOMER_RELATIVE_AMOUNT_SPIKE,EASY,BANK_ONLY,1,0,0,1,0,0,0,0,0,0,0,Amount,1
ANOM000317,100000329,TXN250306F7LYW2,,,AMOUNT_VELOCITY_SPIKE,MEDIUM,BANK_ONLY,1,0,0,1,0,0,1,0,0,0,0,Amount;Velocity,1
ANOM000318,100000130,ATM250203HSDPXI,,,TRANSACTION_BURST,MEDIUM,BANK_ONLY,1,0,0,0,0,0,1,0,0,0,0,Velocity,1
ANOM000319,100000251,ATM250322NW0UKS,,,NEW_BENEFICIARY,MEDIUM,BANK_ONLY,1,0,0,0,0,1,0,0,0,0,0,Beneficiary,1
ANOM000320,100000037,ATM250202QICU4A,,,AMOUNT_PLUS_NEW_BENEFICIARY,HARD,BANK_ONLY,1,0,0,1,0,1,0,0,0,0,0,Amount;Beneficiary,1
ANOM000321,100000152,TXN2501216WDYSK,CDR202600060244,,UNUSUAL_CALL_BEFORE_TRANSACTION,MEDIUM,BANK_CDR,0,1,0,0,0,0,0,1,0,0,0,Call,1
ANOM000322,100000228,ATM250126419OJT,CDR202600060245,,CALL_THEN_HIGH_VALUE_TRANSFER,HARD,BANK_CDR,1,1,0,1,0,0,0,1,0,0,0,Amount;Call,1
ANOM000323,100000095,ATM250325WQUWB2,CDR202600060246,,CALL_THEN_NEW_BENEFICIARY,HARD,BANK_CDR,1,1,0,0,0,1,0,1,0,0,0,Beneficiary;Call,1
ANOM000324,100000250,ATM2503287E5NU2,CDR202600060247;CDR202600060248;CDR202600060249;CDR202600060250;CDR202600060251;CDR202600060252;CDR202600060253;CDR202600060254;CDR202600060255,,REPEATED_CALLS_BEFORE_TRANSACTION,EASY,BANK_CDR,0,1,0,0,0,0,0,1,0,0,0,Call,1
ANOM000325,100000089,ATM2501233K99VS,,IPDR202600050532;IPDR202600050533;IPDR202600050534;IPDR202600050535;IPDR202600050536;IPDR202600050537;IPDR202600050538;IPDR202600050539;IPDR202600050540;IPDR202600050541;IPDR202600050542;IPDR202600050543;IPDR202600050544;IPDR202600050545;IPDR202600050546;IPDR202600050547,NETWORK_SESSION_BURST_AROUND_TRANSACTION,MEDIUM,BANK_CDR_IPDR,0,0,1,0,0,0,0,0,0,0,1,Network,1
ANOM000326,100000327,TXN250126NKRHG5,CDR202600060256,IPDR202600050548,UNUSUAL_LOCATION_CONTEXT,EASY,BANK_CDR_IPDR,0,1,1,0,0,0,0,0,0,1,0,Location,1
ANOM000327,100000186,TXN250225WJBB8G,CDR202600060257,IPDR202600050549,NEW_DEVICE_AROUND_TRANSACTION,HARD,BANK_CDR_IPDR,0,1,1,0,0,0,0,0,1,0,0,Device,1
ANOM000328,100000348,TXN250216KVPDXR,CDR202600060258,,IMSI_IMEI_PAIR_NOVELTY,EASY,BANK_CDR,0,1,0,0,0,0,0,0,1,0,0,Device,1
ANOM000329,100000235,ATM2501067FPKIY,CDR202600060259,IPDR202600050550;IPDR202600050551;IPDR202600050552;IPDR202600050553;IPDR202600050554;IPDR202600050555;IPDR202600050556,SUBTLE_MULTI_SOURCE_SUSPICIOUS_PATTERN,EASY,BANK_CDR_IPDR,1,1,1,1,0,0,0,1,0,0,1,Amount;Call;Network,1
ANOM000330,100000140,ATM2501168KKPSV,,,ODD_HOUR_TRANSACTION,HARD,BANK_ONLY,1,0,0,0,1,0,0,0,0,0,0,Time,1
ANOM000331,100000230,TXN2503209OM422,,,CUSTOMER_RELATIVE_AMOUNT_SPIKE,EASY,BANK_ONLY,1,0,0,1,0,0,0,0,0,0,0,Amount,1
ANOM000332,100000150,TXN250206OWJ2C0,,,AMOUNT_VELOCITY_SPIKE,MEDIUM,BANK_ONLY,1,0,0,1,0,0,1,0,0,0,0,Amount;Velocity,1
ANOM000333,100000179,TXN2502010RP07Y,,,TRANSACTION_BURST,HARD,BANK_ONLY,1,0,0,0,0,0,1,0,0,0,0,Velocity,1
ANOM000334,100000067,TXN250103JDCVDN,,,NEW_BENEFICIARY,HARD,BANK_ONLY,1,0,0,0,0,1,0,0,0,0,0,Beneficiary,1
ANOM000335,100000247,TXN250329TCPOFD,,,AMOUNT_PLUS_NEW_BENEFICIARY,EASY,BANK_ONLY,1,0,0,1,0,1,0,0,0,0,0,Amount;Beneficiary,1
ANOM000336,100000052,ATM250210W70QKI,CDR202600060260,,UNUSUAL_CALL_BEFORE_TRANSACTION,HARD,BANK_CDR,0,1,0,0,0,0,0,1,0,0,0,Call,1
ANOM000337,100000083,ATM250127E59G6J,CDR202600060261,,CALL_THEN_HIGH_VALUE_TRANSFER,MEDIUM,BANK_CDR,1,1,0,1,0,0,0,1,0,0,0,Amount;Call,1
ANOM000338,100000209,ATM250221O35KPP,CDR202600060262,,CALL_THEN_NEW_BENEFICIARY,HARD,BANK_CDR,1,1,0,0,0,1,0,1,0,0,0,Beneficiary;Call,1
ANOM000339,100000110,ATM2503108NJGQU,CDR202600060263;CDR202600060264;CDR202600060265;CDR202600060266;CDR202600060267,,REPEATED_CALLS_BEFORE_TRANSACTION,HARD,BANK_CDR,0,1,0,0,0,0,0,1,0,0,0,Call,1
ANOM000340,100000382,TXN250306HZDWSA,,IPDR202600050557;IPDR202600050558;IPDR202600050559;IPDR202600050560;IPDR202600050561;IPDR202600050562;IPDR202600050563;IPDR202600050564;IPDR202600050565;IPDR202600050566;IPDR202600050567;IPDR202600050568;IPDR202600050569;IPDR202600050570;IPDR202600050571;IPDR202600050572;IPDR202600050573;IPDR202600050574,NETWORK_SESSION_BURST_AROUND_TRANSACTION,HARD,BANK_CDR_IPDR,0,0,1,0,0,0,0,0,0,0,1,Network,1
ANOM000341,100000043,ATM250209CCNWYM,CDR202600060268,IPDR202600050575,UNUSUAL_LOCATION_CONTEXT,HARD,BANK_CDR_IPDR,0,1,1,0,0,0,0,0,0,1,0,Location,1
ANOM000342,100000397,ATM250217XP33YE,CDR202600060269,IPDR202600050576,NEW_DEVICE_AROUND_TRANSACTION,MEDIUM,BANK_CDR_IPDR,0,1,1,0,0,0,0,0,1,0,0,Device,1
ANOM000343,100000380,ATM25020393FNXV,CDR202600060270,,IMSI_IMEI_PAIR_NOVELTY,HARD,BANK_CDR,0,1,0,0,0,0,0,0,1,0,0,Device,1
ANOM000344,100000127,TXN250204B761M9,CDR202600060271,IPDR202600050577;IPDR202600050578;IPDR202600050579;IPDR202600050580;IPDR202600050581,SUBTLE_MULTI_SOURCE_SUSPICIOUS_PATTERN,EASY,BANK_CDR_IPDR,1,1,1,1,0,0,0,1,0,0,1,Amount;Call;Network,1
ANOM000345,100000155,ATM250207SKPCB5,,,ODD_HOUR_TRANSACTION,EASY,BANK_ONLY,1,0,0,0,1,0,0,0,0,0,0,Time,1
ANOM000346,100000084,TXN250107DBZ8VW,,,CUSTOMER_RELATIVE_AMOUNT_SPIKE,EASY,BANK_ONLY,1,0,0,1,0,0,0,0,0,0,0,Amount,1
ANOM000347,100000066,ATM250204YI081S,,,AMOUNT_VELOCITY_SPIKE,EASY,BANK_ONLY,1,0,0,1,0,0,1,0,0,0,0,Amount;Velocity,1
ANOM000348,100000217,TXN250310QTMD8N,,,TRANSACTION_BURST,MEDIUM,BANK_ONLY,1,0,0,0,0,0,1,0,0,0,0,Velocity,1
ANOM000349,100000040,TXN250327M8HBXF,,,NEW_BENEFICIARY,EASY,BANK_ONLY,1,0,0,0,0,1,0,0,0,0,0,Beneficiary,1
ANOM000350,100000177,TXN2503164IA0Y3,,,AMOUNT_PLUS_NEW_BENEFICIARY,HARD,BANK_ONLY,1,0,0,1,0,1,0,0,0,0,0,Amount;Beneficiary,1
ANOM000351,100000240,ATM250315TA3RD7,CDR202600060272,,UNUSUAL_CALL_BEFORE_TRANSACTION,MEDIUM,BANK_CDR,0,1,0,0,0,0,0,1,0,0,0,Call,1
ANOM000352,100000342,TXN2501098RYC5P,CDR202600060273,,CALL_THEN_HIGH_VALUE_TRANSFER,HARD,BANK_CDR,1,1,0,1,0,0,0,1,0,0,0,Amount;Call,1
ANOM000353,100000041,ATM250305LVTNH9,CDR202600060274,,CALL_THEN_NEW_BENEFICIARY,HARD,BANK_CDR,1,1,0,0,0,1,0,1,0,0,0,Beneficiary;Call,1
ANOM000354,100000292,ATM250307ZPMV01,CDR202600060275;CDR202600060276;CDR202600060277;CDR202600060278;CDR202600060279;CDR202600060280;CDR202600060281,,REPEATED_CALLS_BEFORE_TRANSACTION,EASY,BANK_CDR,0,1,0,0,0,0,0,1,0,0,0,Call,1
ANOM000355,100000070,TXN2502155ME5AS,,IPDR202600050582;IPDR202600050583;IPDR202600050584;IPDR202600050585;IPDR202600050586;IPDR202600050587;IPDR202600050588;IPDR202600050589;IPDR202600050590;IPDR202600050591;IPDR202600050592;IPDR202600050593;IPDR202600050594;IPDR202600050595;IPDR202600050596;IPDR202600050597;IPDR202600050598,NETWORK_SESSION_BURST_AROUND_TRANSACTION,HARD,BANK_CDR_IPDR,0,0,1,0,0,0,0,0,0,0,1,Network,1
ANOM000356,100000298,ATM250126VQIUWX,CDR202600060282,IPDR202600050599,UNUSUAL_LOCATION_CONTEXT,MEDIUM,BANK_CDR_IPDR,0,1,1,0,0,0,0,0,0,1,0,Location,1
ANOM000357,100000347,TXN250222YMZ7UV,CDR202600060283,IPDR202600050600,NEW_DEVICE_AROUND_TRANSACTION,HARD,BANK_CDR_IPDR,0,1,1,0,0,0,0,0,1,0,0,Device,1
ANOM000358,100000025,TXN250220S5MS9A,CDR202600060284,,IMSI_IMEI_PAIR_NOVELTY,MEDIUM,BANK_CDR,0,1,0,0,0,0,0,0,1,0,0,Device,1
ANOM000359,100000357,TXN2502036O6SUA,CDR202600060285,IPDR202600050601;IPDR202600050602;IPDR202600050603;IPDR202600050604;IPDR202600050605,SUBTLE_MULTI_SOURCE_SUSPICIOUS_PATTERN,MEDIUM,BANK_CDR_IPDR,1,1,1,1,0,0,0,1,0,0,1,Amount;Call;Network,1
ANOM000360,100000107,TXN250130D6PYVQ,,,ODD_HOUR_TRANSACTION,HARD,BANK_ONLY,1,0,0,0,1,0,0,0,0,0,0,Time,1
ANOM000361,100000213,ATM2502105JPZLF,,,CUSTOMER_RELATIVE_AMOUNT_SPIKE,MEDIUM,BANK_ONLY,1,0,0,1,0,0,0,0,0,0,0,Amount,1
ANOM000362,100000185,ATM250214FD0RJ2,,,AMOUNT_VELOCITY_SPIKE,HARD,BANK_ONLY,1,0,0,1,0,0,1,0,0,0,0,Amount;Velocity,1
ANOM000363,100000060,TXN250109MLKQ7U,,,TRANSACTION_BURST,HARD,BANK_ONLY,1,0,0,0,0,0,1,0,0,0,0,Velocity,1
ANOM000364,100000265,TXN250212J7V63B,,,NEW_BENEFICIARY,EASY,BANK_ONLY,1,0,0,0,0,1,0,0,0,0,0,Beneficiary,1
ANOM000365,100000037,TXN250124LMYX85,,,AMOUNT_PLUS_NEW_BENEFICIARY,MEDIUM,BANK_ONLY,1,0,0,1,0,1,0,0,0,0,0,Amount;Beneficiary,1
ANOM000366,100000047,ATM250222RZ7SY5,CDR202600060286,,UNUSUAL_CALL_BEFORE_TRANSACTION,HARD,BANK_CDR,0,1,0,0,0,0,0,1,0,0,0,Call,1
ANOM000367,100000131,TXN250129LGNS7O,CDR202600060287,,CALL_THEN_HIGH_VALUE_TRANSFER,HARD,BANK_CDR,1,1,0,1,0,0,0,1,0,0,0,Amount;Call,1
ANOM000368,100000392,ATM250303KDGHMB,CDR202600060288,,CALL_THEN_NEW_BENEFICIARY,MEDIUM,BANK_CDR,1,1,0,0,0,1,0,1,0,0,0,Beneficiary;Call,1
ANOM000369,100000370,TXN250111G3TEIF,CDR202600060289;CDR202600060290;CDR202600060291;CDR202600060292;CDR202600060293,,REPEATED_CALLS_BEFORE_TRANSACTION,HARD,BANK_CDR,0,1,0,0,0,0,0,1,0,0,0,Call,1
ANOM000370,100000243,TXN250107U5J1JH,,IPDR202600050606;IPDR202600050607;IPDR202600050608;IPDR202600050609;IPDR202600050610;IPDR202600050611;IPDR202600050612;IPDR202600050613;IPDR202600050614;IPDR202600050615;IPDR202600050616;IPDR202600050617;IPDR202600050618,NETWORK_SESSION_BURST_AROUND_TRANSACTION,HARD,BANK_CDR_IPDR,0,0,1,0,0,0,0,0,0,0,1,Network,1
ANOM000371,100000219,TXN2501083SL9BU,CDR202600060294,IPDR202600050619,UNUSUAL_LOCATION_CONTEXT,HARD,BANK_CDR_IPDR,0,1,1,0,0,0,0,0,0,1,0,Location,1
ANOM000372,100000151,TXN250228ONKKZE,CDR202600060295,IPDR202600050620,NEW_DEVICE_AROUND_TRANSACTION,MEDIUM,BANK_CDR_IPDR,0,1,1,0,0,0,0,0,1,0,0,Device,1
ANOM000373,100000235,TXN250220XJ87DA,CDR202600060296,,IMSI_IMEI_PAIR_NOVELTY,EASY,BANK_CDR,0,1,0,0,0,0,0,0,1,0,0,Device,1
ANOM000374,100000249,TXN2501116OJM8T,CDR202600060297,IPDR202600050621;IPDR202600050622;IPDR202600050623;IPDR202600050624;IPDR202600050625,SUBTLE_MULTI_SOURCE_SUSPICIOUS_PATTERN,EASY,BANK_CDR_IPDR,1,1,1,1,0,0,0,1,0,0,1,Amount;Call;Network,1
ANOM000375,100000098,TXN250103QEN8U2,,,ODD_HOUR_TRANSACTION,EASY,BANK_ONLY,1,0,0,0,1,0,0,0,0,0,0,Time,1
ANOM000376,100000004,TXN2503039QXVWV,,,CUSTOMER_RELATIVE_AMOUNT_SPIKE,HARD,BANK_ONLY,1,0,0,1,0,0,0,0,0,0,0,Amount,1
ANOM000377,100000245,TXN250227GMYIE8,,,AMOUNT_VELOCITY_SPIKE,MEDIUM,BANK_ONLY,1,0,0,1,0,0,1,0,0,0,0,Amount;Velocity,1
ANOM000378,100000352,ATM250318VJU5NP,,,TRANSACTION_BURST,EASY,BANK_ONLY,1,0,0,0,0,0,1,0,0,0,0,Velocity,1
ANOM000379,100000031,ATM2503173KSHOZ,,,NEW_BENEFICIARY,MEDIUM,BANK_ONLY,1,0,0,0,0,1,0,0,0,0,0,Beneficiary,1
ANOM000380,100000090,TXN2501180V79UT,,,AMOUNT_PLUS_NEW_BENEFICIARY,MEDIUM,BANK_ONLY,1,0,0,1,0,1,0,0,0,0,0,Amount;Beneficiary,1
ANOM000381,100000311,ATM250204AJ6KVN,CDR202600060298,,UNUSUAL_CALL_BEFORE_TRANSACTION,HARD,BANK_CDR,0,1,0,0,0,0,0,1,0,0,0,Call,1
ANOM000382,100000091,TXN250112U9Y4V3,CDR202600060299,,CALL_THEN_HIGH_VALUE_TRANSFER,HARD,BANK_CDR,1,1,0,1,0,0,0,1,0,0,0,Amount;Call,1
ANOM000383,100000091,TXN25031112VXVS,CDR202600060300,,CALL_THEN_NEW_BENEFICIARY,MEDIUM,BANK_CDR,1,1,0,0,0,1,0,1,0,0,0,Beneficiary;Call,1
ANOM000384,100000128,ATM250130JKWV68,CDR202600060301;CDR202600060302;CDR202600060303;CDR202600060304;CDR202600060305;CDR202600060306;CDR202600060307,,REPEATED_CALLS_BEFORE_TRANSACTION,MEDIUM,BANK_CDR,0,1,0,0,0,0,0,1,0,0,0,Call,1
ANOM000385,100000330,TXN2503100MF9BV,,IPDR202600050626;IPDR202600050627;IPDR202600050628;IPDR202600050629;IPDR202600050630;IPDR202600050631;IPDR202600050632;IPDR202600050633;IPDR202600050634;IPDR202600050635;IPDR202600050636;IPDR202600050637;IPDR202600050638;IPDR202600050639;IPDR202600050640;IPDR202600050641;IPDR202600050642;IPDR202600050643;IPDR202600050644;IPDR202600050645;IPDR202600050646;IPDR202600050647;IPDR202600050648;IPDR202600050649,NETWORK_SESSION_BURST_AROUND_TRANSACTION,MEDIUM,BANK_CDR_IPDR,0,0,1,0,0,0,0,0,0,0,1,Network,1
ANOM000386,100000238,TXN250319JTL5N7,CDR202600060308,IPDR202600050650,UNUSUAL_LOCATION_CONTEXT,MEDIUM,BANK_CDR_IPDR,0,1,1,0,0,0,0,0,0,1,0,Location,1
ANOM000387,100000399,ATM250315OHQP2C,CDR202600060309,IPDR202600050651,NEW_DEVICE_AROUND_TRANSACTION,EASY,BANK_CDR_IPDR,0,1,1,0,0,0,0,0,1,0,0,Device,1
ANOM000388,100000088,TXN250109ROU96K,CDR202600060310,,IMSI_IMEI_PAIR_NOVELTY,MEDIUM,BANK_CDR,0,1,0,0,0,0,0,0,1,0,0,Device,1
ANOM000389,100000212,TXN250109XX16VZ,CDR202600060311,IPDR202600050652;IPDR202600050653;IPDR202600050654;IPDR202600050655;IPDR202600050656,SUBTLE_MULTI_SOURCE_SUSPICIOUS_PATTERN,MEDIUM,BANK_CDR_IPDR,1,1,1,1,0,0,0,1,0,0,1,Amount;Call;Network,1
ANOM000390,100000319,TXN250130YA6KI5,,,ODD_HOUR_TRANSACTION,HARD,BANK_ONLY,1,0,0,0,1,0,0,0,0,0,0,Time,1
ANOM000391,100000053,TXN250122RY2H7Z,,,CUSTOMER_RELATIVE_AMOUNT_SPIKE,MEDIUM,BANK_ONLY,1,0,0,1,0,0,0,0,0,0,0,Amount,1
ANOM000392,100000218,TXN2502011BFJ71,,,AMOUNT_VELOCITY_SPIKE,MEDIUM,BANK_ONLY,1,0,0,1,0,0,1,0,0,0,0,Amount;Velocity,1
ANOM000393,100000120,TXN250114YPVXB0,,,TRANSACTION_BURST,MEDIUM,BANK_ONLY,1,0,0,0,0,0,1,0,0,0,0,Velocity,1
ANOM000394,100000325,ATM2503119X6I97,,,NEW_BENEFICIARY,MEDIUM,BANK_ONLY,1,0,0,0,0,1,0,0,0,0,0,Beneficiary,1
ANOM000395,100000119,ATM250107KXWWPZ,,,AMOUNT_PLUS_NEW_BENEFICIARY,MEDIUM,BANK_ONLY,1,0,0,1,0,1,0,0,0,0,0,Amount;Beneficiary,1
ANOM000396,100000352,TXN2501274DZV87,CDR202600060312,,UNUSUAL_CALL_BEFORE_TRANSACTION,MEDIUM,BANK_CDR,0,1,0,0,0,0,0,1,0,0,0,Call,1
ANOM000397,100000269,TXN250307LK699J,CDR202600060313,,CALL_THEN_HIGH_VALUE_TRANSFER,MEDIUM,BANK_CDR,1,1,0,1,0,0,0,1,0,0,0,Amount;Call,1
ANOM000398,100000042,ATM250326MOMEZQ,CDR202600060314,,CALL_THEN_NEW_BENEFICIARY,MEDIUM,BANK_CDR,1,1,0,0,0,1,0,1,0,0,0,Beneficiary;Call,1
ANOM000399,100000264,ATM250107Y4UVM0,CDR202600060315;CDR202600060316;CDR202600060317;CDR202600060318;CDR202600060319;CDR202600060320;CDR202600060321;CDR202600060322;CDR202600060323,,REPEATED_CALLS_BEFORE_TRANSACTION,EASY,BANK_CDR,0,1,0,0,0,0,0,1,0,0,0,Call,1
ANOM000400,100000077,ATM250326HXXIXD,,IPDR202600050657;IPDR202600050658;IPDR202600050659;IPDR202600050660;IPDR202600050661;IPDR202600050662;IPDR202600050663;IPDR202600050664;IPDR202600050665;IPDR202600050666;IPDR202600050667;IPDR202600050668;IPDR202600050669;IPDR202600050670;IPDR202600050671;IPDR202600050672,NETWORK_SESSION_BURST_AROUND_TRANSACTION,MEDIUM,BANK_CDR_IPDR,0,0,1,0,0,0,0,0,0,0,1,Network,1
ANOM000401,100000268,ATM250220V5OE07,CDR202600060324,IPDR202600050673,UNUSUAL_LOCATION_CONTEXT,HARD,BANK_CDR_IPDR,0,1,1,0,0,0,0,0,0,1,0,Location,1
ANOM000402,100000157,ATM250104CHV384,CDR202600060325,IPDR202600050674,NEW_DEVICE_AROUND_TRANSACTION,EASY,BANK_CDR_IPDR,0,1,1,0,0,0,0,0,1,0,0,Device,1
ANOM000403,100000145,TXN2501258WHVRF,CDR202600060326,,IMSI_IMEI_PAIR_NOVELTY,MEDIUM,BANK_CDR,0,1,0,0,0,0,0,0,1,0,0,Device,1
ANOM000404,100000385,TXN250127QEDXO6,CDR202600060327,IPDR202600050675;IPDR202600050676;IPDR202600050677;IPDR202600050678;IPDR202600050679;IPDR202600050680,SUBTLE_MULTI_SOURCE_SUSPICIOUS_PATTERN,HARD,BANK_CDR_IPDR,1,1,1,1,0,0,0,1,0,0,1,Amount;Call;Network,1
ANOM000405,100000004,TXN25011679Z18L,,,ODD_HOUR_TRANSACTION,HARD,BANK_ONLY,1,0,0,0,1,0,0,0,0,0,0,Time,1
ANOM000406,100000352,TXN2501192KML5Y,,,CUSTOMER_RELATIVE_AMOUNT_SPIKE,MEDIUM,BANK_ONLY,1,0,0,1,0,0,0,0,0,0,0,Amount,1
ANOM000407,100000354,ATM250123QTZ3L1,,,AMOUNT_VELOCITY_SPIKE,HARD,BANK_ONLY,1,0,0,1,0,0,1,0,0,0,0,Amount;Velocity,1
ANOM000408,100000020,ATM25010917PUKR,,,TRANSACTION_BURST,MEDIUM,BANK_ONLY,1,0,0,0,0,0,1,0,0,0,0,Velocity,1
ANOM000409,100000047,TXN2503234NV7DS,,,NEW_BENEFICIARY,EASY,BANK_ONLY,1,0,0,0,0,1,0,0,0,0,0,Beneficiary,1
ANOM000410,100000334,ATM250103G2FF3V,,,AMOUNT_PLUS_NEW_BENEFICIARY,MEDIUM,BANK_ONLY,1,0,0,1,0,1,0,0,0,0,0,Amount;Beneficiary,1
ANOM000411,100000030,ATM250307X3PEPL,CDR202600060328,,UNUSUAL_CALL_BEFORE_TRANSACTION,EASY,BANK_CDR,0,1,0,0,0,0,0,1,0,0,0,Call,1
ANOM000412,100000281,TXN2503072IDPU6,CDR202600060329,,CALL_THEN_HIGH_VALUE_TRANSFER,MEDIUM,BANK_CDR,1,1,0,1,0,0,0,1,0,0,0,Amount;Call,1
ANOM000413,100000029,TXN250213LADD03,CDR202600060330,,CALL_THEN_NEW_BENEFICIARY,EASY,BANK_CDR,1,1,0,0,0,1,0,1,0,0,0,Beneficiary;Call,1
ANOM000414,100000380,TXN2502069X7KY4,CDR202600060331;CDR202600060332;CDR202600060333;CDR202600060334;CDR202600060335,,REPEATED_CALLS_BEFORE_TRANSACTION,HARD,BANK_CDR,0,1,0,0,0,0,0,1,0,0,0,Call,1
ANOM000415,100000368,TXN25030262OVEU,,IPDR202600050681;IPDR202600050682;IPDR202600050683;IPDR202600050684;IPDR202600050685;IPDR202600050686;IPDR202600050687;IPDR202600050688;IPDR202600050689;IPDR202600050690;IPDR202600050691;IPDR202600050692;IPDR202600050693;IPDR202600050694;IPDR202600050695;IPDR202600050696;IPDR202600050697;IPDR202600050698;IPDR202600050699;IPDR202600050700;IPDR202600050701;IPDR202600050702;IPDR202600050703;IPDR202600050704;IPDR202600050705,NETWORK_SESSION_BURST_AROUND_TRANSACTION,MEDIUM,BANK_CDR_IPDR,0,0,1,0,0,0,0,0,0,0,1,Network,1
ANOM000416,100000080,TXN2503012SROYN,CDR202600060336,IPDR202600050706,UNUSUAL_LOCATION_CONTEXT,MEDIUM,BANK_CDR_IPDR,0,1,1,0,0,0,0,0,0,1,0,Location,1
ANOM000417,100000150,TXN2501056YKLI8,CDR202600060337,IPDR202600050707,NEW_DEVICE_AROUND_TRANSACTION,HARD,BANK_CDR_IPDR,0,1,1,0,0,0,0,0,1,0,0,Device,1
ANOM000418,100000139,TXN250109PAN1Y0,CDR202600060338,,IMSI_IMEI_PAIR_NOVELTY,MEDIUM,BANK_CDR,0,1,0,0,0,0,0,0,1,0,0,Device,1
ANOM000419,100000182,TXN2502237ZCV8B,CDR202600060339,IPDR202600050708;IPDR202600050709;IPDR202600050710;IPDR202600050711;IPDR202600050712;IPDR202600050713;IPDR202600050714,SUBTLE_MULTI_SOURCE_SUSPICIOUS_PATTERN,HARD,BANK_CDR_IPDR,1,1,1,1,0,0,0,1,0,0,1,Amount;Call;Network,1
ANOM000420,100000269,TXN2502253RAW6W,,,ODD_HOUR_TRANSACTION,MEDIUM,BANK_ONLY,1,0,0,0,1,0,0,0,0,0,0,Time,1
ANOM000421,100000106,TXN250108KO4JY1,,,CUSTOMER_RELATIVE_AMOUNT_SPIKE,MEDIUM,BANK_ONLY,1,0,0,1,0,0,0,0,0,0,0,Amount,1
ANOM000422,100000005,TXN250208K8724J,,,AMOUNT_VELOCITY_SPIKE,HARD,BANK_ONLY,1,0,0,1,0,0,1,0,0,0,0,Amount;Velocity,1
ANOM000423,100000173,TXN250130SYVK62,,,TRANSACTION_BURST,MEDIUM,BANK_ONLY,1,0,0,0,0,0,1,0,0,0,0,Velocity,1
ANOM000424,100000399,TXN250207NI1DOF,,,NEW_BENEFICIARY,EASY,BANK_ONLY,1,0,0,0,0,1,0,0,0,0,0,Beneficiary,1
ANOM000425,100000226,TXN250216DI9GD5,,,AMOUNT_PLUS_NEW_BENEFICIARY,HARD,BANK_ONLY,1,0,0,1,0,1,0,0,0,0,0,Amount;Beneficiary,1
ANOM000426,100000159,ATM250111HH8AL5,CDR202600060340,,UNUSUAL_CALL_BEFORE_TRANSACTION,HARD,BANK_CDR,0,1,0,0,0,0,0,1,0,0,0,Call,1
ANOM000427,100000024,TXN250318BEWEC5,CDR202600060341,,CALL_THEN_HIGH_VALUE_TRANSFER,EASY,BANK_CDR,1,1,0,1,0,0,0,1,0,0,0,Amount;Call,1
ANOM000428,100000175,ATM25022121O4CT,CDR202600060342,,CALL_THEN_NEW_BENEFICIARY,EASY,BANK_CDR,1,1,0,0,0,1,0,1,0,0,0,Beneficiary;Call,1
ANOM000429,100000120,TXN250312PRV85A,CDR202600060343;CDR202600060344;CDR202600060345;CDR202600060346;CDR202600060347;CDR202600060348,,REPEATED_CALLS_BEFORE_TRANSACTION,EASY,BANK_CDR,0,1,0,0,0,0,0,1,0,0,0,Call,1
ANOM000430,100000099,TXN250220B6H48L,,IPDR202600050715;IPDR202600050716;IPDR202600050717;IPDR202600050718;IPDR202600050719;IPDR202600050720;IPDR202600050721;IPDR202600050722;IPDR202600050723;IPDR202600050724;IPDR202600050725;IPDR202600050726;IPDR202600050727;IPDR202600050728;IPDR202600050729;IPDR202600050730;IPDR202600050731;IPDR202600050732,NETWORK_SESSION_BURST_AROUND_TRANSACTION,HARD,BANK_CDR_IPDR,0,0,1,0,0,0,0,0,0,0,1,Network,1
ANOM000431,100000031,ATM250301U5T3O1,CDR202600060349,IPDR202600050733,UNUSUAL_LOCATION_CONTEXT,HARD,BANK_CDR_IPDR,0,1,1,0,0,0,0,0,0,1,0,Location,1
ANOM000432,100000026,TXN2503080IJRXY,CDR202600060350,IPDR202600050734,NEW_DEVICE_AROUND_TRANSACTION,EASY,BANK_CDR_IPDR,0,1,1,0,0,0,0,0,1,0,0,Device,1
ANOM000433,100000342,TXN250110C8DGQ5,CDR202600060351,,IMSI_IMEI_PAIR_NOVELTY,HARD,BANK_CDR,0,1,0,0,0,0,0,0,1,0,0,Device,1
ANOM000434,100000107,ATM25021322X1UV,CDR202600060352,IPDR202600050735;IPDR202600050736;IPDR202600050737;IPDR202600050738;IPDR202600050739;IPDR202600050740;IPDR202600050741,SUBTLE_MULTI_SOURCE_SUSPICIOUS_PATTERN,EASY,BANK_CDR_IPDR,1,1,1,1,0,0,0,1,0,0,1,Amount;Call;Network,1
ANOM000435,100000258,ATM250116X3A35T,,,ODD_HOUR_TRANSACTION,HARD,BANK_ONLY,1,0,0,0,1,0,0,0,0,0,0,Time,1
ANOM000436,100000385,ATM250319WRBPJY,,,CUSTOMER_RELATIVE_AMOUNT_SPIKE,MEDIUM,BANK_ONLY,1,0,0,1,0,0,0,0,0,0,0,Amount,1
ANOM000437,100000002,ATM2501248Z2UMS,,,AMOUNT_VELOCITY_SPIKE,MEDIUM,BANK_ONLY,1,0,0,1,0,0,1,0,0,0,0,Amount;Velocity,1
ANOM000438,100000320,TXN250205XD30VO,,,TRANSACTION_BURST,HARD,BANK_ONLY,1,0,0,0,0,0,1,0,0,0,0,Velocity,1
ANOM000439,100000114,ATM250207QJVD0B,,,NEW_BENEFICIARY,HARD,BANK_ONLY,1,0,0,0,0,1,0,0,0,0,0,Beneficiary,1
ANOM000440,100000357,TXN2502135MIWAY,,,AMOUNT_PLUS_NEW_BENEFICIARY,MEDIUM,BANK_ONLY,1,0,0,1,0,1,0,0,0,0,0,Amount;Beneficiary,1
ANOM000441,100000132,TXN250123Q3CTUB,CDR202600060353,,UNUSUAL_CALL_BEFORE_TRANSACTION,HARD,BANK_CDR,0,1,0,0,0,0,0,1,0,0,0,Call,1
ANOM000442,100000194,TXN250115IYPZHE,CDR202600060354,,CALL_THEN_HIGH_VALUE_TRANSFER,HARD,BANK_CDR,1,1,0,1,0,0,0,1,0,0,0,Amount;Call,1
ANOM000443,100000171,TXN2501016SF67G,CDR202600060355,,CALL_THEN_NEW_BENEFICIARY,HARD,BANK_CDR,1,1,0,0,0,1,0,1,0,0,0,Beneficiary;Call,1
ANOM000444,100000168,TXN250313UGWDUT,CDR202600060356;CDR202600060357;CDR202600060358;CDR202600060359;CDR202600060360,,REPEATED_CALLS_BEFORE_TRANSACTION,MEDIUM,BANK_CDR,0,1,0,0,0,0,0,1,0,0,0,Call,1
ANOM000445,100000354,TXN250203A8QOGP,,IPDR202600050742;IPDR202600050743;IPDR202600050744;IPDR202600050745;IPDR202600050746;IPDR202600050747;IPDR202600050748;IPDR202600050749;IPDR202600050750;IPDR202600050751;IPDR202600050752;IPDR202600050753;IPDR202600050754;IPDR202600050755;IPDR202600050756;IPDR202600050757;IPDR202600050758;IPDR202600050759;IPDR202600050760;IPDR202600050761;IPDR202600050762,NETWORK_SESSION_BURST_AROUND_TRANSACTION,EASY,BANK_CDR_IPDR,0,0,1,0,0,0,0,0,0,0,1,Network,1
ANOM000446,100000354,TXN2501025HSAGB,CDR202600060361,IPDR202600050763,UNUSUAL_LOCATION_CONTEXT,MEDIUM,BANK_CDR_IPDR,0,1,1,0,0,0,0,0,0,1,0,Location,1
ANOM000447,100000240,TXN250106L6NM6W,CDR202600060362,IPDR202600050764,NEW_DEVICE_AROUND_TRANSACTION,MEDIUM,BANK_CDR_IPDR,0,1,1,0,0,0,0,0,1,0,0,Device,1
ANOM000448,100000103,TXN25033033PYUF,CDR202600060363,,IMSI_IMEI_PAIR_NOVELTY,EASY,BANK_CDR,0,1,0,0,0,0,0,0,1,0,0,Device,1
ANOM000449,100000113,ATM250126859GFC,CDR202600060364,IPDR202600050765;IPDR202600050766;IPDR202600050767;IPDR202600050768;IPDR202600050769,SUBTLE_MULTI_SOURCE_SUSPICIOUS_PATTERN,MEDIUM,BANK_CDR_IPDR,1,1,1,1,0,0,0,1,0,0,1,Amount;Call;Network,1
ANOM000450,100000281,ATM250322WTNQ5F,,,ODD_HOUR_TRANSACTION,EASY,BANK_ONLY,1,0,0,0,1,0,0,0,0,0,0,Time,1
ANOM000451,100000026,TXN250127VBS7UY,,,CUSTOMER_RELATIVE_AMOUNT_SPIKE,EASY,BANK_ONLY,1,0,0,1,0,0,0,0,0,0,0,Amount,1
ANOM000452,100000302,ATM250327UDAJP0,,,AMOUNT_VELOCITY_SPIKE,MEDIUM,BANK_ONLY,1,0,0,1,0,0,1,0,0,0,0,Amount;Velocity,1
ANOM000453,100000350,TXN2501099OGAKG,,,TRANSACTION_BURST,HARD,BANK_ONLY,1,0,0,0,0,0,1,0,0,0,0,Velocity,1
ANOM000454,100000221,TXN250208VBE7T6,,,NEW_BENEFICIARY,MEDIUM,BANK_ONLY,1,0,0,0,0,1,0,0,0,0,0,Beneficiary,1
ANOM000455,100000272,TXN250217V4TV4H,,,AMOUNT_PLUS_NEW_BENEFICIARY,HARD,BANK_ONLY,1,0,0,1,0,1,0,0,0,0,0,Amount;Beneficiary,1
ANOM000456,100000012,ATM250220HRHK94,CDR202600060365,,UNUSUAL_CALL_BEFORE_TRANSACTION,EASY,BANK_CDR,0,1,0,0,0,0,0,1,0,0,0,Call,1
ANOM000457,100000354,TXN250320CQ7BHA,CDR202600060366,,CALL_THEN_HIGH_VALUE_TRANSFER,EASY,BANK_CDR,1,1,0,1,0,0,0,1,0,0,0,Amount;Call,1
ANOM000458,100000027,ATM2502010H8YXT,CDR202600060367,,CALL_THEN_NEW_BENEFICIARY,MEDIUM,BANK_CDR,1,1,0,0,0,1,0,1,0,0,0,Beneficiary;Call,1
ANOM000459,100000155,TXN2503098DBLHN,CDR202600060368;CDR202600060369;CDR202600060370;CDR202600060371;CDR202600060372,,REPEATED_CALLS_BEFORE_TRANSACTION,HARD,BANK_CDR,0,1,0,0,0,0,0,1,0,0,0,Call,1
ANOM000460,100000122,ATM250106BXGOM3,,IPDR202600050770;IPDR202600050771;IPDR202600050772;IPDR202600050773;IPDR202600050774;IPDR202600050775;IPDR202600050776;IPDR202600050777;IPDR202600050778;IPDR202600050779;IPDR202600050780;IPDR202600050781;IPDR202600050782;IPDR202600050783;IPDR202600050784;IPDR202600050785;IPDR202600050786;IPDR202600050787,NETWORK_SESSION_BURST_AROUND_TRANSACTION,HARD,BANK_CDR_IPDR,0,0,1,0,0,0,0,0,0,0,1,Network,1
ANOM000461,100000224,TXN250121A0IHH0,CDR202600060373,IPDR202600050788,UNUSUAL_LOCATION_CONTEXT,MEDIUM,BANK_CDR_IPDR,0,1,1,0,0,0,0,0,0,1,0,Location,1
ANOM000462,100000063,ATM250210LADRQF,CDR202600060374,IPDR202600050789,NEW_DEVICE_AROUND_TRANSACTION,HARD,BANK_CDR_IPDR,0,1,1,0,0,0,0,0,1,0,0,Device,1
ANOM000463,100000212,TXN2501296PH2X4,CDR202600060375,,IMSI_IMEI_PAIR_NOVELTY,MEDIUM,BANK_CDR,0,1,0,0,0,0,0,0,1,0,0,Device,1
ANOM000464,100000357,ATM2501230SHQ2E,CDR202600060376,IPDR202600050790;IPDR202600050791;IPDR202600050792;IPDR202600050793,SUBTLE_MULTI_SOURCE_SUSPICIOUS_PATTERN,HARD,BANK_CDR_IPDR,1,1,1,1,0,0,0,1,0,0,1,Amount;Call;Network,1
ANOM000465,100000295,TXN250117DA9UZX,,,ODD_HOUR_TRANSACTION,MEDIUM,BANK_ONLY,1,0,0,0,1,0,0,0,0,0,0,Time,1
ANOM000466,100000184,TXN250330AUXMG5,,,CUSTOMER_RELATIVE_AMOUNT_SPIKE,HARD,BANK_ONLY,1,0,0,1,0,0,0,0,0,0,0,Amount,1
ANOM000467,100000048,TXN25021588QBYC,,,AMOUNT_VELOCITY_SPIKE,EASY,BANK_ONLY,1,0,0,1,0,0,1,0,0,0,0,Amount;Velocity,1
ANOM000468,100000286,TXN250205QDEE7A,,,TRANSACTION_BURST,HARD,BANK_ONLY,1,0,0,0,0,0,1,0,0,0,0,Velocity,1
ANOM000469,100000321,TXN250121PY4T7D,,,NEW_BENEFICIARY,EASY,BANK_ONLY,1,0,0,0,0,1,0,0,0,0,0,Beneficiary,1
ANOM000470,100000033,TXN250216VHNMB5,,,AMOUNT_PLUS_NEW_BENEFICIARY,HARD,BANK_ONLY,1,0,0,1,0,1,0,0,0,0,0,Amount;Beneficiary,1
ANOM000471,100000141,ATM250325O8WASQ,CDR202600060377,,UNUSUAL_CALL_BEFORE_TRANSACTION,HARD,BANK_CDR,0,1,0,0,0,0,0,1,0,0,0,Call,1
ANOM000472,100000141,TXN250211G1OB78,CDR202600060378,,CALL_THEN_HIGH_VALUE_TRANSFER,MEDIUM,BANK_CDR,1,1,0,1,0,0,0,1,0,0,0,Amount;Call,1
ANOM000473,100000252,ATM25011359VQ1H,CDR202600060379,,CALL_THEN_NEW_BENEFICIARY,MEDIUM,BANK_CDR,1,1,0,0,0,1,0,1,0,0,0,Beneficiary;Call,1
ANOM000474,100000084,TXN2501276VQD5Q,CDR202600060380;CDR202600060381;CDR202600060382;CDR202600060383;CDR202600060384,,REPEATED_CALLS_BEFORE_TRANSACTION,HARD,BANK_CDR,0,1,0,0,0,0,0,1,0,0,0,Call,1
ANOM000475,100000059,TXN250202W2BZ4D,,IPDR202600050794;IPDR202600050795;IPDR202600050796;IPDR202600050797;IPDR202600050798;IPDR202600050799;IPDR202600050800;IPDR202600050801;IPDR202600050802;IPDR202600050803,NETWORK_SESSION_BURST_AROUND_TRANSACTION,HARD,BANK_CDR_IPDR,0,0,1,0,0,0,0,0,0,0,1,Network,1
ANOM000476,100000064,ATM250323SGPCFD,CDR202600060385,IPDR202600050804,UNUSUAL_LOCATION_CONTEXT,EASY,BANK_CDR_IPDR,0,1,1,0,0,0,0,0,0,1,0,Location,1
ANOM000477,100000276,ATM250107PY872L,CDR202600060386,IPDR202600050805,NEW_DEVICE_AROUND_TRANSACTION,HARD,BANK_CDR_IPDR,0,1,1,0,0,0,0,0,1,0,0,Device,1
ANOM000478,100000308,TXN250313G13PCD,CDR202600060387,,IMSI_IMEI_PAIR_NOVELTY,EASY,BANK_CDR,0,1,0,0,0,0,0,0,1,0,0,Device,1
ANOM000479,100000009,TXN250302WJS2XK,CDR202600060388,IPDR202600050806;IPDR202600050807;IPDR202600050808;IPDR202600050809;IPDR202600050810;IPDR202600050811;IPDR202600050812;IPDR202600050813,SUBTLE_MULTI_SOURCE_SUSPICIOUS_PATTERN,HARD,BANK_CDR_IPDR,1,1,1,1,0,0,0,1,0,0,1,Amount;Call;Network,1
ANOM000480,100000200,TXN2502071UARQI,,,ODD_HOUR_TRANSACTION,MEDIUM,BANK_ONLY,1,0,0,0,1,0,0,0,0,0,0,Time,1
ANOM000481,100000273,TXN250329H5R7QR,,,CUSTOMER_RELATIVE_AMOUNT_SPIKE,EASY,BANK_ONLY,1,0,0,1,0,0,0,0,0,0,0,Amount,1
ANOM000482,100000303,TXN250214F3U3Y5,,,AMOUNT_VELOCITY_SPIKE,HARD,BANK_ONLY,1,0,0,1,0,0,1,0,0,0,0,Amount;Velocity,1
ANOM000483,100000070,TXN250211DB5OOW,,,TRANSACTION_BURST,HARD,BANK_ONLY,1,0,0,0,0,0,1,0,0,0,0,Velocity,1
ANOM000484,100000314,ATM250325KIWAW2,,,NEW_BENEFICIARY,MEDIUM,BANK_ONLY,1,0,0,0,0,1,0,0,0,0,0,Beneficiary,1
ANOM000485,100000001,TXN250202UY5YV6,,,AMOUNT_PLUS_NEW_BENEFICIARY,HARD,BANK_ONLY,1,0,0,1,0,1,0,0,0,0,0,Amount;Beneficiary,1
ANOM000486,100000170,ATM2503285NA9GE,CDR202600060389,,UNUSUAL_CALL_BEFORE_TRANSACTION,EASY,BANK_CDR,0,1,0,0,0,0,0,1,0,0,0,Call,1
ANOM000487,100000314,TXN250109N89OJE,CDR202600060390,,CALL_THEN_HIGH_VALUE_TRANSFER,HARD,BANK_CDR,1,1,0,1,0,0,0,1,0,0,0,Amount;Call,1
ANOM000488,100000308,TXN2503025HKQF1,CDR202600060391,,CALL_THEN_NEW_BENEFICIARY,MEDIUM,BANK_CDR,1,1,0,0,0,1,0,1,0,0,0,Beneficiary;Call,1
ANOM000489,100000314,TXN250330E64LKP,CDR202600060392;CDR202600060393;CDR202600060394;CDR202600060395;CDR202600060396,,REPEATED_CALLS_BEFORE_TRANSACTION,HARD,BANK_CDR,0,1,0,0,0,0,0,1,0,0,0,Call,1
ANOM000490,100000036,TXN250226P518BG,,IPDR202600050814;IPDR202600050815;IPDR202600050816;IPDR202600050817;IPDR202600050818;IPDR202600050819;IPDR202600050820;IPDR202600050821;IPDR202600050822;IPDR202600050823;IPDR202600050824,NETWORK_SESSION_BURST_AROUND_TRANSACTION,HARD,BANK_CDR_IPDR,0,0,1,0,0,0,0,0,0,0,1,Network,1
ANOM000491,100000325,ATM250305HIWJEO,CDR202600060397,IPDR202600050825,UNUSUAL_LOCATION_CONTEXT,HARD,BANK_CDR_IPDR,0,1,1,0,0,0,0,0,0,1,0,Location,1
ANOM000492,100000157,TXN250310UN7ZLD,CDR202600060398,IPDR202600050826,NEW_DEVICE_AROUND_TRANSACTION,MEDIUM,BANK_CDR_IPDR,0,1,1,0,0,0,0,0,1,0,0,Device,1
ANOM000493,100000295,TXN25020690BTWB,CDR202600060399,,IMSI_IMEI_PAIR_NOVELTY,EASY,BANK_CDR,0,1,0,0,0,0,0,0,1,0,0,Device,1
ANOM000494,100000116,TXN2503072K8CYK,CDR202600060400,IPDR202600050827;IPDR202600050828;IPDR202600050829;IPDR202600050830;IPDR202600050831,SUBTLE_MULTI_SOURCE_SUSPICIOUS_PATTERN,MEDIUM,BANK_CDR_IPDR,1,1,1,1,0,0,0,1,0,0,1,Amount;Call;Network,1
ANOM000495,100000095,TXN250108DUUU3W,,,ODD_HOUR_TRANSACTION,HARD,BANK_ONLY,1,0,0,0,1,0,0,0,0,0,0,Time,1
ANOM000496,100000313,ATM2501283ZIWMT,,,CUSTOMER_RELATIVE_AMOUNT_SPIKE,MEDIUM,BANK_ONLY,1,0,0,1,0,0,0,0,0,0,0,Amount,1
ANOM000497,100000201,TXN250103T8EIDY,,,AMOUNT_VELOCITY_SPIKE,EASY,BANK_ONLY,1,0,0,1,0,0,1,0,0,0,0,Amount;Velocity,1
ANOM000498,100000074,TXN250308DA202Y,,,TRANSACTION_BURST,MEDIUM,BANK_ONLY,1,0,0,0,0,0,1,0,0,0,0,Velocity,1
ANOM000499,100000364,TXN250318XQPNYP,,,NEW_BENEFICIARY,HARD,BANK_ONLY,1,0,0,0,0,1,0,0,0,0,0,Beneficiary,1
ANOM000500,100000270,TXN2501036Y4XQL,,,AMOUNT_PLUS_NEW_BENEFICIARY,EASY,BANK_ONLY,1,0,0,1,0,1,0,0,0,0,0,Amount;Beneficiary,1
ANOM000501,100000133,ATM250206DEBL61,CDR202600060401,,UNUSUAL_CALL_BEFORE_TRANSACTION,HARD,BANK_CDR,0,1,0,0,0,0,0,1,0,0,0,Call,1
ANOM000502,100000200,TXN250214K7UR0O,CDR202600060402,,CALL_THEN_HIGH_VALUE_TRANSFER,HARD,BANK_CDR,1,1,0,1,0,0,0,1,0,0,0,Amount;Call,1
ANOM000503,100000100,TXN250322NKSN2P,CDR202600060403,,CALL_THEN_NEW_BENEFICIARY,EASY,BANK_CDR,1,1,0,0,0,1,0,1,0,0,0,Beneficiary;Call,1
ANOM000504,100000075,ATM250205QQPBS9,CDR202600060404;CDR202600060405;CDR202600060406;CDR202600060407,,REPEATED_CALLS_BEFORE_TRANSACTION,HARD,BANK_CDR,0,1,0,0,0,0,0,1,0,0,0,Call,1
ANOM000505,100000133,TXN2503225YSJ6Q,,IPDR202600050832;IPDR202600050833;IPDR202600050834;IPDR202600050835;IPDR202600050836;IPDR202600050837;IPDR202600050838;IPDR202600050839;IPDR202600050840;IPDR202600050841;IPDR202600050842;IPDR202600050843;IPDR202600050844;IPDR202600050845;IPDR202600050846;IPDR202600050847,NETWORK_SESSION_BURST_AROUND_TRANSACTION,HARD,BANK_CDR_IPDR,0,0,1,0,0,0,0,0,0,0,1,Network,1
ANOM000506,100000095,TXN250101XRTK4W,CDR202600060408,IPDR202600050848,UNUSUAL_LOCATION_CONTEXT,HARD,BANK_CDR_IPDR,0,1,1,0,0,0,0,0,0,1,0,Location,1
ANOM000507,100000184,TXN250121PPVW2E,CDR202600060409,IPDR202600050849,NEW_DEVICE_AROUND_TRANSACTION,MEDIUM,BANK_CDR_IPDR,0,1,1,0,0,0,0,0,1,0,0,Device,1
ANOM000508,100000113,TXN250327DW6VF8,CDR202600060410,,IMSI_IMEI_PAIR_NOVELTY,HARD,BANK_CDR,0,1,0,0,0,0,0,0,1,0,0,Device,1
ANOM000509,100000376,TXN250211MMSW1F,CDR202600060411,IPDR202600050850;IPDR202600050851;IPDR202600050852;IPDR202600050853;IPDR202600050854;IPDR202600050855;IPDR202600050856,SUBTLE_MULTI_SOURCE_SUSPICIOUS_PATTERN,EASY,BANK_CDR_IPDR,1,1,1,1,0,0,0,1,0,0,1,Amount;Call;Network,1
ANOM000510,100000015,ATM2501045NJF7U,,,ODD_HOUR_TRANSACTION,MEDIUM,BANK_ONLY,1,0,0,0,1,0,0,0,0,0,0,Time,1
ANOM000511,100000168,ATM250326W6FM7O,,,CUSTOMER_RELATIVE_AMOUNT_SPIKE,EASY,BANK_ONLY,1,0,0,1,0,0,0,0,0,0,0,Amount,1
ANOM000512,100000026,ATM2503028RHUAH,,,AMOUNT_VELOCITY_SPIKE,HARD,BANK_ONLY,1,0,0,1,0,0,1,0,0,0,0,Amount;Velocity,1
ANOM000513,100000377,TXN250104MI5YRW,,,TRANSACTION_BURST,HARD,BANK_ONLY,1,0,0,0,0,0,1,0,0,0,0,Velocity,1
ANOM000514,100000145,ATM2501273S9N98,,,NEW_BENEFICIARY,MEDIUM,BANK_ONLY,1,0,0,0,0,1,0,0,0,0,0,Beneficiary,1
ANOM000515,100000223,TXN250322QJB2NL,,,AMOUNT_PLUS_NEW_BENEFICIARY,EASY,BANK_ONLY,1,0,0,1,0,1,0,0,0,0,0,Amount;Beneficiary,1
ANOM000516,100000296,TXN250209AVEK74,CDR202600060412,,UNUSUAL_CALL_BEFORE_TRANSACTION,HARD,BANK_CDR,0,1,0,0,0,0,0,1,0,0,0,Call,1
ANOM000517,100000284,TXN250308GQYW90,CDR202600060413,,CALL_THEN_HIGH_VALUE_TRANSFER,HARD,BANK_CDR,1,1,0,1,0,0,0,1,0,0,0,Amount;Call,1
ANOM000518,100000054,TXN250220MPA552,CDR202600060414,,CALL_THEN_NEW_BENEFICIARY,EASY,BANK_CDR,1,1,0,0,0,1,0,1,0,0,0,Beneficiary;Call,1
ANOM000519,100000120,TXN2502088MOGAN,CDR202600060415;CDR202600060416;CDR202600060417;CDR202600060418;CDR202600060419,,REPEATED_CALLS_BEFORE_TRANSACTION,HARD,BANK_CDR,0,1,0,0,0,0,0,1,0,0,0,Call,1
ANOM000520,100000320,ATM2502227756UM,,IPDR202600050857;IPDR202600050858;IPDR202600050859;IPDR202600050860;IPDR202600050861;IPDR202600050862;IPDR202600050863;IPDR202600050864;IPDR202600050865;IPDR202600050866;IPDR202600050867;IPDR202600050868;IPDR202600050869;IPDR202600050870;IPDR202600050871;IPDR202600050872;IPDR202600050873;IPDR202600050874;IPDR202600050875,NETWORK_SESSION_BURST_AROUND_TRANSACTION,MEDIUM,BANK_CDR_IPDR,0,0,1,0,0,0,0,0,0,0,1,Network,1
ANOM000521,100000008,ATM250112I43O56,CDR202600060420,IPDR202600050876,UNUSUAL_LOCATION_CONTEXT,EASY,BANK_CDR_IPDR,0,1,1,0,0,0,0,0,0,1,0,Location,1
ANOM000522,100000330,TXN250309KJUV9U,CDR202600060421,IPDR202600050877,NEW_DEVICE_AROUND_TRANSACTION,HARD,BANK_CDR_IPDR,0,1,1,0,0,0,0,0,1,0,0,Device,1
ANOM000523,100000376,TXN250224CT6EFY,CDR202600060422,,IMSI_IMEI_PAIR_NOVELTY,MEDIUM,BANK_CDR,0,1,0,0,0,0,0,0,1,0,0,Device,1
ANOM000524,100000271,TXN250215S3HEBF,CDR202600060423,IPDR202600050878;IPDR202600050879;IPDR202600050880;IPDR202600050881;IPDR202600050882,SUBTLE_MULTI_SOURCE_SUSPICIOUS_PATTERN,HARD,BANK_CDR_IPDR,1,1,1,1,0,0,0,1,0,0,1,Amount;Call;Network,1
ANOM000525,100000380,TXN250301NKCBVG,,,ODD_HOUR_TRANSACTION,HARD,BANK_ONLY,1,0,0,0,1,0,0,0,0,0,0,Time,1
ANOM000526,100000182,TXN250307SUW2PS,,,CUSTOMER_RELATIVE_AMOUNT_SPIKE,EASY,BANK_ONLY,1,0,0,1,0,0,0,0,0,0,0,Amount,1
ANOM000527,100000055,TXN25010850XNGQ,,,AMOUNT_VELOCITY_SPIKE,EASY,BANK_ONLY,1,0,0,1,0,0,1,0,0,0,0,Amount;Velocity,1
ANOM000528,100000321,TXN250223ORO0NA,,,TRANSACTION_BURST,EASY,BANK_ONLY,1,0,0,0,0,0,1,0,0,0,0,Velocity,1
ANOM000529,100000217,TXN2502163J0L3K,,,NEW_BENEFICIARY,MEDIUM,BANK_ONLY,1,0,0,0,0,1,0,0,0,0,0,Beneficiary,1
ANOM000530,100000361,ATM250319WVDX18,,,AMOUNT_PLUS_NEW_BENEFICIARY,HARD,BANK_ONLY,1,0,0,1,0,1,0,0,0,0,0,Amount;Beneficiary,1
ANOM000531,100000104,TXN250111MEOE2F,CDR202600060424,,UNUSUAL_CALL_BEFORE_TRANSACTION,HARD,BANK_CDR,0,1,0,0,0,0,0,1,0,0,0,Call,1
ANOM000532,100000069,TXN2503051MGD0S,CDR202600060425,,CALL_THEN_HIGH_VALUE_TRANSFER,HARD,BANK_CDR,1,1,0,1,0,0,0,1,0,0,0,Amount;Call,1
ANOM000533,100000205,ATM250216HTBZDH,CDR202600060426,,CALL_THEN_NEW_BENEFICIARY,EASY,BANK_CDR,1,1,0,0,0,1,0,1,0,0,0,Beneficiary;Call,1
ANOM000534,100000101,TXN2501085XMCRU,CDR202600060427;CDR202600060428;CDR202600060429;CDR202600060430;CDR202600060431;CDR202600060432;CDR202600060433,,REPEATED_CALLS_BEFORE_TRANSACTION,MEDIUM,BANK_CDR,0,1,0,0,0,0,0,1,0,0,0,Call,1
ANOM000535,100000236,TXN250307VUUJB3,,IPDR202600050883;IPDR202600050884;IPDR202600050885;IPDR202600050886;IPDR202600050887;IPDR202600050888;IPDR202600050889;IPDR202600050890;IPDR202600050891;IPDR202600050892;IPDR202600050893;IPDR202600050894;IPDR202600050895;IPDR202600050896;IPDR202600050897;IPDR202600050898;IPDR202600050899;IPDR202600050900;IPDR202600050901;IPDR202600050902;IPDR202600050903;IPDR202600050904;IPDR202600050905,NETWORK_SESSION_BURST_AROUND_TRANSACTION,MEDIUM,BANK_CDR_IPDR,0,0,1,0,0,0,0,0,0,0,1,Network,1
ANOM000536,100000217,ATM250114CYU921,CDR202600060434,IPDR202600050906,UNUSUAL_LOCATION_CONTEXT,HARD,BANK_CDR_IPDR,0,1,1,0,0,0,0,0,0,1,0,Location,1
ANOM000537,100000198,TXN250220G2UMG1,CDR202600060435,IPDR202600050907,NEW_DEVICE_AROUND_TRANSACTION,EASY,BANK_CDR_IPDR,0,1,1,0,0,0,0,0,1,0,0,Device,1
ANOM000538,100000103,TXN250326Y66R7E,CDR202600060436,,IMSI_IMEI_PAIR_NOVELTY,MEDIUM,BANK_CDR,0,1,0,0,0,0,0,0,1,0,0,Device,1
ANOM000539,100000196,TXN2501023C0UKU,CDR202600060437,IPDR202600050908;IPDR202600050909;IPDR202600050910;IPDR202600050911;IPDR202600050912;IPDR202600050913,SUBTLE_MULTI_SOURCE_SUSPICIOUS_PATTERN,HARD,BANK_CDR_IPDR,1,1,1,1,0,0,0,1,0,0,1,Amount;Call;Network,1
ANOM000540,100000266,TXN250223QKMTZZ,,,ODD_HOUR_TRANSACTION,MEDIUM,BANK_ONLY,1,0,0,0,1,0,0,0,0,0,0,Time,1
ANOM000541,100000310,TXN250128CT5LM3,,,CUSTOMER_RELATIVE_AMOUNT_SPIKE,MEDIUM,BANK_ONLY,1,0,0,1,0,0,0,0,0,0,0,Amount,1
ANOM000542,100000242,TXN2502012NJ3AN,,,AMOUNT_VELOCITY_SPIKE,EASY,BANK_ONLY,1,0,0,1,0,0,1,0,0,0,0,Amount;Velocity,1
ANOM000543,100000222,ATM250312U7H8TX,,,TRANSACTION_BURST,EASY,BANK_ONLY,1,0,0,0,0,0,1,0,0,0,0,Velocity,1
ANOM000544,100000116,ATM250204BU7U9V,,,NEW_BENEFICIARY,MEDIUM,BANK_ONLY,1,0,0,0,0,1,0,0,0,0,0,Beneficiary,1
ANOM000545,100000300,ATM250325JF8SUG,,,AMOUNT_PLUS_NEW_BENEFICIARY,MEDIUM,BANK_ONLY,1,0,0,1,0,1,0,0,0,0,0,Amount;Beneficiary,1
ANOM000546,100000175,TXN250129I9WP9W,CDR202600060438,,UNUSUAL_CALL_BEFORE_TRANSACTION,HARD,BANK_CDR,0,1,0,0,0,0,0,1,0,0,0,Call,1
ANOM000547,100000008,TXN250316VAUYMP,CDR202600060439,,CALL_THEN_HIGH_VALUE_TRANSFER,HARD,BANK_CDR,1,1,0,1,0,0,0,1,0,0,0,Amount;Call,1
ANOM000548,100000379,TXN250106KCS7XP,CDR202600060440,,CALL_THEN_NEW_BENEFICIARY,HARD,BANK_CDR,1,1,0,0,0,1,0,1,0,0,0,Beneficiary;Call,1
ANOM000549,100000209,TXN25030293CCDG,CDR202600060441;CDR202600060442;CDR202600060443;CDR202600060444;CDR202600060445;CDR202600060446;CDR202600060447,,REPEATED_CALLS_BEFORE_TRANSACTION,MEDIUM,BANK_CDR,0,1,0,0,0,0,0,1,0,0,0,Call,1
ANOM000550,100000270,TXN2502249Y1YYW,,IPDR202600050914;IPDR202600050915;IPDR202600050916;IPDR202600050917;IPDR202600050918;IPDR202600050919;IPDR202600050920;IPDR202600050921;IPDR202600050922;IPDR202600050923;IPDR202600050924;IPDR202600050925;IPDR202600050926;IPDR202600050927;IPDR202600050928;IPDR202600050929;IPDR202600050930;IPDR202600050931;IPDR202600050932;IPDR202600050933;IPDR202600050934;IPDR202600050935;IPDR202600050936;IPDR202600050937,NETWORK_SESSION_BURST_AROUND_TRANSACTION,MEDIUM,BANK_CDR_IPDR,0,0,1,0,0,0,0,0,0,0,1,Network,1
ANOM000551,100000366,ATM250207838YUA,CDR202600060448,IPDR202600050938,UNUSUAL_LOCATION_CONTEXT,HARD,BANK_CDR_IPDR,0,1,1,0,0,0,0,0,0,1,0,Location,1
ANOM000552,100000052,TXN250221TKPSZ0,CDR202600060449,IPDR202600050939,NEW_DEVICE_AROUND_TRANSACTION,EASY,BANK_CDR_IPDR,0,1,1,0,0,0,0,0,1,0,0,Device,1
ANOM000553,100000348,TXN2503102C8FPJ,CDR202600060450,,IMSI_IMEI_PAIR_NOVELTY,MEDIUM,BANK_CDR,0,1,0,0,0,0,0,0,1,0,0,Device,1
ANOM000554,100000331,TXN250109AXPH9R,CDR202600060451,IPDR202600050940;IPDR202600050941;IPDR202600050942;IPDR202600050943;IPDR202600050944;IPDR202600050945;IPDR202600050946;IPDR202600050947,SUBTLE_MULTI_SOURCE_SUSPICIOUS_PATTERN,HARD,BANK_CDR_IPDR,1,1,1,1,0,0,0,1,0,0,1,Amount;Call;Network,1
ANOM000555,100000037,TXN2501070ZYJGQ,,,ODD_HOUR_TRANSACTION,MEDIUM,BANK_ONLY,1,0,0,0,1,0,0,0,0,0,0,Time,1
ANOM000556,100000258,TXN250207AK9EHH,,,CUSTOMER_RELATIVE_AMOUNT_SPIKE,EASY,BANK_ONLY,1,0,0,1,0,0,0,0,0,0,0,Amount,1
ANOM000557,100000002,TXN250216IF34KQ,,,AMOUNT_VELOCITY_SPIKE,MEDIUM,BANK_ONLY,1,0,0,1,0,0,1,0,0,0,0,Amount;Velocity,1
ANOM000558,100000006,ATM250205Q7EUUZ,,,TRANSACTION_BURST,HARD,BANK_ONLY,1,0,0,0,0,0,1,0,0,0,0,Velocity,1
ANOM000559,100000185,TXN250331PWC1JL,,,NEW_BENEFICIARY,MEDIUM,BANK_ONLY,1,0,0,0,0,1,0,0,0,0,0,Beneficiary,1
ANOM000560,100000287,TXN250319541JC3,,,AMOUNT_PLUS_NEW_BENEFICIARY,HARD,BANK_ONLY,1,0,0,1,0,1,0,0,0,0,0,Amount;Beneficiary,1
ANOM000561,100000251,TXN250111M7NLDC,CDR202600060452,,UNUSUAL_CALL_BEFORE_TRANSACTION,MEDIUM,BANK_CDR,0,1,0,0,0,0,0,1,0,0,0,Call,1
ANOM000562,100000357,TXN250108EOC1CG,CDR202600060453,,CALL_THEN_HIGH_VALUE_TRANSFER,HARD,BANK_CDR,1,1,0,1,0,0,0,1,0,0,0,Amount;Call,1
ANOM000563,100000305,TXN250307F3FUXH,CDR202600060454,,CALL_THEN_NEW_BENEFICIARY,EASY,BANK_CDR,1,1,0,0,0,1,0,1,0,0,0,Beneficiary;Call,1
ANOM000564,100000191,TXN250120AGX4VM,CDR202600060455;CDR202600060456;CDR202600060457;CDR202600060458;CDR202600060459;CDR202600060460,,REPEATED_CALLS_BEFORE_TRANSACTION,MEDIUM,BANK_CDR,0,1,0,0,0,0,0,1,0,0,0,Call,1
ANOM000565,100000073,TXN250103A8NRLN,,IPDR202600050948;IPDR202600050949;IPDR202600050950;IPDR202600050951;IPDR202600050952;IPDR202600050953;IPDR202600050954;IPDR202600050955;IPDR202600050956;IPDR202600050957;IPDR202600050958;IPDR202600050959;IPDR202600050960;IPDR202600050961;IPDR202600050962;IPDR202600050963;IPDR202600050964;IPDR202600050965;IPDR202600050966;IPDR202600050967;IPDR202600050968;IPDR202600050969;IPDR202600050970;IPDR202600050971;IPDR202600050972;IPDR202600050973;IPDR202600050974;IPDR202600050975;IPDR202600050976;IPDR202600050977;IPDR202600050978;IPDR202600050979;IPDR202600050980;IPDR202600050981;IPDR202600050982,NETWORK_SESSION_BURST_AROUND_TRANSACTION,EASY,BANK_CDR_IPDR,0,0,1,0,0,0,0,0,0,0,1,Network,1
ANOM000566,100000001,TXN250104JFTOOV,CDR202600060461,IPDR202600050983,UNUSUAL_LOCATION_CONTEXT,MEDIUM,BANK_CDR_IPDR,0,1,1,0,0,0,0,0,0,1,0,Location,1
ANOM000567,100000144,TXN250222SX5ZXA,CDR202600060462,IPDR202600050984,NEW_DEVICE_AROUND_TRANSACTION,HARD,BANK_CDR_IPDR,0,1,1,0,0,0,0,0,1,0,0,Device,1
ANOM000568,100000154,TXN250226CH9VKJ,CDR202600060463,,IMSI_IMEI_PAIR_NOVELTY,MEDIUM,BANK_CDR,0,1,0,0,0,0,0,0,1,0,0,Device,1
ANOM000569,100000058,TXN250115WOCI4P,CDR202600060464,IPDR202600050985;IPDR202600050986;IPDR202600050987;IPDR202600050988;IPDR202600050989;IPDR202600050990;IPDR202600050991,SUBTLE_MULTI_SOURCE_SUSPICIOUS_PATTERN,HARD,BANK_CDR_IPDR,1,1,1,1,0,0,0,1,0,0,1,Amount;Call;Network,1
ANOM000570,100000320,ATM250131XICGI3,,,ODD_HOUR_TRANSACTION,MEDIUM,BANK_ONLY,1,0,0,0,1,0,0,0,0,0,0,Time,1
ANOM000571,100000143,ATM25030954WCHP,,,CUSTOMER_RELATIVE_AMOUNT_SPIKE,HARD,BANK_ONLY,1,0,0,1,0,0,0,0,0,0,0,Amount,1
ANOM000572,100000190,ATM250301Y6CIKH,,,AMOUNT_VELOCITY_SPIKE,MEDIUM,BANK_ONLY,1,0,0,1,0,0,1,0,0,0,0,Amount;Velocity,1
ANOM000573,100000332,TXN250210Q02C9W,,,TRANSACTION_BURST,HARD,BANK_ONLY,1,0,0,0,0,0,1,0,0,0,0,Velocity,1
ANOM000574,100000247,TXN250328EIKDBN,,,NEW_BENEFICIARY,EASY,BANK_ONLY,1,0,0,0,0,1,0,0,0,0,0,Beneficiary,1
ANOM000575,100000124,TXN250220SYZJD1,,,AMOUNT_PLUS_NEW_BENEFICIARY,HARD,BANK_ONLY,1,0,0,1,0,1,0,0,0,0,0,Amount;Beneficiary,1
ANOM000576,100000167,ATM250322WAEQVN,CDR202600060465,,UNUSUAL_CALL_BEFORE_TRANSACTION,HARD,BANK_CDR,0,1,0,0,0,0,0,1,0,0,0,Call,1
ANOM000577,100000383,TXN250128ZK17ES,CDR202600060466,,CALL_THEN_HIGH_VALUE_TRANSFER,MEDIUM,BANK_CDR,1,1,0,1,0,0,0,1,0,0,0,Amount;Call,1
ANOM000578,100000356,ATM250201I0CBJH,CDR202600060467,,CALL_THEN_NEW_BENEFICIARY,EASY,BANK_CDR,1,1,0,0,0,1,0,1,0,0,0,Beneficiary;Call,1
ANOM000579,100000342,TXN25020679QG2E,CDR202600060468;CDR202600060469;CDR202600060470;CDR202600060471;CDR202600060472;CDR202600060473;CDR202600060474;CDR202600060475;CDR202600060476,,REPEATED_CALLS_BEFORE_TRANSACTION,EASY,BANK_CDR,0,1,0,0,0,0,0,1,0,0,0,Call,1
ANOM000580,100000200,TXN250321GWZ297,,IPDR202600050992;IPDR202600050993;IPDR202600050994;IPDR202600050995;IPDR202600050996;IPDR202600050997;IPDR202600050998;IPDR202600050999;IPDR202600051000;IPDR202600051001;IPDR202600051002;IPDR202600051003;IPDR202600051004;IPDR202600051005;IPDR202600051006;IPDR202600051007;IPDR202600051008;IPDR202600051009;IPDR202600051010;IPDR202600051011;IPDR202600051012,NETWORK_SESSION_BURST_AROUND_TRANSACTION,MEDIUM,BANK_CDR_IPDR,0,0,1,0,0,0,0,0,0,0,1,Network,1
ANOM000581,100000217,ATM250114ILUZE7,CDR202600060477,IPDR202600051013,UNUSUAL_LOCATION_CONTEXT,HARD,BANK_CDR_IPDR,0,1,1,0,0,0,0,0,0,1,0,Location,1
ANOM000582,100000386,TXN25030993UFY5,CDR202600060478,IPDR202600051014,NEW_DEVICE_AROUND_TRANSACTION,HARD,BANK_CDR_IPDR,0,1,1,0,0,0,0,0,1,0,0,Device,1
ANOM000583,100000244,ATM2503216HHKVJ,CDR202600060479,,IMSI_IMEI_PAIR_NOVELTY,EASY,BANK_CDR,0,1,0,0,0,0,0,0,1,0,0,Device,1
ANOM000584,100000050,ATM2501063XCDGW,CDR202600060480,IPDR202600051015;IPDR202600051016;IPDR202600051017;IPDR202600051018,SUBTLE_MULTI_SOURCE_SUSPICIOUS_PATTERN,MEDIUM,BANK_CDR_IPDR,1,1,1,1,0,0,0,1,0,0,1,Amount;Call;Network,1
ANOM000585,100000111,TXN250219EMZ758,,,ODD_HOUR_TRANSACTION,MEDIUM,BANK_ONLY,1,0,0,0,1,0,0,0,0,0,0,Time,1
ANOM000586,100000325,ATM2501281O8KN4,,,CUSTOMER_RELATIVE_AMOUNT_SPIKE,MEDIUM,BANK_ONLY,1,0,0,1,0,0,0,0,0,0,0,Amount,1
ANOM000587,100000216,TXN2501157URRXE,,,AMOUNT_VELOCITY_SPIKE,HARD,BANK_ONLY,1,0,0,1,0,0,1,0,0,0,0,Amount;Velocity,1
ANOM000588,100000028,TXN250331DT993U,,,TRANSACTION_BURST,MEDIUM,BANK_ONLY,1,0,0,0,0,0,1,0,0,0,0,Velocity,1
ANOM000589,100000380,TXN2503253XEV8G,,,NEW_BENEFICIARY,EASY,BANK_ONLY,1,0,0,0,0,1,0,0,0,0,0,Beneficiary,1
ANOM000590,100000126,TXN250120OOTEBD,,,AMOUNT_PLUS_NEW_BENEFICIARY,HARD,BANK_ONLY,1,0,0,1,0,1,0,0,0,0,0,Amount;Beneficiary,1
ANOM000591,100000153,ATM2503229VRW88,CDR202600060481,,UNUSUAL_CALL_BEFORE_TRANSACTION,HARD,BANK_CDR,0,1,0,0,0,0,0,1,0,0,0,Call,1
ANOM000592,100000345,ATM250330QYWLQ1,CDR202600060482,,CALL_THEN_HIGH_VALUE_TRANSFER,MEDIUM,BANK_CDR,1,1,0,1,0,0,0,1,0,0,0,Amount;Call,1
ANOM000593,100000326,TXN2502287FDYOR,CDR202600060483,,CALL_THEN_NEW_BENEFICIARY,EASY,BANK_CDR,1,1,0,0,0,1,0,1,0,0,0,Beneficiary;Call,1
ANOM000594,100000385,TXN25010105FJXL,CDR202600060484;CDR202600060485;CDR202600060486;CDR202600060487;CDR202600060488;CDR202600060489;CDR202600060490,,REPEATED_CALLS_BEFORE_TRANSACTION,MEDIUM,BANK_CDR,0,1,0,0,0,0,0,1,0,0,0,Call,1
ANOM000595,100000190,TXN250320JX5TB9,,IPDR202600051019;IPDR202600051020;IPDR202600051021;IPDR202600051022;IPDR202600051023;IPDR202600051024;IPDR202600051025;IPDR202600051026;IPDR202600051027;IPDR202600051028;IPDR202600051029;IPDR202600051030;IPDR202600051031;IPDR202600051032;IPDR202600051033,NETWORK_SESSION_BURST_AROUND_TRANSACTION,HARD,BANK_CDR_IPDR,0,0,1,0,0,0,0,0,0,0,1,Network,1
ANOM000596,100000281,TXN250118V1PXI3,CDR202600060491,IPDR202600051034,UNUSUAL_LOCATION_CONTEXT,MEDIUM,BANK_CDR_IPDR,0,1,1,0,0,0,0,0,0,1,0,Location,1
ANOM000597,100000237,ATM250208LXYABP,CDR202600060492,IPDR202600051035,NEW_DEVICE_AROUND_TRANSACTION,HARD,BANK_CDR_IPDR,0,1,1,0,0,0,0,0,1,0,0,Device,1
ANOM000598,100000109,ATM250204HQ30YY,CDR202600060493,,IMSI_IMEI_PAIR_NOVELTY,HARD,BANK_CDR,0,1,0,0,0,0,0,0,1,0,0,Device,1
ANOM000599,100000080,ATM250312821J9I,CDR202600060494,IPDR202600051036;IPDR202600051037;IPDR202600051038;IPDR202600051039;IPDR202600051040;IPDR202600051041;IPDR202600051042;IPDR202600051043,SUBTLE_MULTI_SOURCE_SUSPICIOUS_PATTERN,MEDIUM,BANK_CDR_IPDR,1,1,1,1,0,0,0,1,0,0,1,Amount;Call;Network,1
ANOM000600,100000107,TXN250204KB5UQR,,,ODD_HOUR_TRANSACTION,HARD,BANK_ONLY,1,0,0,0,1,0,0,0,0,0,0,Time,1
ANOM000601,100000002,ATM250208ERFYA5,,,CUSTOMER_RELATIVE_AMOUNT_SPIKE,HARD,BANK_ONLY,1,0,0,1,0,0,0,0,0,0,0,Amount,1
ANOM000602,100000038,ATM250220BPYWSC,,,AMOUNT_VELOCITY_SPIKE,MEDIUM,BANK_ONLY,1,0,0,1,0,0,1,0,0,0,0,Amount;Velocity,1
ANOM000603,100000293,TXN25021305PQ5W,,,TRANSACTION_BURST,HARD,BANK_ONLY,1,0,0,0,0,0,1,0,0,0,0,Velocity,1
ANOM000604,100000174,TXN2502197WKVV4,,,NEW_BENEFICIARY,MEDIUM,BANK_ONLY,1,0,0,0,0,1,0,0,0,0,0,Beneficiary,1
ANOM000605,100000067,ATM250218H4N37X,,,AMOUNT_PLUS_NEW_BENEFICIARY,EASY,BANK_ONLY,1,0,0,1,0,1,0,0,0,0,0,Amount;Beneficiary,1
ANOM000606,100000089,TXN250110L1AB9D,CDR202600060495,,UNUSUAL_CALL_BEFORE_TRANSACTION,EASY,BANK_CDR,0,1,0,0,0,0,0,1,0,0,0,Call,1
ANOM000607,100000155,TXN2502181NO0OC,CDR202600060496,,CALL_THEN_HIGH_VALUE_TRANSFER,EASY,BANK_CDR,1,1,0,1,0,0,0,1,0,0,0,Amount;Call,1
ANOM000608,100000110,ATM250209HEXF2P,CDR202600060497,,CALL_THEN_NEW_BENEFICIARY,HARD,BANK_CDR,1,1,0,0,0,1,0,1,0,0,0,Beneficiary;Call,1
ANOM000609,100000171,TXN250117RMK1SP,CDR202600060498;CDR202600060499;CDR202600060500;CDR202600060501,,REPEATED_CALLS_BEFORE_TRANSACTION,MEDIUM,BANK_CDR,0,1,0,0,0,0,0,1,0,0,0,Call,1
ANOM000610,100000190,TXN250106YWJLHD,,IPDR202600051044;IPDR202600051045;IPDR202600051046;IPDR202600051047;IPDR202600051048;IPDR202600051049;IPDR202600051050;IPDR202600051051;IPDR202600051052;IPDR202600051053;IPDR202600051054;IPDR202600051055;IPDR202600051056;IPDR202600051057;IPDR202600051058;IPDR202600051059;IPDR202600051060;IPDR202600051061;IPDR202600051062;IPDR202600051063;IPDR202600051064;IPDR202600051065;IPDR202600051066;IPDR202600051067;IPDR202600051068,NETWORK_SESSION_BURST_AROUND_TRANSACTION,MEDIUM,BANK_CDR_IPDR,0,0,1,0,0,0,0,0,0,0,1,Network,1
ANOM000611,100000034,ATM250227Q9474Y,CDR202600060502,IPDR202600051069,UNUSUAL_LOCATION_CONTEXT,EASY,BANK_CDR_IPDR,0,1,1,0,0,0,0,0,0,1,0,Location,1
ANOM000612,100000182,ATM2503310HUMLS,CDR202600060503,IPDR202600051070,NEW_DEVICE_AROUND_TRANSACTION,EASY,BANK_CDR_IPDR,0,1,1,0,0,0,0,0,1,0,0,Device,1
ANOM000613,100000132,TXN250212I8QTKJ,CDR202600060504,,IMSI_IMEI_PAIR_NOVELTY,EASY,BANK_CDR,0,1,0,0,0,0,0,0,1,0,0,Device,1
ANOM000614,100000203,TXN250326V6YUWU,CDR202600060505,IPDR202600051071;IPDR202600051072;IPDR202600051073;IPDR202600051074;IPDR202600051075;IPDR202600051076,SUBTLE_MULTI_SOURCE_SUSPICIOUS_PATTERN,EASY,BANK_CDR_IPDR,1,1,1,1,0,0,0,1,0,0,1,Amount;Call;Network,1
ANOM000615,100000139,ATM250218TYRNVR,,,ODD_HOUR_TRANSACTION,MEDIUM,BANK_ONLY,1,0,0,0,1,0,0,0,0,0,0,Time,1
ANOM000616,100000263,ATM250215UWN8K0,,,CUSTOMER_RELATIVE_AMOUNT_SPIKE,HARD,BANK_ONLY,1,0,0,1,0,0,0,0,0,0,0,Amount,1
ANOM000617,100000176,ATM2502253JY9YJ,,,AMOUNT_VELOCITY_SPIKE,HARD,BANK_ONLY,1,0,0,1,0,0,1,0,0,0,0,Amount;Velocity,1
ANOM000618,100000266,ATM2501317VJ3Q4,,,TRANSACTION_BURST,HARD,BANK_ONLY,1,0,0,0,0,0,1,0,0,0,0,Velocity,1
ANOM000619,100000369,ATM250313ZTM0OF,,,NEW_BENEFICIARY,EASY,BANK_ONLY,1,0,0,0,0,1,0,0,0,0,0,Beneficiary,1
ANOM000620,100000266,TXN250202C32E48,,,AMOUNT_PLUS_NEW_BENEFICIARY,EASY,BANK_ONLY,1,0,0,1,0,1,0,0,0,0,0,Amount;Beneficiary,1
ANOM000621,100000024,TXN250223RUEK7P,CDR202600060506,,UNUSUAL_CALL_BEFORE_TRANSACTION,HARD,BANK_CDR,0,1,0,0,0,0,0,1,0,0,0,Call,1
ANOM000622,100000028,ATM250328QCDUEO,CDR202600060507,,CALL_THEN_HIGH_VALUE_TRANSFER,HARD,BANK_CDR,1,1,0,1,0,0,0,1,0,0,0,Amount;Call,1
ANOM000623,100000194,TXN250210RV7175,CDR202600060508,,CALL_THEN_NEW_BENEFICIARY,MEDIUM,BANK_CDR,1,1,0,0,0,1,0,1,0,0,0,Beneficiary;Call,1
ANOM000624,100000072,TXN25021163SU03,CDR202600060509;CDR202600060510;CDR202600060511;CDR202600060512;CDR202600060513;CDR202600060514,,REPEATED_CALLS_BEFORE_TRANSACTION,MEDIUM,BANK_CDR,0,1,0,0,0,0,0,1,0,0,0,Call,1
ANOM000625,100000059,TXN250212AK1P8F,,IPDR202600051077;IPDR202600051078;IPDR202600051079;IPDR202600051080;IPDR202600051081;IPDR202600051082;IPDR202600051083;IPDR202600051084;IPDR202600051085;IPDR202600051086;IPDR202600051087;IPDR202600051088;IPDR202600051089;IPDR202600051090;IPDR202600051091;IPDR202600051092;IPDR202600051093;IPDR202600051094,NETWORK_SESSION_BURST_AROUND_TRANSACTION,MEDIUM,BANK_CDR_IPDR,0,0,1,0,0,0,0,0,0,0,1,Network,1
ANOM000626,100000311,TXN250214M4KL2S,CDR202600060515,IPDR202600051095,UNUSUAL_LOCATION_CONTEXT,HARD,BANK_CDR_IPDR,0,1,1,0,0,0,0,0,0,1,0,Location,1
ANOM000627,100000392,ATM250203X8JZG6,CDR202600060516,IPDR202600051096,NEW_DEVICE_AROUND_TRANSACTION,MEDIUM,BANK_CDR_IPDR,0,1,1,0,0,0,0,0,1,0,0,Device,1
ANOM000628,100000184,TXN2503274GGTIO,CDR202600060517,,IMSI_IMEI_PAIR_NOVELTY,EASY,BANK_CDR,0,1,0,0,0,0,0,0,1,0,0,Device,1
ANOM000629,100000283,TXN250206BC6WGL,CDR202600060518,IPDR202600051097;IPDR202600051098;IPDR202600051099;IPDR202600051100;IPDR202600051101;IPDR202600051102;IPDR202600051103;IPDR202600051104,SUBTLE_MULTI_SOURCE_SUSPICIOUS_PATTERN,MEDIUM,BANK_CDR_IPDR,1,1,1,1,0,0,0,1,0,0,1,Amount;Call;Network,1
ANOM000630,100000256,TXN250204UNTA91,,,ODD_HOUR_TRANSACTION,HARD,BANK_ONLY,1,0,0,0,1,0,0,0,0,0,0,Time,1
ANOM000631,100000159,ATM250120HZAVRG,,,CUSTOMER_RELATIVE_AMOUNT_SPIKE,MEDIUM,BANK_ONLY,1,0,0,1,0,0,0,0,0,0,0,Amount,1
ANOM000632,100000025,TXN250107BD55XQ,,,AMOUNT_VELOCITY_SPIKE,HARD,BANK_ONLY,1,0,0,1,0,0,1,0,0,0,0,Amount;Velocity,1
ANOM000633,100000324,TXN250324QVBIYS,,,TRANSACTION_BURST,EASY,BANK_ONLY,1,0,0,0,0,0,1,0,0,0,0,Velocity,1
ANOM000634,100000068,TXN250103ETWMTY,,,NEW_BENEFICIARY,HARD,BANK_ONLY,1,0,0,0,0,1,0,0,0,0,0,Beneficiary,1
ANOM000635,100000334,ATM250330SRB1OH,,,AMOUNT_PLUS_NEW_BENEFICIARY,HARD,BANK_ONLY,1,0,0,1,0,1,0,0,0,0,0,Amount;Beneficiary,1
ANOM000636,100000339,ATM250313SW4P1G,CDR202600060519,,UNUSUAL_CALL_BEFORE_TRANSACTION,HARD,BANK_CDR,0,1,0,0,0,0,0,1,0,0,0,Call,1
ANOM000637,100000184,TXN25010509EREB,CDR202600060520,,CALL_THEN_HIGH_VALUE_TRANSFER,EASY,BANK_CDR,1,1,0,1,0,0,0,1,0,0,0,Amount;Call,1
ANOM000638,100000178,TXN2501315VY0Y5,CDR202600060521,,CALL_THEN_NEW_BENEFICIARY,HARD,BANK_CDR,1,1,0,0,0,1,0,1,0,0,0,Beneficiary;Call,1
ANOM000639,100000325,TXN250228GHPTSF,CDR202600060522;CDR202600060523;CDR202600060524;CDR202600060525,,REPEATED_CALLS_BEFORE_TRANSACTION,MEDIUM,BANK_CDR,0,1,0,0,0,0,0,1,0,0,0,Call,1
ANOM000640,100000173,TXN250216F2MQKT,,IPDR202600051105;IPDR202600051106;IPDR202600051107;IPDR202600051108;IPDR202600051109;IPDR202600051110;IPDR202600051111;IPDR202600051112;IPDR202600051113;IPDR202600051114;IPDR202600051115;IPDR202600051116;IPDR202600051117;IPDR202600051118;IPDR202600051119;IPDR202600051120;IPDR202600051121;IPDR202600051122;IPDR202600051123;IPDR202600051124;IPDR202600051125;IPDR202600051126,NETWORK_SESSION_BURST_AROUND_TRANSACTION,EASY,BANK_CDR_IPDR,0,0,1,0,0,0,0,0,0,0,1,Network,1
ANOM000641,100000039,TXN25030570A5UH,CDR202600060526,IPDR202600051127,UNUSUAL_LOCATION_CONTEXT,MEDIUM,BANK_CDR_IPDR,0,1,1,0,0,0,0,0,0,1,0,Location,1
ANOM000642,100000063,ATM250111C1ZELA,CDR202600060527,IPDR202600051128,NEW_DEVICE_AROUND_TRANSACTION,EASY,BANK_CDR_IPDR,0,1,1,0,0,0,0,0,1,0,0,Device,1
ANOM000643,100000389,ATM250326XFCAYJ,CDR202600060528,,IMSI_IMEI_PAIR_NOVELTY,EASY,BANK_CDR,0,1,0,0,0,0,0,0,1,0,0,Device,1
ANOM000644,100000028,ATM250222V5P8GU,CDR202600060529,IPDR202600051129;IPDR202600051130;IPDR202600051131;IPDR202600051132;IPDR202600051133;IPDR202600051134;IPDR202600051135,SUBTLE_MULTI_SOURCE_SUSPICIOUS_PATTERN,HARD,BANK_CDR_IPDR,1,1,1,1,0,0,0,1,0,0,1,Amount;Call;Network,1
ANOM000645,100000155,ATM2503304LAFQ4,,,ODD_HOUR_TRANSACTION,HARD,BANK_ONLY,1,0,0,0,1,0,0,0,0,0,0,Time,1
ANOM000646,100000233,TXN250310JTB83L,,,CUSTOMER_RELATIVE_AMOUNT_SPIKE,HARD,BANK_ONLY,1,0,0,1,0,0,0,0,0,0,0,Amount,1
ANOM000647,100000155,TXN250316QJMET4,,,AMOUNT_VELOCITY_SPIKE,HARD,BANK_ONLY,1,0,0,1,0,0,1,0,0,0,0,Amount;Velocity,1
ANOM000648,100000387,TXN250110LXCJFB,,,TRANSACTION_BURST,HARD,BANK_ONLY,1,0,0,0,0,0,1,0,0,0,0,Velocity,1
ANOM000649,100000124,ATM250324S3DBWE,,,NEW_BENEFICIARY,EASY,BANK_ONLY,1,0,0,0,0,1,0,0,0,0,0,Beneficiary,1
ANOM000650,100000042,TXN250105IR1001,,,AMOUNT_PLUS_NEW_BENEFICIARY,MEDIUM,BANK_ONLY,1,0,0,1,0,1,0,0,0,0,0,Amount;Beneficiary,1
ANOM000651,100000080,TXN250304W408ET,CDR202600060530,,UNUSUAL_CALL_BEFORE_TRANSACTION,HARD,BANK_CDR,0,1,0,0,0,0,0,1,0,0,0,Call,1
ANOM000652,100000159,TXN250327LF3F74,CDR202600060531,,CALL_THEN_HIGH_VALUE_TRANSFER,HARD,BANK_CDR,1,1,0,1,0,0,0,1,0,0,0,Amount;Call,1
ANOM000653,100000117,TXN250327MWEYIB,CDR202600060532,,CALL_THEN_NEW_BENEFICIARY,HARD,BANK_CDR,1,1,0,0,0,1,0,1,0,0,0,Beneficiary;Call,1
ANOM000654,100000347,TXN2501157KXMHW,CDR202600060533;CDR202600060534;CDR202600060535;CDR202600060536;CDR202600060537;CDR202600060538,,REPEATED_CALLS_BEFORE_TRANSACTION,MEDIUM,BANK_CDR,0,1,0,0,0,0,0,1,0,0,0,Call,1
ANOM000655,100000269,ATM2503211N2XGL,,IPDR202600051136;IPDR202600051137;IPDR202600051138;IPDR202600051139;IPDR202600051140;IPDR202600051141;IPDR202600051142;IPDR202600051143;IPDR202600051144;IPDR202600051145;IPDR202600051146;IPDR202600051147;IPDR202600051148;IPDR202600051149;IPDR202600051150;IPDR202600051151;IPDR202600051152;IPDR202600051153;IPDR202600051154;IPDR202600051155;IPDR202600051156;IPDR202600051157,NETWORK_SESSION_BURST_AROUND_TRANSACTION,MEDIUM,BANK_CDR_IPDR,0,0,1,0,0,0,0,0,0,0,1,Network,1
ANOM000656,100000360,TXN2501028ZQ4LW,CDR202600060539,IPDR202600051158,UNUSUAL_LOCATION_CONTEXT,HARD,BANK_CDR_IPDR,0,1,1,0,0,0,0,0,0,1,0,Location,1
ANOM000657,100000194,TXN250116EDB5EZ,CDR202600060540,IPDR202600051159,NEW_DEVICE_AROUND_TRANSACTION,MEDIUM,BANK_CDR_IPDR,0,1,1,0,0,0,0,0,1,0,0,Device,1
ANOM000658,100000092,TXN250318GLRF15,CDR202600060541,,IMSI_IMEI_PAIR_NOVELTY,EASY,BANK_CDR,0,1,0,0,0,0,0,0,1,0,0,Device,1
ANOM000659,100000065,ATM250103TQF4PP,CDR202600060542,IPDR202600051160;IPDR202600051161;IPDR202600051162;IPDR202600051163;IPDR202600051164;IPDR202600051165,SUBTLE_MULTI_SOURCE_SUSPICIOUS_PATTERN,MEDIUM,BANK_CDR_IPDR,1,1,1,1,0,0,0,1,0,0,1,Amount;Call;Network,1
ANOM000660,100000274,TXN250120UGAEDH,,,ODD_HOUR_TRANSACTION,HARD,BANK_ONLY,1,0,0,0,1,0,0,0,0,0,0,Time,1
ANOM000661,100000328,ATM250215WLGD28,,,CUSTOMER_RELATIVE_AMOUNT_SPIKE,MEDIUM,BANK_ONLY,1,0,0,1,0,0,0,0,0,0,0,Amount,1
ANOM000662,100000260,ATM250205JL6TR0,,,AMOUNT_VELOCITY_SPIKE,MEDIUM,BANK_ONLY,1,0,0,1,0,0,1,0,0,0,0,Amount;Velocity,1
ANOM000663,100000370,TXN250106U748IP,,,TRANSACTION_BURST,MEDIUM,BANK_ONLY,1,0,0,0,0,0,1,0,0,0,0,Velocity,1
ANOM000664,100000370,ATM250217NC2AVD,,,NEW_BENEFICIARY,MEDIUM,BANK_ONLY,1,0,0,0,0,1,0,0,0,0,0,Beneficiary,1
ANOM000665,100000327,TXN250107FFMECY,,,AMOUNT_PLUS_NEW_BENEFICIARY,MEDIUM,BANK_ONLY,1,0,0,1,0,1,0,0,0,0,0,Amount;Beneficiary,1
ANOM000666,100000284,ATM250118YWOBGE,CDR202600060543,,UNUSUAL_CALL_BEFORE_TRANSACTION,MEDIUM,BANK_CDR,0,1,0,0,0,0,0,1,0,0,0,Call,1
ANOM000667,100000020,TXN250102O13XY2,CDR202600060544,,CALL_THEN_HIGH_VALUE_TRANSFER,HARD,BANK_CDR,1,1,0,1,0,0,0,1,0,0,0,Amount;Call,1
ANOM000668,100000325,TXN250223N4ARL5,CDR202600060545,,CALL_THEN_NEW_BENEFICIARY,EASY,BANK_CDR,1,1,0,0,0,1,0,1,0,0,0,Beneficiary;Call,1
ANOM000669,100000380,TXN250327ZVTTOT,CDR202600060546;CDR202600060547;CDR202600060548,,REPEATED_CALLS_BEFORE_TRANSACTION,HARD,BANK_CDR,0,1,0,0,0,0,0,1,0,0,0,Call,1
ANOM000670,100000217,ATM250130TLQG14,,IPDR202600051166;IPDR202600051167;IPDR202600051168;IPDR202600051169;IPDR202600051170;IPDR202600051171;IPDR202600051172;IPDR202600051173;IPDR202600051174;IPDR202600051175;IPDR202600051176;IPDR202600051177;IPDR202600051178;IPDR202600051179;IPDR202600051180;IPDR202600051181;IPDR202600051182;IPDR202600051183;IPDR202600051184;IPDR202600051185;IPDR202600051186;IPDR202600051187;IPDR202600051188;IPDR202600051189;IPDR202600051190,NETWORK_SESSION_BURST_AROUND_TRANSACTION,MEDIUM,BANK_CDR_IPDR,0,0,1,0,0,0,0,0,0,0,1,Network,1
ANOM000671,100000245,TXN250325HX2EWO,CDR202600060549,IPDR202600051191,UNUSUAL_LOCATION_CONTEXT,EASY,BANK_CDR_IPDR,0,1,1,0,0,0,0,0,0,1,0,Location,1
ANOM000672,100000346,ATM250228W4LT0U,CDR202600060550,IPDR202600051192,NEW_DEVICE_AROUND_TRANSACTION,EASY,BANK_CDR_IPDR,0,1,1,0,0,0,0,0,1,0,0,Device,1
ANOM000673,100000122,TXN250309GJAQQS,CDR202600060551,,IMSI_IMEI_PAIR_NOVELTY,MEDIUM,BANK_CDR,0,1,0,0,0,0,0,0,1,0,0,Device,1
ANOM000674,100000015,TXN250215DPN3L0,CDR202600060552,IPDR202600051193;IPDR202600051194;IPDR202600051195;IPDR202600051196;IPDR202600051197;IPDR202600051198;IPDR202600051199,SUBTLE_MULTI_SOURCE_SUSPICIOUS_PATTERN,MEDIUM,BANK_CDR_IPDR,1,1,1,1,0,0,0,1,0,0,1,Amount;Call;Network,1
ANOM000675,100000145,ATM250213B06RMZ,,,ODD_HOUR_TRANSACTION,HARD,BANK_ONLY,1,0,0,0,1,0,0,0,0,0,0,Time,1
ANOM000676,100000350,TXN250210S6WO8P,,,CUSTOMER_RELATIVE_AMOUNT_SPIKE,EASY,BANK_ONLY,1,0,0,1,0,0,0,0,0,0,0,Amount,1
ANOM000677,100000020,ATM250314IOG356,,,AMOUNT_VELOCITY_SPIKE,MEDIUM,BANK_ONLY,1,0,0,1,0,0,1,0,0,0,0,Amount;Velocity,1
ANOM000678,100000393,TXN250318FOC06P,,,TRANSACTION_BURST,EASY,BANK_ONLY,1,0,0,0,0,0,1,0,0,0,0,Velocity,1
ANOM000679,100000060,ATM250102DNXDZD,,,NEW_BENEFICIARY,HARD,BANK_ONLY,1,0,0,0,0,1,0,0,0,0,0,Beneficiary,1
ANOM000680,100000218,ATM250304Y8OYPY,,,AMOUNT_PLUS_NEW_BENEFICIARY,EASY,BANK_ONLY,1,0,0,1,0,1,0,0,0,0,0,Amount;Beneficiary,1
ANOM000681,100000179,TXN2502036G54PQ,CDR202600060553,,UNUSUAL_CALL_BEFORE_TRANSACTION,HARD,BANK_CDR,0,1,0,0,0,0,0,1,0,0,0,Call,1
ANOM000682,100000366,TXN250122XWPID8,CDR202600060554,,CALL_THEN_HIGH_VALUE_TRANSFER,HARD,BANK_CDR,1,1,0,1,0,0,0,1,0,0,0,Amount;Call,1
ANOM000683,100000002,ATM250114ZYOLMZ,CDR202600060555,,CALL_THEN_NEW_BENEFICIARY,MEDIUM,BANK_CDR,1,1,0,0,0,1,0,1,0,0,0,Beneficiary;Call,1
ANOM000684,100000273,TXN25020542PGSQ,CDR202600060556;CDR202600060557;CDR202600060558;CDR202600060559,,REPEATED_CALLS_BEFORE_TRANSACTION,HARD,BANK_CDR,0,1,0,0,0,0,0,1,0,0,0,Call,1
ANOM000685,100000137,TXN2501303RIE2A,,IPDR202600051200;IPDR202600051201;IPDR202600051202;IPDR202600051203;IPDR202600051204;IPDR202600051205;IPDR202600051206;IPDR202600051207;IPDR202600051208;IPDR202600051209;IPDR202600051210;IPDR202600051211;IPDR202600051212;IPDR202600051213;IPDR202600051214,NETWORK_SESSION_BURST_AROUND_TRANSACTION,HARD,BANK_CDR_IPDR,0,0,1,0,0,0,0,0,0,0,1,Network,1
ANOM000686,100000236,TXN250115C53JSC,CDR202600060560,IPDR202600051215,UNUSUAL_LOCATION_CONTEXT,HARD,BANK_CDR_IPDR,0,1,1,0,0,0,0,0,0,1,0,Location,1
ANOM000687,100000237,ATM250315ACGVZ9,CDR202600060561,IPDR202600051216,NEW_DEVICE_AROUND_TRANSACTION,HARD,BANK_CDR_IPDR,0,1,1,0,0,0,0,0,1,0,0,Device,1
ANOM000688,100000000,ATM250115EP6ZUE,CDR202600060562,,IMSI_IMEI_PAIR_NOVELTY,HARD,BANK_CDR,0,1,0,0,0,0,0,0,1,0,0,Device,1
ANOM000689,100000260,TXN250118UXEFBO,CDR202600060563,IPDR202600051217;IPDR202600051218;IPDR202600051219;IPDR202600051220,SUBTLE_MULTI_SOURCE_SUSPICIOUS_PATTERN,EASY,BANK_CDR_IPDR,1,1,1,1,0,0,0,1,0,0,1,Amount;Call;Network,1
ANOM000690,100000120,ATM250301FG5FI0,,,ODD_HOUR_TRANSACTION,EASY,BANK_ONLY,1,0,0,0,1,0,0,0,0,0,0,Time,1
ANOM000691,100000079,TXN25010335J080,,,CUSTOMER_RELATIVE_AMOUNT_SPIKE,MEDIUM,BANK_ONLY,1,0,0,1,0,0,0,0,0,0,0,Amount,1
ANOM000692,100000347,TXN25031422XXZE,,,AMOUNT_VELOCITY_SPIKE,MEDIUM,BANK_ONLY,1,0,0,1,0,0,1,0,0,0,0,Amount;Velocity,1
ANOM000693,100000268,TXN2501284IW8MZ,,,TRANSACTION_BURST,EASY,BANK_ONLY,1,0,0,0,0,0,1,0,0,0,0,Velocity,1
ANOM000694,100000194,TXN250119RSATC8,,,NEW_BENEFICIARY,MEDIUM,BANK_ONLY,1,0,0,0,0,1,0,0,0,0,0,Beneficiary,1
ANOM000695,100000159,TXN250125SU1KGJ,,,AMOUNT_PLUS_NEW_BENEFICIARY,MEDIUM,BANK_ONLY,1,0,0,1,0,1,0,0,0,0,0,Amount;Beneficiary,1
ANOM000696,100000087,ATM250314R9J0BQ,CDR202600060564,,UNUSUAL_CALL_BEFORE_TRANSACTION,MEDIUM,BANK_CDR,0,1,0,0,0,0,0,1,0,0,0,Call,1
ANOM000697,100000295,TXN250129ZH92VJ,CDR202600060565,,CALL_THEN_HIGH_VALUE_TRANSFER,EASY,BANK_CDR,1,1,0,1,0,0,0,1,0,0,0,Amount;Call,1
ANOM000698,100000268,TXN250321UT6RYM,CDR202600060566,,CALL_THEN_NEW_BENEFICIARY,HARD,BANK_CDR,1,1,0,0,0,1,0,1,0,0,0,Beneficiary;Call,1
ANOM000699,100000081,TXN250124QH0K5F,CDR202600060567;CDR202600060568;CDR202600060569;CDR202600060570;CDR202600060571;CDR202600060572;CDR202600060573,,REPEATED_CALLS_BEFORE_TRANSACTION,MEDIUM,BANK_CDR,0,1,0,0,0,0,0,1,0,0,0,Call,1
ANOM000700,100000357,TXN25031487LC8O,,IPDR202600051221;IPDR202600051222;IPDR202600051223;IPDR202600051224;IPDR202600051225;IPDR202600051226;IPDR202600051227;IPDR202600051228;IPDR202600051229;IPDR202600051230;IPDR202600051231;IPDR202600051232;IPDR202600051233;IPDR202600051234;IPDR202600051235;IPDR202600051236;IPDR202600051237;IPDR202600051238;IPDR202600051239;IPDR202600051240;IPDR202600051241;IPDR202600051242;IPDR202600051243;IPDR202600051244;IPDR202600051245;IPDR202600051246;IPDR202600051247;IPDR202600051248;IPDR202600051249;IPDR202600051250;IPDR202600051251,NETWORK_SESSION_BURST_AROUND_TRANSACTION,EASY,BANK_CDR_IPDR,0,0,1,0,0,0,0,0,0,0,1,Network,1
ANOM000701,100000252,ATM250311OHZSLR,CDR202600060574,IPDR202600051252,UNUSUAL_LOCATION_CONTEXT,EASY,BANK_CDR_IPDR,0,1,1,0,0,0,0,0,0,1,0,Location,1
ANOM000702,100000096,ATM250321WXQ6HC,CDR202600060575,IPDR202600051253,NEW_DEVICE_AROUND_TRANSACTION,HARD,BANK_CDR_IPDR,0,1,1,0,0,0,0,0,1,0,0,Device,1
ANOM000703,100000315,TXN250121XVYX86,CDR202600060576,,IMSI_IMEI_PAIR_NOVELTY,MEDIUM,BANK_CDR,0,1,0,0,0,0,0,0,1,0,0,Device,1
ANOM000704,100000366,TXN250128HSGKY6,CDR202600060577,IPDR202600051254;IPDR202600051255;IPDR202600051256;IPDR202600051257;IPDR202600051258;IPDR202600051259;IPDR202600051260;IPDR202600051261,SUBTLE_MULTI_SOURCE_SUSPICIOUS_PATTERN,MEDIUM,BANK_CDR_IPDR,1,1,1,1,0,0,0,1,0,0,1,Amount;Call;Network,1
ANOM000705,100000241,TXN250216MCNK7N,,,ODD_HOUR_TRANSACTION,MEDIUM,BANK_ONLY,1,0,0,0,1,0,0,0,0,0,0,Time,1
ANOM000706,100000324,ATM2502229Q7M99,,,CUSTOMER_RELATIVE_AMOUNT_SPIKE,HARD,BANK_ONLY,1,0,0,1,0,0,0,0,0,0,0,Amount,1
ANOM000707,100000212,TXN250102TYEYV2,,,AMOUNT_VELOCITY_SPIKE,HARD,BANK_ONLY,1,0,0,1,0,0,1,0,0,0,0,Amount;Velocity,1
ANOM000708,100000059,TXN250121R02X6K,,,TRANSACTION_BURST,MEDIUM,BANK_ONLY,1,0,0,0,0,0,1,0,0,0,0,Velocity,1
ANOM000709,100000380,ATM250316VYD72Z,,,NEW_BENEFICIARY,HARD,BANK_ONLY,1,0,0,0,0,1,0,0,0,0,0,Beneficiary,1
ANOM000710,100000362,TXN250209XW0OZQ,,,AMOUNT_PLUS_NEW_BENEFICIARY,MEDIUM,BANK_ONLY,1,0,0,1,0,1,0,0,0,0,0,Amount;Beneficiary,1
ANOM000711,100000056,ATM250114JDKH5K,CDR202600060578,,UNUSUAL_CALL_BEFORE_TRANSACTION,EASY,BANK_CDR,0,1,0,0,0,0,0,1,0,0,0,Call,1
ANOM000712,100000176,TXN250226UCCCYI,CDR202600060579,,CALL_THEN_HIGH_VALUE_TRANSFER,HARD,BANK_CDR,1,1,0,1,0,0,0,1,0,0,0,Amount;Call,1
ANOM000713,100000060,TXN250205M5L2R9,CDR202600060580,,CALL_THEN_NEW_BENEFICIARY,HARD,BANK_CDR,1,1,0,0,0,1,0,1,0,0,0,Beneficiary;Call,1
ANOM000714,100000312,TXN250302NNMUK2,CDR202600060581;CDR202600060582;CDR202600060583;CDR202600060584;CDR202600060585;CDR202600060586;CDR202600060587,,REPEATED_CALLS_BEFORE_TRANSACTION,EASY,BANK_CDR,0,1,0,0,0,0,0,1,0,0,0,Call,1
ANOM000715,100000155,TXN250320QU7T1Z,,IPDR202600051262;IPDR202600051263;IPDR202600051264;IPDR202600051265;IPDR202600051266;IPDR202600051267;IPDR202600051268;IPDR202600051269;IPDR202600051270;IPDR202600051271;IPDR202600051272;IPDR202600051273,NETWORK_SESSION_BURST_AROUND_TRANSACTION,HARD,BANK_CDR_IPDR,0,0,1,0,0,0,0,0,0,0,1,Network,1
ANOM000716,100000178,TXN250204Z6UBX6,CDR202600060588,IPDR202600051274,UNUSUAL_LOCATION_CONTEXT,EASY,BANK_CDR_IPDR,0,1,1,0,0,0,0,0,0,1,0,Location,1
ANOM000717,100000199,ATM250307G8SMAB,CDR202600060589,IPDR202600051275,NEW_DEVICE_AROUND_TRANSACTION,HARD,BANK_CDR_IPDR,0,1,1,0,0,0,0,0,1,0,0,Device,1
ANOM000718,100000134,TXN250208TMRV8T,CDR202600060590,,IMSI_IMEI_PAIR_NOVELTY,MEDIUM,BANK_CDR,0,1,0,0,0,0,0,0,1,0,0,Device,1
ANOM000719,100000155,TXN250228K61KZL,CDR202600060591,IPDR202600051276;IPDR202600051277;IPDR202600051278;IPDR202600051279;IPDR202600051280;IPDR202600051281;IPDR202600051282;IPDR202600051283,SUBTLE_MULTI_SOURCE_SUSPICIOUS_PATTERN,MEDIUM,BANK_CDR_IPDR,1,1,1,1,0,0,0,1,0,0,1,Amount;Call;Network,1
ANOM000720,100000207,TXN250315MQ5TV8,,,ODD_HOUR_TRANSACTION,EASY,BANK_ONLY,1,0,0,0,1,0,0,0,0,0,0,Time,1
ANOM000721,100000091,ATM250203N7Q60E,,,CUSTOMER_RELATIVE_AMOUNT_SPIKE,MEDIUM,BANK_ONLY,1,0,0,1,0,0,0,0,0,0,0,Amount,1
ANOM000722,100000188,TXN250128PXHSG4,,,AMOUNT_VELOCITY_SPIKE,MEDIUM,BANK_ONLY,1,0,0,1,0,0,1,0,0,0,0,Amount;Velocity,1
ANOM000723,100000010,TXN250307SOW2Y9,,,TRANSACTION_BURST,EASY,BANK_ONLY,1,0,0,0,0,0,1,0,0,0,0,Velocity,1
ANOM000724,100000021,TXN250322RNG9F1,,,NEW_BENEFICIARY,MEDIUM,BANK_ONLY,1,0,0,0,0,1,0,0,0,0,0,Beneficiary,1
ANOM000725,100000379,TXN2502207KW3HQ,,,AMOUNT_PLUS_NEW_BENEFICIARY,EASY,BANK_ONLY,1,0,0,1,0,1,0,0,0,0,0,Amount;Beneficiary,1
ANOM000726,100000152,ATM2501232YD5M8,CDR202600060592,,UNUSUAL_CALL_BEFORE_TRANSACTION,MEDIUM,BANK_CDR,0,1,0,0,0,0,0,1,0,0,0,Call,1
ANOM000727,100000370,TXN250107TMMYH2,CDR202600060593,,CALL_THEN_HIGH_VALUE_TRANSFER,HARD,BANK_CDR,1,1,0,1,0,0,0,1,0,0,0,Amount;Call,1
ANOM000728,100000216,ATM250213YW0F2P,CDR202600060594,,CALL_THEN_NEW_BENEFICIARY,HARD,BANK_CDR,1,1,0,0,0,1,0,1,0,0,0,Beneficiary;Call,1
ANOM000729,100000130,ATM250113B88XXH,CDR202600060595;CDR202600060596;CDR202600060597;CDR202600060598;CDR202600060599;CDR202600060600,,REPEATED_CALLS_BEFORE_TRANSACTION,MEDIUM,BANK_CDR,0,1,0,0,0,0,0,1,0,0,0,Call,1
ANOM000730,100000314,TXN2502090L2JC9,,IPDR202600051284;IPDR202600051285;IPDR202600051286;IPDR202600051287;IPDR202600051288;IPDR202600051289;IPDR202600051290;IPDR202600051291;IPDR202600051292;IPDR202600051293;IPDR202600051294;IPDR202600051295;IPDR202600051296;IPDR202600051297;IPDR202600051298;IPDR202600051299;IPDR202600051300;IPDR202600051301;IPDR202600051302;IPDR202600051303;IPDR202600051304;IPDR202600051305;IPDR202600051306;IPDR202600051307;IPDR202600051308,NETWORK_SESSION_BURST_AROUND_TRANSACTION,MEDIUM,BANK_CDR_IPDR,0,0,1,0,0,0,0,0,0,0,1,Network,1
ANOM000731,100000217,TXN250111LFGQCL,CDR202600060601,IPDR202600051309,UNUSUAL_LOCATION_CONTEXT,MEDIUM,BANK_CDR_IPDR,0,1,1,0,0,0,0,0,0,1,0,Location,1
ANOM000732,100000279,TXN250124YLJM7M,CDR202600060602,IPDR202600051310,NEW_DEVICE_AROUND_TRANSACTION,HARD,BANK_CDR_IPDR,0,1,1,0,0,0,0,0,1,0,0,Device,1
ANOM000733,100000268,ATM250115PGVBDO,CDR202600060603,,IMSI_IMEI_PAIR_NOVELTY,HARD,BANK_CDR,0,1,0,0,0,0,0,0,1,0,0,Device,1
ANOM000734,100000371,ATM250105G089EU,CDR202600060604,IPDR202600051311;IPDR202600051312;IPDR202600051313;IPDR202600051314;IPDR202600051315;IPDR202600051316;IPDR202600051317,SUBTLE_MULTI_SOURCE_SUSPICIOUS_PATTERN,EASY,BANK_CDR_IPDR,1,1,1,1,0,0,0,1,0,0,1,Amount;Call;Network,1
ANOM000735,100000165,TXN250211ZKZK1E,,,ODD_HOUR_TRANSACTION,MEDIUM,BANK_ONLY,1,0,0,0,1,0,0,0,0,0,0,Time,1
ANOM000736,100000003,ATM250319G1RIFP,,,CUSTOMER_RELATIVE_AMOUNT_SPIKE,HARD,BANK_ONLY,1,0,0,1,0,0,0,0,0,0,0,Amount,1
ANOM000737,100000344,TXN250202EQTPQP,,,AMOUNT_VELOCITY_SPIKE,EASY,BANK_ONLY,1,0,0,1,0,0,1,0,0,0,0,Amount;Velocity,1
ANOM000738,100000039,TXN25031878OQJF,,,TRANSACTION_BURST,MEDIUM,BANK_ONLY,1,0,0,0,0,0,1,0,0,0,0,Velocity,1
ANOM000739,100000030,TXN250307WGAV2A,,,NEW_BENEFICIARY,HARD,BANK_ONLY,1,0,0,0,0,1,0,0,0,0,0,Beneficiary,1
ANOM000740,100000021,ATM250303WNC6WI,,,AMOUNT_PLUS_NEW_BENEFICIARY,HARD,BANK_ONLY,1,0,0,1,0,1,0,0,0,0,0,Amount;Beneficiary,1
ANOM000741,100000274,TXN250306GX7FQ6,CDR202600060605,,UNUSUAL_CALL_BEFORE_TRANSACTION,HARD,BANK_CDR,0,1,0,0,0,0,0,1,0,0,0,Call,1
ANOM000742,100000326,TXN250110CT4VBA,CDR202600060606,,CALL_THEN_HIGH_VALUE_TRANSFER,EASY,BANK_CDR,1,1,0,1,0,0,0,1,0,0,0,Amount;Call,1
ANOM000743,100000361,TXN250223OYJA1S,CDR202600060607,,CALL_THEN_NEW_BENEFICIARY,MEDIUM,BANK_CDR,1,1,0,0,0,1,0,1,0,0,0,Beneficiary;Call,1
ANOM000744,100000297,ATM250218828IO3,CDR202600060608;CDR202600060609;CDR202600060610;CDR202600060611,,REPEATED_CALLS_BEFORE_TRANSACTION,MEDIUM,BANK_CDR,0,1,0,0,0,0,0,1,0,0,0,Call,1
ANOM000745,100000348,TXN250131OZCWD9,,IPDR202600051318;IPDR202600051319;IPDR202600051320;IPDR202600051321;IPDR202600051322;IPDR202600051323;IPDR202600051324;IPDR202600051325;IPDR202600051326;IPDR202600051327;IPDR202600051328;IPDR202600051329;IPDR202600051330;IPDR202600051331;IPDR202600051332;IPDR202600051333;IPDR202600051334,NETWORK_SESSION_BURST_AROUND_TRANSACTION,MEDIUM,BANK_CDR_IPDR,0,0,1,0,0,0,0,0,0,0,1,Network,1
ANOM000746,100000185,ATM250127WIF51M,CDR202600060612,IPDR202600051335,UNUSUAL_LOCATION_CONTEXT,HARD,BANK_CDR_IPDR,0,1,1,0,0,0,0,0,0,1,0,Location,1
ANOM000747,100000135,ATM250312AWSYOP,CDR202600060613,IPDR202600051336,NEW_DEVICE_AROUND_TRANSACTION,HARD,BANK_CDR_IPDR,0,1,1,0,0,0,0,0,1,0,0,Device,1
ANOM000748,100000199,TXN250126MKBYHW,CDR202600060614,,IMSI_IMEI_PAIR_NOVELTY,HARD,BANK_CDR,0,1,0,0,0,0,0,0,1,0,0,Device,1
ANOM000749,100000243,TXN250130IQJCRY,CDR202600060615,IPDR202600051337;IPDR202600051338;IPDR202600051339;IPDR202600051340;IPDR202600051341;IPDR202600051342;IPDR202600051343;IPDR202600051344,SUBTLE_MULTI_SOURCE_SUSPICIOUS_PATTERN,HARD,BANK_CDR_IPDR,1,1,1,1,0,0,0,1,0,0,1,Amount;Call;Network,1
ANOM000750,100000219,TXN250131TY2SGT,,,ODD_HOUR_TRANSACTION,MEDIUM,BANK_ONLY,1,0,0,0,1,0,0,0,0,0,0,Time,1
ANOM000751,100000171,TXN250316KV47EX,,,CUSTOMER_RELATIVE_AMOUNT_SPIKE,HARD,BANK_ONLY,1,0,0,1,0,0,0,0,0,0,0,Amount,1
ANOM000752,100000052,TXN250130EPSYNA,,,AMOUNT_VELOCITY_SPIKE,MEDIUM,BANK_ONLY,1,0,0,1,0,0,1,0,0,0,0,Amount;Velocity,1
ANOM000753,100000105,TXN2501174U7UQ6,,,TRANSACTION_BURST,HARD,BANK_ONLY,1,0,0,0,0,0,1,0,0,0,0,Velocity,1
ANOM000754,100000111,ATM250130Y3G7E5,,,NEW_BENEFICIARY,HARD,BANK_ONLY,1,0,0,0,0,1,0,0,0,0,0,Beneficiary,1
ANOM000755,100000346,ATM250112CCSTSC,,,AMOUNT_PLUS_NEW_BENEFICIARY,HARD,BANK_ONLY,1,0,0,1,0,1,0,0,0,0,0,Amount;Beneficiary,1
ANOM000756,100000143,TXN250125E3ULY4,CDR202600060616,,UNUSUAL_CALL_BEFORE_TRANSACTION,MEDIUM,BANK_CDR,0,1,0,0,0,0,0,1,0,0,0,Call,1
ANOM000757,100000221,TXN25022322VKAJ,CDR202600060617,,CALL_THEN_HIGH_VALUE_TRANSFER,EASY,BANK_CDR,1,1,0,1,0,0,0,1,0,0,0,Amount;Call,1
ANOM000758,100000309,ATM2501286S5TFK,CDR202600060618,,CALL_THEN_NEW_BENEFICIARY,MEDIUM,BANK_CDR,1,1,0,0,0,1,0,1,0,0,0,Beneficiary;Call,1
ANOM000759,100000055,TXN250306TCT2KO,CDR202600060619;CDR202600060620;CDR202600060621;CDR202600060622;CDR202600060623;CDR202600060624;CDR202600060625;CDR202600060626,,REPEATED_CALLS_BEFORE_TRANSACTION,EASY,BANK_CDR,0,1,0,0,0,0,0,1,0,0,0,Call,1
ANOM000760,100000328,ATM250102GDW8ZH,,IPDR202600051345;IPDR202600051346;IPDR202600051347;IPDR202600051348;IPDR202600051349;IPDR202600051350;IPDR202600051351;IPDR202600051352;IPDR202600051353;IPDR202600051354;IPDR202600051355;IPDR202600051356;IPDR202600051357;IPDR202600051358;IPDR202600051359;IPDR202600051360;IPDR202600051361;IPDR202600051362;IPDR202600051363;IPDR202600051364;IPDR202600051365;IPDR202600051366;IPDR202600051367;IPDR202600051368;IPDR202600051369,NETWORK_SESSION_BURST_AROUND_TRANSACTION,MEDIUM,BANK_CDR_IPDR,0,0,1,0,0,0,0,0,0,0,1,Network,1
ANOM000761,100000274,TXN25032579EV8L,CDR202600060627,IPDR202600051370,UNUSUAL_LOCATION_CONTEXT,HARD,BANK_CDR_IPDR,0,1,1,0,0,0,0,0,0,1,0,Location,1
ANOM000762,100000218,TXN2502227YTGAJ,CDR202600060628,IPDR202600051371,NEW_DEVICE_AROUND_TRANSACTION,HARD,BANK_CDR_IPDR,0,1,1,0,0,0,0,0,1,0,0,Device,1
ANOM000763,100000022,ATM2503085CHMWW,CDR202600060629,,IMSI_IMEI_PAIR_NOVELTY,EASY,BANK_CDR,0,1,0,0,0,0,0,0,1,0,0,Device,1
ANOM000764,100000151,TXN250331MPLQWG,CDR202600060630,IPDR202600051372;IPDR202600051373;IPDR202600051374;IPDR202600051375,SUBTLE_MULTI_SOURCE_SUSPICIOUS_PATTERN,HARD,BANK_CDR_IPDR,1,1,1,1,0,0,0,1,0,0,1,Amount;Call;Network,1
ANOM000765,100000272,ATM250113X832S2,,,ODD_HOUR_TRANSACTION,HARD,BANK_ONLY,1,0,0,0,1,0,0,0,0,0,0,Time,1
ANOM000766,100000278,ATM250112F8E99W,,,CUSTOMER_RELATIVE_AMOUNT_SPIKE,HARD,BANK_ONLY,1,0,0,1,0,0,0,0,0,0,0,Amount,1
ANOM000767,100000081,TXN250123QCS148,,,AMOUNT_VELOCITY_SPIKE,MEDIUM,BANK_ONLY,1,0,0,1,0,0,1,0,0,0,0,Amount;Velocity,1
ANOM000768,100000058,TXN250319VHJPT5,,,TRANSACTION_BURST,HARD,BANK_ONLY,1,0,0,0,0,0,1,0,0,0,0,Velocity,1
ANOM000769,100000356,TXN250201GBF3GV,,,NEW_BENEFICIARY,HARD,BANK_ONLY,1,0,0,0,0,1,0,0,0,0,0,Beneficiary,1
ANOM000770,100000107,ATM2502139XZ3TP,,,AMOUNT_PLUS_NEW_BENEFICIARY,HARD,BANK_ONLY,1,0,0,1,0,1,0,0,0,0,0,Amount;Beneficiary,1
ANOM000771,100000008,ATM250116MPG2MH,CDR202600060631,,UNUSUAL_CALL_BEFORE_TRANSACTION,HARD,BANK_CDR,0,1,0,0,0,0,0,1,0,0,0,Call,1
ANOM000772,100000065,TXN250109Q3SX9P,CDR202600060632,,CALL_THEN_HIGH_VALUE_TRANSFER,HARD,BANK_CDR,1,1,0,1,0,0,0,1,0,0,0,Amount;Call,1
ANOM000773,100000339,ATM250328A4Q6EF,CDR202600060633,,CALL_THEN_NEW_BENEFICIARY,HARD,BANK_CDR,1,1,0,0,0,1,0,1,0,0,0,Beneficiary;Call,1
ANOM000774,100000375,TXN250209JMQAEL,CDR202600060634;CDR202600060635;CDR202600060636;CDR202600060637,,REPEATED_CALLS_BEFORE_TRANSACTION,MEDIUM,BANK_CDR,0,1,0,0,0,0,0,1,0,0,0,Call,1
ANOM000775,100000025,TXN250312PRJ0ZT,,IPDR202600051376;IPDR202600051377;IPDR202600051378;IPDR202600051379;IPDR202600051380;IPDR202600051381;IPDR202600051382;IPDR202600051383;IPDR202600051384;IPDR202600051385;IPDR202600051386;IPDR202600051387;IPDR202600051388;IPDR202600051389;IPDR202600051390;IPDR202600051391;IPDR202600051392;IPDR202600051393;IPDR202600051394;IPDR202600051395;IPDR202600051396;IPDR202600051397;IPDR202600051398;IPDR202600051399;IPDR202600051400,NETWORK_SESSION_BURST_AROUND_TRANSACTION,EASY,BANK_CDR_IPDR,0,0,1,0,0,0,0,0,0,0,1,Network,1
ANOM000776,100000030,TXN2502094CVWHW,CDR202600060638,IPDR202600051401,UNUSUAL_LOCATION_CONTEXT,EASY,BANK_CDR_IPDR,0,1,1,0,0,0,0,0,0,1,0,Location,1
ANOM000777,100000027,TXN2503247PDNSG,CDR202600060639,IPDR202600051402,NEW_DEVICE_AROUND_TRANSACTION,EASY,BANK_CDR_IPDR,0,1,1,0,0,0,0,0,1,0,0,Device,1
ANOM000778,100000183,TXN250127VLO33L,CDR202600060640,,IMSI_IMEI_PAIR_NOVELTY,MEDIUM,BANK_CDR,0,1,0,0,0,0,0,0,1,0,0,Device,1
ANOM000779,100000021,TXN2503142K52VN,CDR202600060641,IPDR202600051403;IPDR202600051404;IPDR202600051405;IPDR202600051406;IPDR202600051407,SUBTLE_MULTI_SOURCE_SUSPICIOUS_PATTERN,MEDIUM,BANK_CDR_IPDR,1,1,1,1,0,0,0,1,0,0,1,Amount;Call;Network,1
ANOM000780,100000252,TXN250205FKT3M3,,,ODD_HOUR_TRANSACTION,HARD,BANK_ONLY,1,0,0,0,1,0,0,0,0,0,0,Time,1
ANOM000781,100000260,TXN250302W5ZRGK,,,CUSTOMER_RELATIVE_AMOUNT_SPIKE,HARD,BANK_ONLY,1,0,0,1,0,0,0,0,0,0,0,Amount,1
ANOM000782,100000156,TXN250123KDSN2F,,,AMOUNT_VELOCITY_SPIKE,MEDIUM,BANK_ONLY,1,0,0,1,0,0,1,0,0,0,0,Amount;Velocity,1
ANOM000783,100000159,TXN250208WMYY2H,,,TRANSACTION_BURST,EASY,BANK_ONLY,1,0,0,0,0,0,1,0,0,0,0,Velocity,1
ANOM000784,100000002,ATM250225M131PI,,,NEW_BENEFICIARY,MEDIUM,BANK_ONLY,1,0,0,0,0,1,0,0,0,0,0,Beneficiary,1
ANOM000785,100000140,TXN2502124LC677,,,AMOUNT_PLUS_NEW_BENEFICIARY,MEDIUM,BANK_ONLY,1,0,0,1,0,1,0,0,0,0,0,Amount;Beneficiary,1
ANOM000786,100000297,TXN25022465NUFR,CDR202600060642,,UNUSUAL_CALL_BEFORE_TRANSACTION,HARD,BANK_CDR,0,1,0,0,0,0,0,1,0,0,0,Call,1
ANOM000787,100000288,TXN250114F46RQW,CDR202600060643,,CALL_THEN_HIGH_VALUE_TRANSFER,MEDIUM,BANK_CDR,1,1,0,1,0,0,0,1,0,0,0,Amount;Call,1
ANOM000788,100000059,TXN250128WF1MJJ,CDR202600060644,,CALL_THEN_NEW_BENEFICIARY,HARD,BANK_CDR,1,1,0,0,0,1,0,1,0,0,0,Beneficiary;Call,1
ANOM000789,100000369,TXN2501116DLSFV,CDR202600060645;CDR202600060646;CDR202600060647;CDR202600060648,,REPEATED_CALLS_BEFORE_TRANSACTION,HARD,BANK_CDR,0,1,0,0,0,0,0,1,0,0,0,Call,1
ANOM000790,100000288,TXN2501172N6SCO,,IPDR202600051408;IPDR202600051409;IPDR202600051410;IPDR202600051411;IPDR202600051412;IPDR202600051413;IPDR202600051414;IPDR202600051415;IPDR202600051416;IPDR202600051417;IPDR202600051418;IPDR202600051419;IPDR202600051420;IPDR202600051421;IPDR202600051422;IPDR202600051423;IPDR202600051424;IPDR202600051425;IPDR202600051426,NETWORK_SESSION_BURST_AROUND_TRANSACTION,MEDIUM,BANK_CDR_IPDR,0,0,1,0,0,0,0,0,0,0,1,Network,1
ANOM000791,100000064,ATM250122N1O2C7,CDR202600060649,IPDR202600051427,UNUSUAL_LOCATION_CONTEXT,MEDIUM,BANK_CDR_IPDR,0,1,1,0,0,0,0,0,0,1,0,Location,1
ANOM000792,100000147,TXN2503033GQ54A,CDR202600060650,IPDR202600051428,NEW_DEVICE_AROUND_TRANSACTION,MEDIUM,BANK_CDR_IPDR,0,1,1,0,0,0,0,0,1,0,0,Device,1
ANOM000793,100000370,TXN250102DYIUSQ,CDR202600060651,,IMSI_IMEI_PAIR_NOVELTY,HARD,BANK_CDR,0,1,0,0,0,0,0,0,1,0,0,Device,1
ANOM000794,100000187,TXN250224KR5TFI,CDR202600060652,IPDR202600051429;IPDR202600051430;IPDR202600051431;IPDR202600051432,SUBTLE_MULTI_SOURCE_SUSPICIOUS_PATTERN,HARD,BANK_CDR_IPDR,1,1,1,1,0,0,0,1,0,0,1,Amount;Call;Network,1
ANOM000795,100000371,TXN2503147HCXRW,,,ODD_HOUR_TRANSACTION,HARD,BANK_ONLY,1,0,0,0,1,0,0,0,0,0,0,Time,1
ANOM000796,100000383,TXN2503195YU43J,,,CUSTOMER_RELATIVE_AMOUNT_SPIKE,HARD,BANK_ONLY,1,0,0,1,0,0,0,0,0,0,0,Amount,1
ANOM000797,100000377,TXN250331AONYSS,,,AMOUNT_VELOCITY_SPIKE,HARD,BANK_ONLY,1,0,0,1,0,0,1,0,0,0,0,Amount;Velocity,1
ANOM000798,100000364,TXN250221EWM978,,,TRANSACTION_BURST,MEDIUM,BANK_ONLY,1,0,0,0,0,0,1,0,0,0,0,Velocity,1
ANOM000799,100000155,TXN2502063CKXGA,,,NEW_BENEFICIARY,EASY,BANK_ONLY,1,0,0,0,0,1,0,0,0,0,0,Beneficiary,1
