Transaction_ID,CDR_ID,Relationship_Type,Time_Difference_Seconds,Is_Correlated
ATM250101QHVP3E,,NO_MATCH,,0
TXN250101VFHJ4N,,NO_MATCH,,0
ATM250101ODHECF,,NO_MATCH,,0
TXN2501018YBTM5,,NO_MATCH,,0
TXN250101GWH62W,,NO_MATCH,,0
TXN250101B31QUY,,NO_MATCH,,0
TXN250101G7AA2A,,NO_MATCH,,0
ATM250101OMAYXH,,NO_MATCH,,0
TXN250101RTLT5O,,NO_MATCH,,0
TXN250101VQ3SP7,,NO_MATCH,,0
TXN250101X15U31,,NO_MATCH,,0
ATM25010159ZMC7,,NO_MATCH,,0
TXN250101G70I18,,NO_MATCH,,0
TXN25010161XVSM,,NO_MATCH,,0
ATM250101T60WDY,,NO_MATCH,,0
TXN2501015U49JR,,NO_MATCH,,0
ATM250101HL5FCS,,NO_MATCH,,0
TXN250101DJ3F92,,NO_MATCH,,0
ATM250101F695PT,CDR202600000046,SENDER_OUTGOING_ACTIVITY,109,1
TXN250101CGAJSS,,NO_MATCH,,0
ATM2501018BPM3Y,,NO_MATCH,,0
TXN250101M90AEM,,NO_MATCH,,0
ATM2501014398YB,CDR202600000050,SENDER_OUTGOING_ACTIVITY,-392,1
ATM250101ZIWEN5,,NO_MATCH,,0
ATM250101UYA3VJ,,NO_MATCH,,0
ATM250101K67ZVV,,NO_MATCH,,0
TXN250101SI2O3Q,,NO_MATCH,,0
TXN250101KR8MA5,,NO_MATCH,,0
TXN2501010FYBS8,,NO_MATCH,,0
TXN250101T3A5KT,,NO_MATCH,,0
TXN25010143D9G1,,NO_MATCH,,0
TXN250101A5JTGG,CDR202600000066,RECEIVER_OUTGOING_ACTIVITY,5,1
ATM2501014F6K96,,NO_MATCH,,0
TXN250101K836UV,,NO_MATCH,,0
ATM250101QLP3P7,,NO_MATCH,,0
TXN250101FN17DQ,CDR202600000084,RECEIVER_INCOMING_ACTIVITY,813,1
ATM25010180W7KO,,NO_MATCH,,0
TXN250101A56O9T,CDR202600000091,SENDER_OUTGOING_ACTIVITY,34,1
TXN2501010365G6,,NO_MATCH,,0
TXN250101V852V9,,NO_MATCH,,0
ATM250101A2KXA0,,NO_MATCH,,0
TXN2501012ZWA1B,,NO_MATCH,,0
ATM2501010H2RN2,,NO_MATCH,,0
TXN2501011YMI73,CDR202600000104,RECEIVER_INCOMING_ACTIVITY,230,1
TXN250101O427BP,,NO_MATCH,,0
ATM2501017TG4K9,,NO_MATCH,,0
TXN250101YP29Q6,,NO_MATCH,,0
TXN250101TBMHPH,,NO_MATCH,,0
ATM2501010BTR7C,,NO_MATCH,,0
ATM250101BIMKDV,,NO_MATCH,,0
TXN250101G8RCMU,,NO_MATCH,,0
ATM250101X7K9XJ,,NO_MATCH,,0
TXN250101ZJ2I1G,,NO_MATCH,,0
TXN250101FSGJSR,CDR202600000121,RECEIVER_INCOMING_ACTIVITY,202,1
TXN250101YE04LJ,,NO_MATCH,,0
TXN250101Z23DZR,CDR202600000111,SENDER_OUTGOING_ACTIVITY,-687,1
ATM250101C4LC6P,,NO_MATCH,,0
TXN250101MXT16W,,NO_MATCH,,0
ATM250101CMOLP2,,NO_MATCH,,0
ATM2501011FRDRJ,CDR202600000125,SENDER_INCOMING_ACTIVITY,-368,1
ATM250101XZXYKU,,NO_MATCH,,0
TXN250101PISJ7V,,NO_MATCH,,0
TXN250101HC07Z7,CDR202600000132,SENDER_OUTGOING_ACTIVITY,-274,1
TXN250101FCB7AO,,NO_MATCH,,0
ATM250101ORCS2Z,,NO_MATCH,,0
TXN25010169DT6T,,NO_MATCH,,0
ATM250101I7MXPF,,NO_MATCH,,0
TXN250101X8NDP8,,NO_MATCH,,0
TXN250101L5DG7E,,NO_MATCH,,0
ATM250101VU87FR,,NO_MATCH,,0
TXN250101WY6G3B,CDR202600000167,SENDER_OUTGOING_ACTIVITY,132,1
TXN250101WO3FYB,,NO_MATCH,,0
ATM250101WA0PFN,,NO_MATCH,,0
TXN250101FYPX4W,,NO_MATCH,,0
TXN2501018WMHF4,CDR202600000174,SENDER_OUTGOING_ACTIVITY,365,1
TXN2501016AQLYF,,NO_MATCH,,0
TXN250101305RHG,,NO_MATCH,,0
TXN250101NHEP2I,,NO_MATCH,,0
TXN250101XJ15QN,CDR202600000171,SENDER_INCOMING_ACTIVITY,-730,1
TXN250101DFRMK6,,NO_MATCH,,0
TXN2501016M2RRD,,NO_MATCH,,0
TXN2501016CDO2B,CDR202600000208,RECEIVER_OUTGOING_ACTIVITY,596,1
TXN250101A7WBCR,,NO_MATCH,,0
TXN250101EMLCRQ,CDR202600000184,RECEIVER_INCOMING_ACTIVITY,-836,1
TXN250101SI0X5A,,NO_MATCH,,0
ATM25010151XF7W,,NO_MATCH,,0
ATM250101S8YWFT,CDR202600000193,SENDER_INCOMING_ACTIVITY,-679,1
TXN2501019Q6TLP,CDR202600000196,SENDER_INCOMING_ACTIVITY,-540,1
TXN250101MUWXUD,,NO_MATCH,,0
ATM250101D9IZ1Z,,NO_MATCH,,0
ATM250101XQAJSC,CDR202600000223,SENDER_INCOMING_ACTIVITY,227,1
TXN250101DTZFKC,CDR202600000233,RECEIVER_INCOMING_ACTIVITY,638,1
ATM25010177W70U,,NO_MATCH,,0
TXN250101VONN7L,,NO_MATCH,,0
TXN250101VSHJZL,CDR202600000230,RECEIVER_OUTGOING_ACTIVITY,-204,1
TXN250101H1G3G3,,NO_MATCH,,0
TXN250101ACX7DC,CDR202600000229,SENDER_OUTGOING_ACTIVITY,-495,1
TXN2501016P0AXA,CDR202600000254,RECEIVER_OUTGOING_ACTIVITY,809,1
TXN250101FOYXX7,,NO_MATCH,,0
TXN250101PB7GKW,CDR202600000253,RECEIVER_INCOMING_ACTIVITY,349,1
ATM250101G7040H,CDR202600000264,SENDER_INCOMING_ACTIVITY,855,1
TXN2501012MOS3K,,NO_MATCH,,0
ATM250101DA7I52,,NO_MATCH,,0
ATM250101IXE7FB,,NO_MATCH,,0
TXN25010179IDMB,,NO_MATCH,,0
TXN2501015IIA6G,,NO_MATCH,,0
TXN250101CKBXWR,,NO_MATCH,,0
ATM250101Q73IFU,,NO_MATCH,,0
ATM250101CWW16P,,NO_MATCH,,0
ATM250101V64AYG,,NO_MATCH,,0
TXN250101EZT7E4,,NO_MATCH,,0
ATM250101Y7LP69,,NO_MATCH,,0
ATM250101DR2DU2,,NO_MATCH,,0
ATM250101DPKAIE,CDR202600000285,SENDER_OUTGOING_ACTIVITY,0,1
TXN250101H2Z2EW,,NO_MATCH,,0
TXN250101BBMIGC,,NO_MATCH,,0
TXN250101XNVYGH,CDR202600000286,RECEIVER_OUTGOING_ACTIVITY,-445,1
TXN25010194SKQ9,,NO_MATCH,,0
TXN250101I6TIKL,,NO_MATCH,,0
TXN250101VOWW5I,,NO_MATCH,,0
ATM25010189JZ4I,,NO_MATCH,,0
ATM250101RY32UW,,NO_MATCH,,0
TXN250101QIL0TT,,NO_MATCH,,0
TXN250101TDOPSA,,NO_MATCH,,0
ATM250101J7JX12,,NO_MATCH,,0
TXN250101J0OXX7,,NO_MATCH,,0
ATM250101Z6NXTQ,,NO_MATCH,,0
TXN250101644C3X,,NO_MATCH,,0
TXN2501013T5J0B,,NO_MATCH,,0
TXN2501016SF67G,,NO_MATCH,,0
ATM250101WVR2VL,,NO_MATCH,,0
TXN250101OVX9UB,,NO_MATCH,,0
TXN250101XZW1B0,,NO_MATCH,,0
ATM2501015MJQHL,,NO_MATCH,,0
TXN250101HE27S3,,NO_MATCH,,0
TXN250101AUPUH4,CDR202600000335,RECEIVER_OUTGOING_ACTIVITY,-383,1
TXN25010104H63Q,,NO_MATCH,,0
ATM2501019A3EPB,,NO_MATCH,,0
TXN250101YSCA4D,CDR202600000351,RECEIVER_INCOMING_ACTIVITY,252,1
TXN250101EWYK1F,,NO_MATCH,,0
TXN2501015IYC32,,NO_MATCH,,0
TXN250101WM2WYC,,NO_MATCH,,0
ATM250101O435XJ,CDR202600000353,SENDER_INCOMING_ACTIVITY,-370,1
TXN250101VJ4Q82,,NO_MATCH,,0
TXN250101R3ZLMF,CDR202600000362,SENDER_OUTGOING_ACTIVITY,71,1
TXN250101FX78KP,,NO_MATCH,,0
TXN250101R6ON85,CDR202600000365,SENDER_OUTGOING_ACTIVITY,-690,1
TXN250101BR9VMP,,NO_MATCH,,0
TXN250101YV7EVO,,NO_MATCH,,0
TXN250101UUEYO8,CDR202600000378,SENDER_OUTGOING_ACTIVITY,-115,1
ATM250101ZKH6Q8,,NO_MATCH,,0
ATM2501011SNUM0,,NO_MATCH,,0
TXN250101PZ4QC0,CDR202600000389,RECEIVER_OUTGOING_ACTIVITY,118,1
TXN25010187PX00,,NO_MATCH,,0
ATM250101444PDM,,NO_MATCH,,0
TXN250101M6CVMX,,NO_MATCH,,0
TXN250101MO0LDF,,NO_MATCH,,0
ATM250101ZNTQR9,CDR202600000382,RECEIVER_OUTGOING_ACTIVITY,-696,1
TXN250101QLL9Q3,,NO_MATCH,,0
TXN250101TQIHJD,,NO_MATCH,,0
ATM25010166IMAH,,NO_MATCH,,0
TXN250101AWTEC6,,NO_MATCH,,0
TXN250101K0Q169,CDR202600000397,RECEIVER_OUTGOING_ACTIVITY,-750,1
TXN250101FX6XF7,,NO_MATCH,,0
TXN250101RWQZSC,CDR202600000422,SENDER_OUTGOING_ACTIVITY,811,1
ATM250101LYMRFH,,NO_MATCH,,0
TXN250101Y3QOVP,CDR202600000420,SENDER_OUTGOING_ACTIVITY,499,1
TXN2501017TG47I,CDR202600000414,RECEIVER_INCOMING_ACTIVITY,-712,1
ATM250101ZWD68U,,NO_MATCH,,0
ATM250101VHWUOS,,NO_MATCH,,0
TXN25010111X23X,,NO_MATCH,,0
ATM250101CNN00H,,NO_MATCH,,0
ATM250101VDKDS1,,NO_MATCH,,0
ATM250101YI2F1K,CDR202600000427,RECEIVER_OUTGOING_ACTIVITY,25,1
TXN2501016297EU,,NO_MATCH,,0
TXN250101K8CI4C,,NO_MATCH,,0
TXN2501019T8DQO,,NO_MATCH,,0
TXN2501019M7RGC,,NO_MATCH,,0
TXN250101Q4RIOO,,NO_MATCH,,0
ATM250101FFQHAQ,,NO_MATCH,,0
ATM250101M3B8XT,,NO_MATCH,,0
ATM250101SZNWWF,,NO_MATCH,,0
ATM250101ZSVK9G,,NO_MATCH,,0
ATM2501013ZH6B1,,NO_MATCH,,0
ATM2501016W93IP,,NO_MATCH,,0
ATM250101V40XXF,,NO_MATCH,,0
TXN250101M0V7S0,,NO_MATCH,,0
TXN250101WTVJAS,,NO_MATCH,,0
TXN250101WB3O7X,CDR202600000463,RECEIVER_OUTGOING_ACTIVITY,472,1
TXN250101LEKDAM,,NO_MATCH,,0
TXN250101ZEH8ZD,,NO_MATCH,,0
TXN250101FBLQA6,,NO_MATCH,,0
TXN250101RENLMK,,NO_MATCH,,0
TXN250101WG73DA,,NO_MATCH,,0
TXN2501010E0MVF,,NO_MATCH,,0
ATM250101OWO50O,,NO_MATCH,,0
ATM25010147Q433,,NO_MATCH,,0
ATM2501010HPOCZ,,NO_MATCH,,0
TXN250101HW75Z0,,NO_MATCH,,0
TXN250101W2W4Z1,,NO_MATCH,,0
ATM250101DRH7U1,,NO_MATCH,,0
TXN250101HTI8II,CDR202600000487,SENDER_INCOMING_ACTIVITY,330,1
TXN250101NSTJHP,,NO_MATCH,,0
ATM250101CAVT57,,NO_MATCH,,0
TXN2501011BHLSF,,NO_MATCH,,0
ATM250101OUCSAT,,NO_MATCH,,0
TXN25010105FJXL,CDR202600060490,SENDER_OUTGOING_ACTIVITY,-120,1
TXN2501014EAQ7B,,NO_MATCH,,0
TXN250101NYTG6C,,NO_MATCH,,0
ATM250101T47QHH,,NO_MATCH,,0
TXN250101TPLNGV,,NO_MATCH,,0
TXN250101QBHSTT,,NO_MATCH,,0
TXN250101ONYYXD,,NO_MATCH,,0
TXN2501012ZWQCU,,NO_MATCH,,0
TXN250101XRTK4W,,NO_MATCH,,0
ATM250101NZIVQ4,,NO_MATCH,,0
ATM250101UB3P6W,,NO_MATCH,,0
TXN250101Y6CTD0,,NO_MATCH,,0
TXN250101D939OO,,NO_MATCH,,0
TXN2501014PDE53,,NO_MATCH,,0
ATM250101F8DS9B,CDR202600000523,SENDER_OUTGOING_ACTIVITY,-7,1
TXN2501019LARA1,,NO_MATCH,,0
TXN250101G3T4JJ,,NO_MATCH,,0
TXN2501010FJ5H2,,NO_MATCH,,0
ATM25010121BIYU,,NO_MATCH,,0
ATM2501011TEB67,,NO_MATCH,,0
TXN250101209XXX,,NO_MATCH,,0
ATM2501017U27IK,,NO_MATCH,,0
ATM250101ZT4NBP,,NO_MATCH,,0
ATM250101UFZCGQ,,NO_MATCH,,0
TXN2501019I3QJK,,NO_MATCH,,0
TXN2501011IIBIF,,NO_MATCH,,0
TXN250101227HFD,,NO_MATCH,,0
TXN250101O5FEGU,,NO_MATCH,,0
ATM2501016I76F7,,NO_MATCH,,0
TXN25010180SRGX,,NO_MATCH,,0
ATM2501016MF8KB,,NO_MATCH,,0
TXN2501014GDQ4U,,NO_MATCH,,0
TXN250101H749CX,,NO_MATCH,,0
TXN250101OX6FD5,,NO_MATCH,,0
ATM250101A91X9R,,NO_MATCH,,0
ATM2501018S8KWI,,NO_MATCH,,0
ATM2501018BESSB,,NO_MATCH,,0
ATM250101OV5TTN,,NO_MATCH,,0
TXN250101R27DWG,,NO_MATCH,,0
ATM250101M1LIRQ,,NO_MATCH,,0
TXN250101IUY250,,NO_MATCH,,0
ATM250101620J93,,NO_MATCH,,0
ATM250101L23DC2,,NO_MATCH,,0
ATM250101GUOXMZ,,NO_MATCH,,0
ATM250101W844GL,,NO_MATCH,,0
ATM2501012C89WO,,NO_MATCH,,0
TXN250101DN2SHU,,NO_MATCH,,0
TXN250101RXA42P,,NO_MATCH,,0
ATM2501017808Q7,,NO_MATCH,,0
ATM250101O4BBTZ,,NO_MATCH,,0
ATM250101Z6OPCQ,,NO_MATCH,,0
ATM250101MUC4QW,,NO_MATCH,,0
ATM2501019NZ7CC,,NO_MATCH,,0
TXN250101S6S28D,,NO_MATCH,,0
ATM250101F85PKB,,NO_MATCH,,0
ATM250101JBUE1G,,NO_MATCH,,0
ATM2501017S5E4P,,NO_MATCH,,0
TXN250101KOPZEO,,NO_MATCH,,0
TXN250102MDUCTV,,NO_MATCH,,0
TXN2501020HJCB4,,NO_MATCH,,0
TXN250102XB6DFT,,NO_MATCH,,0
TXN250102P8SWD0,,NO_MATCH,,0
TXN250102WRY6PI,,NO_MATCH,,0
ATM250102SI4HQL,,NO_MATCH,,0
TXN250102CC2UL6,,NO_MATCH,,0
ATM250102MUA0TV,,NO_MATCH,,0
TXN250102UECXIA,,NO_MATCH,,0
ATM2501025IM84S,,NO_MATCH,,0
TXN250102I001ZC,,NO_MATCH,,0
TXN250102QAE8EI,,NO_MATCH,,0
TXN250102V2F4F4,,NO_MATCH,,0
TXN250102L0RZ7N,,NO_MATCH,,0
TXN250102YDDIKN,,NO_MATCH,,0
TXN25010252T29V,,NO_MATCH,,0
TXN250102WCJ5XZ,,NO_MATCH,,0
TXN250102SOLDFZ,,NO_MATCH,,0
TXN250102OD51ZZ,,NO_MATCH,,0
ATM250102PJHBUX,,NO_MATCH,,0
TXN250102TYEYV2,,NO_MATCH,,0
TXN250102G59GZD,,NO_MATCH,,0
ATM250102XI8717,,NO_MATCH,,0
TXN250102Q6U3JQ,,NO_MATCH,,0
TXN250102NELA5J,,NO_MATCH,,0
TXN250102JWDVXZ,,NO_MATCH,,0
ATM250102NDGY5T,,NO_MATCH,,0
ATM250102J3U288,,NO_MATCH,,0
ATM250102OXTGZK,,NO_MATCH,,0
TXN250102A7EGJV,,NO_MATCH,,0
TXN250102G8GAEG,,NO_MATCH,,0
ATM250102GOW81G,,NO_MATCH,,0
TXN250102KJAKAY,,NO_MATCH,,0
TXN2501024HENG5,,NO_MATCH,,0
ATM250102QCVFTI,,NO_MATCH,,0
TXN2501023C0UKU,,NO_MATCH,,0
TXN250102YGX0D8,,NO_MATCH,,0
TXN250102GBE0GX,CDR202600000774,RECEIVER_INCOMING_ACTIVITY,109,1
TXN250102XIQBSY,,NO_MATCH,,0
ATM2501024XCCOQ,,NO_MATCH,,0
TXN250102Q7MC7K,CDR202600000772,SENDER_INCOMING_ACTIVITY,-321,1
TXN2501020JPB3J,,NO_MATCH,,0
ATM2501024YG2NT,,NO_MATCH,,0
TXN25010208NXN3,,NO_MATCH,,0
TXN250102J4UEDU,,NO_MATCH,,0
ATM250102FIC84Z,,NO_MATCH,,0
TXN250102ML4TKV,,NO_MATCH,,0
ATM250102WS6708,,NO_MATCH,,0
TXN250102TW4U48,,NO_MATCH,,0
TXN250102DYIUSQ,,NO_MATCH,,0
TXN2501026A3FQK,,NO_MATCH,,0
ATM250102P98HNN,,NO_MATCH,,0
ATM2501025EECFF,,NO_MATCH,,0
TXN2501021I9V5C,,NO_MATCH,,0
ATM250102ZDUWIU,,NO_MATCH,,0
ATM2501021PI7C9,,NO_MATCH,,0
TXN250102QLBP7N,,NO_MATCH,,0
ATM25010257KNMQ,,NO_MATCH,,0
TXN25010298W08F,CDR202600060361,SENDER_OUTGOING_ACTIVITY,748,1
TXN250102Z5XU6Q,CDR202600060036,SENDER_OUTGOING_ACTIVITY,-840,1
TXN250102Z9S40N,,NO_MATCH,,0
TXN2501023NDMJT,,NO_MATCH,,0
ATM2501029FLPEA,CDR202600000843,SENDER_OUTGOING_ACTIVITY,-230,1
TXN250102M7PDBU,CDR202600000850,SENDER_OUTGOING_ACTIVITY,-59,1
TXN250102TKHGJA,,NO_MATCH,,0
TXN2501027ORN2G,,NO_MATCH,,0
TXN2501025HSAGB,CDR202600060361,SENDER_OUTGOING_ACTIVITY,-300,1
TXN250102JV4YOO,CDR202600000851,SENDER_INCOMING_ACTIVITY,-291,1
TXN250102KKKD31,,NO_MATCH,,0
ATM250102BNDAK4,,NO_MATCH,,0
TXN250102USU8YD,CDR202600000874,SENDER_OUTGOING_ACTIVITY,636,1
TXN250102TO2F0H,,NO_MATCH,,0
TXN250102LQN3KH,,NO_MATCH,,0
ATM25010247S0XQ,CDR202600000871,SENDER_OUTGOING_ACTIVITY,-642,1
ATM2501021RHR2Q,,NO_MATCH,,0
ATM250102ZYAC7O,,NO_MATCH,,0
TXN250102HS6P3R,,NO_MATCH,,0
TXN250102XPI90M,,NO_MATCH,,0
TXN250102Y1SYO7,CDR202600000899,SENDER_INCOMING_ACTIVITY,295,1
ATM250102D3LXIZ,,NO_MATCH,,0
ATM250102YGPYP0,,NO_MATCH,,0
ATM250102GYKJFR,,NO_MATCH,,0
ATM250102BF6287,,NO_MATCH,,0
TXN250102VIIPVA,,NO_MATCH,,0
TXN250102XBE5JK,CDR202600000931,RECEIVER_OUTGOING_ACTIVITY,60,1
TXN250102LMXRD7,,NO_MATCH,,0
ATM25010292C29A,CDR202600000948,SENDER_INCOMING_ACTIVITY,457,1
TXN250102BOLDOM,,NO_MATCH,,0
TXN2501026AIHD8,CDR202600000939,RECEIVER_INCOMING_ACTIVITY,-573,1
ATM250102WRV1LA,,NO_MATCH,,0
TXN250102S1GSXW,,NO_MATCH,,0
TXN250102HEFT7Z,CDR202600000965,SENDER_INCOMING_ACTIVITY,330,1
TXN250102ZVSMIX,,NO_MATCH,,0
TXN250102C8TAJQ,,NO_MATCH,,0
ATM250102TYABYI,,NO_MATCH,,0
TXN2501023541KB,,NO_MATCH,,0
TXN2501023IQ9TS,,NO_MATCH,,0
ATM2501029CR26W,,NO_MATCH,,0
ATM250102009CER,,NO_MATCH,,0
TXN250102UIRNTU,,NO_MATCH,,0
ATM250102YUYTV7,,NO_MATCH,,0
TXN250102OLZVTR,,NO_MATCH,,0
TXN250102ZYVFJ8,,NO_MATCH,,0
ATM250102BP316V,,NO_MATCH,,0
TXN250102HSWRG0,,NO_MATCH,,0
ATM250102GQC9MN,,NO_MATCH,,0
TXN250102FN7FZM,,NO_MATCH,,0
ATM2501028FCK34,,NO_MATCH,,0
ATM250102BKETKD,,NO_MATCH,,0
ATM250102T672Z8,,NO_MATCH,,0
TXN2501023WGLKI,,NO_MATCH,,0
TXN2501029L61OM,CDR202600001019,SENDER_INCOMING_ACTIVITY,645,1
ATM250102YJPXR4,,NO_MATCH,,0
ATM250102OY25ZX,,NO_MATCH,,0
TXN250102EHAXNT,,NO_MATCH,,0
ATM2501021CYVOG,CDR202600001008,RECEIVER_INCOMING_ACTIVITY,-877,1
TXN250102BIB38C,,NO_MATCH,,0
TXN250102JATXE8,,NO_MATCH,,0
TXN250102WAWHLS,,NO_MATCH,,0
ATM250102A9WSBU,,NO_MATCH,,0
ATM250102MVMDD7,CDR202600001031,SENDER_OUTGOING_ACTIVITY,-379,1
TXN250102UXUHCD,CDR202600001044,RECEIVER_OUTGOING_ACTIVITY,13,1
ATM250102CYF66P,,NO_MATCH,,0
ATM250102ZA7270,,NO_MATCH,,0
TXN250102XKXIAU,,NO_MATCH,,0
TXN2501025117RL,,NO_MATCH,,0
TXN2501028ZQ4LW,,NO_MATCH,,0
TXN250102I86RHB,,NO_MATCH,,0
ATM2501029PXDWC,CDR202600001057,RECEIVER_OUTGOING_ACTIVITY,-617,1
TXN25010280RJAZ,CDR202600001067,SENDER_OUTGOING_ACTIVITY,-34,1
TXN2501020GPYKP,CDR202600001084,SENDER_OUTGOING_ACTIVITY,864,1
ATM250102UD6WOJ,,NO_MATCH,,0
ATM250102WOL9U0,,NO_MATCH,,0
TXN250102Q3DDOU,,NO_MATCH,,0
TXN250102WAYP7V,,NO_MATCH,,0
TXN250102E9N0C0,,NO_MATCH,,0
TXN250102Z3D5GP,,NO_MATCH,,0
ATM250102T9PDYT,,NO_MATCH,,0
TXN250102RRGUS6,,NO_MATCH,,0
TXN250102A8HE0E,CDR202600001096,SENDER_OUTGOING_ACTIVITY,154,1
ATM250102D1UOUE,,NO_MATCH,,0
TXN250102CX7G6D,,NO_MATCH,,0
TXN250102NM9FR7,,NO_MATCH,,0
ATM250102SZCFR8,,NO_MATCH,,0
TXN2501029OFFHW,,NO_MATCH,,0
TXN250102ICTZ2W,,NO_MATCH,,0
TXN250102QN0B5Q,,NO_MATCH,,0
TXN250102263Q88,,NO_MATCH,,0
ATM250102KKTDSJ,,NO_MATCH,,0
TXN250102D11XYF,,NO_MATCH,,0
TXN250102DOBVFU,CDR202600001115,SENDER_INCOMING_ACTIVITY,-179,1
TXN250102O66PRK,CDR202600001117,RECEIVER_OUTGOING_ACTIVITY,-345,1
TXN250102WMVY14,,NO_MATCH,,0
TXN250102VWATD8,,NO_MATCH,,0
TXN250102XIGYEO,,NO_MATCH,,0
TXN25010233V5NO,,NO_MATCH,,0
TXN250102JUDOKO,,NO_MATCH,,0
TXN250102KNNVWS,,NO_MATCH,,0
TXN250102D395HY,,NO_MATCH,,0
ATM250102UV7JZK,,NO_MATCH,,0
TXN250102COQWNS,,NO_MATCH,,0
ATM25010288F69Y,,NO_MATCH,,0
ATM250102V7RB58,CDR202600001148,RECEIVER_INCOMING_ACTIVITY,80,1
ATM250102H5PK7O,CDR202600001171,RECEIVER_OUTGOING_ACTIVITY,773,1
TXN250102AFFJBX,,NO_MATCH,,0
TXN250102QKK9BP,,NO_MATCH,,0
ATM250102OOHCUZ,CDR202600001171,SENDER_OUTGOING_ACTIVITY,139,1
TXN250102XFHDL7,,NO_MATCH,,0
TXN250102EA4UMM,CDR202600001187,RECEIVER_OUTGOING_ACTIVITY,682,1
ATM2501028XPV22,CDR202600001193,SENDER_OUTGOING_ACTIVITY,543,1
ATM2501020ETLPP,,NO_MATCH,,0
TXN25010213KTIJ,,NO_MATCH,,0
TXN250102BR1R8C,,NO_MATCH,,0
ATM250102W2O73T,,NO_MATCH,,0
ATM250102YTM2RC,,NO_MATCH,,0
TXN2501028K5ILK,,NO_MATCH,,0
TXN250102FKFJOS,,NO_MATCH,,0
TXN2501027HDQ0V,,NO_MATCH,,0
TXN250102QFMZ0V,,NO_MATCH,,0
ATM2501027SNC0W,,NO_MATCH,,0
TXN250102WPOAWA,,NO_MATCH,,0
ATM250102GDW8ZH,CDR202600001217,RECEIVER_INCOMING_ACTIVITY,-193,1
TXN250102HLE05D,CDR202600001212,SENDER_OUTGOING_ACTIVITY,-892,1
TXN2501026G9B2W,,NO_MATCH,,0
TXN250102AJNL2K,,NO_MATCH,,0
ATM250102T2GIO1,,NO_MATCH,,0
TXN250102XF1K3S,,NO_MATCH,,0
TXN250102YFJIFI,,NO_MATCH,,0
TXN250102M04K8E,CDR202600001227,SENDER_OUTGOING_ACTIVITY,-566,1
TXN2501028HN98B,,NO_MATCH,,0
ATM250102DNXDZD,,NO_MATCH,,0
TXN250102MTM9KR,,NO_MATCH,,0
TXN250102CK9QRB,,NO_MATCH,,0
TXN250102HZ6JSV,,NO_MATCH,,0
TXN2501023DTKC4,,NO_MATCH,,0
TXN2501022CJXVC,,NO_MATCH,,0
TXN2501020BH23Z,,NO_MATCH,,0
TXN250102MKKAHZ,,NO_MATCH,,0
ATM25010254Z336,,NO_MATCH,,0
ATM250102CFUE7C,,NO_MATCH,,0
TXN250102MVZD6U,,NO_MATCH,,0
TXN250102R53FQJ,,NO_MATCH,,0
TXN250102INNCAH,,NO_MATCH,,0
TXN250102QWWZ7Q,,NO_MATCH,,0
TXN25010218626Y,,NO_MATCH,,0
ATM250102AKPNLL,,NO_MATCH,,0
ATM250102RBJS7G,,NO_MATCH,,0
TXN25010288B0ZU,,NO_MATCH,,0
TXN250102O13XY2,,NO_MATCH,,0
ATM250102B6Y4KD,,NO_MATCH,,0
TXN250102SZJJKB,,NO_MATCH,,0
TXN250102F1RACD,,NO_MATCH,,0
ATM250102FEL6JK,,NO_MATCH,,0
ATM25010214MAVS,,NO_MATCH,,0
ATM250102NK60YX,,NO_MATCH,,0
TXN2501021T8Y79,,NO_MATCH,,0
ATM250102ZFNYWL,,NO_MATCH,,0
TXN250102N9SLYE,,NO_MATCH,,0
TXN250102H19E50,,NO_MATCH,,0
TXN250102F5700E,,NO_MATCH,,0
TXN250102TBY88B,,NO_MATCH,,0
TXN2501029FBAUQ,,NO_MATCH,,0
ATM250102K7V0EU,,NO_MATCH,,0
TXN250103QEN8U2,,NO_MATCH,,0
ATM250103AN350A,,NO_MATCH,,0
TXN250103JQKL30,,NO_MATCH,,0
TXN25010364O0W5,,NO_MATCH,,0
TXN250103PXVWZU,,NO_MATCH,,0
TXN250103PIIW88,,NO_MATCH,,0
ATM250103YOL2JY,,NO_MATCH,,0
TXN250103COF8NZ,,NO_MATCH,,0
TXN250103BBY0TE,,NO_MATCH,,0
TXN250103PTL6QY,,NO_MATCH,,0
TXN250103ETWMTY,,NO_MATCH,,0
TXN250103F03TUU,,NO_MATCH,,0
ATM250103MRTER1,,NO_MATCH,,0
TXN250103LKSUI2,,NO_MATCH,,0
TXN2501039P2C9O,,NO_MATCH,,0
TXN2501030UZ98O,,NO_MATCH,,0
ATM250103V8SSX3,,NO_MATCH,,0
ATM250103RD7GWQ,,NO_MATCH,,0
TXN250103QJU212,,NO_MATCH,,0
TXN250103EGI6CH,,NO_MATCH,,0
TXN2501039ILSFN,,NO_MATCH,,0
TXN250103K206HU,,NO_MATCH,,0
TXN250103LZ7UHR,,NO_MATCH,,0
TXN2501036Y4XQL,,NO_MATCH,,0
ATM250103ZI0421,CDR202600001418,RECEIVER_INCOMING_ACTIVITY,-55,1
ATM2501039QEQE4,,NO_MATCH,,0
TXN250103BLMXFU,,NO_MATCH,,0
TXN250103WYDWRO,,NO_MATCH,,0
TXN250103AY3HV6,,NO_MATCH,,0
TXN25010385ALW3,CDR202600001424,RECEIVER_OUTGOING_ACTIVITY,82,1
TXN25010387ISVF,,NO_MATCH,,0
TXN250103B5HBQQ,,NO_MATCH,,0
TXN2501031DTVS7,,NO_MATCH,,0
TXN2501030SKRFI,,NO_MATCH,,0
ATM2501035RIW7R,,NO_MATCH,,0
TXN250103NR2OHZ,,NO_MATCH,,0
ATM250103GMBK1F,,NO_MATCH,,0
TXN250103IG3QEX,,NO_MATCH,,0
TXN25010324BQJD,,NO_MATCH,,0
TXN250103XQTJCB,,NO_MATCH,,0
ATM250103ZY1LIP,,NO_MATCH,,0
TXN2501033IJVCR,,NO_MATCH,,0
TXN250103A0EU90,,NO_MATCH,,0
TXN250103J4Y7FK,,NO_MATCH,,0
ATM250103JVP2SF,,NO_MATCH,,0
TXN250103XR17JQ,,NO_MATCH,,0
ATM250103TQF4PP,CDR202600001455,SENDER_INCOMING_ACTIVITY,13,1
ATM250103PSMSTF,,NO_MATCH,,0
ATM2501033M91SH,,NO_MATCH,,0
ATM250103UQE1E7,,NO_MATCH,,0
TXN250103D4BHPH,,NO_MATCH,,0
TXN2501031GHN32,,NO_MATCH,,0
TXN2501037HYSMI,,NO_MATCH,,0
ATM25010388CTJ2,,NO_MATCH,,0
TXN250103QGRJG9,CDR202600001475,SENDER_INCOMING_ACTIVITY,308,1
TXN25010399DKB7,,NO_MATCH,,0
TXN2501031QZDSV,,NO_MATCH,,0
TXN250103GDG1W7,,NO_MATCH,,0
TXN250103RXB1HS,,NO_MATCH,,0
TXN250103FMAR65,,NO_MATCH,,0
TXN25010363J75L,,NO_MATCH,,0
TXN250103VQTZW8,,NO_MATCH,,0
TXN250103DD5AQT,,NO_MATCH,,0
ATM250103VCRH8S,CDR202600001482,SENDER_OUTGOING_ACTIVITY,500,1
TXN250103MBPSAI,,NO_MATCH,,0
ATM2501030AXW8Y,,NO_MATCH,,0
TXN250103T8EIDY,,NO_MATCH,,0
TXN2501033T001W,CDR202600001483,RECEIVER_INCOMING_ACTIVITY,13,1
TXN250103K4FTCA,,NO_MATCH,,0
ATM250103QQKX4T,CDR202600001489,SENDER_OUTGOING_ACTIVITY,168,1
TXN2501037KI7Y7,,NO_MATCH,,0
ATM25010311X824,,NO_MATCH,,0
TXN250103A5QH8E,,NO_MATCH,,0
TXN250103N5N968,,NO_MATCH,,0
TXN250103EKHQGF,CDR202600001495,RECEIVER_INCOMING_ACTIVITY,-658,1
TXN250103YHLBT6,,NO_MATCH,,0
TXN250103CEHGPY,,NO_MATCH,,0
TXN250103KJH51R,,NO_MATCH,,0
ATM250103BD32Z9,,NO_MATCH,,0
TXN2501034XD0AW,,NO_MATCH,,0
ATM250103LB9ESE,,NO_MATCH,,0
TXN25010353GLEG,,NO_MATCH,,0
TXN250103J84QC5,CDR202600001518,RECEIVER_INCOMING_ACTIVITY,-523,1
TXN250103C9WVE1,,NO_MATCH,,0
TXN250103WUKG60,,NO_MATCH,,0
ATM2501039O9122,,NO_MATCH,,0
TXN2501039R1963,,NO_MATCH,,0
TXN250103Q02N6Z,CDR202600001554,RECEIVER_OUTGOING_ACTIVITY,-604,1
ATM250103KV5UOC,,NO_MATCH,,0
TXN250103J25E2K,,NO_MATCH,,0
TXN250103WIOP78,,NO_MATCH,,0
TXN250103AXWENM,,NO_MATCH,,0
ATM2501032Q45DY,,NO_MATCH,,0
ATM250103ELIWMG,,NO_MATCH,,0
ATM250103IX88H3,,NO_MATCH,,0
TXN2501031ZZR0R,,NO_MATCH,,0
ATM250103ZZ9Y45,,NO_MATCH,,0
TXN250103KYCDXW,,NO_MATCH,,0
TXN250103YFH7FN,,NO_MATCH,,0
TXN250103E60V3B,,NO_MATCH,,0
TXN250103JM2BEM,,NO_MATCH,,0
TXN2501036J3JP9,,NO_MATCH,,0
TXN250103GBCKK0,CDR202600001583,RECEIVER_OUTGOING_ACTIVITY,-62,1
ATM250103E35FV9,,NO_MATCH,,0
TXN25010324XKNB,,NO_MATCH,,0
TXN250103HCEEL6,,NO_MATCH,,0
TXN250103ID5UC9,CDR202600001610,SENDER_OUTGOING_ACTIVITY,615,1
ATM250103OWCVYI,,NO_MATCH,,0
TXN250103VAG9CZ,CDR202600001601,SENDER_OUTGOING_ACTIVITY,-375,1
TXN250103MVFOBR,,NO_MATCH,,0
TXN250103A81TPB,,NO_MATCH,,0
TXN250103JPJO3L,CDR202600001610,RECEIVER_OUTGOING_ACTIVITY,-405,1
TXN2501032H5VAJ,,NO_MATCH,,0
ATM2501032C5FIQ,CDR202600060005,SENDER_OUTGOING_ACTIVITY,-240,1
TXN250103NKBUJE,,NO_MATCH,,0
ATM250103HJSQQF,,NO_MATCH,,0
ATM250103C0N30A,,NO_MATCH,,0
TXN250103RL0BOR,,NO_MATCH,,0
TXN250103K4RNLM,,NO_MATCH,,0
TXN250103GPWS4K,,NO_MATCH,,0
TXN2501031PRK4C,,NO_MATCH,,0
ATM250103HC6Q9R,,NO_MATCH,,0
TXN250103RS1WZT,CDR202600001652,RECEIVER_INCOMING_ACTIVITY,-203,1
TXN2501032ZKOG9,CDR202600001657,RECEIVER_OUTGOING_ACTIVITY,-16,1
ATM250103R1SGLV,,NO_MATCH,,0
ATM250103Y2LJGP,CDR202600001647,RECEIVER_OUTGOING_ACTIVITY,-636,1
TXN250103DEUH9U,,NO_MATCH,,0
TXN250103ZZZTPA,CDR202600001683,SENDER_OUTGOING_ACTIVITY,478,1
TXN250103TUHQFR,,NO_MATCH,,0
TXN250103VBTNOC,,NO_MATCH,,0
TXN250103XP5AI4,,NO_MATCH,,0
ATM250103WD416T,,NO_MATCH,,0
ATM250103VZ52MM,CDR202600001695,SENDER_OUTGOING_ACTIVITY,-450,1
TXN250103KGNAK8,,NO_MATCH,,0
TXN2501038LL7XX,,NO_MATCH,,0
TXN250103NE4OQ3,,NO_MATCH,,0
ATM2501032PRQ55,,NO_MATCH,,0
TXN250103HPWFLH,CDR202600060084,SENDER_OUTGOING_ACTIVITY,-420,1
ATM250103GTCFSU,CDR202600001709,SENDER_INCOMING_ACTIVITY,287,1
TXN250103UJQAH0,,NO_MATCH,,0
TXN250103I3G8PM,CDR202600001707,RECEIVER_INCOMING_ACTIVITY,-343,1
ATM250103YECO02,,NO_MATCH,,0
ATM250103X81FFN,,NO_MATCH,,0
TXN250103GP8ZV5,,NO_MATCH,,0
TXN250103VTZRKK,,NO_MATCH,,0
TXN250103LDXI12,,NO_MATCH,,0
ATM250103U2YM7E,,NO_MATCH,,0
TXN250103O5FKG8,,NO_MATCH,,0
TXN250103LMQ5CF,,NO_MATCH,,0
TXN250103YQ1VHO,,NO_MATCH,,0
TXN250103SX47OQ,,NO_MATCH,,0
TXN250103CUNG0O,,NO_MATCH,,0
ATM250103MMD50C,,NO_MATCH,,0
TXN250103VG766Y,,NO_MATCH,,0
TXN250103JS58M0,,NO_MATCH,,0
TXN250103T1EJWH,,NO_MATCH,,0
ATM250103NX3W8U,,NO_MATCH,,0
TXN250103YU7CIK,,NO_MATCH,,0
TXN250103UFAEU8,CDR202600001765,SENDER_INCOMING_ACTIVITY,-656,1
TXN2501039R4M0W,,NO_MATCH,,0
TXN250103APUEZB,,NO_MATCH,,0
TXN250103T6BGZZ,CDR202600001798,SENDER_INCOMING_ACTIVITY,511,1
TXN250103X1KH1P,,NO_MATCH,,0
ATM250103Z0J7LL,,NO_MATCH,,0
TXN2501031JM1G5,,NO_MATCH,,0
TXN250103Z67ELV,,NO_MATCH,,0
TXN250103PGRDZ8,,NO_MATCH,,0
ATM250103DDTSCZ,,NO_MATCH,,0
ATM250103JAXLPT,CDR202600001815,RECEIVER_OUTGOING_ACTIVITY,-218,1
ATM250103AETTLJ,,NO_MATCH,,0
ATM2501036Q4J34,CDR202600001837,SENDER_INCOMING_ACTIVITY,-288,1
ATM250103AZN8F9,CDR202600001836,RECEIVER_OUTGOING_ACTIVITY,-425,1
TXN250103L3TELZ,,NO_MATCH,,0
TXN250103NQ6YQU,,NO_MATCH,,0
TXN250103V3X0OW,,NO_MATCH,,0
ATM250103B91BD9,,NO_MATCH,,0
ATM2501032915RG,,NO_MATCH,,0
TXN250103LG2I6Y,,NO_MATCH,,0
TXN250103B2YET0,,NO_MATCH,,0
TXN25010335J080,,NO_MATCH,,0
TXN250103CP5E5Z,,NO_MATCH,,0
TXN2501039FTLL4,,NO_MATCH,,0
TXN250103EXMJAD,,NO_MATCH,,0
TXN250103RQTL0D,,NO_MATCH,,0
TXN250103MJKYJF,,NO_MATCH,,0
TXN250103A8NRLN,,NO_MATCH,,0
TXN250103GEZPKJ,,NO_MATCH,,0
TXN250103NA5ZQE,CDR202600001912,RECEIVER_OUTGOING_ACTIVITY,552,1
TXN250103461YKB,CDR202600001908,RECEIVER_INCOMING_ACTIVITY,-1,1
TXN250103EYSGUV,CDR202600001906,SENDER_OUTGOING_ACTIVITY,-253,1
TXN250103DQAICM,CDR202600001910,RECEIVER_OUTGOING_ACTIVITY,-60,1
TXN250103568EIL,,NO_MATCH,,0
TXN250103QJ1OQ8,,NO_MATCH,,0
TXN250103U2ZY8M,,NO_MATCH,,0
ATM250103W8RP76,,NO_MATCH,,0
TXN250103LKZ4SM,,NO_MATCH,,0
ATM250103EM86JN,,NO_MATCH,,0
TXN25010312RGIE,,NO_MATCH,,0
ATM250103S2N9N7,,NO_MATCH,,0
TXN250103T8YFR0,,NO_MATCH,,0
ATM250103IUTMBI,,NO_MATCH,,0
TXN250103PNLO7D,CDR202600001945,SENDER_OUTGOING_ACTIVITY,-315,1
ATM250103NYTJKT,,NO_MATCH,,0
TXN2501030ZYB6P,,NO_MATCH,,0
TXN2501039DKTCQ,,NO_MATCH,,0
TXN250103XMEKAU,CDR202600001982,SENDER_INCOMING_ACTIVITY,747,1
TXN2501031TFQV6,,NO_MATCH,,0
TXN250103AJJ0Z3,CDR202600001971,RECEIVER_INCOMING_ACTIVITY,-408,1
TXN250103R24GDW,,NO_MATCH,,0
TXN250103N4GWLB,,NO_MATCH,,0
ATM250103G2FF3V,,NO_MATCH,,0
TXN250103O0KHWF,,NO_MATCH,,0
TXN25010389D6A6,,NO_MATCH,,0
TXN250103JDCVDN,,NO_MATCH,,0
TXN2501039B173C,,NO_MATCH,,0
TXN250103LF1L9K,,NO_MATCH,,0
TXN2501037WF4TO,,NO_MATCH,,0
TXN250103WHQMYH,,NO_MATCH,,0
TXN250103RD38UX,CDR202600002028,RECEIVER_INCOMING_ACTIVITY,-334,1
TXN2501034BFDRC,,NO_MATCH,,0
TXN250103AOB237,,NO_MATCH,,0
TXN2501044JGVHD,,NO_MATCH,,0
TXN250104CU731F,,NO_MATCH,,0
TXN250104AQXIM0,,NO_MATCH,,0
ATM250104SH6BZZ,,NO_MATCH,,0
TXN250104W9LIPE,,NO_MATCH,,0
TXN250104YUQ3FX,,NO_MATCH,,0
TXN250104LVEAYF,,NO_MATCH,,0
ATM2501045NJF7U,,NO_MATCH,,0
ATM250104ZX90A3,,NO_MATCH,,0
TXN250104M42ZT1,,NO_MATCH,,0
TXN250104XDJD2Q,,NO_MATCH,,0
ATM250104MWA30L,,NO_MATCH,,0
TXN250104NX6U3C,,NO_MATCH,,0
ATM250104VL24S4,,NO_MATCH,,0
TXN250104Q4QX7U,,NO_MATCH,,0
TXN250104HQKQKC,,NO_MATCH,,0
TXN250104GJV72K,,NO_MATCH,,0
TXN25010441BUVN,,NO_MATCH,,0
TXN250104JCOCUR,CDR202600002099,SENDER_OUTGOING_ACTIVITY,848,1
TXN250104MQETXR,,NO_MATCH,,0
ATM250104637D51,,NO_MATCH,,0
TXN250104TBUTKU,,NO_MATCH,,0
TXN250104TOJSYE,CDR202600002092,SENDER_OUTGOING_ACTIVITY,-827,1
ATM250104CHV384,,NO_MATCH,,0
ATM250104BSMGX2,,NO_MATCH,,0
TXN250104FXHZ1L,,NO_MATCH,,0
TXN2501048TUEHO,CDR202600002116,SENDER_OUTGOING_ACTIVITY,817,1
TXN250104R9X011,,NO_MATCH,,0
ATM250104VUK0XT,,NO_MATCH,,0
ATM2501045VKP8Q,,NO_MATCH,,0
TXN250104ISJAIH,,NO_MATCH,,0
TXN2501047PPLXC,,NO_MATCH,,0
TXN25010465Y0U7,,NO_MATCH,,0
TXN250104GD7EQ0,,NO_MATCH,,0
TXN250104NM4RVO,,NO_MATCH,,0
TXN2501048BG1RR,CDR202600002129,RECEIVER_INCOMING_ACTIVITY,-108,1
TXN250104Q0V4IZ,,NO_MATCH,,0
TXN250104ROQIW2,,NO_MATCH,,0
TXN250104H8538O,,NO_MATCH,,0
ATM250104R9ZHJZ,,NO_MATCH,,0
TXN250104P4G8Q8,,NO_MATCH,,0
ATM2501046HO8KH,CDR202600002160,SENDER_OUTGOING_ACTIVITY,895,1
TXN250104J7RS3N,CDR202600002145,RECEIVER_INCOMING_ACTIVITY,-478,1
TXN2501047PVCQZ,,NO_MATCH,,0
TXN250104A2O8PO,,NO_MATCH,,0
TXN250104O68MY2,CDR202600002159,RECEIVER_OUTGOING_ACTIVITY,163,1
ATM250104U2H1H4,,NO_MATCH,,0
TXN250104CBL0YJ,CDR202600002164,SENDER_OUTGOING_ACTIVITY,506,1
ATM250104OWZICY,CDR202600002169,SENDER_OUTGOING_ACTIVITY,123,1
TXN250104GXH8XP,,NO_MATCH,,0
ATM250104I456HY,,NO_MATCH,,0
TXN250104FDGN36,,NO_MATCH,,0
TXN250104FJFCII,,NO_MATCH,,0
TXN25010405LQZZ,,NO_MATCH,,0
ATM250104AL4WCP,,NO_MATCH,,0
ATM2501045Q04B0,CDR202600002187,SENDER_INCOMING_ACTIVITY,868,1
TXN2501040XOFYR,,NO_MATCH,,0
TXN2501048FNQM9,CDR202600002200,SENDER_INCOMING_ACTIVITY,132,1
ATM2501048NI5JC,,NO_MATCH,,0
TXN250104L97S72,,NO_MATCH,,0
TXN2501049OV8LE,,NO_MATCH,,0
TXN25010472NWSS,,NO_MATCH,,0
ATM2501049MJY4P,,NO_MATCH,,0
TXN250104YLZI6R,,NO_MATCH,,0
TXN250104S0NVMX,,NO_MATCH,,0
ATM250104N6IR5D,,NO_MATCH,,0
TXN250104YGRQYS,CDR202600002220,SENDER_OUTGOING_ACTIVITY,540,1
ATM250104ZYPQ3D,CDR202600002220,RECEIVER_INCOMING_ACTIVITY,492,1
TXN250104NT9IMX,,NO_MATCH,,0
ATM2501040MX7FE,CDR202600002222,RECEIVER_INCOMING_ACTIVITY,287,1
TXN250104T5YE0N,,NO_MATCH,,0
ATM250104GN32UP,,NO_MATCH,,0
ATM250104EMXJBE,CDR202600002236,RECEIVER_OUTGOING_ACTIVITY,318,1
TXN250104OZNQIF,CDR202600002231,RECEIVER_OUTGOING_ACTIVITY,-206,1
TXN250104Q6EHD1,,NO_MATCH,,0
ATM250104QLDMPW,,NO_MATCH,,0
TXN250104YS58PI,CDR202600002243,SENDER_OUTGOING_ACTIVITY,19,1
TXN250104ABJQN8,,NO_MATCH,,0
ATM250104ONWR0M,CDR202600002272,RECEIVER_INCOMING_ACTIVITY,-188,1
ATM250104JXIL7X,,NO_MATCH,,0
ATM250104YYSER0,,NO_MATCH,,0
ATM250104GSV18M,,NO_MATCH,,0
TXN250104HOYS3D,,NO_MATCH,,0
TXN250104YWVN93,,NO_MATCH,,0
TXN250104LCVIWX,,NO_MATCH,,0
ATM250104UCNKJM,,NO_MATCH,,0
TXN250104QOLQS6,,NO_MATCH,,0
TXN250104KZKC97,,NO_MATCH,,0
TXN250104OO6API,,NO_MATCH,,0
ATM250104ZBMOGY,,NO_MATCH,,0
ATM250104SERIRV,,NO_MATCH,,0
TXN250104UU2AAA,,NO_MATCH,,0
TXN2501049F3H6J,CDR202600002341,SENDER_OUTGOING_ACTIVITY,262,1
TXN250104F3UK93,,NO_MATCH,,0
TXN250104PAAZ6H,,NO_MATCH,,0
TXN250104HKL1UX,,NO_MATCH,,0
ATM250104PH8LME,,NO_MATCH,,0
ATM250104LE5NCJ,,NO_MATCH,,0
TXN250104163ZGC,,NO_MATCH,,0
TXN250104BDXHIM,CDR202600002353,RECEIVER_INCOMING_ACTIVITY,396,1
ATM2501048861DH,CDR202600002343,SENDER_OUTGOING_ACTIVITY,-174,1
TXN2501043YTBVI,,NO_MATCH,,0
TXN250104HBMF89,,NO_MATCH,,0
TXN250104UTEU5Q,CDR202600002356,RECEIVER_INCOMING_ACTIVITY,-6,1
TXN250104LVEOFB,,NO_MATCH,,0
ATM250104F2RTXD,,NO_MATCH,,0
TXN2501041TURIK,,NO_MATCH,,0
ATM25010498FIEA,,NO_MATCH,,0
ATM250104CKXBW0,,NO_MATCH,,0
TXN2501046QOZ8D,,NO_MATCH,,0
TXN250104Y245RV,,NO_MATCH,,0
ATM250104HJPR7U,CDR202600002367,RECEIVER_OUTGOING_ACTIVITY,-45,1
TXN250104XYFGDU,,NO_MATCH,,0
TXN250104URF2T0,,NO_MATCH,,0
TXN2501041HEHUY,,NO_MATCH,,0
TXN250104DMICHF,CDR202600002376,SENDER_INCOMING_ACTIVITY,-591,1
ATM250104PL8TBZ,,NO_MATCH,,0
TXN250104BZWPMP,,NO_MATCH,,0
ATM250104YJS9D3,,NO_MATCH,,0
TXN250104PLTCCN,,NO_MATCH,,0
TXN250104BQGNQK,,NO_MATCH,,0
TXN250104Y6FE9H,,NO_MATCH,,0
ATM250104939VGE,,NO_MATCH,,0
TXN250104GUC2V0,,NO_MATCH,,0
TXN250104P9KY5B,,NO_MATCH,,0
TXN25010434L6NX,,NO_MATCH,,0
TXN250104M8B38V,,NO_MATCH,,0
TXN250104YDBX1V,,NO_MATCH,,0
ATM250104YA5ONW,,NO_MATCH,,0
TXN2501044U6UVD,,NO_MATCH,,0
TXN2501045UEFOI,,NO_MATCH,,0
TXN250104U5UFHC,,NO_MATCH,,0
ATM2501040W32XO,CDR202600002437,SENDER_OUTGOING_ACTIVITY,11,1
ATM250104N7ZFUK,,NO_MATCH,,0
TXN2501042OCG1I,,NO_MATCH,,0
TXN250104Q2RPDA,,NO_MATCH,,0
ATM250104WHF671,CDR202600002439,SENDER_INCOMING_ACTIVITY,-690,1
ATM25010462LRHQ,CDR202600002449,RECEIVER_OUTGOING_ACTIVITY,-752,1
TXN250104A1UU53,,NO_MATCH,,0
TXN250104B7F153,,NO_MATCH,,0
ATM25010438722K,,NO_MATCH,,0
TXN250104G26YE6,,NO_MATCH,,0
TXN250104IPC5FO,,NO_MATCH,,0
ATM2501041WH5Q7,,NO_MATCH,,0
TXN250104RSWM72,,NO_MATCH,,0
TXN250104YD74I0,,NO_MATCH,,0
TXN2501043FYE2Q,,NO_MATCH,,0
TXN2501048W4NMN,,NO_MATCH,,0
TXN250104RW98WF,CDR202600002475,SENDER_INCOMING_ACTIVITY,378,1
TXN2501044AZXH0,,NO_MATCH,,0
TXN250104R0D8N2,CDR202600002482,SENDER_OUTGOING_ACTIVITY,-459,1
ATM250104BYU3T5,CDR202600002497,RECEIVER_INCOMING_ACTIVITY,475,1
ATM250104Z8P8WY,,NO_MATCH,,0
TXN250104NTZG4K,,NO_MATCH,,0
TXN2501045H1WF4,,NO_MATCH,,0
TXN250104GOACTD,,NO_MATCH,,0
ATM250104S7HDCH,,NO_MATCH,,0
ATM250104UP3N29,CDR202600002496,RECEIVER_OUTGOING_ACTIVITY,-792,1
TXN25010460HH3B,,NO_MATCH,,0
TXN2501040LM41V,,NO_MATCH,,0
ATM2501048598DQ,,NO_MATCH,,0
ATM250104WALTS2,CDR202600002511,SENDER_INCOMING_ACTIVITY,-682,1
ATM25010414YDVO,,NO_MATCH,,0
TXN2501044ILIZE,,NO_MATCH,,0
TXN250104C1CKLD,,NO_MATCH,,0
TXN250104NA618D,,NO_MATCH,,0
TXN250104JV3BR5,,NO_MATCH,,0
TXN250104LERGMH,,NO_MATCH,,0
TXN250104LTGE5E,,NO_MATCH,,0
ATM250104G04XJZ,,NO_MATCH,,0
ATM250104PL0YDN,,NO_MATCH,,0
TXN2501040N4USX,,NO_MATCH,,0
TXN250104TEEVB1,,NO_MATCH,,0
TXN2501047A5BV9,,NO_MATCH,,0
TXN250104N7PARD,,NO_MATCH,,0
ATM250104OAGEFM,,NO_MATCH,,0
TXN250104QNWFAF,,NO_MATCH,,0
TXN250104TVXNRH,,NO_MATCH,,0
TXN250104NA3K8Y,,NO_MATCH,,0
ATM250104T8V83O,,NO_MATCH,,0
TXN250104BJ3ZKG,,NO_MATCH,,0
TXN250104WHASGP,,NO_MATCH,,0
TXN250104PSC50P,,NO_MATCH,,0
TXN250104J0ICH4,,NO_MATCH,,0
TXN250104MI5YRW,,NO_MATCH,,0
TXN250104JFTOOV,,NO_MATCH,,0
ATM250104O33DNN,CDR202600002564,RECEIVER_OUTGOING_ACTIVITY,-527,1
TXN250104MITD3S,,NO_MATCH,,0
TXN250104MWF7Y0,CDR202600002570,SENDER_INCOMING_ACTIVITY,-684,1
TXN2501041VIMWY,,NO_MATCH,,0
TXN250104XWIWC7,,NO_MATCH,,0
TXN250104SDJ26X,,NO_MATCH,,0
ATM250104TKRV94,,NO_MATCH,,0
ATM250104PHH1BY,,NO_MATCH,,0
ATM2501048TEGL0,,NO_MATCH,,0
TXN250104Y4DCIX,,NO_MATCH,,0
TXN250104TDRB7B,,NO_MATCH,,0
ATM250104GVZ60E,,NO_MATCH,,0
ATM250104AYKIHQ,,NO_MATCH,,0
TXN250104KQYRFI,CDR202600002625,RECEIVER_INCOMING_ACTIVITY,333,1
TXN250104L39F3E,,NO_MATCH,,0
TXN2501044Y8NR9,,NO_MATCH,,0
ATM250104BVQ20M,,NO_MATCH,,0
TXN250104KSFWZM,,NO_MATCH,,0
TXN25010471W1ZU,,NO_MATCH,,0
ATM250104MJ9VNT,,NO_MATCH,,0
TXN250104CUJJ60,,NO_MATCH,,0
TXN250104TEISXX,,NO_MATCH,,0
ATM250104C5UALG,,NO_MATCH,,0
TXN2501042U7Q6Y,,NO_MATCH,,0
ATM250104FFKD7F,,NO_MATCH,,0
TXN250104SDKJ29,,NO_MATCH,,0
TXN2501042DPJSL,,NO_MATCH,,0
TXN250104GPWJ2H,,NO_MATCH,,0
ATM250104VZZD9X,,NO_MATCH,,0
ATM25010436PJ1Y,,NO_MATCH,,0
TXN2501040M7IJM,,NO_MATCH,,0
TXN250105S7L5ZC,,NO_MATCH,,0
ATM250105FB6HXD,,NO_MATCH,,0
TXN250105P1THIX,CDR202600002686,SENDER_OUTGOING_ACTIVITY,712,1
TXN2501059AJG9O,,NO_MATCH,,0
TXN2501058A50EF,,NO_MATCH,,0
TXN250105B3GRJB,,NO_MATCH,,0
ATM250105KHCYTJ,,NO_MATCH,,0
ATM250105IE514P,,NO_MATCH,,0
TXN250105L16RR2,,NO_MATCH,,0
ATM250105OH5EHJ,,NO_MATCH,,0
TXN2501055LTSUA,,NO_MATCH,,0
TXN250105WV4JY2,,NO_MATCH,,0
TXN250105C7L2FS,,NO_MATCH,,0
TXN250105245ZTE,,NO_MATCH,,0
TXN250105CALRJ4,,NO_MATCH,,0
TXN250105IR1001,,NO_MATCH,,0
TXN25010509EREB,,NO_MATCH,,0
ATM2501058871D4,CDR202600002733,SENDER_INCOMING_ACTIVITY,-710,1
ATM2501057ADJJL,,NO_MATCH,,0
TXN250105FJLXF4,CDR202600002737,SENDER_OUTGOING_ACTIVITY,-366,1
ATM250105FLU0YL,,NO_MATCH,,0
TXN2501057U0E3N,,NO_MATCH,,0
ATM250105RHA09Y,CDR202600002748,RECEIVER_OUTGOING_ACTIVITY,-493,1
TXN2501055P4RNO,,NO_MATCH,,0
ATM250105ZYRKFG,,NO_MATCH,,0
TXN250105EQXCNK,CDR202600002785,RECEIVER_INCOMING_ACTIVITY,-18,1
TXN250105WIZPSP,,NO_MATCH,,0
TXN250105U2RTGG,CDR202600002793,RECEIVER_INCOMING_ACTIVITY,95,1
TXN250105VEG6Q6,,NO_MATCH,,0
TXN2501056L7LBH,,NO_MATCH,,0
TXN250105Q3K9LR,CDR202600002804,SENDER_OUTGOING_ACTIVITY,-76,1
TXN250105MIPETH,,NO_MATCH,,0
ATM250105G089EU,CDR202600060604,SENDER_OUTGOING_ACTIVITY,-840,1
ATM2501054GELAH,,NO_MATCH,,0
TXN250105K96E26,CDR202600002829,RECEIVER_INCOMING_ACTIVITY,714,1
TXN250105T1DHPK,,NO_MATCH,,0
TXN2501055GDVXC,,NO_MATCH,,0
ATM250105YL21J0,CDR202600002829,SENDER_INCOMING_ACTIVITY,-149,1
TXN250105BFKW6C,,NO_MATCH,,0
ATM250105RMVKR1,CDR202600002839,RECEIVER_OUTGOING_ACTIVITY,-360,1
TXN2501059RBC0Q,,NO_MATCH,,0
ATM250105XC5XBI,,NO_MATCH,,0
TXN250105Z5M2R1,,NO_MATCH,,0
TXN250105V55PI8,,NO_MATCH,,0
ATM250105FO2HA8,CDR202600002855,SENDER_OUTGOING_ACTIVITY,-277,1
TXN250105VJECX5,,NO_MATCH,,0
ATM250105DGR5QP,,NO_MATCH,,0
ATM25010513XK00,CDR202600002858,RECEIVER_OUTGOING_ACTIVITY,-432,1
ATM250105FTGCW6,,NO_MATCH,,0
TXN2501050VFVCB,,NO_MATCH,,0
TXN250105PM1LCD,,NO_MATCH,,0
TXN25010501TLQI,,NO_MATCH,,0
ATM25010578D27X,,NO_MATCH,,0
ATM250105VUMXO8,,NO_MATCH,,0
ATM25010512JG8M,CDR202600002901,SENDER_INCOMING_ACTIVITY,741,1
TXN250105DH3Z8X,,NO_MATCH,,0
TXN250105IU9OB6,,NO_MATCH,,0
TXN25010535IACD,,NO_MATCH,,0
TXN2501059H8G7P,,NO_MATCH,,0
TXN250105N96P3I,,NO_MATCH,,0
TXN250105VRNZZY,,NO_MATCH,,0
ATM250105RZL45K,CDR202600002904,SENDER_OUTGOING_ACTIVITY,-244,1
TXN2501053D9Z7J,,NO_MATCH,,0
TXN2501050ZKNM8,,NO_MATCH,,0
TXN2501056WOUL2,,NO_MATCH,,0
TXN250105DGYR35,CDR202600002930,SENDER_OUTGOING_ACTIVITY,-538,1
TXN250105CVFFHK,,NO_MATCH,,0
TXN250105U0ZE6L,,NO_MATCH,,0
ATM250105ZIDTEI,,NO_MATCH,,0
ATM2501059XKSU2,,NO_MATCH,,0
ATM2501055Q0I38,,NO_MATCH,,0
TXN250105BQI97D,CDR202600002954,SENDER_OUTGOING_ACTIVITY,-31,1
TXN250105I75MH1,,NO_MATCH,,0
TXN250105FJ4RP3,,NO_MATCH,,0
TXN2501056CCVO8,,NO_MATCH,,0
TXN250105ABCQYU,CDR202600002984,SENDER_INCOMING_ACTIVITY,745,1
TXN250105YFH3HP,,NO_MATCH,,0
ATM250105KQ6CCO,,NO_MATCH,,0
TXN250105A5IH3U,,NO_MATCH,,0
TXN250105M6A03U,,NO_MATCH,,0
TXN2501054DPPKO,CDR202600002980,RECEIVER_INCOMING_ACTIVITY,72,1
ATM250105ED5O1B,,NO_MATCH,,0
TXN2501056EB1V5,,NO_MATCH,,0
TXN25010544A9B5,CDR202600002977,RECEIVER_INCOMING_ACTIVITY,-849,1
TXN250105MHP4OY,,NO_MATCH,,0
ATM250105WUKY93,,NO_MATCH,,0
ATM2501059HVN0U,CDR202600002991,RECEIVER_OUTGOING_ACTIVITY,-515,1
TXN250105WFQEYU,,NO_MATCH,,0
TXN250105REAUGM,CDR202600003005,RECEIVER_INCOMING_ACTIVITY,38,1
ATM250105EGGMFF,CDR202600003024,RECEIVER_INCOMING_ACTIVITY,841,1
ATM250105LZL8A2,,NO_MATCH,,0
ATM250105JE4SEC,,NO_MATCH,,0
ATM25010533F57V,,NO_MATCH,,0
ATM2501055LB8NX,CDR202600003009,SENDER_OUTGOING_ACTIVITY,-893,1
TXN2501056NKN01,CDR202600003020,SENDER_INCOMING_ACTIVITY,-308,1
ATM250105OPMRBG,,NO_MATCH,,0
TXN2501053M75BU,,NO_MATCH,,0
TXN2501055LTWOW,,NO_MATCH,,0
TXN250105R1OYTZ,,NO_MATCH,,0
TXN250105KZZKX9,,NO_MATCH,,0
ATM250105TTYDY8,,NO_MATCH,,0
TXN250105EODIRT,,NO_MATCH,,0
TXN250105S1FKC9,,NO_MATCH,,0
ATM250105JTQI98,,NO_MATCH,,0
TXN250105U51XHM,,NO_MATCH,,0
TXN2501056W4WU0,CDR202600003052,SENDER_INCOMING_ACTIVITY,-478,1
ATM250105MF3PEL,CDR202600003051,SENDER_INCOMING_ACTIVITY,-681,1
TXN250105RWOR33,,NO_MATCH,,0
ATM250105K8954F,CDR202600003068,RECEIVER_OUTGOING_ACTIVITY,420,1
TXN250105YEI702,CDR202600003065,SENDER_OUTGOING_ACTIVITY,-116,1
TXN250105USKTKQ,,NO_MATCH,,0
TXN250105BX6Z6W,,NO_MATCH,,0
TXN250105CI6RSV,,NO_MATCH,,0
TXN250105FXQJXN,,NO_MATCH,,0
TXN250105MNSWIU,,NO_MATCH,,0
TXN2501054XHMQV,CDR202600003087,RECEIVER_OUTGOING_ACTIVITY,609,1
TXN25010555Y06D,,NO_MATCH,,0
TXN2501052SDJCH,,NO_MATCH,,0
TXN250105MF97IR,,NO_MATCH,,0
TXN250105PP7CQG,,NO_MATCH,,0
TXN250105SLJ5ZF,,NO_MATCH,,0
ATM250105K283IY,,NO_MATCH,,0
ATM2501052BBIB1,,NO_MATCH,,0
ATM250105AWXLI2,,NO_MATCH,,0
ATM250105ZWNPAK,,NO_MATCH,,0
ATM2501058EI85S,,NO_MATCH,,0
ATM250105R9ABV0,,NO_MATCH,,0
ATM250105PH0IT6,,NO_MATCH,,0
TXN250105LDSHP4,CDR202600003088,RECEIVER_INCOMING_ACTIVITY,-759,1
ATM250105IBD7K5,,NO_MATCH,,0
ATM250105X61L1M,,NO_MATCH,,0
ATM250105DZOWOS,CDR202600003100,SENDER_OUTGOING_ACTIVITY,322,1
ATM250105PGFWBO,,NO_MATCH,,0
ATM250105A6QS7O,,NO_MATCH,,0
TXN250105IBUKDE,,NO_MATCH,,0
ATM250105HU0SLN,CDR202600003119,SENDER_OUTGOING_ACTIVITY,856,1
ATM2501054K8YIH,,NO_MATCH,,0
ATM250105JLL390,,NO_MATCH,,0
TXN2501056YKLI8,,NO_MATCH,,0
TXN250105BA19TQ,,NO_MATCH,,0
TXN2501056BMUDI,,NO_MATCH,,0
TXN250105NP8JPN,,NO_MATCH,,0
TXN250105Q4CME1,,NO_MATCH,,0
ATM250105SZAJGG,,NO_MATCH,,0
ATM250105KOBXNG,,NO_MATCH,,0
TXN2501058X0626,,NO_MATCH,,0
TXN2501058MRF6L,,NO_MATCH,,0
ATM250105ZJ5CS4,,NO_MATCH,,0
ATM2501055ZENTK,,NO_MATCH,,0
TXN250105YRUXPL,,NO_MATCH,,0
TXN250105L75I4C,,NO_MATCH,,0
TXN250105YVMWSH,CDR202600003135,SENDER_INCOMING_ACTIVITY,760,1
ATM250105PESQ50,,NO_MATCH,,0
TXN250105FIF109,,NO_MATCH,,0
TXN250105PL4YOU,,NO_MATCH,,0
ATM250105QH09GU,,NO_MATCH,,0
TXN2501057LNGDX,CDR202600003133,RECEIVER_INCOMING_ACTIVITY,-315,1
TXN2501054S8CHB,,NO_MATCH,,0
TXN250105ZSBXM2,,NO_MATCH,,0
TXN250105JCFVO6,CDR202600003150,RECEIVER_OUTGOING_ACTIVITY,98,1
TXN250105KA57O8,,NO_MATCH,,0
TXN250105IIHALI,,NO_MATCH,,0
TXN250105B6Q74G,CDR202600003168,RECEIVER_OUTGOING_ACTIVITY,451,1
TXN250105509JVK,,NO_MATCH,,0
ATM250105YZTTRU,,NO_MATCH,,0
TXN250105TE66QV,,NO_MATCH,,0
ATM250105TMLUWV,,NO_MATCH,,0
TXN250105JXZXKY,,NO_MATCH,,0
TXN250105X0W80G,,NO_MATCH,,0
TXN250105SL4NJ4,,NO_MATCH,,0
TXN250105NZTBD8,,NO_MATCH,,0
TXN250105SSCEO7,,NO_MATCH,,0
TXN250105G0001B,,NO_MATCH,,0
TXN250105QA3GVT,,NO_MATCH,,0
TXN250105CI2SYB,,NO_MATCH,,0
ATM25010530A3FE,CDR202600003193,SENDER_INCOMING_ACTIVITY,-670,1
ATM250105EAZW9G,,NO_MATCH,,0
TXN250105Q7HB2R,,NO_MATCH,,0
ATM250105494SPH,,NO_MATCH,,0
TXN250105E8BGQL,CDR202600003221,RECEIVER_INCOMING_ACTIVITY,748,1
TXN250105CX8I9M,,NO_MATCH,,0
TXN250105D0PSJL,,NO_MATCH,,0
TXN250105HQS622,,NO_MATCH,,0
TXN25010545VFQF,,NO_MATCH,,0
ATM250105DPMZ3C,CDR202600003223,SENDER_OUTGOING_ACTIVITY,69,1
TXN25010581SO8Z,CDR202600003221,RECEIVER_INCOMING_ACTIVITY,-184,1
TXN2501051AIHUA,,NO_MATCH,,0
ATM2501059660TO,CDR202600003232,RECEIVER_INCOMING_ACTIVITY,749,1
TXN250105GYPLD1,,NO_MATCH,,0
TXN2501051VHMQQ,CDR202600003232,RECEIVER_OUTGOING_ACTIVITY,302,1
TXN2501058WQQ5A,,NO_MATCH,,0
TXN2501052D9WG2,,NO_MATCH,,0
TXN250105RIRAMM,,NO_MATCH,,0
ATM250105YOBPFO,,NO_MATCH,,0
TXN250105LVSRQL,,NO_MATCH,,0
ATM250105BJUOK1,,NO_MATCH,,0
ATM2501052BQ3U3,,NO_MATCH,,0
ATM2501053ADVZ1,,NO_MATCH,,0
TXN2501058LE4RE,,NO_MATCH,,0
TXN2501058LTF71,,NO_MATCH,,0
TXN250105SKJMI2,,NO_MATCH,,0
TXN250105PM4NEM,,NO_MATCH,,0
ATM2501053IKALM,,NO_MATCH,,0
TXN250105APPTOA,,NO_MATCH,,0
TXN250105XM7AS4,,NO_MATCH,,0
TXN250105J5ACXG,,NO_MATCH,,0
TXN2501053KW1V0,,NO_MATCH,,0
TXN250105U0KA0K,,NO_MATCH,,0
TXN250105T8TP8C,,NO_MATCH,,0
TXN2501059NL873,,NO_MATCH,,0
TXN2501053OT3LM,,NO_MATCH,,0
ATM250105DFNRIK,,NO_MATCH,,0
TXN250105QFWOX6,CDR202600003270,RECEIVER_INCOMING_ACTIVITY,-631,1
ATM250105K4JVVF,,NO_MATCH,,0
TXN250105SVIVBY,,NO_MATCH,,0
ATM25010533W6WG,,NO_MATCH,,0
ATM250105YYBYHW,,NO_MATCH,,0
ATM250105O87K9J,,NO_MATCH,,0
ATM250105KJ9P3H,,NO_MATCH,,0
ATM250105YAXNT3,,NO_MATCH,,0
TXN250105I9FKND,,NO_MATCH,,0
TXN250105HFOYNW,,NO_MATCH,,0
ATM250105UKJ84F,,NO_MATCH,,0
TXN250105RPXRUT,CDR202600003307,SENDER_INCOMING_ACTIVITY,564,1
ATM2501053KJX28,,NO_MATCH,,0
ATM2501056A0AK3,,NO_MATCH,,0
TXN250105VSGHI3,,NO_MATCH,,0
TXN250105CD0ER4,,NO_MATCH,,0
ATM250105EDA62K,,NO_MATCH,,0
ATM250105O35IHZ,,NO_MATCH,,0
ATM2501058AHK1L,,NO_MATCH,,0
ATM250106EE3V5V,,NO_MATCH,,0
TXN250106JKV3EJ,,NO_MATCH,,0
TXN250106QTX8GN,,NO_MATCH,,0
TXN250106LKNKU6,,NO_MATCH,,0
ATM25010634JCRE,,NO_MATCH,,0
ATM250106BFRX5Z,,NO_MATCH,,0
ATM2501067T07FR,,NO_MATCH,,0
ATM250106BXGOM3,,NO_MATCH,,0
TXN250106C49JFP,,NO_MATCH,,0
TXN250106RAJ976,,NO_MATCH,,0
ATM250106997UEV,,NO_MATCH,,0
TXN250106RBPLPQ,,NO_MATCH,,0
TXN250106SSAV3D,,NO_MATCH,,0
TXN250106KN94TP,,NO_MATCH,,0
ATM250106WO8U5L,,NO_MATCH,,0
TXN250106W3U40C,,NO_MATCH,,0
TXN250106XPH150,,NO_MATCH,,0
ATM250106GBBNW3,,NO_MATCH,,0
TXN2501068N7IGW,CDR202600003403,RECEIVER_OUTGOING_ACTIVITY,864,1
TXN250106F4HD30,CDR202600003403,RECEIVER_OUTGOING_ACTIVITY,629,1
TXN2501060ZHVVS,,NO_MATCH,,0
ATM250106WZRRNN,,NO_MATCH,,0
ATM25010649ALTZ,,NO_MATCH,,0
ATM25010612RMFB,,NO_MATCH,,0
TXN250106WZ8LGG,,NO_MATCH,,0
TXN250106WAEAIK,,NO_MATCH,,0
ATM250106BL118T,,NO_MATCH,,0
TXN250106BHO3J7,CDR202600003390,SENDER_OUTGOING_ACTIVITY,-825,1
ATM250106U39LV3,,NO_MATCH,,0
TXN250106TJAMV2,,NO_MATCH,,0
ATM250106QTAIPT,,NO_MATCH,,0
ATM250106670P9N,,NO_MATCH,,0
ATM2501067JV3PW,,NO_MATCH,,0
ATM2501066UGIF0,,NO_MATCH,,0
TXN250106SRKYQ0,CDR202600003433,SENDER_OUTGOING_ACTIVITY,169,1
ATM25010625X0E2,,NO_MATCH,,0
ATM250106QP2MQV,,NO_MATCH,,0
TXN250106KCS7XP,CDR202600060440,SENDER_OUTGOING_ACTIVITY,-780,1
ATM250106NC2G9S,,NO_MATCH,,0
TXN250106GCT7QH,,NO_MATCH,,0
TXN250106FY3NQF,CDR202600003433,SENDER_OUTGOING_ACTIVITY,-583,1
ATM250106V5TLR1,,NO_MATCH,,0
ATM250106CE53JG,CDR202600003441,SENDER_OUTGOING_ACTIVITY,-48,1
TXN250106KUWQSN,,NO_MATCH,,0
TXN25010626XCMX,,NO_MATCH,,0
TXN250106U3O5E4,,NO_MATCH,,0
ATM250106QXE6SR,,NO_MATCH,,0
ATM250106UWJPCT,,NO_MATCH,,0
TXN250106PGKI0N,,NO_MATCH,,0
TXN250106MZT573,,NO_MATCH,,0
TXN250106HPM0S8,CDR202600003446,RECEIVER_OUTGOING_ACTIVITY,-864,1
TXN250106U83CBQ,,NO_MATCH,,0
TXN2501069GXSS9,,NO_MATCH,,0
ATM250106X95R7P,,NO_MATCH,,0
ATM250106KX1QEA,,NO_MATCH,,0
ATM250106MNM2NC,,NO_MATCH,,0
ATM2501067I4YWG,,NO_MATCH,,0
ATM250106A65FBS,,NO_MATCH,,0
ATM250106B6L7I2,,NO_MATCH,,0
ATM250106REFBER,,NO_MATCH,,0
TXN250106KTOY2W,,NO_MATCH,,0
TXN250106DXJBDB,,NO_MATCH,,0
ATM250106HRJXYP,,NO_MATCH,,0
TXN250106B632TS,,NO_MATCH,,0
TXN2501063H27SE,,NO_MATCH,,0
TXN2501065DZDL0,CDR202600003490,SENDER_INCOMING_ACTIVITY,221,1
TXN250106LEXRQD,,NO_MATCH,,0
TXN2501065ZMW32,,NO_MATCH,,0
ATM250106390TFG,,NO_MATCH,,0
ATM2501062R4BGF,,NO_MATCH,,0
TXN2501069QH9RW,,NO_MATCH,,0
TXN2501069TZ9NO,CDR202600003489,RECEIVER_OUTGOING_ACTIVITY,-618,1
TXN250106P1M51A,,NO_MATCH,,0
ATM25010640APTQ,,NO_MATCH,,0
TXN250106IR2R2P,,NO_MATCH,,0
ATM250106ZFRD9X,,NO_MATCH,,0
TXN2501066Z2VGX,,NO_MATCH,,0
TXN250106YFL3Z3,,NO_MATCH,,0
TXN2501061AHCCJ,,NO_MATCH,,0
TXN250106DLHWNC,,NO_MATCH,,0
TXN2501065292TL,,NO_MATCH,,0
ATM250106P4901Z,,NO_MATCH,,0
TXN250106MLB3IL,,NO_MATCH,,0
TXN250106U748IP,,NO_MATCH,,0
TXN250106JPDGDO,CDR202600003522,RECEIVER_INCOMING_ACTIVITY,-803,1
TXN250106P45I66,,NO_MATCH,,0
TXN2501069JSU10,,NO_MATCH,,0
TXN250106BH2I0D,CDR202600003535,SENDER_INCOMING_ACTIVITY,-40,1
TXN250106U6FMLP,,NO_MATCH,,0
TXN2501060654Y8,CDR202600003535,SENDER_OUTGOING_ACTIVITY,-87,1
TXN250106KXGE3F,CDR202600003533,SENDER_OUTGOING_ACTIVITY,-530,1
ATM250106BLLIAK,CDR202600003544,RECEIVER_OUTGOING_ACTIVITY,-22,1
TXN250106XJEPBO,,NO_MATCH,,0
TXN250106J9DYNP,,NO_MATCH,,0
ATM250106PY4TM9,,NO_MATCH,,0
TXN250106VPWDJ8,,NO_MATCH,,0
ATM2501063P13QO,CDR202600003545,SENDER_INCOMING_ACTIVITY,-358,1
TXN250106J7U15S,,NO_MATCH,,0
TXN250106XXLC26,,NO_MATCH,,0
TXN250106ZSGN1N,,NO_MATCH,,0
TXN2501066I84TM,CDR202600003555,RECEIVER_OUTGOING_ACTIVITY,-73,1
TXN250106YYJI8I,,NO_MATCH,,0
TXN2501060HB0XL,,NO_MATCH,,0
TXN250106IC1SID,CDR202600003563,SENDER_INCOMING_ACTIVITY,-106,1
ATM250106G80R3P,CDR202600003561,RECEIVER_OUTGOING_ACTIVITY,-531,1
TXN25010681Q511,,NO_MATCH,,0
TXN250106XJ82ZM,CDR202600003564,SENDER_OUTGOING_ACTIVITY,-451,1
ATM25010674R3TV,,NO_MATCH,,0
TXN250106L6NM6W,,NO_MATCH,,0
ATM250106QL8IZJ,,NO_MATCH,,0
ATM250106ZK8XCI,,NO_MATCH,,0
ATM250106UZF0MK,,NO_MATCH,,0
TXN250106YWJLHD,,NO_MATCH,,0
TXN250106IURVKK,CDR202600003579,SENDER_OUTGOING_ACTIVITY,14,1
ATM250106S7RJZY,,NO_MATCH,,0
TXN250106G0G8X7,,NO_MATCH,,0
TXN250106QI6VCM,,NO_MATCH,,0
ATM250106E3L5UT,,NO_MATCH,,0
TXN2501063GI98F,CDR202600003606,SENDER_OUTGOING_ACTIVITY,-202,1
TXN250106OZYD8P,CDR202600003623,RECEIVER_INCOMING_ACTIVITY,669,1
ATM250106QQ7I7I,,NO_MATCH,,0
TXN250106YCB4JF,,NO_MATCH,,0
TXN2501066OW0HT,,NO_MATCH,,0
TXN250106R98UGH,,NO_MATCH,,0
ATM250106CHE3D8,,NO_MATCH,,0
TXN250106VGAFUD,,NO_MATCH,,0
TXN250106RIAFVA,CDR202600003635,SENDER_OUTGOING_ACTIVITY,-617,1
ATM250106E6620M,CDR202600003638,RECEIVER_INCOMING_ACTIVITY,-586,1
TXN250106LADL3I,,NO_MATCH,,0
TXN250106L8VRRT,,NO_MATCH,,0
TXN250106JCDT0J,,NO_MATCH,,0
TXN250106WLT8W8,,NO_MATCH,,0
TXN250106LP0UPV,,NO_MATCH,,0
TXN2501066TSE94,,NO_MATCH,,0
ATM250106E2H6VE,,NO_MATCH,,0
ATM250106CWLMPN,,NO_MATCH,,0
ATM250106D7COQ7,,NO_MATCH,,0
TXN250106MSWNP9,,NO_MATCH,,0
ATM250106195O0S,CDR202600003676,SENDER_OUTGOING_ACTIVITY,-199,1
ATM2501067FPKIY,,NO_MATCH,,0
TXN250106UJ7E7N,,NO_MATCH,,0
ATM250106DJ0EF6,,NO_MATCH,,0
ATM25010698U6NP,CDR202600003693,RECEIVER_INCOMING_ACTIVITY,268,1
ATM250106AACBPZ,,NO_MATCH,,0
TXN250106XIY6BT,CDR202600003693,SENDER_OUTGOING_ACTIVITY,-209,1
TXN250106W7E6SU,CDR202600003697,RECEIVER_INCOMING_ACTIVITY,25,1
TXN250106ZFW6VI,,NO_MATCH,,0
TXN250106FF1IH1,,NO_MATCH,,0
ATM2501069P6G46,,NO_MATCH,,0
TXN250106HOZV6M,,NO_MATCH,,0
TXN2501068394VL,,NO_MATCH,,0
TXN250106Y4CGP1,,NO_MATCH,,0
ATM250106VJ6F5X,CDR202600003732,SENDER_OUTGOING_ACTIVITY,483,1
TXN250106BW5FL4,,NO_MATCH,,0
ATM250106V0DVSR,,NO_MATCH,,0
TXN250106OICOTY,CDR202600003731,RECEIVER_OUTGOING_ACTIVITY,-707,1
TXN2501065HJ0LF,CDR202600003746,RECEIVER_OUTGOING_ACTIVITY,-160,1
TXN25010687ZMFS,,NO_MATCH,,0
TXN250106DKMXF1,,NO_MATCH,,0
TXN250106KQPSHS,,NO_MATCH,,0
TXN2501069XQDY8,,NO_MATCH,,0
TXN2501063IQDA3,,NO_MATCH,,0
TXN250106HDOGIC,,NO_MATCH,,0
ATM2501068XQ1LK,,NO_MATCH,,0
ATM250106TIFEIO,,NO_MATCH,,0
ATM2501061ZLHPH,,NO_MATCH,,0
TXN2501069KC73F,,NO_MATCH,,0
TXN250106BVLJ4A,,NO_MATCH,,0
TXN250106TASM3X,,NO_MATCH,,0
TXN2501060CV991,,NO_MATCH,,0
TXN250106S608KB,,NO_MATCH,,0
TXN250106TSR7YR,,NO_MATCH,,0
TXN25010634NZBZ,,NO_MATCH,,0
TXN250106NFYW4H,,NO_MATCH,,0
ATM250106KE48B0,,NO_MATCH,,0
ATM250106NV0GH4,,NO_MATCH,,0
ATM250106NNF58N,CDR202600003801,SENDER_OUTGOING_ACTIVITY,-802,1
TXN25010641RCAJ,CDR202600003809,SENDER_OUTGOING_ACTIVITY,-99,1
TXN250106WMYB40,,NO_MATCH,,0
TXN2501063XHPGS,CDR202600003816,RECEIVER_OUTGOING_ACTIVITY,80,1
TXN25010620AGBP,,NO_MATCH,,0
TXN250106L3I444,,NO_MATCH,,0
TXN250106Y4MUHA,,NO_MATCH,,0
TXN250106EB7UOR,CDR202600003821,SENDER_OUTGOING_ACTIVITY,-487,1
TXN250106TSXDOU,,NO_MATCH,,0
TXN2501065FEK5B,,NO_MATCH,,0
TXN250106KSKXW5,,NO_MATCH,,0
TXN250106X6OWEA,,NO_MATCH,,0
ATM250106E1U6VE,,NO_MATCH,,0
ATM2501063WWGOX,,NO_MATCH,,0
TXN250106Y1RW6V,CDR202600003835,RECEIVER_OUTGOING_ACTIVITY,-93,1
ATM250106S3D3CN,,NO_MATCH,,0
ATM2501067WUSPG,,NO_MATCH,,0
ATM250106M9B8GX,,NO_MATCH,,0
ATM250106ORDA9J,,NO_MATCH,,0
TXN250106SZ30R0,,NO_MATCH,,0
ATM250106QH7OLP,,NO_MATCH,,0
ATM250106DJ4TL9,,NO_MATCH,,0
TXN250106ARD9WG,,NO_MATCH,,0
TXN250106DYFBI4,,NO_MATCH,,0
TXN2501062UJH7L,,NO_MATCH,,0
ATM250106TSXU5K,,NO_MATCH,,0
ATM250106TQV3CZ,,NO_MATCH,,0
TXN250106O60BK5,CDR202600003885,RECEIVER_INCOMING_ACTIVITY,345,1
ATM250106W7QCYG,,NO_MATCH,,0
TXN250106B8JF1H,,NO_MATCH,,0
ATM250106V93NUV,,NO_MATCH,,0
ATM25010668E7DS,,NO_MATCH,,0
TXN250106EWO6DI,CDR202600003894,RECEIVER_OUTGOING_ACTIVITY,359,1
TXN2501062R5C1E,,NO_MATCH,,0
TXN250106WCD4DL,,NO_MATCH,,0
TXN250106SQ5XW7,,NO_MATCH,,0
TXN250106RGNVA7,,NO_MATCH,,0
TXN250106HKL4HU,,NO_MATCH,,0
TXN250106RULTHY,,NO_MATCH,,0
ATM2501063XCDGW,,NO_MATCH,,0
TXN250106A9HJ0G,CDR202600003910,SENDER_INCOMING_ACTIVITY,30,1
ATM2501069UZSQ1,,NO_MATCH,,0
ATM2501064ESVFN,,NO_MATCH,,0
ATM250106CFEFOQ,,NO_MATCH,,0
TXN250106DDQI2K,CDR202600003910,RECEIVER_INCOMING_ACTIVITY,-337,1
TXN2501067OKQ1C,,NO_MATCH,,0
TXN2501067EXHJH,,NO_MATCH,,0
TXN250106G3GRQ2,,NO_MATCH,,0
TXN250106CZYUO1,,NO_MATCH,,0
ATM2501066BSXW0,,NO_MATCH,,0
ATM250106CF7DH7,,NO_MATCH,,0
TXN25010673O93D,,NO_MATCH,,0
TXN250106PMOUPO,,NO_MATCH,,0
TXN2501067D0U8G,CDR202600003941,RECEIVER_INCOMING_ACTIVITY,160,1
TXN250106OLA0R9,,NO_MATCH,,0
TXN250106IQJ9MR,,NO_MATCH,,0
ATM250106CQMLB5,,NO_MATCH,,0
ATM250106ZGJ1AG,,NO_MATCH,,0
TXN250107BGCNTN,,NO_MATCH,,0
ATM250107551JKA,,NO_MATCH,,0
ATM250107B1GM6S,,NO_MATCH,,0
ATM250107WJJG9D,,NO_MATCH,,0
ATM250107P8873R,,NO_MATCH,,0
TXN250107DCELS4,,NO_MATCH,,0
TXN250107YGN4KX,,NO_MATCH,,0
TXN250107U2FGA1,,NO_MATCH,,0
ATM250107JR4DEI,,NO_MATCH,,0
TXN250107UL31QD,,NO_MATCH,,0
TXN250107GAFCKY,,NO_MATCH,,0
TXN250107X9K7FR,,NO_MATCH,,0
ATM250107OY53E9,,NO_MATCH,,0
ATM250107M6P304,,NO_MATCH,,0
TXN250107BO6Q36,,NO_MATCH,,0
ATM250107G54RNY,,NO_MATCH,,0
TXN2501070ZYJGQ,,NO_MATCH,,0
TXN2501074Z0RN6,,NO_MATCH,,0
TXN2501078FOA9S,,NO_MATCH,,0
ATM250107F9UQTW,,NO_MATCH,,0
TXN250107DY567U,,NO_MATCH,,0
TXN250107OOJ8L2,,NO_MATCH,,0
ATM250107JAG6S8,,NO_MATCH,,0
TXN250107V87WIO,,NO_MATCH,,0
TXN250107GNGO6W,,NO_MATCH,,0
TXN250107MDJUUP,CDR202600004011,SENDER_INCOMING_ACTIVITY,-270,1
ATM2501070IM769,,NO_MATCH,,0
TXN250107MI326Q,,NO_MATCH,,0
ATM250107VHHDVD,,NO_MATCH,,0
TXN250107MZQ044,,NO_MATCH,,0
TXN250107PCZ317,,NO_MATCH,,0
ATM250107C7UX4F,CDR202600004035,SENDER_OUTGOING_ACTIVITY,-217,1
TXN250107ORFHGZ,,NO_MATCH,,0
ATM250107CFWW0H,,NO_MATCH,,0
ATM2501079JMZDH,,NO_MATCH,,0
TXN250107FY8JA4,,NO_MATCH,,0
TXN25010703W9VN,CDR202600004046,RECEIVER_OUTGOING_ACTIVITY,-126,1
ATM250107758IKS,CDR202600004053,SENDER_OUTGOING_ACTIVITY,77,1
ATM250107DWIRGX,,NO_MATCH,,0
ATM250107PY872L,,NO_MATCH,,0
ATM250107DBIQCU,,NO_MATCH,,0
TXN250107DBZ8VW,CDR202600004082,SENDER_OUTGOING_ACTIVITY,652,1
ATM250107MCQAY2,,NO_MATCH,,0
ATM2501075O2JVC,,NO_MATCH,,0
ATM250107JBVLXQ,CDR202600004093,SENDER_OUTGOING_ACTIVITY,-2,1
ATM25010756NJCA,,NO_MATCH,,0
TXN2501075SXRN0,CDR202600004081,RECEIVER_OUTGOING_ACTIVITY,-722,1
TXN250107HN5HTN,CDR202600004095,RECEIVER_INCOMING_ACTIVITY,-641,1
ATM250107EJFB9K,,NO_MATCH,,0
ATM250107DOA0LF,,NO_MATCH,,0
TXN250107CPE01K,,NO_MATCH,,0
TXN250107S7EFWZ,CDR202600004098,RECEIVER_INCOMING_ACTIVITY,-845,1
TXN250107BQEYGV,,NO_MATCH,,0
TXN250107V3JHJN,,NO_MATCH,,0
TXN250107C96Q7O,,NO_MATCH,,0
TXN250107QFND0F,,NO_MATCH,,0
TXN250107IUPW7U,,NO_MATCH,,0
TXN2501076T37NF,,NO_MATCH,,0
TXN250107RKUX1V,,NO_MATCH,,0
TXN2501072CA72E,,NO_MATCH,,0
TXN250107EK01MK,CDR202600004147,RECEIVER_OUTGOING_ACTIVITY,-645,1
TXN250107FBKIYT,CDR202600004164,SENDER_INCOMING_ACTIVITY,-693,1
ATM250107U9Y0B7,,NO_MATCH,,0
ATM250107719GJO,,NO_MATCH,,0
ATM250107R2BN5C,,NO_MATCH,,0
TXN250107M2D549,,NO_MATCH,,0
TXN250107D0OKDT,,NO_MATCH,,0
TXN250107E0NXR2,,NO_MATCH,,0
ATM250107TIIVW6,,NO_MATCH,,0
TXN250107OBBOWB,,NO_MATCH,,0
TXN250107SFCQMA,,NO_MATCH,,0
TXN25010733OTX0,,NO_MATCH,,0
TXN2501077R3DAT,,NO_MATCH,,0
TXN250107LVN2UV,,NO_MATCH,,0
TXN250107GBQS49,,NO_MATCH,,0
TXN250107FNN2RU,,NO_MATCH,,0
TXN2501073F4QS5,,NO_MATCH,,0
TXN250107EQBKYH,,NO_MATCH,,0
ATM250107YT9UOL,,NO_MATCH,,0
ATM250107ZVGYJ5,,NO_MATCH,,0
ATM250107RZRMGW,,NO_MATCH,,0
TXN250107RDW6H0,,NO_MATCH,,0
ATM250107R0GS4R,CDR202600004257,RECEIVER_OUTGOING_ACTIVITY,-224,1
TXN250107DLYCVN,,NO_MATCH,,0
TXN25010772JDTV,CDR202600004253,RECEIVER_OUTGOING_ACTIVITY,-402,1
TXN250107OINAHS,,NO_MATCH,,0
TXN250107ZNQQ2S,,NO_MATCH,,0
TXN250107UY9AH2,CDR202600004273,SENDER_INCOMING_ACTIVITY,-31,1
TXN250107EERP42,CDR202600004284,RECEIVER_OUTGOING_ACTIVITY,490,1
TXN250107UFU7XN,,NO_MATCH,,0
TXN250107K83KHV,,NO_MATCH,,0
TXN250107CYXYLE,,NO_MATCH,,0
ATM2501078C22UT,,NO_MATCH,,0
TXN250107LMZFPI,,NO_MATCH,,0
ATM250107T93YFT,,NO_MATCH,,0
TXN250107XXWA40,,NO_MATCH,,0
TXN25010794HUKY,CDR202600004293,RECEIVER_INCOMING_ACTIVITY,264,1
ATM250107KRGP00,,NO_MATCH,,0
ATM250107ZGCY64,CDR202600004286,SENDER_INCOMING_ACTIVITY,-834,1
TXN250107IVL1SF,,NO_MATCH,,0
ATM250107WQAYVM,,NO_MATCH,,0
TXN2501072ZSESH,,NO_MATCH,,0
ATM250107CZBYZO,,NO_MATCH,,0
TXN25010790IJGT,,NO_MATCH,,0
TXN250107NUINXZ,,NO_MATCH,,0
ATM250107LB8V3Z,,NO_MATCH,,0
TXN2501074Q6DOV,CDR202600004322,SENDER_OUTGOING_ACTIVITY,7,1
TXN250107FS3I3D,,NO_MATCH,,0
TXN250107ZXZQW9,,NO_MATCH,,0
TXN250107WMUT84,CDR202600004335,RECEIVER_OUTGOING_ACTIVITY,595,1
ATM250107JTKC62,,NO_MATCH,,0
TXN2501074EXUC2,,NO_MATCH,,0
ATM250107T9T0TO,,NO_MATCH,,0
TXN250107HKWY7I,,NO_MATCH,,0
ATM2501077QH8RN,,NO_MATCH,,0
ATM2501078WFX5L,,NO_MATCH,,0
ATM250107NYDHHT,,NO_MATCH,,0
TXN250107A55L0I,,NO_MATCH,,0
TXN250107IJICYO,,NO_MATCH,,0
TXN250107JCQKNM,,NO_MATCH,,0
ATM250107DRAG01,CDR202600004357,RECEIVER_OUTGOING_ACTIVITY,-556,1
TXN250107Y2Y0CP,,NO_MATCH,,0
TXN25010734I9UZ,,NO_MATCH,,0
ATM250107C53TPA,CDR202600004371,RECEIVER_OUTGOING_ACTIVITY,194,1
TXN250107V1WBP1,,NO_MATCH,,0
ATM250107IKQQA1,,NO_MATCH,,0
TXN250107PQYUQE,,NO_MATCH,,0
TXN2501075TOZUU,,NO_MATCH,,0
ATM250107EQ4VTQ,,NO_MATCH,,0
ATM25010779NQKX,,NO_MATCH,,0
TXN25010735NGNW,,NO_MATCH,,0
ATM250107Y2SONW,,NO_MATCH,,0
ATM250107Y4UVM0,CDR202600060319,SENDER_OUTGOING_ACTIVITY,-240,1
TXN250107CSDEWI,,NO_MATCH,,0
TXN250107SFIKSV,,NO_MATCH,,0
TXN250107MG5DJ8,,NO_MATCH,,0
TXN25010748NEYS,,NO_MATCH,,0
TXN250107U5J1JH,,NO_MATCH,,0
TXN250107MD7TTJ,,NO_MATCH,,0
TXN250107MAAF3P,,NO_MATCH,,0
TXN250107RIAZV4,,NO_MATCH,,0
TXN250107B7EYC4,,NO_MATCH,,0
ATM2501071DX6NH,,NO_MATCH,,0
ATM2501076L9MEC,,NO_MATCH,,0
TXN250107FC4FII,,NO_MATCH,,0
TXN25010746QIFZ,,NO_MATCH,,0
TXN250107R10NU3,CDR202600004413,SENDER_OUTGOING_ACTIVITY,-1,1
TXN250107DA07E2,,NO_MATCH,,0
TXN25010751FBI3,,NO_MATCH,,0
TXN250107LXA45X,,NO_MATCH,,0
TXN25010796IJ4H,,NO_MATCH,,0
TXN250107WK2RB3,,NO_MATCH,,0
TXN250107D0E7ZD,,NO_MATCH,,0
TXN250107RO45O8,,NO_MATCH,,0
TXN250107HHYJQO,,NO_MATCH,,0
ATM250107UMWM2I,,NO_MATCH,,0
ATM250107852RMV,,NO_MATCH,,0
ATM2501075BO2JA,,NO_MATCH,,0
TXN2501077WQJNM,,NO_MATCH,,0
ATM2501075RGV5G,,NO_MATCH,,0
ATM250107ITFQPG,,NO_MATCH,,0
ATM250107C725R8,,NO_MATCH,,0
TXN250107VOS3KR,,NO_MATCH,,0
TXN2501078TT7LW,,NO_MATCH,,0
ATM250107W5GY0R,,NO_MATCH,,0
ATM250107593XC9,,NO_MATCH,,0
TXN250107IIYEJG,,NO_MATCH,,0
ATM250107IM4U39,,NO_MATCH,,0
TXN250107TWH4AA,,NO_MATCH,,0
ATM250107OM9BDZ,,NO_MATCH,,0
TXN250107I66YK9,,NO_MATCH,,0
TXN250107M2ECJV,,NO_MATCH,,0
ATM250107MA43E2,,NO_MATCH,,0
TXN250107FCGDYL,,NO_MATCH,,0
ATM250107OL941O,,NO_MATCH,,0
ATM250107UAPH9H,,NO_MATCH,,0
TXN250107KB42OW,,NO_MATCH,,0
ATM2501079JI9P6,,NO_MATCH,,0
TXN250107OHQFBK,,NO_MATCH,,0
TXN250107KM8PYD,CDR202600004485,RECEIVER_OUTGOING_ACTIVITY,-695,1
TXN250107NR0HDL,,NO_MATCH,,0
TXN250107L4T27O,,NO_MATCH,,0
TXN250107A8VM87,,NO_MATCH,,0
TXN250107V9L99F,,NO_MATCH,,0
TXN2501078BPPHQ,,NO_MATCH,,0
ATM250107X6DQ5X,,NO_MATCH,,0
TXN250107HBZHG8,,NO_MATCH,,0
ATM250107XZMZQA,,NO_MATCH,,0
TXN250107EDY0BF,,NO_MATCH,,0
ATM250107Y9RJD4,,NO_MATCH,,0
TXN2501079KKTI0,,NO_MATCH,,0
TXN250107TMMYH2,CDR202600060593,SENDER_OUTGOING_ACTIVITY,-840,1
ATM250107MZK1KC,,NO_MATCH,,0
TXN2501070YLEJA,CDR202600004535,SENDER_OUTGOING_ACTIVITY,-1,1
ATM250107I9OL8G,,NO_MATCH,,0
ATM250107WURVUX,,NO_MATCH,,0
ATM250107OL2V41,,NO_MATCH,,0
TXN250107UECS0X,,NO_MATCH,,0
ATM250107NQT4XZ,,NO_MATCH,,0
ATM250107HE3EIT,,NO_MATCH,,0
ATM250107DGDNTQ,,NO_MATCH,,0
ATM250107ZRJHZC,,NO_MATCH,,0
TXN250107MSLNBT,,NO_MATCH,,0
ATM250107NLZWX2,CDR202600004550,SENDER_INCOMING_ACTIVITY,251,1
TXN250107BTBTRV,,NO_MATCH,,0
TXN250107PVNN9G,,NO_MATCH,,0
TXN250107VI54A0,,NO_MATCH,,0
TXN250107HGHYTB,,NO_MATCH,,0
TXN250107B9F0W1,,NO_MATCH,,0
TXN2501074PGSH7,,NO_MATCH,,0
ATM250107TNUTY7,,NO_MATCH,,0
TXN250107FFMECY,,NO_MATCH,,0
TXN250107424A70,,NO_MATCH,,0
TXN250107FXAKP8,,NO_MATCH,,0
TXN250107WV6989,,NO_MATCH,,0
ATM250107VLN7LX,,NO_MATCH,,0
TXN250107BD55XQ,,NO_MATCH,,0
TXN2501077UVZVH,,NO_MATCH,,0
ATM250107KXWWPZ,,NO_MATCH,,0
ATM2501076J52H9,,NO_MATCH,,0
TXN25010789ZHL3,,NO_MATCH,,0
ATM250107QT14JV,,NO_MATCH,,0
TXN250107BPKTCW,,NO_MATCH,,0
ATM2501070YIU9K,,NO_MATCH,,0
TXN250107LOA0I4,,NO_MATCH,,0
TXN2501075IG1LP,,NO_MATCH,,0
TXN250107N0HD7W,,NO_MATCH,,0
TXN250107V7BG54,,NO_MATCH,,0
TXN250107DPANHO,,NO_MATCH,,0
TXN2501077M5BG1,,NO_MATCH,,0
TXN25010741R8OA,,NO_MATCH,,0
TXN250108A6ADT9,CDR202600004610,SENDER_OUTGOING_ACTIVITY,393,1
TXN250108DUUU3W,,NO_MATCH,,0
ATM250108S8S8IN,,NO_MATCH,,0
TXN250108A0UQ5M,,NO_MATCH,,0
ATM2501082QMJOQ,,NO_MATCH,,0
TXN2501083SL9BU,,NO_MATCH,,0
TXN250108VFTC5T,,NO_MATCH,,0
ATM250108OC6YFB,,NO_MATCH,,0
ATM250108J6CXEU,,NO_MATCH,,0
TXN250108I8QGC7,,NO_MATCH,,0
TXN2501089BBBMJ,,NO_MATCH,,0
TXN250108E5DHFR,,NO_MATCH,,0
ATM250108118UIY,,NO_MATCH,,0
TXN2501082LY0E7,,NO_MATCH,,0
TXN2501083O0M4U,,NO_MATCH,,0
TXN250108MIXPLS,,NO_MATCH,,0
ATM250108X5BS4O,CDR202600004663,RECEIVER_INCOMING_ACTIVITY,-402,1
TXN250108LGPBPX,,NO_MATCH,,0
TXN250108CBMYHY,,NO_MATCH,,0
TXN250108FGUV16,,NO_MATCH,,0
TXN250108SO650J,,NO_MATCH,,0
TXN250108F5Q90L,,NO_MATCH,,0
ATM2501088AU778,,NO_MATCH,,0
TXN250108339KV8,CDR202600004687,RECEIVER_OUTGOING_ACTIVITY,895,1
ATM250108E7I94H,,NO_MATCH,,0
TXN250108GMGY1M,,NO_MATCH,,0
TXN250108JV4DRE,,NO_MATCH,,0
TXN250108W7MQIA,,NO_MATCH,,0
TXN250108LG3Z9R,,NO_MATCH,,0
TXN2501086F63WJ,CDR202600004693,SENDER_OUTGOING_ACTIVITY,-199,1
ATM2501081Q6IZS,,NO_MATCH,,0
TXN250108XRPCZI,,NO_MATCH,,0
TXN250108XLO0UJ,,NO_MATCH,,0
ATM250108WBXU8R,,NO_MATCH,,0
TXN250108WL9K6X,,NO_MATCH,,0
ATM250108ZS0N74,,NO_MATCH,,0
ATM2501080HQTZ4,,NO_MATCH,,0
TXN250108OB0DZK,CDR202600004712,SENDER_OUTGOING_ACTIVITY,491,1
TXN250108A05H1S,,NO_MATCH,,0
TXN250108VID5ZZ,,NO_MATCH,,0
ATM250108IPF909,CDR202600004699,SENDER_INCOMING_ACTIVITY,-877,1
TXN250108VX6MAT,,NO_MATCH,,0
ATM250108N9C9Z0,,NO_MATCH,,0
TXN250108XW3AJD,,NO_MATCH,,0
TXN250108KUT9NZ,,NO_MATCH,,0
ATM250108M8GG1W,,NO_MATCH,,0
ATM25010808GBYU,CDR202600004746,RECEIVER_OUTGOING_ACTIVITY,575,1
TXN250108DD2H8O,,NO_MATCH,,0
TXN25010869WMK9,,NO_MATCH,,0
TXN250108571QAD,CDR202600004743,SENDER_OUTGOING_ACTIVITY,-126,1
TXN2501086EVHLX,CDR202600004752,SENDER_OUTGOING_ACTIVITY,663,1
ATM250108XS41DU,,NO_MATCH,,0
ATM250108UWLT8K,,NO_MATCH,,0
TXN250108FO5KVM,,NO_MATCH,,0
ATM250108WVAD0I,,NO_MATCH,,0
ATM250108ERGN2T,CDR202600004751,RECEIVER_INCOMING_ACTIVITY,-734,1
TXN250108534CS4,,NO_MATCH,,0
TXN250108EBSI6C,CDR202600004794,SENDER_INCOMING_ACTIVITY,729,1
TXN250108TEPVK8,,NO_MATCH,,0
TXN250108BWQPBK,,NO_MATCH,,0
TXN250108Q9HN7M,,NO_MATCH,,0
TXN250108SEFWN9,,NO_MATCH,,0
ATM250108FT6RWX,,NO_MATCH,,0
TXN2501084M3FYO,,NO_MATCH,,0
TXN250108P7FKWC,CDR202600004810,SENDER_OUTGOING_ACTIVITY,-24,1
TXN250108XVRZV1,,NO_MATCH,,0
TXN250108ZFFP5A,,NO_MATCH,,0
TXN250108JPOXMK,,NO_MATCH,,0
ATM250108WRXCM4,,NO_MATCH,,0
TXN250108BRZCYG,,NO_MATCH,,0
TXN250108YOAZH4,CDR202600004824,SENDER_OUTGOING_ACTIVITY,-889,1
TXN250108ZH93SF,,NO_MATCH,,0
TXN250108CPY57H,,NO_MATCH,,0
TXN2501083X8W3H,,NO_MATCH,,0
TXN2501087AFDP4,,NO_MATCH,,0
TXN2501088HMB9O,,NO_MATCH,,0
TXN250108BSL1N2,,NO_MATCH,,0
ATM250108D935AK,CDR202600004850,RECEIVER_OUTGOING_ACTIVITY,-662,1
TXN250108I7YDUG,,NO_MATCH,,0
ATM2501088Q6S32,,NO_MATCH,,0
TXN2501089WDQW5,,NO_MATCH,,0
ATM250108I7TONV,CDR202600004858,SENDER_INCOMING_ACTIVITY,-551,1
TXN250108UEY6EY,,NO_MATCH,,0
TXN2501080EVQCB,CDR202600004881,SENDER_OUTGOING_ACTIVITY,-478,1
ATM250108R23CIA,,NO_MATCH,,0
TXN250108W45U3N,,NO_MATCH,,0
TXN250108TKIHOO,CDR202600004886,SENDER_INCOMING_ACTIVITY,-573,1
TXN2501083Z0LG9,CDR202600004897,SENDER_OUTGOING_ACTIVITY,-189,1
ATM2501086OAC1G,,NO_MATCH,,0
TXN250108OC5PN3,,NO_MATCH,,0
TXN25010801TU4I,,NO_MATCH,,0
ATM250108BYMX5R,,NO_MATCH,,0
TXN250108CSVQFF,,NO_MATCH,,0
TXN2501085XMCRU,CDR202600060429,SENDER_OUTGOING_ACTIVITY,-60,1
TXN250108N29ND4,,NO_MATCH,,0
TXN2501089KU5F9,,NO_MATCH,,0
TXN250108XUU7UO,,NO_MATCH,,0
TXN250108E3PMC7,,NO_MATCH,,0
TXN250108XPU6BN,CDR202600004933,RECEIVER_OUTGOING_ACTIVITY,-547,1
TXN250108BT7FXM,,NO_MATCH,,0
TXN250108IEXUGX,,NO_MATCH,,0
TXN25010814FF0O,,NO_MATCH,,0
ATM250108AHNO6S,CDR202600004966,SENDER_OUTGOING_ACTIVITY,393,1
ATM250108TUUB6O,CDR202600004966,RECEIVER_OUTGOING_ACTIVITY,110,1
TXN2501085AIRA2,,NO_MATCH,,0
TXN250108218HGB,,NO_MATCH,,0
TXN25010898HNMK,CDR202600004966,SENDER_INCOMING_ACTIVITY,-328,1
TXN250108JL6OSO,,NO_MATCH,,0
ATM250108M0AQJ5,,NO_MATCH,,0
TXN250108FF2RS7,CDR202600004986,SENDER_OUTGOING_ACTIVITY,750,1
ATM250108XNO18N,,NO_MATCH,,0
ATM250108P6836T,CDR202600004982,RECEIVER_INCOMING_ACTIVITY,507,1
TXN25010897OHCN,,NO_MATCH,,0
ATM250108VVN9OY,,NO_MATCH,,0
TXN250108YHJVIC,,NO_MATCH,,0
TXN2501084CK2EN,,NO_MATCH,,0
ATM250108MB3ZGI,,NO_MATCH,,0
TXN250108IUJNVW,,NO_MATCH,,0
ATM250108MCOIEO,,NO_MATCH,,0
TXN250108OQGT6C,,NO_MATCH,,0
ATM250108RWW28S,CDR202600005025,SENDER_INCOMING_ACTIVITY,-18,1
TXN250108NLUICG,,NO_MATCH,,0
TXN250108BUVI47,CDR202600005016,SENDER_INCOMING_ACTIVITY,-715,1
TXN250108VVJSZ0,,NO_MATCH,,0
TXN2501083DL7YV,,NO_MATCH,,0
TXN250108ZRQVSE,CDR202600005062,RECEIVER_OUTGOING_ACTIVITY,799,1
TXN250108K274YH,,NO_MATCH,,0
TXN250108VCTAU0,CDR202600005046,RECEIVER_INCOMING_ACTIVITY,-513,1
TXN250108AECWR3,,NO_MATCH,,0
ATM250108DEIU2A,,NO_MATCH,,0
ATM250108T1XCYS,,NO_MATCH,,0
TXN25010892I7XE,CDR202600060066,SENDER_OUTGOING_ACTIVITY,-240,1
ATM250108EQ9P5L,,NO_MATCH,,0
TXN250108FFNQX5,,NO_MATCH,,0
TXN250108MIXBDD,,NO_MATCH,,0
ATM25010841G2IP,,NO_MATCH,,0
ATM250108OQTEKX,,NO_MATCH,,0
TXN2501086UHIK9,CDR202600005094,SENDER_OUTGOING_ACTIVITY,542,1
TXN250108DSYQP4,,NO_MATCH,,0
ATM250108UQUONA,,NO_MATCH,,0
TXN250108XMD9RS,,NO_MATCH,,0
TXN250108CYPVW5,CDR202600005089,RECEIVER_INCOMING_ACTIVITY,-261,1
TXN25010816YXUB,,NO_MATCH,,0
TXN250108G5C98Q,,NO_MATCH,,0
ATM2501080FFQ9V,CDR202600005084,RECEIVER_INCOMING_ACTIVITY,-663,1
ATM2501085JS2LG,,NO_MATCH,,0
TXN250108D6RW2Q,,NO_MATCH,,0
TXN2501086BS4GW,,NO_MATCH,,0
TXN250108VKZUOZ,,NO_MATCH,,0
TXN250108LMXR11,,NO_MATCH,,0
TXN250108GEA4VI,,NO_MATCH,,0
TXN250108EOC1CG,CDR202600060453,SENDER_OUTGOING_ACTIVITY,-720,1
TXN250108EK9T62,,NO_MATCH,,0
ATM250108PP457I,,NO_MATCH,,0
TXN2501080511DH,CDR202600005140,SENDER_INCOMING_ACTIVITY,-533,1
ATM25010873GBQP,,NO_MATCH,,0
ATM250108WTU0OV,,NO_MATCH,,0
TXN25010853XHUO,,NO_MATCH,,0
TXN2501087OP5LK,,NO_MATCH,,0
ATM2501085I2POB,,NO_MATCH,,0
ATM2501084I1I4P,,NO_MATCH,,0
TXN250108SWM0W8,,NO_MATCH,,0
TXN250108VOS6R3,,NO_MATCH,,0
TXN250108GPUY1D,CDR202600005174,SENDER_OUTGOING_ACTIVITY,761,1
TXN25010827DZP8,,NO_MATCH,,0
TXN2501082BNNFV,,NO_MATCH,,0
TXN250108COAENN,,NO_MATCH,,0
TXN250108QIJ3QJ,,NO_MATCH,,0
TXN2501087GXGUZ,CDR202600005173,SENDER_INCOMING_ACTIVITY,516,1
TXN2501080Y9L3K,,NO_MATCH,,0
TXN250108RKQ4ZU,,NO_MATCH,,0
TXN2501083F1KC8,,NO_MATCH,,0
ATM250108KIYDDB,CDR202600005182,SENDER_OUTGOING_ACTIVITY,556,1
TXN250108SYHO5G,,NO_MATCH,,0
TXN25010855SLFW,,NO_MATCH,,0
ATM2501084DNLTL,,NO_MATCH,,0
ATM250108UB9Q03,,NO_MATCH,,0
ATM2501087EBSI9,,NO_MATCH,,0
ATM2501086EMTOW,,NO_MATCH,,0
TXN250108KO4JY1,,NO_MATCH,,0
TXN250108O3V4AI,,NO_MATCH,,0
ATM250108CZGVAH,CDR202600005188,RECEIVER_INCOMING_ACTIVITY,478,1
TXN250108WBICU2,,NO_MATCH,,0
TXN25010800Y77F,,NO_MATCH,,0
TXN250108AV39RP,,NO_MATCH,,0
TXN250108WDGWBI,,NO_MATCH,,0
TXN250108AT2XZ6,,NO_MATCH,,0
TXN250108YW0L9C,,NO_MATCH,,0
TXN250108G68IEM,,NO_MATCH,,0
TXN2501087CR39F,,NO_MATCH,,0
TXN250108BIDULS,,NO_MATCH,,0
ATM250108JUCK2S,,NO_MATCH,,0
TXN250108G0KKO6,CDR202600005198,SENDER_INCOMING_ACTIVITY,-124,1
TXN2501086Y7G05,,NO_MATCH,,0
TXN25010850XNGQ,,NO_MATCH,,0
ATM250108NK3NT7,,NO_MATCH,,0
TXN250108CHIMR2,,NO_MATCH,,0
ATM250108W37KCD,,NO_MATCH,,0
TXN250108H9MV4X,,NO_MATCH,,0
TXN250108NQJXB0,CDR202600005225,SENDER_INCOMING_ACTIVITY,343,1
TXN2501082OWVYI,,NO_MATCH,,0
ATM2501086KJCZD,,NO_MATCH,,0
TXN250108Q2X3D8,,NO_MATCH,,0
ATM250108Q3VQFD,,NO_MATCH,,0
TXN250108U5GGRV,,NO_MATCH,,0
ATM250108B6MGRT,,NO_MATCH,,0
ATM250108UO1CZI,,NO_MATCH,,0
ATM250108FIP4HF,CDR202600005264,RECEIVER_OUTGOING_ACTIVITY,198,1
TXN250108A8PYIU,,NO_MATCH,,0
TXN250108QBL4TA,,NO_MATCH,,0
TXN250108U8MHLF,,NO_MATCH,,0
TXN250108GUPETB,,NO_MATCH,,0
TXN250108Y8RXOU,,NO_MATCH,,0
ATM250108GCVSC4,,NO_MATCH,,0
ATM250108CRW6N3,,NO_MATCH,,0
TXN250108F25RJU,,NO_MATCH,,0
TXN250108EE5KON,,NO_MATCH,,0
TXN25010838LSA3,,NO_MATCH,,0
TXN250109PGAI2M,,NO_MATCH,,0
ATM250109LTSBRC,,NO_MATCH,,0
TXN250109H98Y2C,,NO_MATCH,,0
TXN2501093VDHEG,,NO_MATCH,,0
ATM250109FDZUWZ,,NO_MATCH,,0
TXN250109R03AZ5,,NO_MATCH,,0
TXN250109TU2Q70,,NO_MATCH,,0
TXN250109IRY8ST,,NO_MATCH,,0
TXN250109EKXXRC,,NO_MATCH,,0
TXN250109HK4MLE,,NO_MATCH,,0
ATM250109R1JN3S,,NO_MATCH,,0
TXN250109RGIZE8,,NO_MATCH,,0
ATM250109FKQZ8V,,NO_MATCH,,0
ATM250109C8J0VE,CDR202600060632,SENDER_OUTGOING_ACTIVITY,255,1
ATM250109APKRAZ,,NO_MATCH,,0
TXN250109Q3SX9P,,NO_MATCH,,0
TXN2501093532EB,,NO_MATCH,,0
TXN250109VFY1RP,,NO_MATCH,,0
ATM250109AWU176,,NO_MATCH,,0
TXN250109ILDMQA,,NO_MATCH,,0
TXN250109KWPM2Z,,NO_MATCH,,0
ATM2501090C3SGE,,NO_MATCH,,0
ATM250109JRLM3C,,NO_MATCH,,0
ATM250109SQYC7H,CDR202600005363,SENDER_OUTGOING_ACTIVITY,-761,1
TXN250109RUNP63,,NO_MATCH,,0
TXN250109UD1E0U,,NO_MATCH,,0
ATM250109STYHTB,,NO_MATCH,,0
ATM250109UVG11Y,,NO_MATCH,,0
TXN250109A9S6Z1,,NO_MATCH,,0
ATM2501094OE4MN,,NO_MATCH,,0
TXN250109XX16VZ,,NO_MATCH,,0
TXN250109VPXFNM,,NO_MATCH,,0
TXN250109RLPU71,,NO_MATCH,,0
TXN250109U07N0Z,,NO_MATCH,,0
ATM250109L7MW58,,NO_MATCH,,0
TXN250109OH05I6,,NO_MATCH,,0
TXN250109C9G5DK,,NO_MATCH,,0
TXN2501096VC103,,NO_MATCH,,0
TXN250109ZHM89Q,,NO_MATCH,,0
TXN250109Q9BG40,,NO_MATCH,,0
TXN250109VU5K3J,CDR202600005409,SENDER_OUTGOING_ACTIVITY,577,1
ATM250109YAQTUG,CDR202600005414,RECEIVER_OUTGOING_ACTIVITY,490,1
ATM250109I3HFZM,,NO_MATCH,,0
TXN250109YPX0QE,CDR202600005415,RECEIVER_OUTGOING_ACTIVITY,108,1
TXN2501091IW2T5,,NO_MATCH,,0
ATM250109OBWO88,CDR202600005413,SENDER_OUTGOING_ACTIVITY,-895,1
TXN250109WRW12H,,NO_MATCH,,0
TXN250109J8696B,,NO_MATCH,,0
TXN250109IOBJN6,,NO_MATCH,,0
TXN2501092SN6UJ,CDR202600005426,RECEIVER_OUTGOING_ACTIVITY,-202,1
TXN25010956ELTU,,NO_MATCH,,0
TXN250109VHI6ZJ,,NO_MATCH,,0
TXN2501097BMYS4,,NO_MATCH,,0
ATM2501093EU1TW,,NO_MATCH,,0
TXN250109AFIMCM,,NO_MATCH,,0
TXN250109EMZN0M,,NO_MATCH,,0
TXN250109OGN0XY,,NO_MATCH,,0
TXN2501098866PW,,NO_MATCH,,0
TXN2501098RYC5P,CDR202600060273,SENDER_OUTGOING_ACTIVITY,-300,1
ATM250109AEF6PW,,NO_MATCH,,0
TXN2501098INILO,,NO_MATCH,,0
ATM250109OMMXAC,,NO_MATCH,,0
TXN250109977UDH,,NO_MATCH,,0
TXN250109W3UQKK,,NO_MATCH,,0
TXN250109AO72QM,,NO_MATCH,,0
ATM250109YH2QV6,,NO_MATCH,,0
ATM250109BC75PJ,,NO_MATCH,,0
ATM250109867AFL,,NO_MATCH,,0
TXN250109U1TJO4,,NO_MATCH,,0
TXN250109XIMS5I,,NO_MATCH,,0
TXN250109R8MHQL,,NO_MATCH,,0
ATM2501092KRGZI,CDR202600005461,SENDER_INCOMING_ACTIVITY,689,1
TXN250109AXPH9R,,NO_MATCH,,0
TXN250109DLXCCO,,NO_MATCH,,0
ATM250109H6YZ38,,NO_MATCH,,0
TXN2501093MXRGH,,NO_MATCH,,0
TXN250109YUW95T,,NO_MATCH,,0
TXN250109K44Q8Q,,NO_MATCH,,0
TXN250109ZT75BR,,NO_MATCH,,0
TXN250109MLKQ7U,,NO_MATCH,,0
TXN250109UR90F8,,NO_MATCH,,0
ATM250109OTMHEM,CDR202600005456,RECEIVER_INCOMING_ACTIVITY,-709,1
TXN25010974EZUC,,NO_MATCH,,0
ATM250109Q8HV4N,CDR202600005489,SENDER_OUTGOING_ACTIVITY,659,1
TXN250109ROU96K,,NO_MATCH,,0
TXN250109DZ3L9A,,NO_MATCH,,0
TXN250109B9AZI9,CDR202600005475,SENDER_OUTGOING_ACTIVITY,-693,1
TXN250109C9PS8U,,NO_MATCH,,0
TXN2501090MHYP8,,NO_MATCH,,0
TXN250109O3UFP6,,NO_MATCH,,0
TXN250109JIYYJD,,NO_MATCH,,0
TXN250109M5MDOQ,,NO_MATCH,,0
ATM2501090KTCBU,,NO_MATCH,,0
TXN250109WYGJGS,CDR202600005526,RECEIVER_INCOMING_ACTIVITY,40,1
TXN2501095MDUTW,,NO_MATCH,,0
TXN250109VBAEHU,,NO_MATCH,,0
ATM2501090AJIAJ,CDR202600005534,SENDER_OUTGOING_ACTIVITY,297,1
TXN25010942ABIH,,NO_MATCH,,0
TXN250109JOOQZ9,CDR202600005525,RECEIVER_INCOMING_ACTIVITY,-387,1
ATM250109YJFNUO,,NO_MATCH,,0
TXN250109S9RGAT,,NO_MATCH,,0
ATM250109I4A2GK,,NO_MATCH,,0
ATM250109ELHNBV,,NO_MATCH,,0
TXN250109QHIL34,,NO_MATCH,,0
ATM250109P3K27V,,NO_MATCH,,0
ATM250109DLEEY9,,NO_MATCH,,0
ATM250109YZA6J6,,NO_MATCH,,0
TXN2501095R28XH,CDR202600005570,RECEIVER_INCOMING_ACTIVITY,785,1
TXN2501094XPFLV,,NO_MATCH,,0
TXN250109ZQ7LYI,,NO_MATCH,,0
TXN250109QR4CD4,CDR202600005576,SENDER_OUTGOING_ACTIVITY,177,1
ATM250109N65ERM,,NO_MATCH,,0
TXN250109RKC5VE,CDR202600005591,RECEIVER_OUTGOING_ACTIVITY,526,1
TXN250109OMYSSC,CDR202600005583,RECEIVER_INCOMING_ACTIVITY,-236,1
TXN2501090IPY55,,NO_MATCH,,0
TXN25010967X9ZG,,NO_MATCH,,0
TXN250109W64UW6,,NO_MATCH,,0
TXN250109RNRH0L,,NO_MATCH,,0
TXN250109QRPDY3,,NO_MATCH,,0
TXN250109189HQ8,,NO_MATCH,,0
ATM2501098FPWWJ,,NO_MATCH,,0
ATM2501090MUPPW,CDR202600005598,RECEIVER_INCOMING_ACTIVITY,111,1
TXN250109TUA8Z4,,NO_MATCH,,0
TXN250109T90G7S,,NO_MATCH,,0
ATM250109NXDYL9,,NO_MATCH,,0
TXN250109WONO6V,,NO_MATCH,,0
ATM250109APBLOH,,NO_MATCH,,0
TXN250109JNPY1F,,NO_MATCH,,0
ATM250109YZ7ZZI,,NO_MATCH,,0
ATM250109UUZUCX,,NO_MATCH,,0
TXN250109N89OJE,,NO_MATCH,,0
ATM250109Y6VLG1,CDR202600005649,SENDER_OUTGOING_ACTIVITY,864,1
ATM250109HIATQ1,CDR202600005649,SENDER_OUTGOING_ACTIVITY,684,1
ATM250109RT28U7,CDR202600005649,SENDER_OUTGOING_ACTIVITY,624,1
ATM250109KB1NTX,CDR202600005649,SENDER_OUTGOING_ACTIVITY,564,1
TXN250109HMP6MZ,,NO_MATCH,,0
ATM250109ATETMA,CDR202600005649,SENDER_OUTGOING_ACTIVITY,264,1
TXN250109AZOZOI,,NO_MATCH,,0
TXN250109XIJ377,,NO_MATCH,,0
ATM250109WH1O37,,NO_MATCH,,0
TXN250109LOCPDK,,NO_MATCH,,0
ATM2501099ZSUML,,NO_MATCH,,0
ATM250109WPQX9Q,,NO_MATCH,,0
ATM2501091V0HR1,CDR202600005653,SENDER_INCOMING_ACTIVITY,-615,1
TXN250109J3X03T,CDR202600005657,RECEIVER_OUTGOING_ACTIVITY,-529,1
TXN250109LI174Z,,NO_MATCH,,0
ATM25010917PUKR,CDR202600005684,RECEIVER_OUTGOING_ACTIVITY,752,1
ATM250109TGZS60,CDR202600005678,SENDER_INCOMING_ACTIVITY,165,1
TXN250109IFG0Q0,,NO_MATCH,,0
TXN250109IP4EGH,CDR202600005686,RECEIVER_INCOMING_ACTIVITY,306,1
ATM250109OQJ584,,NO_MATCH,,0
TXN25010989PFH0,CDR202600005699,SENDER_INCOMING_ACTIVITY,543,1
TXN250109O9XZIU,,NO_MATCH,,0
TXN250109RRTSPJ,,NO_MATCH,,0
TXN250109P6E9XR,CDR202600005705,SENDER_OUTGOING_ACTIVITY,-62,1
ATM250109492HL8,,NO_MATCH,,0
TXN250109GXUPW2,CDR202600005707,SENDER_OUTGOING_ACTIVITY,-287,1
TXN250109U1TJHJ,CDR202600005716,SENDER_INCOMING_ACTIVITY,164,1
ATM250109FH1BS9,,NO_MATCH,,0
ATM250109W1YNH3,,NO_MATCH,,0
ATM250109OKGPPW,,NO_MATCH,,0
TXN250109PAN1Y0,,NO_MATCH,,0
TXN2501097PUINW,CDR202600005734,RECEIVER_INCOMING_ACTIVITY,279,1
TXN250109R4Z9QB,CDR202600005729,RECEIVER_INCOMING_ACTIVITY,-442,1
ATM250109ELAM44,,NO_MATCH,,0
TXN2501099ZJ6U4,CDR202600005730,RECEIVER_INCOMING_ACTIVITY,-712,1
ATM2501095TM1TI,CDR202600005743,RECEIVER_INCOMING_ACTIVITY,252,1
TXN250109UNBD3Z,,NO_MATCH,,0
ATM250109XTH7TR,,NO_MATCH,,0
ATM2501097V6UKF,,NO_MATCH,,0
TXN2501097EXVYF,CDR202600005743,SENDER_INCOMING_ACTIVITY,-89,1
TXN250109ZI2CWZ,,NO_MATCH,,0
ATM250109FVM7SR,,NO_MATCH,,0
TXN250109DGYDR3,,NO_MATCH,,0
ATM250109QT7TBZ,,NO_MATCH,,0
TXN250109FK195F,,NO_MATCH,,0
ATM250109GTSHGQ,CDR202600005756,RECEIVER_OUTGOING_ACTIVITY,-544,1
TXN2501099CYDLS,,NO_MATCH,,0
TXN250109LWDTMN,CDR202600005779,RECEIVER_INCOMING_ACTIVITY,-451,1
ATM250109JY19O1,,NO_MATCH,,0
TXN250109NW46OG,,NO_MATCH,,0
TXN250109UIX691,CDR202600005810,RECEIVER_OUTGOING_ACTIVITY,-407,1
TXN2501099TK46S,,NO_MATCH,,0
TXN25010993Y285,CDR202600005819,SENDER_OUTGOING_ACTIVITY,558,1
TXN250109KYU1F9,,NO_MATCH,,0
TXN250109FTCM69,,NO_MATCH,,0
TXN250109SQS2YX,,NO_MATCH,,0
TXN25010957TKFB,,NO_MATCH,,0
TXN2501096NSO5H,,NO_MATCH,,0
TXN2501096POSZ7,,NO_MATCH,,0
TXN250109N0G5WP,CDR202600005833,RECEIVER_OUTGOING_ACTIVITY,750,1
ATM2501091QU650,,NO_MATCH,,0
TXN25010911WR34,,NO_MATCH,,0
ATM250109SLGR3T,,NO_MATCH,,0
TXN250109M64KD2,,NO_MATCH,,0
TXN250109O8MTN3,,NO_MATCH,,0
ATM250109H1TK4I,,NO_MATCH,,0
TXN25010941X30G,,NO_MATCH,,0
TXN2501094BL5QG,CDR202600005852,RECEIVER_INCOMING_ACTIVITY,-627,1
TXN250109V5PO7S,,NO_MATCH,,0
TXN250109O475J0,CDR202600005868,RECEIVER_INCOMING_ACTIVITY,678,1
TXN250109TY4QJI,,NO_MATCH,,0
TXN250109LR4IJS,,NO_MATCH,,0
TXN250109CSA2LE,,NO_MATCH,,0
TXN2501097Z2G89,,NO_MATCH,,0
TXN2501098S80TU,,NO_MATCH,,0
ATM250109N5S1WN,,NO_MATCH,,0
TXN250109S6TLP3,,NO_MATCH,,0
TXN250109PJ9JQB,,NO_MATCH,,0
TXN2501092PNIL5,,NO_MATCH,,0
TXN2501098JY0LV,CDR202600005881,SENDER_OUTGOING_ACTIVITY,722,1
ATM250109DI98PM,,NO_MATCH,,0
ATM250109F9JTKS,,NO_MATCH,,0
TXN250109R2HV8X,,NO_MATCH,,0
TXN250109Y3TBF6,,NO_MATCH,,0
ATM2501097MBTGW,,NO_MATCH,,0
ATM2501095VL646,,NO_MATCH,,0
TXN250109GK1NKK,,NO_MATCH,,0
ATM250109L6A8SR,,NO_MATCH,,0
ATM2501094766SC,,NO_MATCH,,0
ATM2501098DE57E,,NO_MATCH,,0
ATM250109P67267,,NO_MATCH,,0
TXN250109RC2HXE,CDR202600005891,RECEIVER_OUTGOING_ACTIVITY,-845,1
TXN2501093MD6UI,,NO_MATCH,,0
TXN2501094NO5T6,,NO_MATCH,,0
TXN250109HK8YJW,,NO_MATCH,,0
TXN250109UBM7LY,,NO_MATCH,,0
TXN250109DSQOX1,,NO_MATCH,,0
TXN250109Q1X047,,NO_MATCH,,0
TXN250109F9T24I,CDR202600005898,SENDER_OUTGOING_ACTIVITY,-647,1
ATM250109SHPU9F,CDR202600005913,RECEIVER_INCOMING_ACTIVITY,403,1
TXN250109WZ3X7Y,,NO_MATCH,,0
TXN250109638J6A,,NO_MATCH,,0
TXN250109ZYG9VH,,NO_MATCH,,0
TXN250109JPE19O,,NO_MATCH,,0
TXN2501099OGAKG,,NO_MATCH,,0
ATM250109RB8I03,,NO_MATCH,,0
TXN250109HTPELO,,NO_MATCH,,0
TXN250109SP3XHD,,NO_MATCH,,0
TXN250109V9U1PP,CDR202600005948,SENDER_OUTGOING_ACTIVITY,547,1
TXN2501094MJSWV,,NO_MATCH,,0
ATM250109R7Q6U6,,NO_MATCH,,0
TXN250109QBI8DK,,NO_MATCH,,0
ATM250109JDZY3W,,NO_MATCH,,0
TXN250109J7EXBB,,NO_MATCH,,0
TXN250109BGW2HX,,NO_MATCH,,0
TXN250109LEI4B2,,NO_MATCH,,0
TXN250109M7OSPR,,NO_MATCH,,0
ATM250109VLLZK6,,NO_MATCH,,0
TXN250110UEZFWP,,NO_MATCH,,0
ATM250110SSOJXD,,NO_MATCH,,0
TXN250110KXMLDR,,NO_MATCH,,0
ATM250110RK3L8I,,NO_MATCH,,0
TXN250110ABNUW3,,NO_MATCH,,0
ATM250110ABKJ0S,,NO_MATCH,,0
TXN250110J7R8LB,,NO_MATCH,,0
TXN2501108M2CFS,,NO_MATCH,,0
TXN250110SB0UX3,,NO_MATCH,,0
TXN250110F64DZ8,,NO_MATCH,,0
TXN250110D31C5D,,NO_MATCH,,0
TXN250110T3IPNQ,,NO_MATCH,,0
ATM250110GVE1UQ,,NO_MATCH,,0
TXN250110H964XD,,NO_MATCH,,0
ATM250110TQUBOL,CDR202600006025,SENDER_OUTGOING_ACTIVITY,500,1
ATM2501103E8EFQ,,NO_MATCH,,0
ATM250110YHSI4F,,NO_MATCH,,0
TXN250110S3CCTK,,NO_MATCH,,0
TXN250110N7OMYD,,NO_MATCH,,0
ATM250110C9GGJN,,NO_MATCH,,0
TXN2501105AFCMC,CDR202600006029,RECEIVER_OUTGOING_ACTIVITY,-185,1
TXN250110U3HV4U,CDR202600006024,RECEIVER_OUTGOING_ACTIVITY,-825,1
TXN250110D6SZ10,,NO_MATCH,,0
TXN250110636DBH,,NO_MATCH,,0
TXN250110IHQJTN,,NO_MATCH,,0
TXN250110YBD5MV,,NO_MATCH,,0
ATM250110NVWML4,,NO_MATCH,,0
TXN250110CFMKZE,,NO_MATCH,,0
TXN250110HJBVL1,,NO_MATCH,,0
ATM250110HGV3QU,,NO_MATCH,,0
TXN250110Z2UC51,,NO_MATCH,,0
TXN250110OHPD0K,CDR202600006074,RECEIVER_OUTGOING_ACTIVITY,332,1
TXN250110E3GSOO,,NO_MATCH,,0
TXN2501104PQTP3,,NO_MATCH,,0
ATM2501108UXLB1,,NO_MATCH,,0
ATM25011036DA8W,,NO_MATCH,,0
ATM250110AHV9QH,,NO_MATCH,,0
TXN250110IWCNRP,,NO_MATCH,,0
TXN25011036PDLB,CDR202600006091,RECEIVER_INCOMING_ACTIVITY,-350,1
TXN250110XYEGQH,,NO_MATCH,,0
ATM250110UTN6C5,,NO_MATCH,,0
TXN250110U1GL20,,NO_MATCH,,0
TXN25011029BZBO,,NO_MATCH,,0
TXN250110M30V7O,,NO_MATCH,,0
TXN250110UL1V81,,NO_MATCH,,0
TXN250110OTU5SP,,NO_MATCH,,0
ATM250110ICOWQA,CDR202600006143,RECEIVER_INCOMING_ACTIVITY,733,1
ATM25011006672N,,NO_MATCH,,0
TXN250110K9EECI,,NO_MATCH,,0
TXN250110NEPOMO,,NO_MATCH,,0
TXN2501108SSL5C,,NO_MATCH,,0
ATM250110CKY9IR,,NO_MATCH,,0
TXN250110HB6N3F,,NO_MATCH,,0
ATM250110VRT4WU,,NO_MATCH,,0
TXN250110VTPQ49,,NO_MATCH,,0
TXN250110Q7M7NF,,NO_MATCH,,0
TXN250110L6E28L,,NO_MATCH,,0
TXN250110EOJNFY,,NO_MATCH,,0
TXN25011038E1MG,CDR202600006176,SENDER_OUTGOING_ACTIVITY,-223,1
TXN2501106RHEET,,NO_MATCH,,0
ATM250110B1E7WP,,NO_MATCH,,0
ATM250110340M8N,,NO_MATCH,,0
ATM250110UHBBNK,,NO_MATCH,,0
TXN250110LJC0IJ,,NO_MATCH,,0
TXN250110CT4VBA,CDR202600006207,SENDER_OUTGOING_ACTIVITY,-663,1
ATM2501108B9RAI,,NO_MATCH,,0
TXN250110MC9958,CDR202600006230,RECEIVER_OUTGOING_ACTIVITY,628,1
TXN250110ML2UYB,,NO_MATCH,,0
TXN250110F8NN8K,,NO_MATCH,,0
TXN2501103WX4J6,,NO_MATCH,,0
TXN250110WJ0C5X,,NO_MATCH,,0
ATM250110CLTLJA,,NO_MATCH,,0
TXN25011033HT7Q,,NO_MATCH,,0
TXN250110F0R5R8,,NO_MATCH,,0
TXN250110D64WV0,,NO_MATCH,,0
TXN250110QQE0D2,,NO_MATCH,,0
TXN250110VJQJ7G,,NO_MATCH,,0
ATM250110O7VU24,CDR202600006271,RECEIVER_INCOMING_ACTIVITY,738,1
TXN250110K4BVHZ,,NO_MATCH,,0
TXN250110CG4UK1,CDR202600006271,RECEIVER_INCOMING_ACTIVITY,503,1
TXN250110LIR2PQ,,NO_MATCH,,0
ATM250110YPITIL,CDR202600006275,SENDER_OUTGOING_ACTIVITY,528,1
TXN250110P4S37R,,NO_MATCH,,0
TXN250110TNJRWS,,NO_MATCH,,0
TXN250110C98XY5,,NO_MATCH,,0
TXN2501107SGJ85,,NO_MATCH,,0
TXN25011029J0JD,,NO_MATCH,,0
TXN250110SJP8J2,,NO_MATCH,,0
ATM250110CXPTA5,,NO_MATCH,,0
ATM2501102P4M1P,CDR202600006305,RECEIVER_OUTGOING_ACTIVITY,529,1
TXN250110STDRI4,CDR202600006311,RECEIVER_OUTGOING_ACTIVITY,586,1
ATM250110016DP0,,NO_MATCH,,0
ATM250110XCGWVD,,NO_MATCH,,0
TXN2501107H447D,,NO_MATCH,,0
TXN250110FP4ZA0,,NO_MATCH,,0
TXN250110SJQIPH,,NO_MATCH,,0
ATM250110Y8LXY8,CDR202600006320,RECEIVER_OUTGOING_ACTIVITY,249,1
TXN2501101DSVIP,,NO_MATCH,,0
TXN250110Y0D1LG,,NO_MATCH,,0
TXN250110FBOGVO,,NO_MATCH,,0
ATM250110VHEEYQ,,NO_MATCH,,0
ATM250110TTKQLD,CDR202600006329,RECEIVER_OUTGOING_ACTIVITY,199,1
TXN2501102GHTLE,CDR202600006324,RECEIVER_OUTGOING_ACTIVITY,-188,1
TXN2501106SZVVV,,NO_MATCH,,0
ATM2501101LZMLD,,NO_MATCH,,0
TXN250110XI96FP,,NO_MATCH,,0
ATM250110QARFSN,,NO_MATCH,,0
TXN250110HH66OU,,NO_MATCH,,0
ATM250110C90RR7,,NO_MATCH,,0
ATM25011047GYL0,,NO_MATCH,,0
ATM2501109BBZYZ,,NO_MATCH,,0
TXN2501105XW5QY,,NO_MATCH,,0
TXN2501107ATTKS,,NO_MATCH,,0
TXN250110L60N42,,NO_MATCH,,0
ATM250110CWY0ZU,,NO_MATCH,,0
ATM250110OR4WBW,CDR202600006362,SENDER_OUTGOING_ACTIVITY,212,1
ATM2501108FACPH,CDR202600006374,RECEIVER_OUTGOING_ACTIVITY,785,1
TXN250110YAX8JC,,NO_MATCH,,0
ATM250110431JTY,,NO_MATCH,,0
TXN250110XJC4LN,,NO_MATCH,,0
TXN25011042BWQS,CDR202600006370,RECEIVER_INCOMING_ACTIVITY,-643,1
TXN250110PXSDAE,,NO_MATCH,,0
TXN250110P5I27B,CDR202600006376,RECEIVER_OUTGOING_ACTIVITY,-572,1
ATM250110H93DHM,CDR202600006390,SENDER_OUTGOING_ACTIVITY,436,1
ATM250110IULDYJ,CDR202600006378,SENDER_OUTGOING_ACTIVITY,-512,1
ATM2501106RR6JY,,NO_MATCH,,0
TXN250110359E30,,NO_MATCH,,0
TXN250110R43ZCH,,NO_MATCH,,0
ATM250110WANUEO,,NO_MATCH,,0
TXN250110UJ8YHU,CDR202600006388,SENDER_OUTGOING_ACTIVITY,-655,1
TXN2501109RQFYM,CDR202600006391,SENDER_OUTGOING_ACTIVITY,-460,1
TXN250110IP749N,,NO_MATCH,,0
ATM250110R5MVPX,,NO_MATCH,,0
TXN250110L1AB9D,CDR202600006409,SENDER_INCOMING_ACTIVITY,98,1
TXN250110D1MI3K,,NO_MATCH,,0
ATM250110BFEL18,,NO_MATCH,,0
ATM250110GY7XB6,,NO_MATCH,,0
ATM2501100CCDE9,CDR202600006419,SENDER_OUTGOING_ACTIVITY,-626,1
TXN250110C8DGQ5,CDR202600006435,SENDER_INCOMING_ACTIVITY,516,1
TXN25011004J32B,,NO_MATCH,,0
ATM2501102TK78V,,NO_MATCH,,0
TXN250110BRE0BH,CDR202600006449,RECEIVER_OUTGOING_ACTIVITY,877,1
ATM250110MZRICV,CDR202600006452,RECEIVER_OUTGOING_ACTIVITY,805,1
ATM250110OPVWMK,,NO_MATCH,,0
TXN250110VZMS9W,,NO_MATCH,,0
TXN250110D0OQDC,,NO_MATCH,,0
TXN250110HXDUT3,,NO_MATCH,,0
ATM250110HUU1JS,,NO_MATCH,,0
TXN250110KOQ0D4,,NO_MATCH,,0
ATM250110V9EAB7,,NO_MATCH,,0
ATM2501108FE243,,NO_MATCH,,0
TXN250110HTD0SS,,NO_MATCH,,0
TXN250110W8TFFU,,NO_MATCH,,0
TXN2501108HZKWN,,NO_MATCH,,0
TXN250110PCDHKQ,,NO_MATCH,,0
TXN250110JFSERD,,NO_MATCH,,0
TXN250110PYD56K,,NO_MATCH,,0
TXN250110D0HUE7,CDR202600006495,RECEIVER_INCOMING_ACTIVITY,-857,1
TXN250110SPNW55,,NO_MATCH,,0
TXN250110DZRC3P,,NO_MATCH,,0
ATM250110UAF8XD,CDR202600006508,RECEIVER_OUTGOING_ACTIVITY,286,1
TXN25011011CM08,,NO_MATCH,,0
ATM250110M1I9D0,,NO_MATCH,,0
TXN250110NQ12KU,,NO_MATCH,,0
TXN250110ESIT8M,,NO_MATCH,,0
TXN250110N28P7X,,NO_MATCH,,0
TXN2501102IF25Q,CDR202600006551,SENDER_INCOMING_ACTIVITY,464,1
ATM250110DPD3L3,CDR202600006556,SENDER_OUTGOING_ACTIVITY,808,1
TXN250110L5MAJC,,NO_MATCH,,0
TXN250110NUNBJX,,NO_MATCH,,0
ATM250110A3XPQE,,NO_MATCH,,0
TXN250110HXHPBS,,NO_MATCH,,0
TXN250110M52N97,,NO_MATCH,,0
TXN2501107ZWLT2,,NO_MATCH,,0
TXN2501106FGFON,,NO_MATCH,,0
ATM250110OB7SMQ,,NO_MATCH,,0
TXN250110QUPSOC,CDR202600006577,RECEIVER_INCOMING_ACTIVITY,-528,1
TXN250110CI7GCY,,NO_MATCH,,0
TXN250110P6GADI,,NO_MATCH,,0
TXN2501107UJ6AA,,NO_MATCH,,0
TXN250110YN71KO,,NO_MATCH,,0
ATM2501108UODSH,,NO_MATCH,,0
ATM250110F1MZVW,,NO_MATCH,,0
ATM25011080O9QV,,NO_MATCH,,0
TXN2501109AB5X1,,NO_MATCH,,0
TXN250110H6V7RA,,NO_MATCH,,0
TXN250110O2KNZR,CDR202600006586,SENDER_OUTGOING_ACTIVITY,-844,1
TXN2501104FMRQ4,,NO_MATCH,,0
TXN250110JHOLU0,,NO_MATCH,,0
TXN250110NUE7OT,,NO_MATCH,,0
TXN250110JLUEQ4,,NO_MATCH,,0
ATM250110U5E68A,,NO_MATCH,,0
TXN250110C2D1AP,,NO_MATCH,,0
ATM25011078WSHN,,NO_MATCH,,0
TXN2501100DM64A,,NO_MATCH,,0
ATM25011051OOOI,,NO_MATCH,,0
TXN250110LXCJFB,CDR202600006617,SENDER_OUTGOING_ACTIVITY,756,1
TXN250110BJETO4,,NO_MATCH,,0
ATM250110EDEJG2,,NO_MATCH,,0
TXN25011020K0SD,,NO_MATCH,,0
TXN250110VGK6WJ,,NO_MATCH,,0
TXN250110BEX7TC,,NO_MATCH,,0
ATM25011082YKD9,,NO_MATCH,,0
TXN250110045XZB,,NO_MATCH,,0
TXN2501100KG7PK,,NO_MATCH,,0
ATM2501103J1HDT,,NO_MATCH,,0
TXN2501105NKZQA,,NO_MATCH,,0
TXN250110BPUTYN,,NO_MATCH,,0
TXN250110NT1IZT,,NO_MATCH,,0
TXN250110G9CTJG,,NO_MATCH,,0
TXN250110JOAN2I,,NO_MATCH,,0
ATM250110WADPWE,,NO_MATCH,,0
TXN250110S4J0WE,,NO_MATCH,,0
ATM250110CXAM1D,,NO_MATCH,,0
TXN250110YI4N4T,,NO_MATCH,,0
ATM250110QWBNPT,,NO_MATCH,,0
ATM2501109IE5W2,,NO_MATCH,,0
TXN250110WFFL5J,,NO_MATCH,,0
TXN250110OWL8GN,,NO_MATCH,,0
ATM250110D97WN1,CDR202600006660,RECEIVER_INCOMING_ACTIVITY,278,1
ATM250110N5DKYT,,NO_MATCH,,0
TXN250110MPBEFF,,NO_MATCH,,0
TXN250110N5ANYI,,NO_MATCH,,0
TXN250110CLQNEI,,NO_MATCH,,0
TXN250110MTQNM5,,NO_MATCH,,0
ATM250110SCV85A,,NO_MATCH,,0
TXN25011141OYPN,,NO_MATCH,,0
TXN250111BJ3N20,,NO_MATCH,,0
ATM250111OL7DNU,,NO_MATCH,,0
TXN250111M8WZ36,,NO_MATCH,,0
TXN250111IWEMDK,,NO_MATCH,,0
TXN250111WSHP7M,,NO_MATCH,,0
TXN2501114POS0Y,,NO_MATCH,,0
ATM2501111HUNGS,,NO_MATCH,,0
ATM2501118XV4WQ,,NO_MATCH,,0
TXN250111Z33E4Z,,NO_MATCH,,0
ATM250111O7I8RM,,NO_MATCH,,0
TXN250111UG9JQR,,NO_MATCH,,0
ATM250111DKGKBZ,CDR202600006726,SENDER_OUTGOING_ACTIVITY,-740,1
TXN2501116OJM8T,,NO_MATCH,,0
TXN250111UF3HBL,,NO_MATCH,,0
TXN250111G8CZ0F,,NO_MATCH,,0
TXN250111CXBNJV,,NO_MATCH,,0
TXN250111NEN7FG,CDR202600060117,SENDER_OUTGOING_ACTIVITY,-360,1
TXN250111RMTEON,,NO_MATCH,,0
TXN250111R3RDQD,,NO_MATCH,,0
TXN250111M5F439,,NO_MATCH,,0
ATM250111CMZDV4,,NO_MATCH,,0
TXN250111B2RYKL,,NO_MATCH,,0
TXN250111BF1R9F,,NO_MATCH,,0
ATM250111ET7B7N,,NO_MATCH,,0
ATM2501119TN7B1,,NO_MATCH,,0
ATM250111HH8AL5,,NO_MATCH,,0
TXN2501114OFBGN,,NO_MATCH,,0
TXN250111U49J2E,CDR202600006777,SENDER_OUTGOING_ACTIVITY,34,1
TXN250111Y21H5T,,NO_MATCH,,0
TXN250111SM6IIO,,NO_MATCH,,0
ATM250111PZ9HU8,,NO_MATCH,,0
TXN25011109SP41,,NO_MATCH,,0
TXN250111MEOE2F,,NO_MATCH,,0
ATM250111D9ZFNV,,NO_MATCH,,0
TXN2501112Q88HG,,NO_MATCH,,0
TXN2501112DMRJL,,NO_MATCH,,0
TXN250111XHXT7N,,NO_MATCH,,0
ATM250111TPY878,CDR202600006791,SENDER_INCOMING_ACTIVITY,-22,1
TXN2501116S9CK1,,NO_MATCH,,0
TXN250111LFGQCL,,NO_MATCH,,0
ATM250111YN3TP6,,NO_MATCH,,0
TXN250111SU56ZF,,NO_MATCH,,0
TXN250111HMM0C4,,NO_MATCH,,0
TXN250111HX0H6F,,NO_MATCH,,0
ATM250111GYXZZ9,,NO_MATCH,,0
TXN2501112EV6BH,,NO_MATCH,,0
TXN250111NEYZY7,CDR202600006823,SENDER_INCOMING_ACTIVITY,89,1
ATM250111QD3TM3,CDR202600006816,SENDER_OUTGOING_ACTIVITY,-483,1
ATM250111I8V80G,CDR202600006814,RECEIVER_INCOMING_ACTIVITY,-536,1
TXN250111YNDCG1,,NO_MATCH,,0
ATM2501117QLILX,,NO_MATCH,,0
TXN250111IHP3U4,,NO_MATCH,,0
TXN2501110MF4SZ,CDR202600006833,SENDER_INCOMING_ACTIVITY,-196,1
ATM250111G4JN0V,,NO_MATCH,,0
TXN250111Y2AIW7,CDR202600006825,SENDER_INCOMING_ACTIVITY,-617,1
ATM2501115V3XQ2,CDR202600006844,RECEIVER_OUTGOING_ACTIVITY,-105,1
TXN250111YZM525,,NO_MATCH,,0
ATM2501118YZTC7,,NO_MATCH,,0
ATM2501115M5FAT,,NO_MATCH,,0
TXN250111DXLWZ9,,NO_MATCH,,0
ATM2501110ZJHWI,CDR202600006844,SENDER_OUTGOING_ACTIVITY,-743,1
TXN250111DBTLKR,,NO_MATCH,,0
TXN250111FXXDVD,CDR202600006858,RECEIVER_OUTGOING_ACTIVITY,-5,1
TXN250111C1E4UD,,NO_MATCH,,0
ATM25011148STP1,,NO_MATCH,,0
ATM2501113PHGXM,,NO_MATCH,,0
TXN2501112D4JQW,CDR202600006853,SENDER_OUTGOING_ACTIVITY,-506,1
TXN250111OFRZNA,,NO_MATCH,,0
TXN250111IEVKFJ,,NO_MATCH,,0
TXN250111YBUBNZ,,NO_MATCH,,0
ATM250111XH5H6B,,NO_MATCH,,0
TXN250111OC6JTI,,NO_MATCH,,0
TXN250111DNWEBL,,NO_MATCH,,0
ATM250111NNZCT3,,NO_MATCH,,0
TXN250111MJ32ZL,CDR202600006882,SENDER_OUTGOING_ACTIVITY,404,1
TXN250111G9RK67,,NO_MATCH,,0
TXN250111RKWJ1D,,NO_MATCH,,0
ATM250111H9S7EU,,NO_MATCH,,0
ATM2501119LH14Q,,NO_MATCH,,0
ATM250111LVGC4T,,NO_MATCH,,0
TXN250111NX9P45,CDR202600006896,SENDER_OUTGOING_ACTIVITY,251,1
ATM250111Q8DDFS,,NO_MATCH,,0
TXN250111M4JG5O,CDR202600006879,SENDER_OUTGOING_ACTIVITY,-893,1
TXN250111V9K4UA,,NO_MATCH,,0
ATM250111EVXSOV,,NO_MATCH,,0
TXN250111W5HZ0X,,NO_MATCH,,0
ATM250111RNLUVT,CDR202600006915,RECEIVER_INCOMING_ACTIVITY,300,1
TXN2501113JPR80,,NO_MATCH,,0
TXN250111SMQUGP,,NO_MATCH,,0
TXN250111YJ6WUW,CDR202600006913,RECEIVER_INCOMING_ACTIVITY,-793,1
TXN250111CB53QK,,NO_MATCH,,0
TXN250111J0GMK4,CDR202600006937,RECEIVER_OUTGOING_ACTIVITY,188,1
ATM250111F1XW4T,,NO_MATCH,,0
TXN250111R91816,,NO_MATCH,,0
ATM2501110QG8RU,CDR202600006960,SENDER_INCOMING_ACTIVITY,882,1
TXN2501115QKDRZ,,NO_MATCH,,0
ATM250111CMHUW3,,NO_MATCH,,0
TXN250111WLZKE9,CDR202600006973,RECEIVER_INCOMING_ACTIVITY,846,1
TXN25011106DA85,,NO_MATCH,,0
ATM250111LQPATL,,NO_MATCH,,0
TXN25011126CJ7W,,NO_MATCH,,0
ATM2501119W4CYG,,NO_MATCH,,0
TXN250111H9Q8MA,,NO_MATCH,,0
ATM250111JVTWUM,,NO_MATCH,,0
ATM250111SLWTCM,CDR202600006988,RECEIVER_INCOMING_ACTIVITY,690,1
TXN2501115WCU2Z,,NO_MATCH,,0
ATM250111NJSABK,,NO_MATCH,,0
ATM250111UN677L,CDR202600006992,RECEIVER_OUTGOING_ACTIVITY,20,1
ATM25011162KPN2,,NO_MATCH,,0
TXN250111L4JO3L,CDR202600006994,SENDER_OUTGOING_ACTIVITY,-312,1
ATM250111FE33XE,,NO_MATCH,,0
TXN250111SFH4MO,,NO_MATCH,,0
TXN250111CYIXYB,CDR202600006998,RECEIVER_OUTGOING_ACTIVITY,-785,1
ATM2501116E7C3W,CDR202600007020,SENDER_OUTGOING_ACTIVITY,363,1
TXN250111Q1AUED,,NO_MATCH,,0
TXN25011191VCQ1,,NO_MATCH,,0
TXN250111M7NLDC,CDR202600007020,SENDER_INCOMING_ACTIVITY,-24,1
ATM250111XUBHGV,CDR202600007021,RECEIVER_INCOMING_ACTIVITY,-153,1
ATM250111Q4MEPI,,NO_MATCH,,0
TXN250111U1TX4D,,NO_MATCH,,0
ATM250111XALWFP,,NO_MATCH,,0
TXN250111WGHMD6,,NO_MATCH,,0
ATM250111G4AUSP,,NO_MATCH,,0
TXN2501119352NX,CDR202600007065,SENDER_OUTGOING_ACTIVITY,850,1
TXN250111NW6YQX,,NO_MATCH,,0
ATM250111SWUTDS,CDR202600007067,RECEIVER_OUTGOING_ACTIVITY,758,1
TXN250111FJ040C,,NO_MATCH,,0
TXN2501114XM1XF,,NO_MATCH,,0
TXN250111MCWD9W,,NO_MATCH,,0
TXN250111SCEJRG,,NO_MATCH,,0
TXN250111FOI5EJ,,NO_MATCH,,0
TXN250111USOVBI,,NO_MATCH,,0
ATM250111QTJZMA,,NO_MATCH,,0
TXN250111EA4M7T,,NO_MATCH,,0
TXN2501117K1TB2,,NO_MATCH,,0
TXN250111KNA8G3,,NO_MATCH,,0
ATM2501113AUBCH,,NO_MATCH,,0
TXN250111U5DBYF,,NO_MATCH,,0
TXN25011185QCB3,,NO_MATCH,,0
TXN2501114X1SVU,,NO_MATCH,,0
TXN250111RYJ7XN,CDR202600007087,RECEIVER_OUTGOING_ACTIVITY,-126,1
TXN2501114A58NP,,NO_MATCH,,0
TXN250111ER9NMP,,NO_MATCH,,0
TXN250111RDY6ID,,NO_MATCH,,0
ATM2501115ODZFP,,NO_MATCH,,0
ATM250111303IQK,,NO_MATCH,,0
TXN250111HTURD9,,NO_MATCH,,0
TXN250111EG9VH0,CDR202600007108,RECEIVER_OUTGOING_ACTIVITY,-833,1
TXN250111SXG8IC,,NO_MATCH,,0
TXN250111LFDYA6,CDR202600007130,SENDER_INCOMING_ACTIVITY,736,1
TXN2501115O3QTN,,NO_MATCH,,0
ATM250111QXWUSQ,,NO_MATCH,,0
ATM2501118DLDWC,,NO_MATCH,,0
TXN250111LN33CJ,,NO_MATCH,,0
ATM250111LWC92I,CDR202600007127,SENDER_INCOMING_ACTIVITY,-114,1
ATM250111X9XNS4,,NO_MATCH,,0
ATM2501113201WO,,NO_MATCH,,0
TXN25011164WSPD,,NO_MATCH,,0
TXN250111Y3RJ9D,,NO_MATCH,,0
TXN250111WI62Y7,,NO_MATCH,,0
TXN250111JYIJN7,,NO_MATCH,,0
TXN2501113OJ26A,,NO_MATCH,,0
TXN2501110NEQAJ,,NO_MATCH,,0
ATM250111OX0OQC,,NO_MATCH,,0
ATM2501119YDINZ,,NO_MATCH,,0
TXN250111ZALYOE,CDR202600007172,SENDER_INCOMING_ACTIVITY,722,1
TXN2501112ELUTG,,NO_MATCH,,0
TXN250111918IDN,CDR202600007178,RECEIVER_INCOMING_ACTIVITY,557,1
TXN250111B6W52T,,NO_MATCH,,0
TXN2501118LDV56,,NO_MATCH,,0
ATM250111NNQYOC,,NO_MATCH,,0
TXN2501114MZQJC,,NO_MATCH,,0
TXN250111KO1DO2,CDR202600007203,SENDER_OUTGOING_ACTIVITY,792,1
TXN250111WRL74H,,NO_MATCH,,0
ATM2501111Y0U0B,,NO_MATCH,,0
TXN250111HTLCTF,,NO_MATCH,,0
ATM2501110ZAACF,,NO_MATCH,,0
TXN250111ZL8VX6,,NO_MATCH,,0
ATM250111LI94FI,,NO_MATCH,,0
TXN250111ROMDH7,,NO_MATCH,,0
TXN250111OC9R7Z,,NO_MATCH,,0
ATM2501119U1R4A,CDR202600007218,SENDER_INCOMING_ACTIVITY,577,1
TXN250111SXOL1M,,NO_MATCH,,0
TXN250111MI3T5J,,NO_MATCH,,0
ATM250111EP7SHD,,NO_MATCH,,0
ATM250111PUHRGZ,,NO_MATCH,,0
TXN2501117FX6GV,,NO_MATCH,,0
TXN2501116DLSFV,CDR202600060645,SENDER_OUTGOING_ACTIVITY,-180,1
TXN250111EKMWBN,,NO_MATCH,,0
TXN250111CNJR92,CDR202600060645,SENDER_OUTGOING_ACTIVITY,-663,1
ATM250111KNLUVC,CDR202600007240,SENDER_INCOMING_ACTIVITY,190,1
ATM250111IKGG5L,,NO_MATCH,,0
ATM250111YYYXYC,,NO_MATCH,,0
ATM250111V3JX9N,,NO_MATCH,,0
TXN250111HMDYOO,,NO_MATCH,,0
TXN2501118P0U8G,,NO_MATCH,,0
TXN2501114YX76E,,NO_MATCH,,0
TXN250111FWGECX,CDR202600007282,RECEIVER_OUTGOING_ACTIVITY,612,1
ATM250111V17FRU,,NO_MATCH,,0
TXN250111P2ZVG4,,NO_MATCH,,0
TXN250111Q2STT7,CDR202600007288,SENDER_OUTGOING_ACTIVITY,625,1
ATM250111WMCEYP,,NO_MATCH,,0
TXN250111C4LRQ6,,NO_MATCH,,0
TXN250111K23KAD,,NO_MATCH,,0
TXN250111PDLZ4A,CDR202600007283,SENDER_INCOMING_ACTIVITY,-593,1
TXN2501113K3H6J,,NO_MATCH,,0
ATM250111Z6KP9Y,,NO_MATCH,,0
TXN250111058A7T,,NO_MATCH,,0
TXN250111Z9AASA,,NO_MATCH,,0
TXN2501112JXFTY,,NO_MATCH,,0
ATM250111VEOHOP,,NO_MATCH,,0
TXN250111G3TEIF,CDR202600060293,SENDER_OUTGOING_ACTIVITY,-360,1
TXN250111B3J45J,,NO_MATCH,,0
ATM2501115RNOUG,,NO_MATCH,,0
TXN250111ASNUBH,,NO_MATCH,,0
ATM250111EFNYLM,,NO_MATCH,,0
TXN250111QCCL57,CDR202600007320,SENDER_OUTGOING_ACTIVITY,848,1
TXN250111PEQYE7,,NO_MATCH,,0
TXN25011120HQQL,,NO_MATCH,,0
TXN250111VR3L3E,,NO_MATCH,,0
ATM250111C1ZELA,,NO_MATCH,,0
TXN2501110W40EM,,NO_MATCH,,0
ATM250111JVYP5O,,NO_MATCH,,0
TXN250111CGOSNJ,,NO_MATCH,,0
ATM250111Y8UYIO,,NO_MATCH,,0
TXN2501112ZC1UQ,,NO_MATCH,,0
TXN25011145P3K1,,NO_MATCH,,0
ATM250111WP5Z8W,,NO_MATCH,,0
ATM250111LZDQ50,,NO_MATCH,,0
ATM250111MKESAT,,NO_MATCH,,0
TXN250111GO5C18,,NO_MATCH,,0
ATM250111MO20OW,,NO_MATCH,,0
ATM2501118J6DAQ,,NO_MATCH,,0
TXN250111BTVSG2,CDR202600007365,RECEIVER_OUTGOING_ACTIVITY,-277,1
TXN250111TWL63J,CDR202600007372,RECEIVER_OUTGOING_ACTIVITY,279,1
TXN250111JTNID0,,NO_MATCH,,0
TXN250112RDW19I,,NO_MATCH,,0
TXN250112BGSSQR,,NO_MATCH,,0
ATM250112MESSAQ,,NO_MATCH,,0
ATM250112FF2SWD,,NO_MATCH,,0
TXN250112JNIE8Z,,NO_MATCH,,0
TXN250112P8E6YW,,NO_MATCH,,0
ATM250112MGDERP,,NO_MATCH,,0
TXN250112O27EU9,,NO_MATCH,,0
ATM2501129JDEH9,,NO_MATCH,,0
TXN250112SDUSWT,CDR202600007402,SENDER_OUTGOING_ACTIVITY,279,1
TXN2501127DJMEM,,NO_MATCH,,0
TXN250112DZ2XFE,,NO_MATCH,,0
ATM25011224P3D4,,NO_MATCH,,0
TXN250112JBXGAI,,NO_MATCH,,0
TXN250112VWDQW5,,NO_MATCH,,0
ATM250112OW1AZZ,,NO_MATCH,,0
TXN2501123BMXUK,CDR202600007417,SENDER_OUTGOING_ACTIVITY,154,1
TXN250112VHL0LE,,NO_MATCH,,0
TXN250112DKO16T,,NO_MATCH,,0
TXN2501121Y274J,,NO_MATCH,,0
TXN2501124D5E7J,,NO_MATCH,,0
TXN250112W2PYCK,,NO_MATCH,,0
TXN250112236ZPA,,NO_MATCH,,0
TXN2501122AS3QG,,NO_MATCH,,0
ATM2501125PS7I9,,NO_MATCH,,0
ATM250112IUL4VI,CDR202600007446,RECEIVER_OUTGOING_ACTIVITY,869,1
TXN250112MNT2D8,CDR202600007448,RECEIVER_INCOMING_ACTIVITY,370,1
TXN250112QQ4NJV,CDR202600007461,SENDER_OUTGOING_ACTIVITY,733,1
TXN250112H11SJJ,,NO_MATCH,,0
TXN250112S8R4I7,,NO_MATCH,,0
TXN250112Y4KLIJ,,NO_MATCH,,0
ATM250112C479DO,,NO_MATCH,,0
TXN250112DLMHP2,,NO_MATCH,,0
TXN250112YZT60R,,NO_MATCH,,0
TXN250112T09XVD,,NO_MATCH,,0
TXN250112JIW2Y9,,NO_MATCH,,0
TXN250112QST5GZ,CDR202600007486,RECEIVER_INCOMING_ACTIVITY,660,1
TXN250112PBRV7X,,NO_MATCH,,0
TXN250112ZJTJ79,,NO_MATCH,,0
ATM2501126B2LM1,,NO_MATCH,,0
TXN250112GG7L92,,NO_MATCH,,0
ATM250112V7CU26,,NO_MATCH,,0
TXN250112XIXVHD,CDR202600007511,RECEIVER_OUTGOING_ACTIVITY,593,1
TXN250112S1E0G7,,NO_MATCH,,0
TXN250112O4T6Q6,,NO_MATCH,,0
TXN250112QXN6LP,,NO_MATCH,,0
TXN250112ISZ84F,,NO_MATCH,,0
TXN250112YPATYG,,NO_MATCH,,0
TXN250112OKGAQ7,CDR202600007526,SENDER_OUTGOING_ACTIVITY,570,1
ATM250112XCJ8C6,CDR202600007534,RECEIVER_INCOMING_ACTIVITY,786,1
TXN2501121PPKV5,,NO_MATCH,,0
ATM250112GMHAPR,CDR202600007535,SENDER_OUTGOING_ACTIVITY,662,1
TXN250112D5V111,,NO_MATCH,,0
ATM250112IJXEWR,,NO_MATCH,,0
TXN250112FOHIMY,,NO_MATCH,,0
TXN250112CXTOFU,,NO_MATCH,,0
ATM250112UVN1DQ,,NO_MATCH,,0
ATM250112BYWOH6,CDR202600007539,RECEIVER_OUTGOING_ACTIVITY,-805,1
ATM2501126Q96E4,,NO_MATCH,,0
TXN250112DV3XBT,,NO_MATCH,,0
ATM250112XP215D,,NO_MATCH,,0
TXN250112IVVUJ0,,NO_MATCH,,0
ATM250112CCSTSC,,NO_MATCH,,0
TXN250112LMONTO,CDR202600007575,SENDER_OUTGOING_ACTIVITY,722,1
TXN2501120NGR2A,CDR202600007557,SENDER_INCOMING_ACTIVITY,-841,1
TXN250112X9EFCD,,NO_MATCH,,0
TXN25011265APZ7,,NO_MATCH,,0
ATM250112AJ7WRJ,CDR202600007574,SENDER_INCOMING_ACTIVITY,115,1
ATM250112A4F6B7,,NO_MATCH,,0
TXN2501128FYP7P,CDR202600007574,SENDER_OUTGOING_ACTIVITY,-62,1
ATM250112X6K535,,NO_MATCH,,0
TXN250112ZFMT7I,,NO_MATCH,,0
TXN250112XHNOCR,,NO_MATCH,,0
TXN250112ECVEV2,,NO_MATCH,,0
TXN2501127J54BF,,NO_MATCH,,0
TXN2501124ZKNOM,,NO_MATCH,,0
TXN250112P9CMHP,,NO_MATCH,,0
TXN250112Y7WKH8,,NO_MATCH,,0
ATM250112YPVKRE,,NO_MATCH,,0
ATM250112TQGLZQ,,NO_MATCH,,0
TXN250112S5897P,CDR202600007590,SENDER_INCOMING_ACTIVITY,-424,1
TXN250112UMS7UA,,NO_MATCH,,0
TXN250112BOXP5W,,NO_MATCH,,0
ATM250112U5ZVGZ,,NO_MATCH,,0
ATM250112M5SDB6,,NO_MATCH,,0
TXN250112U9VRZG,,NO_MATCH,,0
TXN250112E2DREB,,NO_MATCH,,0
ATM250112UHQ8GK,,NO_MATCH,,0
TXN250112K2RL6E,CDR202600007606,RECEIVER_INCOMING_ACTIVITY,-575,1
ATM2501128O3OEU,,NO_MATCH,,0
TXN250112MKFXCZ,CDR202600007619,RECEIVER_OUTGOING_ACTIVITY,-513,1
TXN250112SMQUT8,,NO_MATCH,,0
TXN2501125K087J,,NO_MATCH,,0
ATM250112YRZ3PG,,NO_MATCH,,0
ATM250112GKBS5E,,NO_MATCH,,0
TXN250112R32HQR,,NO_MATCH,,0
TXN2501124LRXMX,,NO_MATCH,,0
ATM250112UKGIXC,CDR202600007631,SENDER_INCOMING_ACTIVITY,-282,1
TXN250112BSAQ27,,NO_MATCH,,0
TXN250112ESKMMI,,NO_MATCH,,0
TXN2501121NVPEJ,CDR202600007642,SENDER_OUTGOING_ACTIVITY,180,1
ATM250112PHQ5QI,CDR202600007652,SENDER_OUTGOING_ACTIVITY,846,1
ATM2501124VO9X0,,NO_MATCH,,0
TXN250112TWBBN7,,NO_MATCH,,0
TXN2501127ADSX8,,NO_MATCH,,0
TXN25011297QLNZ,,NO_MATCH,,0
TXN2501129ZYGB8,,NO_MATCH,,0
TXN250112JLNJED,,NO_MATCH,,0
ATM25011223OQ89,,NO_MATCH,,0
TXN250112E4XNG1,,NO_MATCH,,0
TXN2501125DX392,,NO_MATCH,,0
TXN250112ELWNYE,,NO_MATCH,,0
TXN250112DQREJN,,NO_MATCH,,0
TXN250112XUIYUU,,NO_MATCH,,0
ATM250112CHW85Q,CDR202600007695,SENDER_INCOMING_ACTIVITY,318,1
TXN250112U9Y4V3,CDR202600060299,SENDER_OUTGOING_ACTIVITY,-600,1
TXN250112X4WKOD,,NO_MATCH,,0
TXN250112HQ4FRX,,NO_MATCH,,0
ATM250112NYKFH0,,NO_MATCH,,0
ATM250112IFGO8B,,NO_MATCH,,0
TXN250112TE7FGI,,NO_MATCH,,0
TXN25011299CXHY,CDR202600007711,SENDER_INCOMING_ACTIVITY,218,1
TXN250112YI2GM4,,NO_MATCH,,0
ATM250112SMU9JN,CDR202600007709,SENDER_INCOMING_ACTIVITY,-108,1
TXN250112PD79Z6,,NO_MATCH,,0
TXN2501127KFC4T,,NO_MATCH,,0
TXN250112S443DJ,,NO_MATCH,,0
TXN250112SOFFJ6,,NO_MATCH,,0
ATM2501124C81PP,,NO_MATCH,,0
TXN250112QH6FS6,,NO_MATCH,,0
TXN2501120DWSQP,CDR202600007720,SENDER_INCOMING_ACTIVITY,-308,1
ATM250112VA8GOO,,NO_MATCH,,0
TXN250112LO4XU5,,NO_MATCH,,0
ATM250112I43O56,,NO_MATCH,,0
ATM250112F8E99W,,NO_MATCH,,0
TXN250112Z16ETT,,NO_MATCH,,0
ATM250112GDNFXX,,NO_MATCH,,0
TXN250112VP5HNR,CDR202600007762,RECEIVER_INCOMING_ACTIVITY,895,1
TXN250112A2E5L7,,NO_MATCH,,0
TXN250112MOAASL,,NO_MATCH,,0
TXN250112C12P8Z,,NO_MATCH,,0
ATM2501120ZQDGR,,NO_MATCH,,0
TXN250112OO5NT4,,NO_MATCH,,0
TXN250112VXHZTL,,NO_MATCH,,0
ATM2501122KHFTA,CDR202600007763,RECEIVER_OUTGOING_ACTIVITY,23,1
ATM25011265TGHM,CDR202600007754,RECEIVER_INCOMING_ACTIVITY,-674,1
ATM2501125MPIWZ,,NO_MATCH,,0
TXN25011202MIIO,CDR202600007773,SENDER_INCOMING_ACTIVITY,105,1
TXN250112MD8MTZ,,NO_MATCH,,0
TXN250112VSS7O5,,NO_MATCH,,0
TXN250112HEYSGP,,NO_MATCH,,0
ATM250112VV11SW,,NO_MATCH,,0
TXN250112WQUDX3,,NO_MATCH,,0
ATM250112AZG77R,,NO_MATCH,,0
TXN250112TRZCNV,,NO_MATCH,,0
ATM25011220BGYX,,NO_MATCH,,0
TXN250112ND7XYL,,NO_MATCH,,0
TXN250112PU1CUE,,NO_MATCH,,0
ATM250112FU8BYD,,NO_MATCH,,0
TXN250112WXDM8Q,,NO_MATCH,,0
ATM250112M7XWVP,,NO_MATCH,,0
TXN250112I1A87W,,NO_MATCH,,0
ATM250112C3L7QB,,NO_MATCH,,0
TXN250112LW2P33,,NO_MATCH,,0
TXN25011266QHAY,CDR202600060133,SENDER_OUTGOING_ACTIVITY,-780,1
ATM250112CYOZPG,CDR202600007828,RECEIVER_OUTGOING_ACTIVITY,166,1
TXN2501126MK063,,NO_MATCH,,0
ATM250112G4EJBZ,,NO_MATCH,,0
TXN250112DCUZMJ,,NO_MATCH,,0
TXN250112K224IL,,NO_MATCH,,0
TXN250112M32M8Q,,NO_MATCH,,0
ATM250112V7P5M4,CDR202600007846,SENDER_OUTGOING_ACTIVITY,631,1
TXN2501120VLI9U,CDR202600007846,RECEIVER_OUTGOING_ACTIVITY,585,1
ATM250112SOQTRM,,NO_MATCH,,0
TXN250112B5VFE5,,NO_MATCH,,0
TXN2501124ZLNO6,,NO_MATCH,,0
TXN250112SFXJXM,,NO_MATCH,,0
TXN250112M6N7ZA,,NO_MATCH,,0
TXN250112B0J25G,,NO_MATCH,,0
ATM250112203KJU,,NO_MATCH,,0
TXN2501123KQXWX,,NO_MATCH,,0
TXN2501121BD67I,,NO_MATCH,,0
TXN250112RB0J8I,,NO_MATCH,,0
TXN2501123LH7RJ,,NO_MATCH,,0
TXN250112YL885P,,NO_MATCH,,0
ATM250112172GRM,,NO_MATCH,,0
TXN250112UGJK9A,,NO_MATCH,,0
TXN2501122BCDXP,,NO_MATCH,,0
TXN250112YCF64U,,NO_MATCH,,0
TXN250112FEVG04,CDR202600007872,SENDER_INCOMING_ACTIVITY,-402,1
TXN250112JBZJLE,,NO_MATCH,,0
ATM250112BBWY8I,,NO_MATCH,,0
TXN2501129LRLG0,,NO_MATCH,,0
ATM250112EQ78XX,,NO_MATCH,,0
ATM250112XWOMH6,CDR202600007877,RECEIVER_OUTGOING_ACTIVITY,-338,1
TXN250112XICUV9,,NO_MATCH,,0
ATM2501124JIP7I,,NO_MATCH,,0
TXN25011282VSB1,,NO_MATCH,,0
TXN2501125QNTPJ,,NO_MATCH,,0
ATM250112JNK5SS,,NO_MATCH,,0
TXN250112UHPB8R,,NO_MATCH,,0
TXN2501121Z3POB,,NO_MATCH,,0
ATM250112BT929L,,NO_MATCH,,0
TXN250112Z69T4M,,NO_MATCH,,0
TXN2501129PQ0PD,,NO_MATCH,,0
TXN2501124QVXXU,,NO_MATCH,,0
TXN2501125RMFV9,CDR202600007898,RECEIVER_OUTGOING_ACTIVITY,-296,1
ATM250112RFFICH,,NO_MATCH,,0
TXN250112CYEUL1,,NO_MATCH,,0
TXN2501120NIC8M,CDR202600060222,SENDER_OUTGOING_ACTIVITY,-180,1
TXN2501123BIHD2,,NO_MATCH,,0
ATM2501120SAIYF,CDR202600007910,RECEIVER_OUTGOING_ACTIVITY,-581,1
TXN250112TP0U45,,NO_MATCH,,0
TXN2501125TF1VD,,NO_MATCH,,0
TXN2501125NDEWC,CDR202600007926,SENDER_OUTGOING_ACTIVITY,553,1
TXN25011229DQ3E,,NO_MATCH,,0
ATM250112SQWCQL,,NO_MATCH,,0
TXN2501121QFBOS,,NO_MATCH,,0
TXN2501122SMS5K,,NO_MATCH,,0
TXN250112PWQ2XA,,NO_MATCH,,0
TXN250112BOOK1I,,NO_MATCH,,0
TXN250112X1FU0B,,NO_MATCH,,0
TXN250112DYTJ3J,,NO_MATCH,,0
ATM250112CEFKEM,,NO_MATCH,,0
ATM250112S6AG95,,NO_MATCH,,0
TXN250112QLRK27,,NO_MATCH,,0
TXN250112M3LTOK,,NO_MATCH,,0
ATM2501122MFLQT,,NO_MATCH,,0
ATM250112BY35PN,,NO_MATCH,,0
TXN250112MJCT9E,,NO_MATCH,,0
TXN250112SP41DP,CDR202600007952,SENDER_OUTGOING_ACTIVITY,-831,1
TXN2501123J0FWJ,,NO_MATCH,,0
TXN250112YBSRH0,,NO_MATCH,,0
TXN2501125DVIA9,,NO_MATCH,,0
TXN2501129QGKMF,,NO_MATCH,,0
ATM250112584J5W,,NO_MATCH,,0
TXN250112SYZ9KS,,NO_MATCH,,0
ATM250112KRNC92,CDR202600007973,SENDER_OUTGOING_ACTIVITY,495,1
TXN250112XAVZGG,,NO_MATCH,,0
TXN250112KOVXTY,,NO_MATCH,,0
ATM250112ZREM3Z,,NO_MATCH,,0
TXN250112BZ77EO,,NO_MATCH,,0
TXN250112CKX0FZ,,NO_MATCH,,0
TXN250112CCC7WW,,NO_MATCH,,0
ATM250112CXZA4C,,NO_MATCH,,0
ATM250112TJHVSP,,NO_MATCH,,0
TXN2501128JMYNF,,NO_MATCH,,0
ATM2501127B5H8S,,NO_MATCH,,0
ATM250112O6R33S,CDR202600007995,SENDER_OUTGOING_ACTIVITY,344,1
TXN250112K3BPE9,,NO_MATCH,,0
TXN250112M5L8LZ,,NO_MATCH,,0
TXN250112FXEM5G,CDR202600008006,SENDER_OUTGOING_ACTIVITY,839,1
TXN25011218SFNF,,NO_MATCH,,0
TXN250112U6LF3D,,NO_MATCH,,0
TXN250113TVSY0X,,NO_MATCH,,0
TXN2501130S5FTN,,NO_MATCH,,0
TXN250113HZ9K0F,,NO_MATCH,,0
TXN250113BLXEMJ,,NO_MATCH,,0
ATM250113X832S2,,NO_MATCH,,0
TXN250113XP3VQZ,,NO_MATCH,,0
TXN2501138YDE5R,,NO_MATCH,,0
TXN250113VEHKV0,,NO_MATCH,,0
TXN250113SOL9J6,,NO_MATCH,,0
TXN250113BMLXZO,,NO_MATCH,,0
ATM250113BXJFVA,,NO_MATCH,,0
TXN2501135YFJOG,,NO_MATCH,,0
ATM2501132RC0LF,,NO_MATCH,,0
TXN250113QKTFHB,,NO_MATCH,,0
ATM250113VN5QVK,,NO_MATCH,,0
TXN250113N2JKSP,,NO_MATCH,,0
TXN250113WG6QWC,,NO_MATCH,,0
TXN250113R1U22B,,NO_MATCH,,0
ATM250113NVFLNM,,NO_MATCH,,0
TXN2501134ZCNWV,,NO_MATCH,,0
TXN250113E3ST14,CDR202600008057,SENDER_OUTGOING_ACTIVITY,-864,1
ATM250113EPFQL3,,NO_MATCH,,0
TXN250113H9510N,,NO_MATCH,,0
TXN250113R3TME1,,NO_MATCH,,0
TXN250113IZKG73,CDR202600008072,SENDER_OUTGOING_ACTIVITY,472,1
TXN250113495OHZ,,NO_MATCH,,0
TXN250113XOHY6T,,NO_MATCH,,0
ATM250113QNFG5D,,NO_MATCH,,0
ATM250113L8LXWT,,NO_MATCH,,0
ATM2501130KMXLO,,NO_MATCH,,0
TXN2501132DKQBV,,NO_MATCH,,0
TXN250113SGXIU7,,NO_MATCH,,0
TXN250113UMZXB2,CDR202600008083,RECEIVER_INCOMING_ACTIVITY,574,1
TXN250113WS6MI3,,NO_MATCH,,0
TXN250113A07GH0,,NO_MATCH,,0
TXN250113S0CQY0,,NO_MATCH,,0
TXN250113QXGJY1,CDR202600008093,SENDER_INCOMING_ACTIVITY,-276,1
ATM250113C23JQL,,NO_MATCH,,0
ATM2501132ZPS3H,,NO_MATCH,,0
ATM250113C5J5XI,,NO_MATCH,,0
TXN250113D9PXYO,,NO_MATCH,,0
TXN2501130F78AS,,NO_MATCH,,0
TXN250113Q33QZC,,NO_MATCH,,0
TXN250113U13FVJ,,NO_MATCH,,0
TXN25011369C6IM,,NO_MATCH,,0
TXN250113QBPE0I,,NO_MATCH,,0
TXN250113I4B75T,,NO_MATCH,,0
TXN250113OVZEUE,,NO_MATCH,,0
ATM2501134DLH2O,,NO_MATCH,,0
ATM250113AIW12Y,,NO_MATCH,,0
TXN250113HXHBGY,,NO_MATCH,,0
ATM250113T0WAD3,CDR202600008148,RECEIVER_OUTGOING_ACTIVITY,-398,1
TXN2501134FDY2M,CDR202600008156,SENDER_INCOMING_ACTIVITY,-97,1
TXN250113W9ZZY1,CDR202600008169,RECEIVER_INCOMING_ACTIVITY,866,1
ATM250113SK3P8U,,NO_MATCH,,0
ATM250113SPF7IX,,NO_MATCH,,0
TXN250113H1O0J7,CDR202600008163,SENDER_INCOMING_ACTIVITY,-47,1
ATM2501135DVLWF,,NO_MATCH,,0
TXN250113CHTMJG,,NO_MATCH,,0
TXN250113X8DKMR,CDR202600008163,SENDER_OUTGOING_ACTIVITY,-342,1
TXN250113D42E5F,,NO_MATCH,,0
ATM250113VH2CQW,,NO_MATCH,,0
ATM250113D5AYQQ,CDR202600008183,SENDER_INCOMING_ACTIVITY,459,1
TXN250113C71XR1,CDR202600008175,SENDER_INCOMING_ACTIVITY,-329,1
TXN250113KVGEHO,,NO_MATCH,,0
TXN2501133PRHTD,CDR202600008193,SENDER_OUTGOING_ACTIVITY,251,1
ATM250113WLITOU,,NO_MATCH,,0
TXN250113C8X3YO,CDR202600008195,RECEIVER_INCOMING_ACTIVITY,-152,1
ATM250113LZ7NUZ,CDR202600008206,SENDER_INCOMING_ACTIVITY,-143,1
TXN250113X3HMNX,,NO_MATCH,,0
TXN250113RT1NO5,CDR202600008206,RECEIVER_OUTGOING_ACTIVITY,-615,1
TXN250113OTVVMN,,NO_MATCH,,0
ATM2501131GQ37R,,NO_MATCH,,0
ATM250113NQ8UY4,,NO_MATCH,,0
TXN250113LTIFW9,,NO_MATCH,,0
ATM2501134CKLQ4,,NO_MATCH,,0
ATM2501133CFOU8,,NO_MATCH,,0
TXN250113VPOL5D,,NO_MATCH,,0
TXN25011348KUDC,,NO_MATCH,,0
TXN250113RZZX90,,NO_MATCH,,0
TXN250113XK1PF1,,NO_MATCH,,0
ATM250113PSAY7Z,,NO_MATCH,,0
ATM250113UVJ41F,,NO_MATCH,,0
ATM250113SYX8NO,,NO_MATCH,,0
ATM250113OS30MM,,NO_MATCH,,0
TXN250113S4E7EO,,NO_MATCH,,0
TXN2501135Z9UCH,,NO_MATCH,,0
TXN250113J85KML,,NO_MATCH,,0
ATM250113X4D3AI,,NO_MATCH,,0
TXN250113WSY6O1,,NO_MATCH,,0
TXN250113HU0J7E,CDR202600008253,RECEIVER_INCOMING_ACTIVITY,-298,1
TXN250113ZDHQPT,,NO_MATCH,,0
TXN250113BSRITR,,NO_MATCH,,0
ATM250113A39OTV,,NO_MATCH,,0
ATM2501130QGXZN,,NO_MATCH,,0
TXN25011306QCPE,,NO_MATCH,,0
TXN250113EQ3ILC,,NO_MATCH,,0
TXN250113Y9YZHM,,NO_MATCH,,0
ATM250113C7KBBH,,NO_MATCH,,0
TXN250113A4Y3EE,,NO_MATCH,,0
TXN2501139XKAFF,CDR202600008309,SENDER_OUTGOING_ACTIVITY,536,1
TXN2501133QCFIH,,NO_MATCH,,0
ATM250113PPWE7F,,NO_MATCH,,0
TXN250113SYFR3O,,NO_MATCH,,0
TXN250113YZDHCO,,NO_MATCH,,0
ATM250113HRGGVG,,NO_MATCH,,0
ATM250113YUTZBS,CDR202600008313,RECEIVER_OUTGOING_ACTIVITY,-405,1
TXN2501137MVFPY,,NO_MATCH,,0
TXN250113RDV5C0,,NO_MATCH,,0
TXN2501137T8KLH,,NO_MATCH,,0
TXN250113XNGSDV,,NO_MATCH,,0
ATM2501137O4ST6,,NO_MATCH,,0
ATM250113YCX8SN,,NO_MATCH,,0
ATM2501132KFOR9,CDR202600008326,SENDER_OUTGOING_ACTIVITY,-604,1
ATM250113R7I3XA,,NO_MATCH,,0
TXN250113UR0QGR,,NO_MATCH,,0
TXN250113D5XZUG,,NO_MATCH,,0
TXN250113AGGI5I,,NO_MATCH,,0
TXN250113EFXBXV,,NO_MATCH,,0
TXN250113OOAAVT,,NO_MATCH,,0
ATM250113T4QLM5,CDR202600008345,RECEIVER_OUTGOING_ACTIVITY,-758,1
ATM2501134N4XQL,,NO_MATCH,,0
TXN250113WPJIVK,,NO_MATCH,,0
TXN250113EMR085,,NO_MATCH,,0
ATM250113DDQCR6,CDR202600008351,RECEIVER_INCOMING_ACTIVITY,-743,1
ATM250113WWGP3E,,NO_MATCH,,0
TXN250113M6VH1V,,NO_MATCH,,0
TXN250113NFY7MM,,NO_MATCH,,0
ATM2501136YAQMC,,NO_MATCH,,0
TXN250113ZU6Q9K,,NO_MATCH,,0
TXN250113FUOVAQ,,NO_MATCH,,0
TXN2501130QUDCR,,NO_MATCH,,0
TXN250113YSKPI7,,NO_MATCH,,0
ATM250113B88XXH,CDR202600060599,SENDER_OUTGOING_ACTIVITY,-360,1
TXN250113V9G4L3,CDR202600008392,RECEIVER_INCOMING_ACTIVITY,482,1
ATM250113P8GUUB,CDR202600008376,SENDER_OUTGOING_ACTIVITY,-401,1
TXN2501130MXLWF,,NO_MATCH,,0
TXN2501130Y3P95,,NO_MATCH,,0
TXN2501133T6N5Y,CDR202600008394,SENDER_OUTGOING_ACTIVITY,-172,1
TXN250113UU6R8F,,NO_MATCH,,0
ATM250113DR3PLW,,NO_MATCH,,0
TXN2501133ZGLTI,,NO_MATCH,,0
TXN2501138FXUMF,CDR202600008409,RECEIVER_OUTGOING_ACTIVITY,-57,1
TXN250113ZKOYFU,,NO_MATCH,,0
TXN2501138JCTC8,,NO_MATCH,,0
TXN2501135C9CJL,,NO_MATCH,,0
TXN250113GE0CYM,,NO_MATCH,,0
TXN250113588HOU,,NO_MATCH,,0
ATM250113MXEPW1,,NO_MATCH,,0
TXN250113A49SX9,CDR202600008440,RECEIVER_OUTGOING_ACTIVITY,-84,1
TXN250113BWDDCL,,NO_MATCH,,0
TXN250113GVQCG2,,NO_MATCH,,0
ATM250113E9QEOK,,NO_MATCH,,0
TXN250113RWOOVA,CDR202600008457,SENDER_INCOMING_ACTIVITY,76,1
TXN250113H0SUZF,,NO_MATCH,,0
TXN2501134X1X38,CDR202600008467,SENDER_OUTGOING_ACTIVITY,777,1
TXN250113HE8PFN,CDR202600008455,RECEIVER_INCOMING_ACTIVITY,-538,1
ATM2501135EBEIC,CDR202600008466,RECEIVER_INCOMING_ACTIVITY,313,1
ATM250113VE2NRF,,NO_MATCH,,0
ATM250113Z16DL3,,NO_MATCH,,0
TXN250113ZWPEHB,,NO_MATCH,,0
TXN250113HMNFJW,CDR202600008464,RECEIVER_INCOMING_ACTIVITY,-416,1
ATM2501134YCRUL,,NO_MATCH,,0
TXN250113XK21RC,,NO_MATCH,,0
ATM250113SHHYO6,CDR202600008482,RECEIVER_OUTGOING_ACTIVITY,-228,1
TXN250113DEJYS6,,NO_MATCH,,0
ATM250113XN9GUQ,,NO_MATCH,,0
TXN250113ZZDRRJ,,NO_MATCH,,0
ATM2501139WVUYR,,NO_MATCH,,0
ATM250113OF17NR,,NO_MATCH,,0
ATM250113X4J6A0,,NO_MATCH,,0
TXN2501131ZZXAT,,NO_MATCH,,0
TXN250113CEQ5J0,CDR202600008517,SENDER_OUTGOING_ACTIVITY,269,1
ATM250113WSVTEP,,NO_MATCH,,0
ATM2501136INU7T,CDR202600008511,SENDER_OUTGOING_ACTIVITY,-539,1
ATM250113GKN089,,NO_MATCH,,0
TXN2501131I9T39,,NO_MATCH,,0
ATM250113WBP64D,,NO_MATCH,,0
ATM250113MQ57Q0,,NO_MATCH,,0
TXN2501133L4OA0,,NO_MATCH,,0
ATM2501138RIZRH,,NO_MATCH,,0
ATM250113DH0AIQ,,NO_MATCH,,0
TXN250113U3JV2B,,NO_MATCH,,0
ATM250113SHJ0DD,,NO_MATCH,,0
ATM250113FDHW1C,CDR202600008559,SENDER_INCOMING_ACTIVITY,424,1
TXN250113PBSKX5,,NO_MATCH,,0
TXN250113GHPKE5,,NO_MATCH,,0
TXN250113SK3PJA,CDR202600008564,SENDER_INCOMING_ACTIVITY,45,1
TXN2501130KZMQL,,NO_MATCH,,0
TXN2501135YZJZS,,NO_MATCH,,0
TXN250113IPHL5A,,NO_MATCH,,0
TXN250113XH7SEQ,,NO_MATCH,,0
TXN250113PC71XX,,NO_MATCH,,0
TXN25011338ME0O,,NO_MATCH,,0
TXN2501134C7LEM,,NO_MATCH,,0
TXN250113PFNGLN,,NO_MATCH,,0
TXN250113P8JED4,,NO_MATCH,,0
TXN2501138AUS4C,,NO_MATCH,,0
TXN250113K6HDCR,CDR202600008585,RECEIVER_OUTGOING_ACTIVITY,162,1
TXN250113OCE7PE,,NO_MATCH,,0
ATM2501137OH6SX,,NO_MATCH,,0
TXN250113Z9CMUN,,NO_MATCH,,0
TXN250113UGVF3G,,NO_MATCH,,0
TXN250113314REH,,NO_MATCH,,0
ATM250113I34PS5,,NO_MATCH,,0
TXN250113UNT0B6,,NO_MATCH,,0
ATM250113MYPT2U,,NO_MATCH,,0
ATM2501131VK3XB,,NO_MATCH,,0
TXN250113XL19IK,,NO_MATCH,,0
ATM250113CH6KUK,,NO_MATCH,,0
ATM250113TH0NCU,,NO_MATCH,,0
TXN250113WJM2SP,,NO_MATCH,,0
ATM250113VZUWJK,,NO_MATCH,,0
TXN2501132HMRQ1,,NO_MATCH,,0
TXN250113L4QBUK,CDR202600008641,RECEIVER_OUTGOING_ACTIVITY,662,1
TXN250113WIWDGJ,,NO_MATCH,,0
TXN250113YE2J2X,CDR202600008636,SENDER_INCOMING_ACTIVITY,-115,1
ATM2501132I0HOT,,NO_MATCH,,0
TXN250113NR2DHZ,,NO_MATCH,,0
ATM25011359VQ1H,CDR202600008646,SENDER_OUTGOING_ACTIVITY,407,1
TXN2501139126LF,,NO_MATCH,,0
ATM250113FS77JQ,,NO_MATCH,,0
ATM250113GZZGVX,,NO_MATCH,,0
ATM2501134V8HJE,,NO_MATCH,,0
TXN2501136WWGN1,CDR202600008661,RECEIVER_INCOMING_ACTIVITY,877,1
TXN250113ENUR6T,,NO_MATCH,,0
ATM250113CO8IIC,,NO_MATCH,,0
TXN250113BIRIJ5,,NO_MATCH,,0
TXN250113D8RH1L,,NO_MATCH,,0
TXN2501137TY9SD,,NO_MATCH,,0
TXN250113975JY1,,NO_MATCH,,0
ATM250113R23URD,,NO_MATCH,,0
TXN250113UVEJSF,,NO_MATCH,,0
ATM2501137GBNRO,,NO_MATCH,,0
ATM2501130WZURR,,NO_MATCH,,0
TXN250114VJB8W5,,NO_MATCH,,0
TXN25011400QDTO,,NO_MATCH,,0
TXN250114HDKXH0,,NO_MATCH,,0
ATM250114MN0KO1,,NO_MATCH,,0
ATM250114MIOOUM,,NO_MATCH,,0
TXN25011463Q1XF,,NO_MATCH,,0
TXN250114IG5GEF,,NO_MATCH,,0
TXN250114RYR3ZX,CDR202600008704,SENDER_OUTGOING_ACTIVITY,162,1
ATM250114JDKH5K,CDR202600060578,SENDER_OUTGOING_ACTIVITY,-780,1
ATM250114989ZZI,CDR202600060578,RECEIVER_OUTGOING_ACTIVITY,-802,1
TXN250114GZCXU6,,NO_MATCH,,0
TXN2501146TG1GL,,NO_MATCH,,0
ATM250114SUJCO6,,NO_MATCH,,0
TXN2501144N232F,,NO_MATCH,,0
TXN250114TBRVSK,,NO_MATCH,,0
TXN25011448C35B,,NO_MATCH,,0
TXN250114O8DPEH,,NO_MATCH,,0
TXN250114HE4TGI,,NO_MATCH,,0
TXN2501142D7BLD,,NO_MATCH,,0
TXN250114T1NN61,,NO_MATCH,,0
TXN250114N2ETY4,,NO_MATCH,,0
ATM2501141GN1Y1,,NO_MATCH,,0
TXN250114DDA7ZQ,,NO_MATCH,,0
TXN250114QUU5WF,,NO_MATCH,,0
TXN250114T67BK2,,NO_MATCH,,0
TXN2501147E3GQF,,NO_MATCH,,0
TXN250114PIS0MW,,NO_MATCH,,0
TXN250114HWEMTX,,NO_MATCH,,0
TXN250114VGTLJ0,,NO_MATCH,,0
TXN250114E7QDMR,,NO_MATCH,,0
TXN2501146PX15E,,NO_MATCH,,0
TXN250114AMXTAB,,NO_MATCH,,0
ATM25011472S85D,,NO_MATCH,,0
TXN250114YAQXJZ,,NO_MATCH,,0
TXN250114GX3TWS,CDR202600008738,SENDER_OUTGOING_ACTIVITY,-83,1
TXN250114XHWZN0,,NO_MATCH,,0
TXN250114T3ZRJK,,NO_MATCH,,0
TXN250114LZXXLW,,NO_MATCH,,0
TXN250114Z0RX54,,NO_MATCH,,0
TXN250114W1G2NR,,NO_MATCH,,0
ATM250114X9OSD0,,NO_MATCH,,0
TXN250114YNW3TP,,NO_MATCH,,0
TXN250114NGM2D9,,NO_MATCH,,0
ATM250114SGUSM5,,NO_MATCH,,0
TXN250114EV9PE8,CDR202600008770,SENDER_INCOMING_ACTIVITY,200,1
TXN250114D5HJH6,,NO_MATCH,,0
ATM250114OJYZIK,,NO_MATCH,,0
TXN2501149RP487,,NO_MATCH,,0
TXN250114MZRWPJ,,NO_MATCH,,0
TXN250114KKQK73,,NO_MATCH,,0
TXN2501140L991A,CDR202600008792,SENDER_INCOMING_ACTIVITY,688,1
TXN250114DXBCRE,,NO_MATCH,,0
ATM250114K0QZ08,,NO_MATCH,,0
ATM2501149A5BC7,,NO_MATCH,,0
TXN250114XM7OGT,,NO_MATCH,,0
ATM250114GLSGMU,,NO_MATCH,,0
TXN250114A4KHTJ,,NO_MATCH,,0
TXN250114JRME3F,CDR202600008808,SENDER_INCOMING_ACTIVITY,215,1
ATM250114RCW3XN,,NO_MATCH,,0
ATM250114YXAIRF,,NO_MATCH,,0
TXN2501147QWADU,,NO_MATCH,,0
TXN250114BE4091,,NO_MATCH,,0
TXN250114UP48M7,,NO_MATCH,,0
TXN2501149Q4XD7,,NO_MATCH,,0
ATM250114E8AMHQ,,NO_MATCH,,0
ATM2501144WTYUX,CDR202600008830,RECEIVER_INCOMING_ACTIVITY,697,1
TXN250114JL8S8F,CDR202600008814,RECEIVER_OUTGOING_ACTIVITY,-175,1
TXN2501141O62V0,CDR202600008818,SENDER_OUTGOING_ACTIVITY,-131,1
ATM25011417DE9Q,CDR202600008827,RECEIVER_OUTGOING_ACTIVITY,367,1
ATM250114UUXY22,,NO_MATCH,,0
ATM2501145P854Q,,NO_MATCH,,0
TXN250114P8PLJ4,,NO_MATCH,,0
ATM250114JG8WFK,,NO_MATCH,,0
ATM2501149918OU,,NO_MATCH,,0
ATM250114C8R984,,NO_MATCH,,0
ATM250114SE1UPH,,NO_MATCH,,0
TXN250114W6FU1Z,,NO_MATCH,,0
TXN2501149JI25Q,CDR202600008837,SENDER_OUTGOING_ACTIVITY,-705,1
TXN250114KK0DYZ,,NO_MATCH,,0
TXN25011474SF3L,CDR202600008854,RECEIVER_INCOMING_ACTIVITY,-291,1
TXN250114GHX157,,NO_MATCH,,0
TXN250114EEQT0M,,NO_MATCH,,0
TXN250114XQLI90,,NO_MATCH,,0
ATM2501149OHOIE,,NO_MATCH,,0
TXN2501149PS50U,CDR202600008873,RECEIVER_INCOMING_ACTIVITY,295,1
ATM250114CYU921,CDR202600060434,SENDER_OUTGOING_ACTIVITY,-420,1
TXN250114B2CFR1,,NO_MATCH,,0
TXN250114FEOR2F,,NO_MATCH,,0
TXN250114G3M8IJ,,NO_MATCH,,0
TXN250114U1NFPU,CDR202600008870,SENDER_OUTGOING_ACTIVITY,-787,1
ATM250114VRFHYW,CDR202600008876,RECEIVER_OUTGOING_ACTIVITY,-288,1
TXN250114XQ6RWS,,NO_MATCH,,0
TXN250114JMTT2B,,NO_MATCH,,0
TXN250114TQ79YU,CDR202600008902,SENDER_OUTGOING_ACTIVITY,827,1
TXN250114H7QGXQ,CDR202600008900,RECEIVER_INCOMING_ACTIVITY,699,1
ATM250114SBVNW4,,NO_MATCH,,0
ATM2501147RFX5A,,NO_MATCH,,0
TXN250114IU05XK,CDR202600008887,RECEIVER_OUTGOING_ACTIVITY,-741,1
ATM250114EP78V0,,NO_MATCH,,0
TXN2501142SWQ8S,,NO_MATCH,,0
ATM2501146PDDUU,,NO_MATCH,,0
TXN250114M8PH0Q,,NO_MATCH,,0
ATM250114RWSUXR,,NO_MATCH,,0
ATM250114IXQ68N,,NO_MATCH,,0
ATM250114F8J67F,,NO_MATCH,,0
TXN250114307R5K,,NO_MATCH,,0
ATM250114V6DMXP,,NO_MATCH,,0
TXN250114AEEVZW,,NO_MATCH,,0
TXN250114Q7GQ70,,NO_MATCH,,0
ATM250114YQSX1J,,NO_MATCH,,0
TXN250114Y144D1,,NO_MATCH,,0
TXN2501142G2H3D,,NO_MATCH,,0
TXN250114NKAZ2B,,NO_MATCH,,0
TXN250114Z0KDQT,,NO_MATCH,,0
ATM25011419J3WL,,NO_MATCH,,0
TXN250114VDGYFO,CDR202600008953,RECEIVER_OUTGOING_ACTIVITY,25,1
TXN250114Y4GKTC,CDR202600008959,RECEIVER_OUTGOING_ACTIVITY,172,1
TXN2501146D4KRC,CDR202600008939,SENDER_INCOMING_ACTIVITY,-853,1
TXN2501140S98O7,,NO_MATCH,,0
ATM25011466NKXR,CDR202600008961,SENDER_OUTGOING_ACTIVITY,-72,1
ATM250114TQPGXD,,NO_MATCH,,0
TXN2501142IN8IK,,NO_MATCH,,0
ATM250114NQQQRH,CDR202600008967,SENDER_INCOMING_ACTIVITY,-826,1
ATM250114O4WIGG,,NO_MATCH,,0
TXN250114TZX56G,,NO_MATCH,,0
TXN250114CECOFP,,NO_MATCH,,0
TXN250114FRCN2S,,NO_MATCH,,0
TXN25011475W6MR,,NO_MATCH,,0
ATM250114T4RUZL,,NO_MATCH,,0
TXN250114VUC8ZU,,NO_MATCH,,0
TXN2501149UO2L0,,NO_MATCH,,0
TXN250114DEC434,,NO_MATCH,,0
TXN250114INV0VI,,NO_MATCH,,0
ATM250114F8KMK6,,NO_MATCH,,0
TXN2501146S0CG1,CDR202600009018,RECEIVER_OUTGOING_ACTIVITY,122,1
TXN250114FOKTB9,,NO_MATCH,,0
TXN2501147X4184,,NO_MATCH,,0
TXN2501141ZGZ90,,NO_MATCH,,0
TXN25011425UFPN,,NO_MATCH,,0
TXN2501145IF9KF,,NO_MATCH,,0
TXN250114T7TRBC,,NO_MATCH,,0
TXN250114J6J9IX,,NO_MATCH,,0
ATM250114T1RPXU,CDR202600009030,SENDER_INCOMING_ACTIVITY,-354,1
ATM250114HN19VR,,NO_MATCH,,0
TXN2501142JO06Q,,NO_MATCH,,0
TXN250114489R0K,CDR202600009053,RECEIVER_OUTGOING_ACTIVITY,889,1
TXN250114HNLP17,,NO_MATCH,,0
TXN250114VCPOMB,,NO_MATCH,,0
TXN250114C0B0V5,CDR202600009053,RECEIVER_OUTGOING_ACTIVITY,589,1
TXN250114WMW00V,,NO_MATCH,,0
TXN250114YPVXB0,CDR202600009053,RECEIVER_OUTGOING_ACTIVITY,289,1
TXN250114CNLJGK,,NO_MATCH,,0
TXN250114P7M0W7,,NO_MATCH,,0
TXN2501144ZWIIP,,NO_MATCH,,0
TXN250114ZFHV1C,,NO_MATCH,,0
ATM2501145DMTPH,,NO_MATCH,,0
TXN2501143CWGOK,,NO_MATCH,,0
TXN25011473IO58,,NO_MATCH,,0
ATM2501147D6LNM,,NO_MATCH,,0
TXN25011422E24V,,NO_MATCH,,0
ATM250114KV35MD,,NO_MATCH,,0
ATM250114PEO0W8,,NO_MATCH,,0
ATM2501141R3JYO,,NO_MATCH,,0
ATM250114BPXM4J,,NO_MATCH,,0
ATM250114CS9SWF,,NO_MATCH,,0
TXN250114UI1XYH,,NO_MATCH,,0
TXN2501146874AR,,NO_MATCH,,0
ATM250114J1AS07,,NO_MATCH,,0
TXN250114BG14FY,,NO_MATCH,,0
TXN250114EBE0YV,,NO_MATCH,,0
TXN25011454GS5N,CDR202600009085,RECEIVER_OUTGOING_ACTIVITY,-369,1
ATM250114Z4VGAB,,NO_MATCH,,0
TXN2501149HSHXW,,NO_MATCH,,0
ATM250114IM9L3E,,NO_MATCH,,0
TXN250114O75AXF,CDR202600009103,SENDER_OUTGOING_ACTIVITY,-7,1
ATM250114R9C7QT,,NO_MATCH,,0
ATM25011470W0QW,,NO_MATCH,,0
TXN250114AWDQG4,,NO_MATCH,,0
TXN250114TA2LAO,CDR202600009114,RECEIVER_INCOMING_ACTIVITY,333,1
TXN250114MLLO2W,,NO_MATCH,,0
TXN250114TOEWJF,,NO_MATCH,,0
TXN250114MHHS72,,NO_MATCH,,0
TXN2501141ZF6DJ,,NO_MATCH,,0
ATM2501147MY2A4,,NO_MATCH,,0
TXN250114VUBGO7,,NO_MATCH,,0
ATM250114X7LQOC,CDR202600009142,SENDER_INCOMING_ACTIVITY,-12,1
TXN250114VLK94L,,NO_MATCH,,0
TXN250114QBG8AW,,NO_MATCH,,0
TXN250114Z3YV5S,,NO_MATCH,,0
TXN250114FNBL0T,,NO_MATCH,,0
ATM250114O4HT0G,,NO_MATCH,,0
TXN250114AN3L7Z,,NO_MATCH,,0
ATM250114SHZCKR,,NO_MATCH,,0
TXN250114MPKJRV,,NO_MATCH,,0
TXN250114ZFW6W9,,NO_MATCH,,0
TXN2501141C8BB6,,NO_MATCH,,0
TXN250114XK9AM0,CDR202600009168,SENDER_OUTGOING_ACTIVITY,368,1
TXN250114HHVC6J,CDR202600009168,SENDER_OUTGOING_ACTIVITY,248,1
TXN250114DJ7UVG,,NO_MATCH,,0
TXN25011494WS4D,,NO_MATCH,,0
ATM250114BI0119,,NO_MATCH,,0
TXN250114Y8P8YK,CDR202600009158,RECEIVER_INCOMING_ACTIVITY,-619,1
TXN2501146HLYRC,CDR202600009168,SENDER_OUTGOING_ACTIVITY,-172,1
TXN250114WTHUAQ,CDR202600009168,SENDER_OUTGOING_ACTIVITY,-292,1
TXN250114FKWCMO,,NO_MATCH,,0
TXN250114TKECUG,CDR202600009168,SENDER_OUTGOING_ACTIVITY,-652,1
TXN250114YWC6FP,CDR202600009168,SENDER_OUTGOING_ACTIVITY,-712,1
TXN250114OE33E6,,NO_MATCH,,0
TXN2501148L0GS8,,NO_MATCH,,0
TXN250114RCQOZY,,NO_MATCH,,0
TXN250114LRJEC8,,NO_MATCH,,0
TXN25011446HA95,CDR202600009177,RECEIVER_INCOMING_ACTIVITY,-490,1
TXN250114NIIJ2M,,NO_MATCH,,0
TXN250114F7B4AU,,NO_MATCH,,0
TXN25011492HV1Z,,NO_MATCH,,0
TXN250114890GF4,,NO_MATCH,,0
TXN2501144GNZZF,CDR202600009206,RECEIVER_INCOMING_ACTIVITY,509,1
ATM250114XK9INC,,NO_MATCH,,0
ATM250114T0TN1H,,NO_MATCH,,0
TXN25011426LE16,CDR202600009209,RECEIVER_OUTGOING_ACTIVITY,208,1
TXN250114QQWVU3,,NO_MATCH,,0
TXN2501142XZMBM,,NO_MATCH,,0
ATM25011449RQTM,,NO_MATCH,,0
TXN250114BV07CY,,NO_MATCH,,0
TXN2501146B0ISN,,NO_MATCH,,0
TXN2501148OVS7M,,NO_MATCH,,0
TXN250114OGJ3HD,,NO_MATCH,,0
TXN250114G30OHG,,NO_MATCH,,0
ATM250114KQ4WTA,,NO_MATCH,,0
ATM250114ZUQM6X,,NO_MATCH,,0
TXN250114M7VB2D,,NO_MATCH,,0
TXN2501141DC75K,,NO_MATCH,,0
ATM250114QP4EZX,,NO_MATCH,,0
TXN250114C71R9P,CDR202600009236,SENDER_INCOMING_ACTIVITY,303,1
TXN250114NYVTEW,,NO_MATCH,,0
ATM250114T3CZ0D,,NO_MATCH,,0
TXN250114JM9AFJ,,NO_MATCH,,0
TXN250114BLSXZ3,,NO_MATCH,,0
ATM250114ILUZE7,CDR202600060477,SENDER_OUTGOING_ACTIVITY,-780,1
TXN2501141IUGKT,,NO_MATCH,,0
ATM2501140VGMDQ,,NO_MATCH,,0
TXN2501145B4BAF,,NO_MATCH,,0
ATM250114ZYOLMZ,,NO_MATCH,,0
TXN250114F46RQW,,NO_MATCH,,0
ATM2501140H1GVX,,NO_MATCH,,0
TXN250114THMED7,,NO_MATCH,,0
ATM250114DX9MUA,,NO_MATCH,,0
TXN250114ELTB7W,CDR202600009290,SENDER_INCOMING_ACTIVITY,-572,1
ATM25011416Q5LW,,NO_MATCH,,0
TXN250114MDR6QS,,NO_MATCH,,0
TXN250114YOUCZ2,,NO_MATCH,,0
ATM250114P80UOI,,NO_MATCH,,0
TXN250114TNNNFV,,NO_MATCH,,0
TXN25011443NBUQ,,NO_MATCH,,0
TXN250114Y49YWZ,,NO_MATCH,,0
TXN2501149JKNUX,,NO_MATCH,,0
TXN250114M7X70L,,NO_MATCH,,0
TXN250114MAYJ4O,,NO_MATCH,,0
ATM250114EJJ68A,,NO_MATCH,,0
TXN2501141VO58R,,NO_MATCH,,0
TXN250114GTYY1W,,NO_MATCH,,0
TXN25011429BBXR,,NO_MATCH,,0
ATM250115GL1LG1,,NO_MATCH,,0
TXN2501159W9YZG,,NO_MATCH,,0
ATM2501153WVCFL,,NO_MATCH,,0
TXN2501159JIVU5,,NO_MATCH,,0
TXN250115LDZTX5,,NO_MATCH,,0
ATM2501159ZK3RX,,NO_MATCH,,0
TXN250115KUWBFF,,NO_MATCH,,0
TXN250115MRBO4Z,,NO_MATCH,,0
TXN250115RB0B6B,,NO_MATCH,,0
TXN250115OIWBIN,,NO_MATCH,,0
TXN2501159H1J3A,CDR202600009345,RECEIVER_INCOMING_ACTIVITY,-616,1
ATM250115SV3K5K,,NO_MATCH,,0
ATM250115RIXAI6,CDR202600009351,RECEIVER_OUTGOING_ACTIVITY,-296,1
TXN250115GS0NTB,,NO_MATCH,,0
TXN250115KXI08K,,NO_MATCH,,0
TXN250115HMCB2T,,NO_MATCH,,0
ATM250115EP6ZUE,,NO_MATCH,,0
TXN250115A4G0V4,,NO_MATCH,,0
ATM25011520I8R7,,NO_MATCH,,0
TXN2501153INBAU,,NO_MATCH,,0
TXN250115CMMMY2,,NO_MATCH,,0
TXN250115E6JWPE,,NO_MATCH,,0
TXN2501159XLVFT,,NO_MATCH,,0
TXN250115EZ9W5H,,NO_MATCH,,0
ATM2501151LNC15,,NO_MATCH,,0
TXN250115J7A3TM,CDR202600009386,RECEIVER_INCOMING_ACTIVITY,-687,1
TXN250115SW2KA4,,NO_MATCH,,0
TXN250115G1A4L5,CDR202600009406,RECEIVER_INCOMING_ACTIVITY,279,1
TXN2501157KXMHW,CDR202600060533,SENDER_OUTGOING_ACTIVITY,-180,1
ATM250115PGVBDO,,NO_MATCH,,0
TXN250115REXTJ5,,NO_MATCH,,0
ATM250115OKX8LP,,NO_MATCH,,0
ATM250115MT6F0B,,NO_MATCH,,0
TXN250115VX63YK,,NO_MATCH,,0
ATM2501153OWX1O,,NO_MATCH,,0
ATM250115F4NUZ1,,NO_MATCH,,0
ATM250115LRTWY7,,NO_MATCH,,0
ATM250115HNC02N,,NO_MATCH,,0
ATM250115DAMD0K,,NO_MATCH,,0
TXN250115WBHS45,,NO_MATCH,,0
ATM2501153QT9M8,,NO_MATCH,,0
ATM25011519J1BI,,NO_MATCH,,0
ATM250115PKEZU4,,NO_MATCH,,0
ATM250115HKFR6Y,,NO_MATCH,,0
ATM250115RM956A,,NO_MATCH,,0
ATM25011599QX3O,,NO_MATCH,,0
ATM2501154M3R0X,,NO_MATCH,,0
TXN250115V2MQBV,,NO_MATCH,,0
TXN250115HOGO0E,CDR202600009434,SENDER_INCOMING_ACTIVITY,-752,1
TXN250115CIJIAY,,NO_MATCH,,0
TXN250115BOZHQ2,,NO_MATCH,,0
ATM250115WP1YK2,,NO_MATCH,,0
TXN250115KOIXKB,,NO_MATCH,,0
ATM250115ATSF7K,,NO_MATCH,,0
ATM250115X7HSWL,,NO_MATCH,,0
TXN250115R62NSF,,NO_MATCH,,0
TXN250115TWR56T,,NO_MATCH,,0
TXN250115LWXLBG,,NO_MATCH,,0
ATM250115IP2J3X,,NO_MATCH,,0
TXN250115VGH0YF,,NO_MATCH,,0
TXN250115M0UL5Q,,NO_MATCH,,0
TXN2501157RH1X8,CDR202600009483,SENDER_INCOMING_ACTIVITY,-386,1
TXN2501154YYIJF,,NO_MATCH,,0
TXN250115R4ERNG,,NO_MATCH,,0
TXN2501158DXOAG,,NO_MATCH,,0
TXN250115GTK37B,,NO_MATCH,,0
TXN250115A8DBEA,CDR202600009483,RECEIVER_OUTGOING_ACTIVITY,-718,1
TXN250115HDAVJ9,,NO_MATCH,,0
TXN250115VPNEZC,CDR202600009506,RECEIVER_INCOMING_ACTIVITY,661,1
ATM250115E9PDA2,CDR202600009501,RECEIVER_OUTGOING_ACTIVITY,122,1
ATM250115BHVKE8,,NO_MATCH,,0
TXN250115OZUMXE,,NO_MATCH,,0
ATM250115HVM1OW,,NO_MATCH,,0
TXN250115VX1D69,,NO_MATCH,,0
TXN250115UURKWY,,NO_MATCH,,0
ATM250115C222I9,CDR202600009519,RECEIVER_INCOMING_ACTIVITY,-12,1
ATM250115KBQOGP,,NO_MATCH,,0
ATM2501157CVQ80,,NO_MATCH,,0
TXN2501157QYUZX,,NO_MATCH,,0
TXN250115PK7VX9,,NO_MATCH,,0
ATM25011513IIUO,CDR202600009549,RECEIVER_OUTGOING_ACTIVITY,738,1
TXN250115XMFYSB,CDR202600009529,SENDER_INCOMING_ACTIVITY,-669,1
TXN2501154SMC07,CDR202600009547,SENDER_INCOMING_ACTIVITY,461,1
ATM250115PO4130,,NO_MATCH,,0
ATM250115YVIOYI,CDR202600009557,SENDER_OUTGOING_ACTIVITY,614,1
TXN2501156S3I88,,NO_MATCH,,0
TXN250115XUESAM,,NO_MATCH,,0
TXN2501157P8GJY,,NO_MATCH,,0
TXN2501158IMS93,CDR202600009562,RECEIVER_INCOMING_ACTIVITY,230,1
TXN250115QUQA9W,,NO_MATCH,,0
TXN250115NXL7ZD,,NO_MATCH,,0
TXN250115NQLVVN,CDR202600009569,RECEIVER_OUTGOING_ACTIVITY,632,1
TXN2501157MVU6F,,NO_MATCH,,0
ATM250115YIMV9B,,NO_MATCH,,0
ATM2501157ME6VB,CDR202600009579,SENDER_OUTGOING_ACTIVITY,866,1
ATM250115B6WZTE,CDR202600009561,SENDER_OUTGOING_ACTIVITY,-389,1
ATM250115407P2I,,NO_MATCH,,0
ATM250115W6U8S1,,NO_MATCH,,0
TXN250115W9UU7L,,NO_MATCH,,0
TXN250115UK5KXV,,NO_MATCH,,0
ATM250115EZ9J5P,,NO_MATCH,,0
TXN250115P7V36L,,NO_MATCH,,0
TXN250115DJ62W6,,NO_MATCH,,0
ATM2501154PSB8G,CDR202600009575,SENDER_INCOMING_ACTIVITY,-213,1
TXN250115U24XEN,,NO_MATCH,,0
TXN250115DBQA0G,,NO_MATCH,,0
TXN250115BOW872,,NO_MATCH,,0
TXN25011500DZAG,,NO_MATCH,,0
ATM2501158EPL4G,CDR202600009599,RECEIVER_INCOMING_ACTIVITY,710,1
TXN25011579MZLN,,NO_MATCH,,0
TXN250115JR1A85,,NO_MATCH,,0
ATM250115ZO45LI,,NO_MATCH,,0
TXN250115C0E21W,,NO_MATCH,,0
ATM250115ZXOHAK,,NO_MATCH,,0
TXN250115MI30J3,,NO_MATCH,,0
ATM2501155R0DL6,,NO_MATCH,,0
TXN2501158UP1Y3,CDR202600009605,RECEIVER_INCOMING_ACTIVITY,-839,1
TXN250115VH4YKJ,,NO_MATCH,,0
ATM250115BQ332R,,NO_MATCH,,0
ATM250115RU1GGJ,,NO_MATCH,,0
TXN250115RYH4GF,,NO_MATCH,,0
TXN250115X5FP5N,,NO_MATCH,,0
TXN250115EQ6EI2,CDR202600009623,RECEIVER_OUTGOING_ACTIVITY,175,1
TXN250115QT5V4Y,CDR202600009620,SENDER_OUTGOING_ACTIVITY,34,1
ATM250115CRXDK8,CDR202600009617,SENDER_OUTGOING_ACTIVITY,-555,1
ATM250115URWCHP,,NO_MATCH,,0
TXN250115616YVZ,,NO_MATCH,,0
TXN2501150HLL00,CDR202600009628,SENDER_OUTGOING_ACTIVITY,403,1
TXN250115DGOFSO,CDR202600009630,SENDER_INCOMING_ACTIVITY,426,1
ATM250115M6STSS,CDR202600009634,SENDER_OUTGOING_ACTIVITY,267,1
TXN250115KWDBYH,,NO_MATCH,,0
ATM250115LH76R9,CDR202600009627,RECEIVER_INCOMING_ACTIVITY,-623,1
TXN250115C53JSC,CDR202600009640,SENDER_INCOMING_ACTIVITY,-25,1
ATM250115R740C0,,NO_MATCH,,0
TXN2501154GFK95,,NO_MATCH,,0
ATM250115FYDKXF,CDR202600009645,SENDER_OUTGOING_ACTIVITY,-336,1
TXN250115KN3WR2,,NO_MATCH,,0
TXN250115LQU29G,,NO_MATCH,,0
TXN250115ZOVVIN,,NO_MATCH,,0
ATM250115GG0ZD4,CDR202600009668,SENDER_OUTGOING_ACTIVITY,511,1
TXN250115INIVPZ,,NO_MATCH,,0
ATM250115X9IVJI,,NO_MATCH,,0
ATM250115439QD1,,NO_MATCH,,0
TXN250115WVA5HY,CDR202600009661,SENDER_INCOMING_ACTIVITY,-357,1
ATM250115XWY40M,,NO_MATCH,,0
ATM250115FDANWF,CDR202600009682,SENDER_OUTGOING_ACTIVITY,-334,1
ATM250115VKY5SU,,NO_MATCH,,0
ATM250115TZ3LT1,,NO_MATCH,,0
TXN250115YFPVTQ,,NO_MATCH,,0
TXN250115IYPZHE,,NO_MATCH,,0
ATM2501156ZMFHE,,NO_MATCH,,0
TXN250115B8TF40,,NO_MATCH,,0
TXN250115VIBRBP,,NO_MATCH,,0
TXN25011514BNUF,CDR202600009711,SENDER_OUTGOING_ACTIVITY,138,1
TXN250115K77DEH,,NO_MATCH,,0
TXN25011562DTZA,,NO_MATCH,,0
TXN250115VJEHLP,,NO_MATCH,,0
ATM2501158W7OIN,,NO_MATCH,,0
TXN250115JTE052,,NO_MATCH,,0
TXN2501153GRP33,,NO_MATCH,,0
ATM250115SY3BGA,,NO_MATCH,,0
ATM250115N2DTA3,,NO_MATCH,,0
TXN250115WOCI4P,,NO_MATCH,,0
ATM250115IMZDOZ,,NO_MATCH,,0
TXN250115GZRKFP,,NO_MATCH,,0
TXN250115X7OFQR,,NO_MATCH,,0
TXN2501157SDFZC,CDR202600009752,RECEIVER_INCOMING_ACTIVITY,559,1
ATM250115UQ9XWL,,NO_MATCH,,0
ATM250115357YSE,,NO_MATCH,,0
TXN2501154VZSJC,,NO_MATCH,,0
TXN250115W9848W,,NO_MATCH,,0
TXN250115C533EF,,NO_MATCH,,0
TXN250115HQK9PY,,NO_MATCH,,0
TXN250115NAVAUM,,NO_MATCH,,0
TXN25011571SSUB,,NO_MATCH,,0
TXN25011574XFUS,CDR202600009780,RECEIVER_INCOMING_ACTIVITY,218,1
ATM250115ESIVWO,,NO_MATCH,,0
ATM2501150NDAAD,,NO_MATCH,,0
TXN25011578GYJB,CDR202600009775,SENDER_INCOMING_ACTIVITY,-778,1
TXN2501150RCUIR,CDR202600009782,RECEIVER_INCOMING_ACTIVITY,-687,1
TXN250115PVJZSU,CDR202600009785,RECEIVER_OUTGOING_ACTIVITY,-592,1
ATM250115F76KM1,CDR202600009782,SENDER_OUTGOING_ACTIVITY,-836,1
TXN2501150M8JCY,,NO_MATCH,,0
TXN250115EAODSR,,NO_MATCH,,0
ATM250115AMBEC4,,NO_MATCH,,0
TXN2501157URRXE,,NO_MATCH,,0
ATM250115T0YUWA,,NO_MATCH,,0
ATM2501155Q3NJ2,,NO_MATCH,,0
TXN2501157N8KHT,,NO_MATCH,,0
TXN2501150UHKGW,CDR202600009828,RECEIVER_OUTGOING_ACTIVITY,30,1
ATM250115KS246H,,NO_MATCH,,0
ATM25011585KKG3,,NO_MATCH,,0
TXN250115R88QMU,,NO_MATCH,,0
TXN2501156Y7IH2,,NO_MATCH,,0
TXN250115H8P4FT,CDR202600009847,RECEIVER_INCOMING_ACTIVITY,386,1
TXN250115NPY1IU,CDR202600009852,SENDER_INCOMING_ACTIVITY,79,1
ATM250115HSUEYC,CDR202600009853,SENDER_OUTGOING_ACTIVITY,202,1
TXN250115KD1XTY,,NO_MATCH,,0
TXN250115BUIR6C,,NO_MATCH,,0
TXN250115NUNCE0,CDR202600009859,SENDER_INCOMING_ACTIVITY,186,1
ATM250115PE0IOM,,NO_MATCH,,0
TXN250115XE843H,,NO_MATCH,,0
TXN250115QLRKEK,,NO_MATCH,,0
ATM2501152DI59M,,NO_MATCH,,0
TXN250115TFMB4E,,NO_MATCH,,0
TXN250115QGUMSB,,NO_MATCH,,0
ATM250115IIUIPB,,NO_MATCH,,0
TXN2501159L7X6B,,NO_MATCH,,0
TXN250115DSC36U,,NO_MATCH,,0
TXN250115664ULL,,NO_MATCH,,0
TXN250115I4LOEP,,NO_MATCH,,0
ATM250115PA7B92,,NO_MATCH,,0
TXN2501153VTZGA,,NO_MATCH,,0
TXN250115JT7KQX,,NO_MATCH,,0
ATM2501159WLR1S,,NO_MATCH,,0
ATM250115OLGFND,,NO_MATCH,,0
TXN250115Y79L9N,,NO_MATCH,,0
TXN250115CU7C0F,,NO_MATCH,,0
ATM250115WFFD0X,,NO_MATCH,,0
TXN250115AT8RX2,,NO_MATCH,,0
TXN2501151WQFNW,,NO_MATCH,,0
TXN250115E49DDW,,NO_MATCH,,0
TXN250115TBTVWC,,NO_MATCH,,0
TXN250115PNXH4B,,NO_MATCH,,0
ATM250115421M9D,,NO_MATCH,,0
TXN2501158HO4X3,,NO_MATCH,,0
ATM25011573AC54,,NO_MATCH,,0
TXN250115JQ7DI5,,NO_MATCH,,0
ATM250115OUOEEQ,,NO_MATCH,,0
TXN250115YCT7ZW,,NO_MATCH,,0
TXN250115R6L40H,,NO_MATCH,,0
TXN250115JPTP8E,,NO_MATCH,,0
TXN250115T2DOVO,CDR202600009936,SENDER_OUTGOING_ACTIVITY,-269,1
ATM250115VK0ZAP,,NO_MATCH,,0
ATM250115U2OQEI,,NO_MATCH,,0
TXN250115EWWR78,,NO_MATCH,,0
TXN250115J3C4KF,,NO_MATCH,,0
ATM2501168KKPSV,,NO_MATCH,,0
TXN2501166K7IYQ,,NO_MATCH,,0
TXN250116K9Q1GF,,NO_MATCH,,0
TXN250116PAKLMD,,NO_MATCH,,0
ATM250116QNTFME,,NO_MATCH,,0
TXN250116ZGU7YD,,NO_MATCH,,0
TXN250116JITSMU,,NO_MATCH,,0
TXN2501165PWJV6,,NO_MATCH,,0
TXN250116CD32TE,CDR202600009991,SENDER_OUTGOING_ACTIVITY,86,1
TXN2501160AEERG,,NO_MATCH,,0
TXN250116ANL6ZP,,NO_MATCH,,0
ATM250116VV0BFU,,NO_MATCH,,0
TXN2501164JBQBA,,NO_MATCH,,0
TXN250116NUBTB1,,NO_MATCH,,0
ATM2501164SE9AC,,NO_MATCH,,0
ATM2501162BOVLK,,NO_MATCH,,0
ATM250116CN1GE2,CDR202600010009,RECEIVER_OUTGOING_ACTIVITY,-252,1
TXN250116M8LOPD,CDR202600010004,SENDER_INCOMING_ACTIVITY,-813,1
ATM250116X3A35T,,NO_MATCH,,0
TXN250116R99ZJR,,NO_MATCH,,0
ATM25011648MLG6,CDR202600010024,RECEIVER_OUTGOING_ACTIVITY,486,1
TXN250116JV1RN2,,NO_MATCH,,0
ATM250116973X42,,NO_MATCH,,0
ATM2501167RZCGU,CDR202600010022,RECEIVER_OUTGOING_ACTIVITY,-762,1
TXN250116WKDFX1,,NO_MATCH,,0
ATM2501167JUPQ3,,NO_MATCH,,0
TXN250116KT67Q3,CDR202600010034,RECEIVER_INCOMING_ACTIVITY,-186,1
TXN2501165AR7QL,,NO_MATCH,,0
TXN2501161YEI8G,,NO_MATCH,,0
TXN2501168IJPU2,CDR202600010041,SENDER_OUTGOING_ACTIVITY,-744,1
ATM250116T54DKD,CDR202600010051,SENDER_INCOMING_ACTIVITY,-229,1
ATM25011617IZDU,CDR202600010045,RECEIVER_OUTGOING_ACTIVITY,-662,1
TXN250116TR34W2,,NO_MATCH,,0
ATM250116AZB6T7,,NO_MATCH,,0
TXN250116A9Z1ND,,NO_MATCH,,0
ATM2501163OIUSS,,NO_MATCH,,0
ATM250116JCRXP3,,NO_MATCH,,0
TXN250116CY3F2B,CDR202600010064,SENDER_OUTGOING_ACTIVITY,-192,1
TXN250116YG9RXB,CDR202600010068,SENDER_INCOMING_ACTIVITY,-689,1
TXN250116RIOAYQ,,NO_MATCH,,0
ATM250116VQ64QE,CDR202600010079,SENDER_OUTGOING_ACTIVITY,-97,1
TXN250116CV58AV,,NO_MATCH,,0
TXN2501163OYR87,CDR202600010084,RECEIVER_OUTGOING_ACTIVITY,-640,1
ATM250116PS8DIT,,NO_MATCH,,0
TXN250116LIZ1LB,,NO_MATCH,,0
ATM250116RV119G,CDR202600010097,RECEIVER_OUTGOING_ACTIVITY,376,1
TXN250116UZS0WI,,NO_MATCH,,0
ATM2501168WOHAN,,NO_MATCH,,0
ATM250116OZRHX1,CDR202600010109,RECEIVER_INCOMING_ACTIVITY,478,1
ATM250116DOSHHB,CDR202600010101,SENDER_OUTGOING_ACTIVITY,-105,1
TXN250116MP5W3O,,NO_MATCH,,0
ATM250116AURBMD,,NO_MATCH,,0
ATM250116GCHZJL,,NO_MATCH,,0
TXN2501160BGTHA,,NO_MATCH,,0
ATM250116OAY0SA,,NO_MATCH,,0
TXN250116Z3H7HA,,NO_MATCH,,0
ATM2501163W57P6,,NO_MATCH,,0
ATM250116O74GWG,,NO_MATCH,,0
ATM250116MPG2MH,CDR202600010125,SENDER_OUTGOING_ACTIVITY,224,1
TXN25011697VIUD,CDR202600010119,SENDER_OUTGOING_ACTIVITY,-602,1
ATM250116OQMS6H,,NO_MATCH,,0
ATM250116YQSIV2,,NO_MATCH,,0
TXN250116RNJU88,,NO_MATCH,,0
TXN2501168AKN9D,,NO_MATCH,,0
TXN250116FNSCWZ,,NO_MATCH,,0
ATM250116MQ8MNV,,NO_MATCH,,0
ATM2501160RZFVP,,NO_MATCH,,0
ATM250116GCC82U,,NO_MATCH,,0
TXN250116NFR6JM,,NO_MATCH,,0
TXN250116DPBLYF,,NO_MATCH,,0
ATM2501169OFSML,,NO_MATCH,,0
TXN250116K2ZTW3,,NO_MATCH,,0
ATM250116K1HLS5,,NO_MATCH,,0
TXN250116FRPTRD,CDR202600010181,RECEIVER_OUTGOING_ACTIVITY,448,1
ATM250116M7KXV5,,NO_MATCH,,0
TXN250116P6UDDA,,NO_MATCH,,0
TXN2501166YAIUR,,NO_MATCH,,0
TXN250116WX6AW6,,NO_MATCH,,0
ATM250116BMFIZX,CDR202600010188,SENDER_INCOMING_ACTIVITY,853,1
TXN250116XSVGWE,CDR202600010190,SENDER_OUTGOING_ACTIVITY,517,1
TXN250116VP0TAI,,NO_MATCH,,0
TXN250116I3MXVQ,,NO_MATCH,,0
TXN250116VWSXG8,,NO_MATCH,,0
TXN250116J9HO3N,,NO_MATCH,,0
TXN25011609LSAB,,NO_MATCH,,0
TXN2501166U1ILW,,NO_MATCH,,0
TXN250116JR2Y8D,,NO_MATCH,,0
TXN250116G16HCT,,NO_MATCH,,0
TXN250116STR0NR,,NO_MATCH,,0
ATM250116QIE4QQ,,NO_MATCH,,0
ATM250116MREFI5,CDR202600010186,SENDER_OUTGOING_ACTIVITY,-756,1
TXN2501163D9B81,,NO_MATCH,,0
TXN250116Q5M65E,CDR202600010207,SENDER_OUTGOING_ACTIVITY,44,1
TXN250116PHNKTY,CDR202600010225,RECEIVER_OUTGOING_ACTIVITY,818,1
ATM250116QQ7BAV,,NO_MATCH,,0
TXN2501160849MY,,NO_MATCH,,0
TXN250116AUO2I5,,NO_MATCH,,0
ATM250116X6SL0R,,NO_MATCH,,0
TXN250116SPJ0F0,,NO_MATCH,,0
TXN2501168OJD6L,,NO_MATCH,,0
TXN250116DPC8EB,CDR202600010231,SENDER_OUTGOING_ACTIVITY,176,1
TXN2501167X0M1M,CDR202600010232,RECEIVER_INCOMING_ACTIVITY,77,1
TXN250116WECHOB,CDR202600010227,SENDER_OUTGOING_ACTIVITY,-258,1
TXN250116EQDL6M,,NO_MATCH,,0
TXN2501167MS8UL,,NO_MATCH,,0
ATM2501164ISN3Y,CDR202600010238,RECEIVER_OUTGOING_ACTIVITY,-871,1
TXN250116VBYWX9,,NO_MATCH,,0
TXN25011687N8ZC,,NO_MATCH,,0
ATM2501165SN3E1,CDR202600010254,RECEIVER_INCOMING_ACTIVITY,-242,1
ATM250116KHTAX6,,NO_MATCH,,0
ATM250116T92RGI,,NO_MATCH,,0
TXN250116ZHU0DH,CDR202600010276,RECEIVER_OUTGOING_ACTIVITY,476,1
ATM250116FPMRJJ,,NO_MATCH,,0
ATM250116BEMYG0,,NO_MATCH,,0
TXN250116QGQC9D,,NO_MATCH,,0
TXN250116WRB779,CDR202600010271,RECEIVER_INCOMING_ACTIVITY,-429,1
TXN250116TUBYTW,,NO_MATCH,,0
TXN250116V5XAJV,CDR202600010283,RECEIVER_OUTGOING_ACTIVITY,-302,1
TXN2501166AQSIM,,NO_MATCH,,0
TXN2501168CSE2P,,NO_MATCH,,0
TXN2501168P46DU,,NO_MATCH,,0
TXN250116QBXM1X,,NO_MATCH,,0
TXN250116ZKFE8Q,,NO_MATCH,,0
ATM250116FHD3FB,,NO_MATCH,,0
TXN250116P3R135,,NO_MATCH,,0
ATM250116NBNGEI,,NO_MATCH,,0
ATM250116HHH8NP,,NO_MATCH,,0
ATM250116TZXYSE,CDR202600010314,RECEIVER_INCOMING_ACTIVITY,144,1
ATM250116O5GNGB,,NO_MATCH,,0
TXN250116URIORU,CDR202600010315,SENDER_INCOMING_ACTIVITY,-62,1
TXN250116OC79IH,,NO_MATCH,,0
TXN250116O6SCQW,,NO_MATCH,,0
ATM250116YPHGME,,NO_MATCH,,0
TXN250116XS06MY,,NO_MATCH,,0
ATM250116AM0RYY,,NO_MATCH,,0
ATM250116YPF989,,NO_MATCH,,0
TXN250116698Y68,,NO_MATCH,,0
ATM25011668MB75,CDR202600010328,RECEIVER_INCOMING_ACTIVITY,-118,1
ATM250116M2ZFQ1,,NO_MATCH,,0
ATM250116L4JBLV,,NO_MATCH,,0
TXN250116WPPU3V,CDR202600010324,SENDER_OUTGOING_ACTIVITY,-543,1
ATM250116CWIK3F,,NO_MATCH,,0
TXN2501165KVRQK,,NO_MATCH,,0
TXN250116IU8MXW,,NO_MATCH,,0
TXN250116DFZOJX,,NO_MATCH,,0
ATM250116CQJLKT,CDR202600010343,SENDER_INCOMING_ACTIVITY,-118,1
TXN2501165AVDOY,,NO_MATCH,,0
TXN250116WI3PRP,,NO_MATCH,,0
ATM250116N53C2P,,NO_MATCH,,0
TXN250116XFO5V9,,NO_MATCH,,0
TXN250116GZWXC1,CDR202600010357,RECEIVER_INCOMING_ACTIVITY,-129,1
TXN2501164PV2PX,,NO_MATCH,,0
TXN250116897GHH,,NO_MATCH,,0
TXN2501166KM5LL,,NO_MATCH,,0
TXN250116ICCT6T,CDR202600010375,SENDER_INCOMING_ACTIVITY,122,1
TXN250116TW8CDM,,NO_MATCH,,0
TXN250116SDO1HH,,NO_MATCH,,0
TXN250116MWRI7C,CDR202600010389,SENDER_OUTGOING_ACTIVITY,602,1
TXN250116RJLA1U,,NO_MATCH,,0
TXN250116B8KOOT,,NO_MATCH,,0
TXN250116VEKM8S,,NO_MATCH,,0
TXN250116DZ110K,,NO_MATCH,,0
TXN2501163C29HI,,NO_MATCH,,0
TXN250116886WM8,,NO_MATCH,,0
TXN2501167ZJYUR,,NO_MATCH,,0
ATM250116OO2EUF,CDR202600010406,SENDER_OUTGOING_ACTIVITY,599,1
TXN250116F8OK9O,,NO_MATCH,,0
TXN250116KVXHUV,,NO_MATCH,,0
TXN250116APEVGF,,NO_MATCH,,0
TXN250116T1QY6P,,NO_MATCH,,0
ATM250116CFL611,,NO_MATCH,,0
ATM25011678XLQ6,,NO_MATCH,,0
ATM250116IOA1KN,,NO_MATCH,,0
ATM250116ENLBUM,CDR202600010422,SENDER_OUTGOING_ACTIVITY,526,1
TXN2501165B7TSN,,NO_MATCH,,0
TXN250116U7MSUW,CDR202600010420,SENDER_INCOMING_ACTIVITY,-413,1
TXN250116YZ9CFG,,NO_MATCH,,0
ATM250116T85A8R,,NO_MATCH,,0
ATM250116SZ5UKL,,NO_MATCH,,0
ATM250116KGMNH5,,NO_MATCH,,0
TXN25011688DZGC,,NO_MATCH,,0
TXN250116IQYAYJ,,NO_MATCH,,0
TXN250116WUT9WR,,NO_MATCH,,0
TXN2501161FW72Z,,NO_MATCH,,0
TXN250116LF6EGO,,NO_MATCH,,0
TXN250116UHEDSF,,NO_MATCH,,0
TXN25011630UHLL,,NO_MATCH,,0
TXN250116AW6TDM,CDR202600010464,SENDER_INCOMING_ACTIVITY,688,1
ATM250116KRZATM,,NO_MATCH,,0
TXN250116074TFL,,NO_MATCH,,0
TXN250116HRGGN8,,NO_MATCH,,0
TXN250116H5CHO7,,NO_MATCH,,0
ATM250116C2DB2A,CDR202600010475,RECEIVER_INCOMING_ACTIVITY,478,1
TXN250116TQPDJB,,NO_MATCH,,0
ATM250116F3YVR2,,NO_MATCH,,0
TXN25011625NMNO,CDR202600010494,SENDER_OUTGOING_ACTIVITY,477,1
ATM250116MTCYWD,,NO_MATCH,,0
ATM250116MJHW0P,,NO_MATCH,,0
ATM250116J3C7EI,,NO_MATCH,,0
ATM250116ZSKDZ7,CDR202600060165,SENDER_OUTGOING_ACTIVITY,-600,1
TXN250116EDB5EZ,,NO_MATCH,,0
TXN2501161U7DXZ,,NO_MATCH,,0
TXN250116Q3S01Z,,NO_MATCH,,0
TXN250116GRTAVD,,NO_MATCH,,0
TXN250116QBNSC4,CDR202600010535,SENDER_OUTGOING_ACTIVITY,187,1
ATM2501162CTTHO,CDR202600010539,RECEIVER_OUTGOING_ACTIVITY,747,1
ATM250116H06H9N,,NO_MATCH,,0
TXN250116FMOLQQ,,NO_MATCH,,0
TXN2501166OFK4Y,,NO_MATCH,,0
ATM250116BT5DZ1,,NO_MATCH,,0
ATM2501167PSPNE,,NO_MATCH,,0
ATM250116JBFGFO,CDR202600010542,RECEIVER_OUTGOING_ACTIVITY,113,1
TXN250116DLXLZI,,NO_MATCH,,0
TXN2501166IOE59,CDR202600010549,SENDER_OUTGOING_ACTIVITY,-105,1
TXN250116I40P2O,,NO_MATCH,,0
ATM250116ZCX3RC,CDR202600010547,SENDER_OUTGOING_ACTIVITY,-475,1
TXN250116RX0CF9,,NO_MATCH,,0
TXN250116WJME9C,,NO_MATCH,,0
TXN250116634QUS,,NO_MATCH,,0
ATM250116DIOVF9,,NO_MATCH,,0
TXN2501169AXZM4,CDR202600010584,RECEIVER_OUTGOING_ACTIVITY,273,1
TXN2501162JUPOZ,,NO_MATCH,,0
TXN250116PG7O9H,,NO_MATCH,,0
TXN250116LFB6NW,,NO_MATCH,,0
TXN250116FV5QHU,,NO_MATCH,,0
TXN250116PSR4PP,,NO_MATCH,,0
TXN25011656SQVM,,NO_MATCH,,0
TXN2501163VIBBO,,NO_MATCH,,0
TXN250116VLQGE0,,NO_MATCH,,0
TXN250116QPKPE4,,NO_MATCH,,0
TXN25011679Z18L,,NO_MATCH,,0
TXN250116KI6JMS,,NO_MATCH,,0
TXN250116VZI1KA,,NO_MATCH,,0
ATM250116R557M8,,NO_MATCH,,0
TXN250116ZXVFKX,,NO_MATCH,,0
ATM250116QGAVK3,,NO_MATCH,,0
ATM250116RREFS1,,NO_MATCH,,0
TXN2501162WW7C5,,NO_MATCH,,0
TXN250116IXB0M6,,NO_MATCH,,0
ATM250117Y15AG1,,NO_MATCH,,0
TXN250117C3MD1T,,NO_MATCH,,0
ATM250117LQPWTX,,NO_MATCH,,0
TXN2501173OQ7EO,,NO_MATCH,,0
ATM25011771W4EK,,NO_MATCH,,0
ATM250117924JPS,,NO_MATCH,,0
TXN250117LHXQ6B,,NO_MATCH,,0
TXN250117NWSLWT,,NO_MATCH,,0
ATM250117QHJGDM,,NO_MATCH,,0
TXN2501179SZVJU,,NO_MATCH,,0
ATM2501179BIBHT,,NO_MATCH,,0
TXN250117IERANL,,NO_MATCH,,0
ATM250117ZYACN8,,NO_MATCH,,0
TXN250117OYP9H7,,NO_MATCH,,0
ATM250117JO9B4Y,,NO_MATCH,,0
TXN250117ZWM2Z7,,NO_MATCH,,0
TXN250117AF5S45,,NO_MATCH,,0
TXN250117KQGKOC,,NO_MATCH,,0
ATM250117VC845F,,NO_MATCH,,0
ATM250117M5ZOAJ,,NO_MATCH,,0
TXN250117U7YV0D,,NO_MATCH,,0
ATM250117BR7H8M,CDR202600010677,RECEIVER_OUTGOING_ACTIVITY,-334,1
ATM250117LAHLN3,,NO_MATCH,,0
ATM250117FOCESJ,,NO_MATCH,,0
TXN250117BPNBKP,,NO_MATCH,,0
TXN2501176BI170,,NO_MATCH,,0
TXN2501176S6JRT,,NO_MATCH,,0
TXN250117Y6S0C6,,NO_MATCH,,0
ATM250117O1DYBT,,NO_MATCH,,0
ATM250117CKL5IY,,NO_MATCH,,0
ATM250117I8G30I,CDR202600010707,SENDER_OUTGOING_ACTIVITY,-345,1
TXN250117RMK1SP,CDR202600010718,SENDER_OUTGOING_ACTIVITY,2,1
ATM250117GHV63T,,NO_MATCH,,0
TXN250117IT6N3P,,NO_MATCH,,0
ATM2501170JNMJE,,NO_MATCH,,0
ATM2501178NWOU2,,NO_MATCH,,0
ATM2501178W92H0,,NO_MATCH,,0
TXN2501171JB4HC,,NO_MATCH,,0
TXN250117JUQ4Y4,,NO_MATCH,,0
TXN25011792T0WW,,NO_MATCH,,0
ATM250117UPKP99,,NO_MATCH,,0
TXN250117UD97QC,,NO_MATCH,,0
TXN250117SN22UO,,NO_MATCH,,0
ATM250117GP7G7M,,NO_MATCH,,0
TXN250117R8ESKD,,NO_MATCH,,0
TXN2501172Z5NNP,,NO_MATCH,,0
TXN250117VAVHRU,,NO_MATCH,,0
ATM2501175TPG1S,,NO_MATCH,,0
TXN250117PI6YNT,,NO_MATCH,,0
TXN250117IYZWXT,,NO_MATCH,,0
TXN250117MFQEDT,,NO_MATCH,,0
TXN250117OHBQYX,,NO_MATCH,,0
TXN250117M6YRZC,,NO_MATCH,,0
ATM250117KX4MWN,CDR202600010817,RECEIVER_OUTGOING_ACTIVITY,-619,1
TXN250117AVSQNQ,,NO_MATCH,,0
TXN250117CPDIP7,,NO_MATCH,,0
TXN2501171IZ8K0,,NO_MATCH,,0
TXN250117BV232Y,,NO_MATCH,,0
TXN250117RNYZ7Z,,NO_MATCH,,0
TXN250117IMXA3J,,NO_MATCH,,0
TXN250117ACPJQB,,NO_MATCH,,0
TXN250117MRNMRR,,NO_MATCH,,0
TXN25011795ZQDU,CDR202600010847,SENDER_INCOMING_ACTIVITY,-893,1
ATM250117SCV9J0,,NO_MATCH,,0
TXN250117BZWLCR,CDR202600010853,RECEIVER_OUTGOING_ACTIVITY,-822,1
ATM250117AXHYCC,,NO_MATCH,,0
ATM250117IEGTUN,,NO_MATCH,,0
ATM250117ED3FMQ,,NO_MATCH,,0
TXN250117L9VLHS,,NO_MATCH,,0
TXN250117QL2SNR,,NO_MATCH,,0
ATM250117D9TJ9P,CDR202600010897,SENDER_OUTGOING_ACTIVITY,756,1
ATM25011792PNEG,,NO_MATCH,,0
ATM250117V3I7AL,,NO_MATCH,,0
TXN2501179TA6BF,,NO_MATCH,,0
ATM2501179JZOR1,,NO_MATCH,,0
ATM250117HRAZW7,,NO_MATCH,,0
TXN2501178DW3B3,,NO_MATCH,,0
TXN2501176JMJI4,,NO_MATCH,,0
TXN250117QON1FX,,NO_MATCH,,0
TXN2501173WCLPI,,NO_MATCH,,0
TXN2501179JB0MQ,,NO_MATCH,,0
ATM250117V8Q2FP,,NO_MATCH,,0
TXN250117V9YBH1,,NO_MATCH,,0
TXN250117LVT2FY,,NO_MATCH,,0
ATM25011766YRAX,,NO_MATCH,,0
ATM250117HVI1SC,,NO_MATCH,,0
TXN250117YKMH6R,,NO_MATCH,,0
ATM250117DPOBLF,,NO_MATCH,,0
TXN250117IHCM2J,,NO_MATCH,,0
TXN250117PG0FOW,CDR202600010941,RECEIVER_INCOMING_ACTIVITY,207,1
TXN2501173A7STO,,NO_MATCH,,0
ATM250117RYP0CS,,NO_MATCH,,0
ATM250117ZRQAEU,,NO_MATCH,,0
TXN250117F2X4T6,CDR202600010969,RECEIVER_INCOMING_ACTIVITY,334,1
ATM250117T3GKET,CDR202600010959,RECEIVER_OUTGOING_ACTIVITY,-327,1
TXN250117PQ2D39,CDR202600010967,RECEIVER_INCOMING_ACTIVITY,172,1
TXN250117V8VVYZ,,NO_MATCH,,0
ATM250117NZMQBL,,NO_MATCH,,0
TXN250117749VOO,,NO_MATCH,,0
ATM2501170E0LXG,,NO_MATCH,,0
TXN250117ILQ5A2,CDR202600010973,SENDER_OUTGOING_ACTIVITY,-464,1
TXN2501172N6SCO,CDR202600010995,SENDER_OUTGOING_ACTIVITY,737,1
ATM250117ZPC5ZF,CDR202600010977,RECEIVER_OUTGOING_ACTIVITY,-691,1
TXN250117FIM4Q0,,NO_MATCH,,0
TXN250117F5EZDX,,NO_MATCH,,0
TXN2501175REMI8,CDR202600011009,SENDER_OUTGOING_ACTIVITY,568,1
ATM250117DI4OM9,,NO_MATCH,,0
TXN2501177POWN4,CDR202600011001,RECEIVER_INCOMING_ACTIVITY,-276,1
TXN2501175FCCDF,,NO_MATCH,,0
TXN250117C6G44O,,NO_MATCH,,0
TXN250117L26GYM,,NO_MATCH,,0
TXN25011770KJ7I,,NO_MATCH,,0
TXN250117U47RTG,,NO_MATCH,,0
TXN250117CEUH1M,CDR202600011038,RECEIVER_INCOMING_ACTIVITY,680,1
TXN2501171OQMGO,,NO_MATCH,,0
ATM250117G5TOF8,,NO_MATCH,,0
TXN250117C616IX,CDR202600011044,SENDER_OUTGOING_ACTIVITY,13,1
ATM2501172II8TX,CDR202600011046,RECEIVER_INCOMING_ACTIVITY,50,1
TXN250117F1DWF1,,NO_MATCH,,0
TXN250117AEEAG5,CDR202600011065,SENDER_OUTGOING_ACTIVITY,642,1
TXN250117GFHTW2,,NO_MATCH,,0
TXN2501177RPJ2S,,NO_MATCH,,0
ATM250117ZZWA7O,,NO_MATCH,,0
ATM250117W1OFOM,,NO_MATCH,,0
ATM250117MWYH2N,,NO_MATCH,,0
ATM250117JY59LZ,,NO_MATCH,,0
TXN250117EUNUIL,,NO_MATCH,,0
ATM250117UWLTM4,,NO_MATCH,,0
TXN2501176SS5X3,CDR202600011094,RECEIVER_INCOMING_ACTIVITY,531,1
ATM2501175O9QUL,,NO_MATCH,,0
TXN250117D41AFJ,,NO_MATCH,,0
TXN250117S81NIN,,NO_MATCH,,0
TXN250117H1ZMCJ,,NO_MATCH,,0
TXN250117HW4U2Z,,NO_MATCH,,0
ATM250117KZP8VE,,NO_MATCH,,0
TXN25011765SLDG,,NO_MATCH,,0
TXN250117OSH6Y8,CDR202600011116,SENDER_OUTGOING_ACTIVITY,-25,1
TXN250117ZUSI6J,,NO_MATCH,,0
TXN250117DW82OF,,NO_MATCH,,0
TXN2501178DT24G,,NO_MATCH,,0
TXN2501170UDD3U,,NO_MATCH,,0
TXN2501179W71AY,,NO_MATCH,,0
ATM250117NUB93F,,NO_MATCH,,0
ATM2501177NQBX8,CDR202600011124,SENDER_OUTGOING_ACTIVITY,-170,1
TXN2501172W15NH,,NO_MATCH,,0
ATM250117DALMBH,,NO_MATCH,,0
TXN250117FU3Q0E,,NO_MATCH,,0
TXN250117ZVF37U,,NO_MATCH,,0
ATM250117EVSD9J,,NO_MATCH,,0
TXN250117Q721T5,,NO_MATCH,,0
TXN250117AW3520,CDR202600011140,RECEIVER_INCOMING_ACTIVITY,-900,1
TXN250117FC83RM,,NO_MATCH,,0
ATM250117UU0ILJ,,NO_MATCH,,0
TXN250117MCHJCU,,NO_MATCH,,0
ATM250117UDNM7Q,,NO_MATCH,,0
TXN250117SJVXIQ,,NO_MATCH,,0
TXN25011773C8O8,,NO_MATCH,,0
ATM250117O3YQYY,,NO_MATCH,,0
TXN250117MUX9MG,,NO_MATCH,,0
ATM2501175XSWT0,,NO_MATCH,,0
TXN250117JE2FF6,,NO_MATCH,,0
TXN250117ZNH4NH,,NO_MATCH,,0
TXN2501171C3OGF,,NO_MATCH,,0
TXN250117L8JLOP,,NO_MATCH,,0
TXN25011740EJXD,,NO_MATCH,,0
ATM2501174RLWYD,CDR202600011224,RECEIVER_INCOMING_ACTIVITY,-243,1
TXN2501179QJN4Q,,NO_MATCH,,0
TXN250117CLOBZQ,,NO_MATCH,,0
TXN250117CDYKLE,,NO_MATCH,,0
TXN250117BB9FR8,,NO_MATCH,,0
TXN250117EAX7RM,,NO_MATCH,,0
TXN250117JF7GBI,,NO_MATCH,,0
TXN2501171QSGVR,,NO_MATCH,,0
TXN250117RFB35K,,NO_MATCH,,0
ATM250117JH73S7,,NO_MATCH,,0
ATM250117H7NUYZ,,NO_MATCH,,0
ATM250117VD4TQF,,NO_MATCH,,0
TXN2501179W2DEY,,NO_MATCH,,0
TXN250117RF8TG3,,NO_MATCH,,0
TXN250117Z012TK,,NO_MATCH,,0
ATM250117O9N1IM,,NO_MATCH,,0
TXN250117R4PIV5,CDR202600060083,SENDER_OUTGOING_ACTIVITY,-600,1
TXN250117IRVEPM,,NO_MATCH,,0
TXN250117SRLPZB,,NO_MATCH,,0
ATM25011731DY0R,,NO_MATCH,,0
TXN250117PBCWIZ,,NO_MATCH,,0
TXN250117G2Y2ZI,,NO_MATCH,,0
TXN2501174U7UQ6,,NO_MATCH,,0
TXN250117Y6ZHE6,,NO_MATCH,,0
ATM2501172Z2YZ7,,NO_MATCH,,0
TXN2501170X5GMN,,NO_MATCH,,0
ATM250117XNP6WT,,NO_MATCH,,0
TXN250117LFWGDQ,,NO_MATCH,,0
ATM250117TC10UB,,NO_MATCH,,0
TXN250117DA9UZX,,NO_MATCH,,0
ATM250117M5MTYH,,NO_MATCH,,0
TXN250117XO5B77,,NO_MATCH,,0
ATM2501177ICWP2,,NO_MATCH,,0
TXN250117PVN724,,NO_MATCH,,0
ATM250118UYBHL7,,NO_MATCH,,0
TXN250118XO051R,,NO_MATCH,,0
ATM250118Y9Q81F,,NO_MATCH,,0
TXN250118ERJCCU,,NO_MATCH,,0
TXN250118VS04P0,,NO_MATCH,,0
TXN250118N7HCFT,,NO_MATCH,,0
TXN250118W0IILG,,NO_MATCH,,0
ATM250118LKFCEZ,,NO_MATCH,,0
TXN250118CJUAUY,,NO_MATCH,,0
ATM2501180VSH25,,NO_MATCH,,0
ATM250118IGK76A,,NO_MATCH,,0
ATM250118SR6230,,NO_MATCH,,0
TXN250118J3S0Y0,,NO_MATCH,,0
ATM250118ZSP1FZ,,NO_MATCH,,0
ATM250118BJ0USF,,NO_MATCH,,0
ATM250118ZSDHG4,,NO_MATCH,,0
TXN250118K6HJ25,CDR202600011371,RECEIVER_OUTGOING_ACTIVITY,299,1
TXN2501183X7NLX,CDR202600011376,SENDER_INCOMING_ACTIVITY,895,1
TXN250118XI7UW4,,NO_MATCH,,0
TXN250118YH99Y1,,NO_MATCH,,0
TXN250118X1UII6,,NO_MATCH,,0
TXN250118OM6QUI,,NO_MATCH,,0
ATM2501182U2VDN,,NO_MATCH,,0
TXN250118U2ZC9B,,NO_MATCH,,0
TXN250118GLEN8F,,NO_MATCH,,0
ATM250118X8HNUB,,NO_MATCH,,0
TXN2501188THSBN,,NO_MATCH,,0
TXN2501180BUE7H,,NO_MATCH,,0
TXN250118SRVQX3,CDR202600011393,RECEIVER_INCOMING_ACTIVITY,884,1
TXN250118VL4F8Y,,NO_MATCH,,0
ATM250118YWOBGE,CDR202600011396,RECEIVER_OUTGOING_ACTIVITY,122,1
ATM250118WBEZO5,,NO_MATCH,,0
ATM250118UAZA0U,CDR202600011398,SENDER_INCOMING_ACTIVITY,71,1
TXN2501180V79UT,,NO_MATCH,,0
TXN250118NDC690,,NO_MATCH,,0
TXN2501189B2BAF,,NO_MATCH,,0
TXN2501188J4E49,,NO_MATCH,,0
TXN250118VP5A4G,,NO_MATCH,,0
TXN2501180JMBI4,,NO_MATCH,,0
ATM250118CWHF1J,,NO_MATCH,,0
TXN2501182ODFEW,CDR202600060154,SENDER_OUTGOING_ACTIVITY,-540,1
ATM250118BIXSWD,,NO_MATCH,,0
ATM250118EH35K9,,NO_MATCH,,0
TXN25011820RHWP,,NO_MATCH,,0
TXN2501184JSMEJ,,NO_MATCH,,0
TXN250118JV3SQW,,NO_MATCH,,0
TXN250118LHHP38,,NO_MATCH,,0
ATM2501184E4YM7,,NO_MATCH,,0
ATM250118YHBK50,,NO_MATCH,,0
TXN2501182LJ3KY,,NO_MATCH,,0
TXN250118GDI2KN,,NO_MATCH,,0
ATM250118VOXGGQ,,NO_MATCH,,0
ATM250118NE8QBI,,NO_MATCH,,0
TXN250118FDGV3S,,NO_MATCH,,0
TXN250118YSGI6S,,NO_MATCH,,0
TXN2501189HCS4P,,NO_MATCH,,0
ATM250118ST1BYJ,CDR202600011492,SENDER_OUTGOING_ACTIVITY,84,1
TXN250118T2RIP4,CDR202600011488,SENDER_OUTGOING_ACTIVITY,-433,1
ATM2501182R8H0Z,,NO_MATCH,,0
ATM2501183YVOCE,,NO_MATCH,,0
TXN250118ES59VV,,NO_MATCH,,0
TXN250118B46HXE,,NO_MATCH,,0
TXN250118JMMYXB,,NO_MATCH,,0
TXN2501183OID0H,CDR202600011496,SENDER_INCOMING_ACTIVITY,-656,1
ATM250118PQ7MCJ,,NO_MATCH,,0
ATM2501183Z76F5,,NO_MATCH,,0
ATM250118ASTN9Y,,NO_MATCH,,0
TXN250118N1KIDY,,NO_MATCH,,0
TXN2501183S8E7I,,NO_MATCH,,0
TXN250118ODC95M,CDR202600011528,RECEIVER_OUTGOING_ACTIVITY,663,1
ATM250118STG5OT,,NO_MATCH,,0
TXN25011845K7CE,,NO_MATCH,,0
TXN250118WFDIW5,CDR202600011518,RECEIVER_OUTGOING_ACTIVITY,-831,1
TXN250118O08C9J,CDR202600011535,RECEIVER_INCOMING_ACTIVITY,237,1
TXN2501185WZCCA,,NO_MATCH,,0
ATM2501188S71WH,,NO_MATCH,,0
TXN250118H3ZEEO,,NO_MATCH,,0
ATM250118Y5UDKI,,NO_MATCH,,0
TXN25011814F40Y,,NO_MATCH,,0
TXN2501182HP8PT,CDR202600011538,SENDER_OUTGOING_ACTIVITY,-736,1
ATM250118GC291Y,,NO_MATCH,,0
TXN25011844G529,,NO_MATCH,,0
ATM250118G0CJHM,,NO_MATCH,,0
ATM250118TS0RVD,,NO_MATCH,,0
ATM2501188G3F01,,NO_MATCH,,0
ATM250118XOBCRE,,NO_MATCH,,0
TXN250118DUYVKS,CDR202600011571,RECEIVER_OUTGOING_ACTIVITY,238,1
TXN250118VHRVCQ,,NO_MATCH,,0
ATM250118YHPDCF,CDR202600011585,SENDER_OUTGOING_ACTIVITY,406,1
TXN250118CLUZ54,CDR202600060235,SENDER_OUTGOING_ACTIVITY,158,1
TXN250118UMPNHU,,NO_MATCH,,0
ATM2501184P2I3E,CDR202600011595,RECEIVER_OUTGOING_ACTIVITY,171,1
ATM250118Z8VW71,CDR202600011593,SENDER_OUTGOING_ACTIVITY,-51,1
TXN250118QTJPRV,CDR202600011598,SENDER_OUTGOING_ACTIVITY,-28,1
TXN250118S8J05C,CDR202600011612,SENDER_INCOMING_ACTIVITY,209,1
TXN250118LRJIMS,CDR202600011608,RECEIVER_INCOMING_ACTIVITY,-64,1
TXN2501184X3LIP,CDR202600011614,RECEIVER_OUTGOING_ACTIVITY,-130,1
TXN250118YPMV9M,CDR202600011623,SENDER_INCOMING_ACTIVITY,164,1
ATM250118HMFBMR,,NO_MATCH,,0
ATM250118SK1IDW,CDR202600011618,RECEIVER_OUTGOING_ACTIVITY,35,1
TXN250118FCFVFT,,NO_MATCH,,0
ATM250118KDDD38,,NO_MATCH,,0
ATM250118YLSAST,CDR202600011623,SENDER_OUTGOING_ACTIVITY,-205,1
TXN250118XVOOHY,CDR202600011639,SENDER_OUTGOING_ACTIVITY,430,1
TXN2501185PETMF,,NO_MATCH,,0
ATM250118K9GTQK,,NO_MATCH,,0
ATM2501188UIEJ8,CDR202600011655,SENDER_OUTGOING_ACTIVITY,654,1
TXN250118G4GAZS,CDR202600011633,SENDER_OUTGOING_ACTIVITY,-401,1
ATM250118QNC398,CDR202600011657,RECEIVER_INCOMING_ACTIVITY,471,1
TXN250118UAOO31,,NO_MATCH,,0
ATM250118XJZ0V3,CDR202600011667,RECEIVER_INCOMING_ACTIVITY,380,1
ATM250118U729V0,CDR202600011657,SENDER_OUTGOING_ACTIVITY,-518,1
ATM250118J6JEV7,,NO_MATCH,,0
ATM250118BMR90I,,NO_MATCH,,0
ATM250118VT4ITE,,NO_MATCH,,0
ATM250118KGJR9I,,NO_MATCH,,0
TXN250118V1PXI3,,NO_MATCH,,0
TXN2501188THW09,,NO_MATCH,,0
ATM250118QZDQUA,,NO_MATCH,,0
TXN250118FBCKSC,CDR202600011686,SENDER_INCOMING_ACTIVITY,-860,1
TXN250118TSK0FN,CDR202600011698,SENDER_OUTGOING_ACTIVITY,-527,1
TXN250118NDAJHT,,NO_MATCH,,0
TXN250118CBJBA9,CDR202600011702,SENDER_INCOMING_ACTIVITY,-418,1
ATM25011879B0Y0,,NO_MATCH,,0
TXN250118CSUFYI,CDR202600011728,SENDER_OUTGOING_ACTIVITY,843,1
TXN250118N8VDBK,,NO_MATCH,,0
TXN250118EP78RK,,NO_MATCH,,0
TXN250118N75YF3,,NO_MATCH,,0
TXN250118XY2AKH,,NO_MATCH,,0
ATM250118YE9A20,,NO_MATCH,,0
ATM2501188OY28W,,NO_MATCH,,0
TXN250118FS8X10,,NO_MATCH,,0
TXN250118W1TSF1,,NO_MATCH,,0
TXN250118NORED1,,NO_MATCH,,0
TXN250118D64J2A,,NO_MATCH,,0
TXN250118KJ3T4Y,CDR202600011748,SENDER_OUTGOING_ACTIVITY,164,1
ATM250118UO9VHI,CDR202600011749,SENDER_OUTGOING_ACTIVITY,222,1
TXN250118TRE07A,,NO_MATCH,,0
ATM250118LZRCRD,CDR202600011767,SENDER_INCOMING_ACTIVITY,786,1
ATM2501180NDAEE,,NO_MATCH,,0
TXN250118XT2UVC,,NO_MATCH,,0
TXN25011838MVEQ,,NO_MATCH,,0
TXN250118PQPKYP,CDR202600011779,SENDER_OUTGOING_ACTIVITY,571,1
ATM250118NXX9KO,,NO_MATCH,,0
TXN250118C4DUZY,,NO_MATCH,,0
TXN250118QZRAI2,CDR202600011784,RECEIVER_INCOMING_ACTIVITY,-52,1
TXN2501182KCKS5,,NO_MATCH,,0
TXN250118BNGQYN,,NO_MATCH,,0
TXN250118NBAXNU,CDR202600011799,RECEIVER_OUTGOING_ACTIVITY,-354,1
ATM25011860JBGN,,NO_MATCH,,0
TXN250118QP252G,,NO_MATCH,,0
TXN250118ZFV3ZK,,NO_MATCH,,0
TXN250118UXEFBO,,NO_MATCH,,0
ATM25011893UCRH,CDR202600011823,SENDER_INCOMING_ACTIVITY,553,1
TXN250118PTIQY6,,NO_MATCH,,0
TXN2501180F6YU7,,NO_MATCH,,0
TXN250118H1V8YT,,NO_MATCH,,0
TXN250118L6SRYW,,NO_MATCH,,0
TXN250118GVKZKT,,NO_MATCH,,0
TXN250118TD78P4,CDR202600011834,SENDER_OUTGOING_ACTIVITY,769,1
TXN2501182Y26JA,CDR202600011826,RECEIVER_INCOMING_ACTIVITY,-58,1
TXN250118Y4BD3H,,NO_MATCH,,0
TXN2501182I3N50,,NO_MATCH,,0
TXN2501185X23NB,,NO_MATCH,,0
ATM2501187KI9JA,,NO_MATCH,,0
TXN2501188IA6IU,,NO_MATCH,,0
TXN250118G2KSF0,,NO_MATCH,,0
TXN250118WNW95K,CDR202600011844,SENDER_OUTGOING_ACTIVITY,847,1
TXN250118GK0212,,NO_MATCH,,0
ATM250118TA1USJ,,NO_MATCH,,0
TXN250118MB2NYY,,NO_MATCH,,0
TXN250118IKXJBV,,NO_MATCH,,0
TXN2501184PYIX9,,NO_MATCH,,0
TXN250118LMHC9N,,NO_MATCH,,0
TXN25011817QYZJ,,NO_MATCH,,0
TXN25011850EF5G,CDR202600011844,SENDER_OUTGOING_ACTIVITY,-881,1
ATM250118XLYCZY,,NO_MATCH,,0
ATM250118JIZQ06,,NO_MATCH,,0
TXN250118W5CY3Z,,NO_MATCH,,0
TXN250118Y5A9X9,,NO_MATCH,,0
TXN2501188GVWRQ,CDR202600011874,SENDER_INCOMING_ACTIVITY,-175,1
TXN250118UIBO79,,NO_MATCH,,0
TXN250118I43KRT,,NO_MATCH,,0
TXN250118CHZHWN,,NO_MATCH,,0
TXN250118ZHONEQ,CDR202600011891,SENDER_OUTGOING_ACTIVITY,-145,1
TXN2501181KWIKY,,NO_MATCH,,0
ATM250118U7L1HI,,NO_MATCH,,0
ATM25011856LHF0,,NO_MATCH,,0
ATM250118JPILPF,,NO_MATCH,,0
TXN25011857726T,,NO_MATCH,,0
ATM2501185EFVGG,,NO_MATCH,,0
ATM250118MMUDAE,CDR202600011915,RECEIVER_OUTGOING_ACTIVITY,299,1
TXN25011820AQYK,,NO_MATCH,,0
ATM2501184B5L20,CDR202600011919,RECEIVER_OUTGOING_ACTIVITY,-79,1
ATM250118G9Q2N8,,NO_MATCH,,0
ATM250118C8L0BN,,NO_MATCH,,0
TXN250118RYZFUT,,NO_MATCH,,0
ATM250118043GC8,,NO_MATCH,,0
TXN2501181FAUK6,,NO_MATCH,,0
ATM250118ZUCR2J,,NO_MATCH,,0
TXN250118F8DBSC,,NO_MATCH,,0
TXN2501180G8H99,,NO_MATCH,,0
TXN2501180R79FY,,NO_MATCH,,0
TXN250118R4W1FZ,,NO_MATCH,,0
TXN250118E9LJZQ,CDR202600011953,RECEIVER_INCOMING_ACTIVITY,-610,1
ATM250118S9EBBV,,NO_MATCH,,0
TXN250118NNYOVL,,NO_MATCH,,0
TXN250118E2WSB5,,NO_MATCH,,0
ATM250118A3MXTB,,NO_MATCH,,0
ATM250118AY0N23,,NO_MATCH,,0
ATM25011893GLCQ,,NO_MATCH,,0
ATM2501188XWXYM,,NO_MATCH,,0
TXN2501181PKSXH,,NO_MATCH,,0
ATM250118W0F13O,,NO_MATCH,,0
ATM250118SIVM6P,CDR202600011972,SENDER_INCOMING_ACTIVITY,848,1
TXN250119W0PTLW,,NO_MATCH,,0
TXN250119VKFWLC,,NO_MATCH,,0
TXN25011985OG8T,,NO_MATCH,,0
TXN250119HZGTI7,,NO_MATCH,,0
TXN25011957G363,,NO_MATCH,,0
TXN250119PFT8ML,,NO_MATCH,,0
TXN2501194GK2JB,,NO_MATCH,,0
ATM2501199VPYSI,,NO_MATCH,,0
TXN250119TTKTGW,,NO_MATCH,,0
ATM250119I4GJUY,,NO_MATCH,,0
TXN250119J8AIDP,,NO_MATCH,,0
TXN250119V8EY4N,,NO_MATCH,,0
ATM250119Q2NFCT,,NO_MATCH,,0
TXN250119GM14Z5,,NO_MATCH,,0
TXN250119UIA9W6,,NO_MATCH,,0
TXN250119GZ8YY3,,NO_MATCH,,0
TXN250119JMQ9LW,,NO_MATCH,,0
TXN250119ZYM509,,NO_MATCH,,0
ATM250119NTYF9S,,NO_MATCH,,0
ATM2501194H7B6P,CDR202600012045,RECEIVER_OUTGOING_ACTIVITY,-867,1
TXN2501191LC1AU,,NO_MATCH,,0
TXN250119AWOZO6,,NO_MATCH,,0
ATM2501194J5J51,,NO_MATCH,,0
TXN250119X97YXR,,NO_MATCH,,0
ATM250119KOUUWH,CDR202600012077,SENDER_INCOMING_ACTIVITY,464,1
TXN250119F1QP5Y,,NO_MATCH,,0
TXN2501196LUX3M,,NO_MATCH,,0
TXN2501191KRSQR,,NO_MATCH,,0
ATM2501198HIE5S,,NO_MATCH,,0
TXN250119ZTTH0S,CDR202600012084,RECEIVER_OUTGOING_ACTIVITY,-546,1
ATM250119E2VIO7,,NO_MATCH,,0
TXN250119V1WOVT,,NO_MATCH,,0
TXN250119OKZ4KB,CDR202600012094,SENDER_INCOMING_ACTIVITY,-175,1
TXN250119PETAO6,CDR202600060051,SENDER_OUTGOING_ACTIVITY,-60,1
TXN250119O5H865,,NO_MATCH,,0
TXN250119AFIJUX,,NO_MATCH,,0
TXN250119U6WY8J,,NO_MATCH,,0
ATM250119P6V3MR,,NO_MATCH,,0
TXN250119TY35V1,,NO_MATCH,,0
TXN250119HO7DCG,,NO_MATCH,,0
TXN2501198NQ4WU,,NO_MATCH,,0
TXN250119NM4ZJ4,,NO_MATCH,,0
TXN250119Q55CY0,,NO_MATCH,,0
ATM250119IHO0QA,,NO_MATCH,,0
TXN250119TRNCPP,,NO_MATCH,,0
ATM250119BEGCXR,CDR202600012145,RECEIVER_OUTGOING_ACTIVITY,380,1
TXN250119887E96,,NO_MATCH,,0
ATM250119INO1KU,,NO_MATCH,,0
TXN250119NJDWU3,,NO_MATCH,,0
TXN250119580LA1,,NO_MATCH,,0
TXN250119GH760I,CDR202600012153,SENDER_INCOMING_ACTIVITY,39,1
TXN250119CW4JHP,,NO_MATCH,,0
TXN250119QDTLIK,CDR202600012173,RECEIVER_INCOMING_ACTIVITY,484,1
TXN250119424U64,CDR202600012179,SENDER_OUTGOING_ACTIVITY,886,1
TXN250119RE1BEK,,NO_MATCH,,0
ATM250119EODC3K,,NO_MATCH,,0
TXN250119NCGZI5,,NO_MATCH,,0
TXN250119NIGA7G,,NO_MATCH,,0
ATM2501196ARB8Q,,NO_MATCH,,0
TXN250119PW37Y8,,NO_MATCH,,0
ATM250119TO02MF,CDR202600012182,SENDER_OUTGOING_ACTIVITY,-313,1
TXN250119OKD7W4,,NO_MATCH,,0
TXN2501193EIYYX,CDR202600012200,RECEIVER_OUTGOING_ACTIVITY,670,1
ATM25011926OSEV,,NO_MATCH,,0
TXN2501198GB507,,NO_MATCH,,0
TXN250119FEY2B2,CDR202600012200,RECEIVER_OUTGOING_ACTIVITY,195,1
TXN25011929NNC8,,NO_MATCH,,0
TXN2501199FB55Y,CDR202600012196,SENDER_OUTGOING_ACTIVITY,-542,1
TXN250119EMKYGA,,NO_MATCH,,0
ATM250119X0TIKO,,NO_MATCH,,0
TXN2501196ZR8YW,,NO_MATCH,,0
ATM250119F0DZWM,,NO_MATCH,,0
TXN250119NTEM4L,,NO_MATCH,,0
TXN250119F1NIY9,,NO_MATCH,,0
ATM250119AEKPW0,,NO_MATCH,,0
TXN2501196267EK,,NO_MATCH,,0
ATM250119CHFAUN,,NO_MATCH,,0
ATM250119JAUY4A,,NO_MATCH,,0
TXN250119VE1YCN,,NO_MATCH,,0
ATM250119UU49OO,,NO_MATCH,,0
TXN25011961OJSX,,NO_MATCH,,0
TXN250119EIPHGY,,NO_MATCH,,0
TXN250119TJKODG,CDR202600012261,SENDER_OUTGOING_ACTIVITY,312,1
ATM2501197OB49U,CDR202600012270,RECEIVER_OUTGOING_ACTIVITY,806,1
TXN250119B6K6D7,,NO_MATCH,,0
TXN250119ZKF5MW,,NO_MATCH,,0
TXN250119QJ6T28,CDR202600012279,RECEIVER_OUTGOING_ACTIVITY,542,1
TXN250119348BUO,,NO_MATCH,,0
TXN250119FBB7MO,,NO_MATCH,,0
ATM250119AFZ2GC,CDR202600012269,SENDER_INCOMING_ACTIVITY,-370,1
ATM2501195OX97K,,NO_MATCH,,0
ATM250119WO3BGE,,NO_MATCH,,0
TXN250119WZZKGB,,NO_MATCH,,0
ATM250119GZMVJ8,,NO_MATCH,,0
TXN2501193T5DSM,,NO_MATCH,,0
TXN2501192GWTWK,,NO_MATCH,,0
TXN250119PJFW6R,CDR202600012336,SENDER_OUTGOING_ACTIVITY,878,1
TXN2501195Y8X1E,CDR202600012344,RECEIVER_OUTGOING_ACTIVITY,606,1
TXN250119HCDQO6,,NO_MATCH,,0
ATM250119A315O9,,NO_MATCH,,0
TXN250119UOK2FN,,NO_MATCH,,0
ATM2501191ASOZL,,NO_MATCH,,0
TXN250119AKIXAV,,NO_MATCH,,0
TXN2501195C00M7,,NO_MATCH,,0
TXN250119KL9W3H,CDR202600012355,SENDER_INCOMING_ACTIVITY,469,1
TXN250119MEPAEY,,NO_MATCH,,0
TXN250119VB4L2R,CDR202600012364,SENDER_OUTGOING_ACTIVITY,897,1
TXN250119OE61M9,,NO_MATCH,,0
ATM250119JXHPRU,,NO_MATCH,,0
TXN2501197UR1QB,,NO_MATCH,,0
ATM250119E9OZ03,,NO_MATCH,,0
TXN2501190STLHW,,NO_MATCH,,0
TXN250119JOBLKU,,NO_MATCH,,0
ATM250119GV54WL,,NO_MATCH,,0
ATM250119MWB6DO,,NO_MATCH,,0
TXN25011978XTV9,,NO_MATCH,,0
TXN2501190CYA28,CDR202600012370,SENDER_INCOMING_ACTIVITY,-260,1
TXN25011972Y1G3,,NO_MATCH,,0
TXN250119MEW4YN,CDR202600012385,RECEIVER_OUTGOING_ACTIVITY,523,1
ATM250119JH9GHT,,NO_MATCH,,0
TXN250119LVHMWB,CDR202600012385,SENDER_OUTGOING_ACTIVITY,101,1
ATM250119K1LLZS,,NO_MATCH,,0
ATM250119ZCU2LF,CDR202600012401,SENDER_OUTGOING_ACTIVITY,207,1
TXN250119JL7F19,,NO_MATCH,,0
TXN250119ZBC5BD,,NO_MATCH,,0
TXN2501198CSITA,,NO_MATCH,,0
ATM250119UW40Q8,,NO_MATCH,,0
ATM250119UATVDK,,NO_MATCH,,0
TXN250119A66EBS,CDR202600012415,SENDER_INCOMING_ACTIVITY,39,1
ATM2501191OCGKJ,,NO_MATCH,,0
ATM250119I0WHC9,CDR202600012414,SENDER_OUTGOING_ACTIVITY,-461,1
TXN2501199MPZRY,,NO_MATCH,,0
ATM250119Z3HZQ2,,NO_MATCH,,0
ATM250119Q7FVI7,,NO_MATCH,,0
ATM2501191016OJ,,NO_MATCH,,0
TXN2501198UKN1V,,NO_MATCH,,0
TXN250119LE03T2,,NO_MATCH,,0
ATM250119JCV2L0,,NO_MATCH,,0
TXN25011932ELJV,CDR202600012442,SENDER_INCOMING_ACTIVITY,174,1
TXN250119H7AU3K,,NO_MATCH,,0
TXN250119SJYN1H,,NO_MATCH,,0
TXN250119HG94FS,,NO_MATCH,,0
TXN250119LTT0SK,,NO_MATCH,,0
ATM250119BY2EWC,CDR202600012451,SENDER_OUTGOING_ACTIVITY,-220,1
ATM250119LLX1AG,,NO_MATCH,,0
TXN25011901ZIZT,,NO_MATCH,,0
TXN250119B0KIFQ,,NO_MATCH,,0
ATM250119ZE6POT,,NO_MATCH,,0
TXN250119UR0MRL,CDR202600012460,SENDER_INCOMING_ACTIVITY,-363,1
TXN250119HD5MGI,,NO_MATCH,,0
TXN250119XGSP2O,,NO_MATCH,,0
TXN250119R4YULL,,NO_MATCH,,0
TXN250119M0MBBV,,NO_MATCH,,0
TXN250119BPFJTD,,NO_MATCH,,0
ATM250119CKM3IS,CDR202600012465,RECEIVER_INCOMING_ACTIVITY,-301,1
TXN250119DF696C,CDR202600012484,SENDER_OUTGOING_ACTIVITY,895,1
ATM250119FZ3TV7,,NO_MATCH,,0
TXN250119X7B9NY,CDR202600012484,SENDER_OUTGOING_ACTIVITY,475,1
TXN250119N47DVJ,CDR202600012484,SENDER_OUTGOING_ACTIVITY,415,1
TXN250119VQMRQS,CDR202600012484,SENDER_OUTGOING_ACTIVITY,355,1
TXN250119Z0EUA7,CDR202600012484,SENDER_OUTGOING_ACTIVITY,295,1
TXN250119RSATC8,CDR202600012494,SENDER_INCOMING_ACTIVITY,713,1
TXN250119CI9Y7G,CDR202600012475,RECEIVER_OUTGOING_ACTIVITY,-421,1
TXN250119QLL4SS,,NO_MATCH,,0
TXN250119NNIIO6,CDR202600012484,SENDER_OUTGOING_ACTIVITY,55,1
TXN2501199MQGEC,CDR202600012484,SENDER_OUTGOING_ACTIVITY,-125,1
TXN2501197VPMXB,,NO_MATCH,,0
TXN250119ROZT4B,CDR202600012484,SENDER_OUTGOING_ACTIVITY,-245,1
TXN250119HP9I38,,NO_MATCH,,0
TXN2501199132OB,,NO_MATCH,,0
ATM250119HK9ENG,,NO_MATCH,,0
ATM2501191RMGY2,,NO_MATCH,,0
TXN2501196T17W1,,NO_MATCH,,0
TXN250119ZR3HE7,,NO_MATCH,,0
TXN250119X7264X,,NO_MATCH,,0
TXN2501192T5KAK,,NO_MATCH,,0
ATM250119NNF9LN,,NO_MATCH,,0
TXN250119TYHHHX,,NO_MATCH,,0
TXN250119UWJEIY,,NO_MATCH,,0
TXN2501190CL3C7,,NO_MATCH,,0
ATM250119L6E5AO,,NO_MATCH,,0
TXN250119DK7XEB,,NO_MATCH,,0
ATM250119ONRGVJ,,NO_MATCH,,0
TXN250119OK4NF0,,NO_MATCH,,0
ATM250119FXD3E7,,NO_MATCH,,0
TXN250119RVX5Y2,CDR202600012543,RECEIVER_OUTGOING_ACTIVITY,140,1
ATM250119L3SFQ2,CDR202600012549,SENDER_INCOMING_ACTIVITY,376,1
TXN2501195VAC8I,,NO_MATCH,,0
ATM250119CF7OBZ,,NO_MATCH,,0
TXN25011944YQY0,,NO_MATCH,,0
TXN250119SFYP13,,NO_MATCH,,0
TXN250119Z0YGGM,,NO_MATCH,,0
TXN25011931DZHM,CDR202600012574,SENDER_OUTGOING_ACTIVITY,-829,1
ATM2501192JWLRC,CDR202600012592,RECEIVER_OUTGOING_ACTIVITY,855,1
TXN2501191L0FV3,,NO_MATCH,,0
TXN250119DZ9DRX,,NO_MATCH,,0
TXN250119R1BDIG,,NO_MATCH,,0
TXN250119OGZHKG,,NO_MATCH,,0
TXN2501197U815W,CDR202600012587,RECEIVER_INCOMING_ACTIVITY,-681,1
TXN250119Q3NW2P,CDR202600012600,RECEIVER_OUTGOING_ACTIVITY,306,1
TXN250119VRF2EH,,NO_MATCH,,0
TXN250119U9J9B5,,NO_MATCH,,0
TXN250119DLNOUT,,NO_MATCH,,0
TXN250119799LBO,,NO_MATCH,,0
TXN250119ZSVHSZ,,NO_MATCH,,0
ATM250119HOXCU0,,NO_MATCH,,0
TXN250119HOH8UQ,,NO_MATCH,,0
TXN250119N2IG2U,,NO_MATCH,,0
TXN25011993PGAI,,NO_MATCH,,0
TXN250119IC1Y2H,,NO_MATCH,,0
ATM250119KDFFER,,NO_MATCH,,0
ATM250119L234CD,CDR202600012629,RECEIVER_OUTGOING_ACTIVITY,256,1
TXN2501195D2E3C,,NO_MATCH,,0
TXN2501198URFBR,,NO_MATCH,,0
TXN250119B3PIVA,,NO_MATCH,,0
TXN250119717IXU,,NO_MATCH,,0
TXN2501192KML5Y,,NO_MATCH,,0
TXN250119B6AEHQ,,NO_MATCH,,0
ATM250120DHFGQQ,,NO_MATCH,,0
TXN250120UGAEDH,,NO_MATCH,,0
TXN250120YX2RSA,,NO_MATCH,,0
ATM250120QUI5J1,,NO_MATCH,,0
TXN25012092MY4E,,NO_MATCH,,0
TXN250120ET3IBH,,NO_MATCH,,0
ATM250120G50X43,,NO_MATCH,,0
ATM250120IH3X1I,,NO_MATCH,,0
ATM250120N3PVHG,,NO_MATCH,,0
TXN250120BWCY10,,NO_MATCH,,0
TXN250120ASE45S,,NO_MATCH,,0
TXN250120ZBB4S9,,NO_MATCH,,0
TXN250120SN5ATL,,NO_MATCH,,0
TXN250120Z99LZ5,,NO_MATCH,,0
TXN250120ZI23MC,,NO_MATCH,,0
TXN250120Q9M7JP,,NO_MATCH,,0
TXN250120KC8LYS,,NO_MATCH,,0
TXN2501207SC9TY,CDR202600012678,RECEIVER_INCOMING_ACTIVITY,-146,1
TXN250120LBC1AL,,NO_MATCH,,0
TXN2501206WUKOC,,NO_MATCH,,0
TXN250120NXASJD,,NO_MATCH,,0
TXN250120MHW5DK,CDR202600012704,RECEIVER_INCOMING_ACTIVITY,615,1
TXN250120XT6MX6,,NO_MATCH,,0
TXN250120CJSAGA,,NO_MATCH,,0
ATM250120DVQJ82,,NO_MATCH,,0
ATM250120UF5YQ5,,NO_MATCH,,0
TXN250120F9VST9,CDR202600012714,SENDER_OUTGOING_ACTIVITY,-553,1
TXN2501208H4H6O,CDR202600012722,SENDER_INCOMING_ACTIVITY,-90,1
TXN250120JVWURX,,NO_MATCH,,0
ATM25012069IENB,,NO_MATCH,,0
TXN250120FGAWGQ,CDR202600012738,RECEIVER_INCOMING_ACTIVITY,548,1
TXN250120DS0MPB,,NO_MATCH,,0
TXN2501202MYXQG,,NO_MATCH,,0
TXN250120DZJ2W9,,NO_MATCH,,0
TXN250120CVUWY4,,NO_MATCH,,0
TXN250120R3B9GS,CDR202600012746,SENDER_OUTGOING_ACTIVITY,632,1
TXN250120JSLAUC,CDR202600012744,SENDER_OUTGOING_ACTIVITY,435,1
ATM250120J9SSMZ,,NO_MATCH,,0
ATM2501204H8QNR,,NO_MATCH,,0
TXN250120AKNWRH,,NO_MATCH,,0
TXN250120KDUXQ2,,NO_MATCH,,0
TXN250120BVVGDV,CDR202600012765,RECEIVER_OUTGOING_ACTIVITY,380,1
TXN250120T1YPOY,,NO_MATCH,,0
ATM250120TAV44Z,CDR202600012776,SENDER_OUTGOING_ACTIVITY,372,1
ATM250120N9VB5A,,NO_MATCH,,0
ATM250120OUB6NR,,NO_MATCH,,0
ATM250120HHIW7W,,NO_MATCH,,0
ATM250120ZNXTFA,,NO_MATCH,,0
ATM250120EFEK3E,,NO_MATCH,,0
TXN250120KNQFZ3,,NO_MATCH,,0
ATM2501206VUYQJ,,NO_MATCH,,0
TXN25012097VSMH,,NO_MATCH,,0
TXN250120SWI2Z6,,NO_MATCH,,0
ATM250120F9A4DE,,NO_MATCH,,0
TXN250120Z7Q0TS,,NO_MATCH,,0
ATM2501200XYD6H,,NO_MATCH,,0
TXN250120V2VJOW,,NO_MATCH,,0
TXN250120XJ520F,,NO_MATCH,,0
ATM250120F6E9HC,,NO_MATCH,,0
ATM2501209U6FA1,CDR202600012824,RECEIVER_INCOMING_ACTIVITY,589,1
TXN250120YKR7LN,,NO_MATCH,,0
TXN250120S61HGB,CDR202600012823,RECEIVER_INCOMING_ACTIVITY,415,1
TXN250120G0MS3S,,NO_MATCH,,0
ATM250120M9Z2X3,,NO_MATCH,,0
ATM250120UWB2PM,,NO_MATCH,,0
TXN2501201G9YRV,CDR202600012847,RECEIVER_OUTGOING_ACTIVITY,900,1
TXN25012057RJPS,,NO_MATCH,,0
TXN250120FH42CS,,NO_MATCH,,0
ATM25012061M7WB,,NO_MATCH,,0
TXN2501205EB8EO,CDR202600012844,RECEIVER_OUTGOING_ACTIVITY,-288,1
TXN250120GQU0IY,,NO_MATCH,,0
TXN250120VN2UII,,NO_MATCH,,0
ATM250120G8AVZQ,,NO_MATCH,,0
TXN250120S4FYBX,,NO_MATCH,,0
TXN250120TQ61TE,,NO_MATCH,,0
TXN250120YT5YDA,,NO_MATCH,,0
TXN250120UNJCVO,,NO_MATCH,,0
ATM250120V6XAL7,,NO_MATCH,,0
TXN250120J5OQBF,,NO_MATCH,,0
TXN250120BWON59,CDR202600012893,RECEIVER_INCOMING_ACTIVITY,-235,1
TXN250120BRH3RP,,NO_MATCH,,0
ATM250120J8Q91Q,CDR202600012897,SENDER_INCOMING_ACTIVITY,-380,1
TXN250120IEQPZ1,,NO_MATCH,,0
TXN250120C3C8H2,,NO_MATCH,,0
ATM2501204ZIMUV,,NO_MATCH,,0
TXN2501209JR7GH,CDR202600012908,RECEIVER_INCOMING_ACTIVITY,-506,1
TXN250120BVYSL1,,NO_MATCH,,0
ATM250120QNWLCH,,NO_MATCH,,0
TXN250120UQ69JM,,NO_MATCH,,0
TXN25012003VEU4,,NO_MATCH,,0
TXN250120FSIXGI,CDR202600012928,RECEIVER_INCOMING_ACTIVITY,-153,1
TXN250120387JWU,,NO_MATCH,,0
TXN250120IO9I5D,,NO_MATCH,,0
TXN2501204G04A6,,NO_MATCH,,0
ATM250120ZTWCCR,,NO_MATCH,,0
TXN250120O90UQA,,NO_MATCH,,0
TXN250120FF7HNS,,NO_MATCH,,0
TXN2501209NRTM4,,NO_MATCH,,0
TXN250120O24SVL,,NO_MATCH,,0
TXN250120DBU9YQ,,NO_MATCH,,0
TXN250120851OMO,,NO_MATCH,,0
TXN2501202OZRNX,,NO_MATCH,,0
TXN250120ZTSD88,,NO_MATCH,,0
TXN250120PV3W2U,,NO_MATCH,,0
TXN250120DDSQVO,,NO_MATCH,,0
TXN250120AIYXA1,,NO_MATCH,,0
ATM250120JED4I0,,NO_MATCH,,0
ATM250120F9MM0W,,NO_MATCH,,0
TXN2501205G50KF,,NO_MATCH,,0
TXN250120LPXGDP,,NO_MATCH,,0
TXN250120H5SV85,,NO_MATCH,,0
TXN25012090U32R,CDR202600012988,SENDER_OUTGOING_ACTIVITY,323,1
TXN250120C56AY0,,NO_MATCH,,0
ATM250120KM59QY,,NO_MATCH,,0
TXN250120ER3U2K,,NO_MATCH,,0
TXN250120U0NM9X,,NO_MATCH,,0
TXN250120I1XHGD,CDR202600012989,SENDER_OUTGOING_ACTIVITY,-412,1
TXN250120EN7IJY,CDR202600013004,SENDER_OUTGOING_ACTIVITY,107,1
ATM250120SA0PZZ,,NO_MATCH,,0
TXN250120TW24SD,,NO_MATCH,,0
TXN2501208CHRMN,,NO_MATCH,,0
TXN250120OX2BPK,,NO_MATCH,,0
TXN250120YUO5CQ,CDR202600013006,SENDER_OUTGOING_ACTIVITY,-530,1
TXN2501209MDBP0,,NO_MATCH,,0
ATM250120CUIPG8,,NO_MATCH,,0
ATM2501206QUITR,CDR202600013027,RECEIVER_INCOMING_ACTIVITY,-165,1
TXN250120PW7D3Z,,NO_MATCH,,0
ATM250120YQB82O,,NO_MATCH,,0
ATM2501201ERVL9,CDR202600013021,SENDER_OUTGOING_ACTIVITY,-833,1
TXN250120RIRLKM,,NO_MATCH,,0
TXN2501208D7573,,NO_MATCH,,0
TXN250120G73LH7,,NO_MATCH,,0
TXN250120ZE857U,,NO_MATCH,,0
TXN250120HXLAYX,,NO_MATCH,,0
TXN250120YGWT8O,,NO_MATCH,,0
TXN2501200A65W3,,NO_MATCH,,0
TXN250120MRJYK8,,NO_MATCH,,0
ATM250120RTW4QL,CDR202600013041,SENDER_INCOMING_ACTIVITY,-693,1
TXN250120C72HIC,,NO_MATCH,,0
TXN2501206H5336,,NO_MATCH,,0
ATM2501206NLFDB,,NO_MATCH,,0
ATM250120AHWZO2,,NO_MATCH,,0
TXN250120MHQF3F,,NO_MATCH,,0
TXN250120HXGIQJ,,NO_MATCH,,0
ATM2501202LOUJT,,NO_MATCH,,0
TXN250120Y74WZJ,CDR202600013073,SENDER_OUTGOING_ACTIVITY,135,1
TXN250120LHVMK9,,NO_MATCH,,0
TXN250120YWRJ6E,,NO_MATCH,,0
TXN250120VFC6OS,,NO_MATCH,,0
TXN250120UON5J0,CDR202600013079,SENDER_INCOMING_ACTIVITY,-579,1
TXN250120754GVS,,NO_MATCH,,0
TXN250120HKFWYY,CDR202600013097,SENDER_INCOMING_ACTIVITY,-237,1
TXN250120UVUVYH,,NO_MATCH,,0
ATM250120XQXSM6,CDR202600013109,RECEIVER_INCOMING_ACTIVITY,449,1
TXN2501209D3LQ8,CDR202600013096,SENDER_OUTGOING_ACTIVITY,-833,1
TXN250120OCZ6GA,,NO_MATCH,,0
TXN2501209AU2H0,CDR202600013107,SENDER_OUTGOING_ACTIVITY,-80,1
ATM250120XW9Z1B,,NO_MATCH,,0
ATM250120JE4SFU,CDR202600013111,RECEIVER_OUTGOING_ACTIVITY,27,1
TXN250120L4RF64,,NO_MATCH,,0
TXN25012055ULON,,NO_MATCH,,0
ATM250120M63W9K,,NO_MATCH,,0
TXN250120N057TP,,NO_MATCH,,0
ATM2501203JGP13,,NO_MATCH,,0
TXN250120EZN9ZC,,NO_MATCH,,0
TXN25012012C9EJ,CDR202600013126,SENDER_OUTGOING_ACTIVITY,-134,1
TXN250120U3P8ZS,,NO_MATCH,,0
TXN250120QAJ6X7,,NO_MATCH,,0
TXN250120C1QLU4,,NO_MATCH,,0
ATM250120CJX55U,,NO_MATCH,,0
TXN250120A2MZ2Q,,NO_MATCH,,0
TXN250120URFVTP,,NO_MATCH,,0
ATM250120HIFAMR,CDR202600013150,RECEIVER_OUTGOING_ACTIVITY,-663,1
TXN250120UB0R5D,,NO_MATCH,,0
TXN250120MKQWCC,,NO_MATCH,,0
ATM2501206ULTIE,CDR202600013170,SENDER_OUTGOING_ACTIVITY,-206,1
TXN250120OOTEBD,,NO_MATCH,,0
ATM25012036ULUS,,NO_MATCH,,0
TXN2501206QDS4D,,NO_MATCH,,0
ATM250120DIQH65,,NO_MATCH,,0
TXN2501201FQQEG,,NO_MATCH,,0
TXN250120BM1W3A,,NO_MATCH,,0
ATM250120DN6R91,,NO_MATCH,,0
TXN250120X6JD5Z,,NO_MATCH,,0
TXN250120AGX4VM,CDR202600060456,SENDER_OUTGOING_ACTIVITY,-60,1
ATM250120WLBK2N,,NO_MATCH,,0
TXN250120G8D9HJ,,NO_MATCH,,0
TXN2501205HGFXS,CDR202600013195,SENDER_INCOMING_ACTIVITY,18,1
TXN250120ENW2FH,,NO_MATCH,,0
TXN250120B8YVBK,,NO_MATCH,,0
TXN250120DHO7IV,,NO_MATCH,,0
TXN250120I8O842,,NO_MATCH,,0
ATM250120CLOYD2,,NO_MATCH,,0
TXN250120L7BHNT,,NO_MATCH,,0
ATM250120MUY1ZQ,,NO_MATCH,,0
TXN2501204ECAZ6,,NO_MATCH,,0
TXN2501204GHEJK,,NO_MATCH,,0
TXN250120NLWLAA,,NO_MATCH,,0
TXN250120RP2618,,NO_MATCH,,0
ATM250120HZAVRG,,NO_MATCH,,0
TXN250120DGL5HS,,NO_MATCH,,0
TXN250120X6RCJ5,CDR202600013219,SENDER_OUTGOING_ACTIVITY,-590,1
TXN250120CYAIK4,,NO_MATCH,,0
TXN250120CES09G,,NO_MATCH,,0
ATM250120YAWB3E,,NO_MATCH,,0
TXN2501201B8EDB,,NO_MATCH,,0
TXN2501201M7UBT,,NO_MATCH,,0
ATM250120APHQ72,,NO_MATCH,,0
TXN2501201YI468,,NO_MATCH,,0
TXN250120GMBDQB,,NO_MATCH,,0
TXN250120FQLB6K,,NO_MATCH,,0
TXN250120HEJGCH,,NO_MATCH,,0
ATM250120WMPC6R,,NO_MATCH,,0
TXN2501203NVXUQ,,NO_MATCH,,0
TXN2501207IB6QH,,NO_MATCH,,0
TXN2501205RXX97,,NO_MATCH,,0
ATM250120AZGONV,,NO_MATCH,,0
ATM250120OI0TJQ,,NO_MATCH,,0
TXN2501208U0BNN,CDR202600013246,RECEIVER_INCOMING_ACTIVITY,326,1
ATM250120QV8UFW,CDR202600013260,SENDER_OUTGOING_ACTIVITY,581,1
TXN2501204M7TUN,CDR202600013258,SENDER_OUTGOING_ACTIVITY,-151,1
TXN250120N5IFT7,,NO_MATCH,,0
ATM250120MKY0YY,,NO_MATCH,,0
TXN250120VOLPUG,,NO_MATCH,,0
TXN2501200LQCA3,,NO_MATCH,,0
TXN250120AQUJG4,,NO_MATCH,,0
TXN2501208TMZV4,,NO_MATCH,,0
TXN250121QC78CH,,NO_MATCH,,0
ATM25012162L9LD,,NO_MATCH,,0
ATM250121UUNZSB,,NO_MATCH,,0
ATM250121C3282D,,NO_MATCH,,0
TXN25012182CJWC,,NO_MATCH,,0
TXN250121DE4YP8,,NO_MATCH,,0
TXN250121YVPQUM,,NO_MATCH,,0
TXN250121GYA0OQ,,NO_MATCH,,0
TXN250121PYAM1Q,,NO_MATCH,,0
TXN2501211UI4LG,,NO_MATCH,,0
ATM250121TTZITW,,NO_MATCH,,0
TXN2501210SIG0H,,NO_MATCH,,0
ATM250121K2UFU0,,NO_MATCH,,0
TXN2501218BBPM2,,NO_MATCH,,0
TXN250121QSS79E,,NO_MATCH,,0
ATM250121LLAMWR,,NO_MATCH,,0
TXN250121VAP31Q,,NO_MATCH,,0
ATM250121QJSX4O,,NO_MATCH,,0
TXN250121PVQ2CG,,NO_MATCH,,0
TXN250121XGHWVI,CDR202600013341,SENDER_INCOMING_ACTIVITY,163,1
TXN250121IBIUOF,,NO_MATCH,,0
TXN250121U8JINN,,NO_MATCH,,0
TXN250121A0IHH0,CDR202600060373,SENDER_OUTGOING_ACTIVITY,-540,1
TXN250121PPVW2E,,NO_MATCH,,0
TXN250121B8LHSE,CDR202600013348,SENDER_INCOMING_ACTIVITY,493,1
TXN250121YGUI0G,,NO_MATCH,,0
ATM250121C2K54Q,,NO_MATCH,,0
TXN250121AWTTOI,,NO_MATCH,,0
TXN250121P25KGB,,NO_MATCH,,0
TXN250121U43RGM,,NO_MATCH,,0
TXN2501215XLV9X,,NO_MATCH,,0
TXN250121YBAJWZ,,NO_MATCH,,0
TXN250121PY4T7D,,NO_MATCH,,0
ATM250121OHD1OO,,NO_MATCH,,0
TXN250121B1EYFE,,NO_MATCH,,0
ATM250121PX3GSL,,NO_MATCH,,0
TXN250121MPPSNL,,NO_MATCH,,0
TXN250121QPCRIC,,NO_MATCH,,0
TXN250121WH0H8U,,NO_MATCH,,0
ATM250121IQ8YMY,CDR202600013373,SENDER_INCOMING_ACTIVITY,-344,1
ATM250121D9LUJ7,,NO_MATCH,,0
TXN250121WOIEA3,,NO_MATCH,,0
TXN250121IHEQGU,,NO_MATCH,,0
ATM250121DSY5P0,,NO_MATCH,,0
ATM250121SY4TOQ,CDR202600013399,SENDER_OUTGOING_ACTIVITY,605,1
TXN250121Y5D3MT,,NO_MATCH,,0
TXN2501211KBCRN,,NO_MATCH,,0
TXN250121XC3VG4,,NO_MATCH,,0
ATM250121L92WDI,,NO_MATCH,,0
TXN250121RBMWPG,,NO_MATCH,,0
TXN250121UZSFEY,,NO_MATCH,,0
TXN250121Q29BVK,,NO_MATCH,,0
ATM250121SMOBNU,,NO_MATCH,,0
TXN250121WISYIV,,NO_MATCH,,0
TXN250121FA3OK9,,NO_MATCH,,0
TXN250121Z9660X,,NO_MATCH,,0
ATM250121LTMPID,,NO_MATCH,,0
TXN2501217KAAEN,,NO_MATCH,,0
TXN250121THXNLC,,NO_MATCH,,0
TXN250121OTXH48,,NO_MATCH,,0
ATM250121JGC9YQ,CDR202600013431,RECEIVER_INCOMING_ACTIVITY,306,1
ATM250121NGS28Y,,NO_MATCH,,0
TXN2501210A1ZG8,CDR202600013429,SENDER_INCOMING_ACTIVITY,-23,1
TXN250121VZ7AIA,CDR202600013423,SENDER_OUTGOING_ACTIVITY,-593,1
TXN250121XS6MZ7,,NO_MATCH,,0
TXN250121E9R2MR,,NO_MATCH,,0
ATM250121AUUFFU,CDR202600013437,SENDER_OUTGOING_ACTIVITY,-238,1
TXN2501212Y1FUD,,NO_MATCH,,0
TXN250121R02X6K,,NO_MATCH,,0
TXN250121BJSRXH,,NO_MATCH,,0
TXN250121FNB7F8,,NO_MATCH,,0
ATM2501214XUYKC,CDR202600013450,SENDER_OUTGOING_ACTIVITY,-93,1
TXN250121ACMDCV,,NO_MATCH,,0
ATM250121VCIG5D,,NO_MATCH,,0
ATM2501215X2H8L,,NO_MATCH,,0
TXN250121Q5G97P,,NO_MATCH,,0
TXN250121ERYJ5E,,NO_MATCH,,0
TXN250121OXPT7I,,NO_MATCH,,0
ATM250121WNMBK2,CDR202600013478,RECEIVER_OUTGOING_ACTIVITY,-382,1
ATM2501216AEF73,,NO_MATCH,,0
TXN250121ND45DM,,NO_MATCH,,0
TXN250121S6UIYP,,NO_MATCH,,0
TXN250121O33LS6,,NO_MATCH,,0
TXN2501211KVN3B,,NO_MATCH,,0
TXN250121H303WL,,NO_MATCH,,0
TXN250121T082YM,CDR202600013518,RECEIVER_INCOMING_ACTIVITY,174,1
TXN250121ZWOWVL,CDR202600013505,SENDER_INCOMING_ACTIVITY,-632,1
TXN250121PJYHUK,,NO_MATCH,,0
TXN2501215WK2HI,CDR202600013512,SENDER_INCOMING_ACTIVITY,-472,1
TXN25012146UG1D,CDR202600013513,SENDER_OUTGOING_ACTIVITY,-711,1
TXN250121SG5APP,CDR202600013542,RECEIVER_INCOMING_ACTIVITY,427,1
TXN2501210J136H,CDR202600013535,RECEIVER_OUTGOING_ACTIVITY,93,1
TXN25012194Z068,,NO_MATCH,,0
TXN250121FO6S1S,,NO_MATCH,,0
TXN250121BLJB8G,,NO_MATCH,,0
ATM2501213IRRG1,,NO_MATCH,,0
ATM250121IZYMKY,CDR202600013554,SENDER_INCOMING_ACTIVITY,662,1
ATM2501213C5BVV,,NO_MATCH,,0
ATM250121W61S1R,,NO_MATCH,,0
TXN250121O4QV36,,NO_MATCH,,0
ATM250121NCJJXH,,NO_MATCH,,0
ATM250121MO39ER,,NO_MATCH,,0
ATM250121H9HO11,CDR202600013573,SENDER_OUTGOING_ACTIVITY,789,1
TXN250121PRUUVZ,,NO_MATCH,,0
TXN250121TV4F76,,NO_MATCH,,0
ATM2501218GOZY4,,NO_MATCH,,0
TXN250121G0XUTT,CDR202600013584,SENDER_INCOMING_ACTIVITY,715,1
TXN250121WODA4M,,NO_MATCH,,0
TXN250121DTG64C,,NO_MATCH,,0
TXN250121NZ8F3C,,NO_MATCH,,0
TXN250121MZUF1Q,,NO_MATCH,,0
TXN250121528JAI,,NO_MATCH,,0
TXN250121JXTGD0,,NO_MATCH,,0
TXN250121I87G01,,NO_MATCH,,0
ATM250121FKTRDF,CDR202600013590,SENDER_INCOMING_ACTIVITY,132,1
TXN250121954AUS,CDR202600013604,SENDER_INCOMING_ACTIVITY,494,1
TXN25012192H94S,CDR202600013592,SENDER_INCOMING_ACTIVITY,-56,1
TXN2501217AYI5F,CDR202600013592,SENDER_INCOMING_ACTIVITY,-108,1
ATM250121BC5WNV,,NO_MATCH,,0
TXN250121VA82GK,,NO_MATCH,,0
ATM250121YI0F40,,NO_MATCH,,0
ATM250121BLJLMH,CDR202600013613,SENDER_INCOMING_ACTIVITY,-368,1
TXN250121IS59EN,,NO_MATCH,,0
TXN250121YK7SQ3,CDR202600013625,RECEIVER_INCOMING_ACTIVITY,228,1
ATM250121L0JV1X,,NO_MATCH,,0
TXN2501216SVSJ0,CDR202600013615,SENDER_OUTGOING_ACTIVITY,-560,1
TXN250121KHAARB,,NO_MATCH,,0
ATM2501215TXL57,,NO_MATCH,,0
TXN2501212LMMHB,,NO_MATCH,,0
TXN250121PCQCYU,,NO_MATCH,,0
ATM250121DNCU9N,,NO_MATCH,,0
TXN250121E4D3XD,,NO_MATCH,,0
TXN250121K2I0A9,,NO_MATCH,,0
TXN250121PSP5M0,,NO_MATCH,,0
TXN250121TNCER2,,NO_MATCH,,0
ATM250121UDSYF3,,NO_MATCH,,0
ATM250121JLHTBP,,NO_MATCH,,0
TXN250121HBMIPG,,NO_MATCH,,0
TXN250121B0FAJF,CDR202600013685,SENDER_OUTGOING_ACTIVITY,396,1
ATM250121SBNS11,,NO_MATCH,,0
TXN2501213FCLZK,,NO_MATCH,,0
TXN250121Q75CK6,,NO_MATCH,,0
TXN250121A2LLKW,,NO_MATCH,,0
TXN250121BU3I65,,NO_MATCH,,0
TXN250121619RQK,,NO_MATCH,,0
TXN250121JPAU8U,,NO_MATCH,,0
ATM2501219YU7J6,CDR202600013705,RECEIVER_OUTGOING_ACTIVITY,111,1
TXN250121MVHS1O,CDR202600013692,RECEIVER_INCOMING_ACTIVITY,-877,1
TXN250121S4XNAM,,NO_MATCH,,0
TXN250121UB1RZR,,NO_MATCH,,0
ATM2501213D097C,CDR202600013718,SENDER_OUTGOING_ACTIVITY,763,1
ATM250121LIQIQA,,NO_MATCH,,0
ATM250121YXCEYG,CDR202600013736,SENDER_OUTGOING_ACTIVITY,795,1
TXN250121XPS3EN,,NO_MATCH,,0
ATM250121O0TXTY,CDR202600013720,SENDER_OUTGOING_ACTIVITY,-628,1
TXN250121T7M5HD,,NO_MATCH,,0
TXN250121OWQHEW,,NO_MATCH,,0
TXN2501213BJXRK,,NO_MATCH,,0
TXN250121OBAWGJ,CDR202600013747,SENDER_INCOMING_ACTIVITY,7,1
TXN250121A97G8S,,NO_MATCH,,0
ATM250121FUDYNW,CDR202600013754,SENDER_OUTGOING_ACTIVITY,636,1
ATM250121730Y9R,CDR202600013750,RECEIVER_OUTGOING_ACTIVITY,75,1
ATM250121GE1I8F,,NO_MATCH,,0
TXN250121KAR3O8,,NO_MATCH,,0
TXN25012124L6QA,,NO_MATCH,,0
ATM250121F68RCF,,NO_MATCH,,0
ATM250121K8PTV0,,NO_MATCH,,0
TXN250121DT3W0S,CDR202600013760,SENDER_INCOMING_ACTIVITY,84,1
TXN250121I77VAP,,NO_MATCH,,0
TXN250121XVYX86,CDR202600013765,RECEIVER_OUTGOING_ACTIVITY,595,1
TXN250121XEXTMU,CDR202600013761,RECEIVER_OUTGOING_ACTIVITY,35,1
TXN2501218C5Y0T,,NO_MATCH,,0
ATM250121E2LQPW,,NO_MATCH,,0
ATM250121YQIHWI,,NO_MATCH,,0
ATM250121Y6DNR5,,NO_MATCH,,0
ATM250121DLGUD5,CDR202600013780,SENDER_INCOMING_ACTIVITY,395,1
ATM2501210QEP35,,NO_MATCH,,0
ATM250121Y1KHBC,,NO_MATCH,,0
ATM2501219BXKMW,,NO_MATCH,,0
ATM25012198BA3K,CDR202600013785,RECEIVER_OUTGOING_ACTIVITY,-757,1
TXN250121NZH7GY,CDR202600013782,RECEIVER_INCOMING_ACTIVITY,-892,1
TXN250121E82BAV,,NO_MATCH,,0
TXN250121CXD9F9,CDR202600013810,SENDER_OUTGOING_ACTIVITY,-359,1
ATM250121YBF8PJ,,NO_MATCH,,0
TXN2501216WRF38,,NO_MATCH,,0
TXN250121CKOMCG,,NO_MATCH,,0
TXN2501214O8NGO,CDR202600013819,SENDER_OUTGOING_ACTIVITY,-831,1
TXN250121Y1FM05,,NO_MATCH,,0
ATM250121GMTVRY,,NO_MATCH,,0
ATM250121OMQ30L,,NO_MATCH,,0
ATM250121KTC24K,,NO_MATCH,,0
ATM250121APFZUQ,,NO_MATCH,,0
TXN2501213NIL04,,NO_MATCH,,0
TXN2501213CBOUN,CDR202600013853,SENDER_OUTGOING_ACTIVITY,528,1
TXN250121YVW61Z,CDR202600013851,RECEIVER_INCOMING_ACTIVITY,-62,1
TXN250121DWK320,,NO_MATCH,,0
TXN2501218WA5FM,,NO_MATCH,,0
ATM2501217T3TKZ,,NO_MATCH,,0
TXN250121X5LCPG,,NO_MATCH,,0
ATM2501213K3Q16,,NO_MATCH,,0
TXN250121H2OI1Z,CDR202600013866,RECEIVER_OUTGOING_ACTIVITY,-826,1
ATM25012102XFFN,,NO_MATCH,,0
TXN2501215RFDVM,,NO_MATCH,,0
ATM250121W5KDIW,,NO_MATCH,,0
TXN250121EWBFDR,,NO_MATCH,,0
TXN250121ZNVDE1,CDR202600013891,RECEIVER_INCOMING_ACTIVITY,-637,1
ATM2501213COKUM,,NO_MATCH,,0
ATM250121DXU4HW,,NO_MATCH,,0
TXN250121BGSV1W,,NO_MATCH,,0
ATM250121PDR8QX,,NO_MATCH,,0
ATM250121XU7C0Q,,NO_MATCH,,0
TXN250121YBDH97,,NO_MATCH,,0
TXN2501217ZHQP5,CDR202600013908,SENDER_OUTGOING_ACTIVITY,-604,1
TXN250121KEUGMC,,NO_MATCH,,0
TXN250121GMVKQQ,,NO_MATCH,,0
TXN250121FFHNV2,,NO_MATCH,,0
ATM250121YIHQLM,,NO_MATCH,,0
TXN250121D8T7XG,,NO_MATCH,,0
ATM250121DH424C,,NO_MATCH,,0
TXN250121M15G2R,,NO_MATCH,,0
TXN250121HYYXEY,CDR202600060244,RECEIVER_OUTGOING_ACTIVITY,-669,1
TXN2501216WDYSK,,NO_MATCH,,0
TXN2501212G459M,,NO_MATCH,,0
TXN2501211AG06U,,NO_MATCH,,0
ATM250121N1FHA8,CDR202600013930,SENDER_OUTGOING_ACTIVITY,-784,1
TXN250121TCTLR8,,NO_MATCH,,0
ATM250121BAZXAA,,NO_MATCH,,0
TXN2501218DA62G,,NO_MATCH,,0
TXN2501210CK18A,,NO_MATCH,,0
TXN2501211N91HI,,NO_MATCH,,0
TXN250121EAMA3F,,NO_MATCH,,0
TXN250121490XTU,,NO_MATCH,,0
ATM250121PB58KT,,NO_MATCH,,0
TXN250121TIMBYW,,NO_MATCH,,0
TXN250122R3NMYH,,NO_MATCH,,0
ATM2501227HV7PT,,NO_MATCH,,0
TXN2501220PMTBN,,NO_MATCH,,0
TXN250122TKBA99,,NO_MATCH,,0
TXN250122EYQIUC,,NO_MATCH,,0
TXN250122ZNQYGO,CDR202600013998,SENDER_INCOMING_ACTIVITY,-243,1
ATM250122ARCE55,,NO_MATCH,,0
ATM250122K1H0AX,,NO_MATCH,,0
TXN25012293L7SK,,NO_MATCH,,0
TXN250122FENRGG,,NO_MATCH,,0
ATM250122BGTUIP,,NO_MATCH,,0
TXN2501226S71SZ,,NO_MATCH,,0
ATM2501228SCYTF,,NO_MATCH,,0
TXN250122VYFDAA,,NO_MATCH,,0
TXN2501224QJ51X,,NO_MATCH,,0
TXN250122V99AKT,,NO_MATCH,,0
TXN250122EHZXAN,,NO_MATCH,,0
TXN2501221429VI,,NO_MATCH,,0
TXN2501222R4S9V,,NO_MATCH,,0
ATM250122UAT9LK,,NO_MATCH,,0
ATM250122KOD5GP,,NO_MATCH,,0
TXN250122VT3TTW,,NO_MATCH,,0
ATM2501220WVM6B,,NO_MATCH,,0
TXN250122FKTKIZ,CDR202600014046,SENDER_INCOMING_ACTIVITY,240,1
TXN250122170ACL,,NO_MATCH,,0
TXN250122EB8PCS,,NO_MATCH,,0
TXN250122HWV8L5,,NO_MATCH,,0
TXN250122P5QXH6,,NO_MATCH,,0
TXN250122KBWMZ9,,NO_MATCH,,0
TXN250122FIGX50,,NO_MATCH,,0
ATM250122BY9CUC,,NO_MATCH,,0
TXN250122SNKFVP,,NO_MATCH,,0
TXN250122BKW7Y5,,NO_MATCH,,0
ATM250122V8QOKV,CDR202600014073,SENDER_OUTGOING_ACTIVITY,-460,1
TXN250122CPPOQI,,NO_MATCH,,0
TXN250122Q4X2X7,,NO_MATCH,,0
ATM2501221BYGX5,,NO_MATCH,,0
TXN25012287Z5TL,,NO_MATCH,,0
TXN250122NZX3SM,,NO_MATCH,,0
TXN25012261PZ8H,,NO_MATCH,,0
ATM250122J0JL76,CDR202600014125,RECEIVER_OUTGOING_ACTIVITY,839,1
TXN250122GK0S19,,NO_MATCH,,0
TXN250122E905RO,CDR202600014132,RECEIVER_INCOMING_ACTIVITY,830,1
ATM250122OZ4V0I,,NO_MATCH,,0
ATM250122KFZJRM,,NO_MATCH,,0
TXN2501220UCES7,,NO_MATCH,,0
TXN250122K79BXH,,NO_MATCH,,0
TXN250122FQX4CU,CDR202600014119,SENDER_OUTGOING_ACTIVITY,-817,1
TXN250122U1B7DN,,NO_MATCH,,0
TXN250122R1MYR3,CDR202600014124,RECEIVER_INCOMING_ACTIVITY,-865,1
ATM25012255SD77,,NO_MATCH,,0
ATM250122NWSJ6Z,,NO_MATCH,,0
ATM250122I3ERP0,,NO_MATCH,,0
TXN25012274PONX,,NO_MATCH,,0
ATM2501226SH7DH,,NO_MATCH,,0
ATM250122UYYLHQ,,NO_MATCH,,0
ATM250122UPWKII,,NO_MATCH,,0
TXN250122NEWCH6,,NO_MATCH,,0
ATM250122FCZ0V8,,NO_MATCH,,0
TXN250122R2YLLN,,NO_MATCH,,0
TXN250122531AJW,,NO_MATCH,,0
TXN250122IQMXJA,,NO_MATCH,,0
TXN250122GBW577,,NO_MATCH,,0
TXN2501228J5VN8,,NO_MATCH,,0
ATM2501221JULQ7,,NO_MATCH,,0
TXN2501228SPSJX,,NO_MATCH,,0
ATM250122NHLC5Y,,NO_MATCH,,0
TXN250122TQ2XN7,CDR202600014183,RECEIVER_OUTGOING_ACTIVITY,-340,1
TXN250122VD649A,,NO_MATCH,,0
TXN250122VG4BID,CDR202600014205,RECEIVER_INCOMING_ACTIVITY,483,1
TXN250122XTJEA1,,NO_MATCH,,0
TXN250122X6DAHV,,NO_MATCH,,0
TXN250122Z28CFS,,NO_MATCH,,0
TXN250122J7GF06,CDR202600014191,SENDER_OUTGOING_ACTIVITY,-707,1
TXN250122HY230B,,NO_MATCH,,0
TXN250122JSEAZY,,NO_MATCH,,0
TXN250122LRAI3S,,NO_MATCH,,0
ATM250122YM4ZDH,,NO_MATCH,,0
TXN250122LN373C,,NO_MATCH,,0
ATM250122CTK35W,,NO_MATCH,,0
TXN250122PTUXLN,,NO_MATCH,,0
ATM250122GGEFTO,,NO_MATCH,,0
TXN2501228ZC0TE,,NO_MATCH,,0
ATM2501221NKFP2,CDR202600014223,RECEIVER_OUTGOING_ACTIVITY,-858,1
ATM250122OQKXZ9,,NO_MATCH,,0
ATM250122SNKWOU,CDR202600014231,SENDER_OUTGOING_ACTIVITY,-673,1
TXN25012227347K,CDR202600014238,RECEIVER_INCOMING_ACTIVITY,-497,1
TXN250122FXJZZ0,,NO_MATCH,,0
TXN250122J36D1X,,NO_MATCH,,0
ATM250122ABC01I,,NO_MATCH,,0
TXN250122JSAW5P,,NO_MATCH,,0
ATM250122KDNNC1,,NO_MATCH,,0
ATM250122QGCSDY,CDR202600014243,SENDER_OUTGOING_ACTIVITY,-236,1
ATM250122ZF1535,,NO_MATCH,,0
TXN250122J9Q4GI,,NO_MATCH,,0
TXN250122RY2H7Z,CDR202600014250,RECEIVER_INCOMING_ACTIVITY,-162,1
ATM2501222LXRIW,,NO_MATCH,,0
ATM250122SNWU96,,NO_MATCH,,0
TXN2501226KOB67,CDR202600014262,SENDER_OUTGOING_ACTIVITY,448,1
TXN250122XBPAAR,,NO_MATCH,,0
ATM2501221ZEUGJ,,NO_MATCH,,0
ATM2501227FK7GM,CDR202600014263,SENDER_OUTGOING_ACTIVITY,-292,1
TXN250122ZDZVBD,,NO_MATCH,,0
ATM250122MTYYD0,,NO_MATCH,,0
ATM25012232PBZP,,NO_MATCH,,0
TXN2501221ZAKZK,CDR202600014286,SENDER_INCOMING_ACTIVITY,887,1
TXN2501223FIAI0,CDR202600014286,SENDER_OUTGOING_ACTIVITY,760,1
TXN250122NKP37I,,NO_MATCH,,0
TXN25012254Z5U6,CDR202600014288,RECEIVER_OUTGOING_ACTIVITY,767,1
TXN250122T2KCOL,,NO_MATCH,,0
ATM250122GT5WIS,,NO_MATCH,,0
ATM250122RTYC6S,,NO_MATCH,,0
TXN250122XIBN5I,,NO_MATCH,,0
TXN2501221P5HS7,,NO_MATCH,,0
ATM2501225CF672,CDR202600014294,RECEIVER_OUTGOING_ACTIVITY,-166,1
ATM250122HID11V,,NO_MATCH,,0
TXN2501227YEMRB,,NO_MATCH,,0
TXN250122VHXLVN,,NO_MATCH,,0
ATM250122J1AX7T,,NO_MATCH,,0
ATM250122HOBYPE,,NO_MATCH,,0
TXN25012270A6TI,,NO_MATCH,,0
ATM250122O6HYXI,,NO_MATCH,,0
TXN250122E093E7,,NO_MATCH,,0
ATM250122O1C4WV,,NO_MATCH,,0
ATM250122ZRUC6I,,NO_MATCH,,0
TXN250122A5V25M,,NO_MATCH,,0
TXN250122JBWLGP,,NO_MATCH,,0
ATM2501224HIUA9,CDR202600014345,RECEIVER_OUTGOING_ACTIVITY,197,1
ATM250122AJF15I,CDR202600014357,RECEIVER_INCOMING_ACTIVITY,792,1
TXN2501222WFHWZ,,NO_MATCH,,0
ATM250122MYFZD9,CDR202600014355,RECEIVER_OUTGOING_ACTIVITY,46,1
ATM2501228QCMWC,,NO_MATCH,,0
TXN250122CA0LQ3,,NO_MATCH,,0
TXN250122YEPZ02,,NO_MATCH,,0
ATM2501220JVSEO,,NO_MATCH,,0
TXN250122GHP85U,,NO_MATCH,,0
TXN250122T0ZZ4Q,,NO_MATCH,,0
TXN250122RXTLKR,,NO_MATCH,,0
TXN250122XXB2MQ,,NO_MATCH,,0
TXN250122Y6YRG8,,NO_MATCH,,0
ATM250122NF3ZTY,CDR202600014387,SENDER_OUTGOING_ACTIVITY,360,1
TXN250122KVPE1Q,CDR202600014376,SENDER_INCOMING_ACTIVITY,-661,1
TXN250122L6PX2W,,NO_MATCH,,0
ATM250122DEI8UL,,NO_MATCH,,0
ATM2501226QBTS4,,NO_MATCH,,0
TXN250122R2M1A4,,NO_MATCH,,0
ATM2501220EWVZN,,NO_MATCH,,0
TXN2501220SNXW3,,NO_MATCH,,0
TXN2501228EQ839,CDR202600014415,SENDER_INCOMING_ACTIVITY,702,1
ATM250122EI2K8P,,NO_MATCH,,0
TXN250122MIYRD7,,NO_MATCH,,0
TXN250122QDWKNF,,NO_MATCH,,0
TXN250122Q5S7TX,,NO_MATCH,,0
TXN250122MLTEDC,,NO_MATCH,,0
TXN250122D0C8RG,,NO_MATCH,,0
TXN2501223M4FHR,,NO_MATCH,,0
ATM250122S9VRYN,,NO_MATCH,,0
TXN250122PMPPGH,,NO_MATCH,,0
ATM250122WR50A3,,NO_MATCH,,0
TXN250122E90YNZ,,NO_MATCH,,0
TXN250122WMGTE8,,NO_MATCH,,0
ATM250122A3PPKH,,NO_MATCH,,0
TXN250122C3TQXE,,NO_MATCH,,0
TXN250122ST1BEP,,NO_MATCH,,0
ATM250122M27E7W,,NO_MATCH,,0
TXN250122564C28,,NO_MATCH,,0
ATM250122DXYI4S,CDR202600014481,SENDER_INCOMING_ACTIVITY,830,1
ATM250122ZJUIKL,,NO_MATCH,,0
TXN250122AFH08J,,NO_MATCH,,0
TXN250122XXS8EZ,,NO_MATCH,,0
TXN250122JO4Z9V,,NO_MATCH,,0
TXN250122MDR9X4,CDR202600014488,SENDER_OUTGOING_ACTIVITY,394,1
TXN250122X113W3,CDR202600014488,SENDER_OUTGOING_ACTIVITY,-86,1
TXN250122X1WHAV,CDR202600014488,SENDER_OUTGOING_ACTIVITY,-266,1
TXN250122N807K8,CDR202600014488,SENDER_OUTGOING_ACTIVITY,-506,1
TXN250122CNY34U,CDR202600014496,SENDER_INCOMING_ACTIVITY,-15,1
TXN250122Z3CDQB,CDR202600014498,RECEIVER_OUTGOING_ACTIVITY,20,1
TXN250122S66J24,CDR202600014488,SENDER_OUTGOING_ACTIVITY,-806,1
TXN250122GC28QO,CDR202600014492,SENDER_OUTGOING_ACTIVITY,-503,1
TXN2501221DW1QQ,,NO_MATCH,,0
TXN2501229XKK23,,NO_MATCH,,0
TXN250122J5N1E9,,NO_MATCH,,0
TXN250122BHOMXS,,NO_MATCH,,0
TXN250122HSCLG3,,NO_MATCH,,0
TXN250122LYPLUD,,NO_MATCH,,0
TXN250122496F44,,NO_MATCH,,0
TXN2501222YUHOC,,NO_MATCH,,0
TXN250122000IMK,,NO_MATCH,,0
TXN250122DZTBWV,,NO_MATCH,,0
TXN250122UM3K78,,NO_MATCH,,0
ATM2501225MZK8T,CDR202600014524,RECEIVER_OUTGOING_ACTIVITY,426,1
TXN250122P8COFX,,NO_MATCH,,0
TXN250122DQEI24,,NO_MATCH,,0
TXN250122P47H88,,NO_MATCH,,0
TXN250122A43VVL,,NO_MATCH,,0
ATM2501225FP5AX,,NO_MATCH,,0
TXN250122XWPID8,CDR202600014538,SENDER_OUTGOING_ACTIVITY,-61,1
ATM2501222BHLGQ,,NO_MATCH,,0
ATM250122PQMZC0,CDR202600014544,RECEIVER_OUTGOING_ACTIVITY,361,1
ATM250122BUYJ3E,,NO_MATCH,,0
TXN250122RP3N4I,,NO_MATCH,,0
ATM250122HHP5MG,,NO_MATCH,,0
TXN250122O5CIG2,CDR202600060002,SENDER_OUTGOING_ACTIVITY,-240,1
ATM250122E856SK,,NO_MATCH,,0
ATM250122FAOSUJ,,NO_MATCH,,0
TXN250122535MG1,,NO_MATCH,,0
TXN250122ZXVGWD,,NO_MATCH,,0
TXN250122KIFO7V,,NO_MATCH,,0
TXN250122W3140L,,NO_MATCH,,0
TXN250122TYEVCU,,NO_MATCH,,0
TXN250122897ARM,,NO_MATCH,,0
ATM2501221BZLL6,,NO_MATCH,,0
TXN25012273ZDPU,,NO_MATCH,,0
TXN250122X30O3D,,NO_MATCH,,0
TXN250122M24SM6,,NO_MATCH,,0
ATM250122E03I06,CDR202600060198,SENDER_OUTGOING_ACTIVITY,-420,1
ATM250122ZGMT71,,NO_MATCH,,0
ATM250122L69WT7,,NO_MATCH,,0
TXN250122OG0IFG,,NO_MATCH,,0
TXN250122IJYCFN,,NO_MATCH,,0
ATM2501223V1KHM,CDR202600014597,RECEIVER_INCOMING_ACTIVITY,425,1
TXN250122LO1IN4,,NO_MATCH,,0
TXN250122TCBLFR,,NO_MATCH,,0
ATM2501229XCBA1,,NO_MATCH,,0
ATM250122IIQSC6,,NO_MATCH,,0
TXN250122YS79C4,,NO_MATCH,,0
ATM250122XTCVN6,,NO_MATCH,,0
ATM250122FBIPXY,,NO_MATCH,,0
TXN250122XE36XT,,NO_MATCH,,0
TXN250122SUGUTS,,NO_MATCH,,0
ATM250122N1O2C7,,NO_MATCH,,0
ATM2501227DXPDG,,NO_MATCH,,0
TXN250123LMWD23,,NO_MATCH,,0
TXN2501233CQML4,,NO_MATCH,,0
ATM25012364S8GF,,NO_MATCH,,0
ATM2501231ETOHG,,NO_MATCH,,0
TXN25012303WXAP,,NO_MATCH,,0
ATM2501234JY1NJ,,NO_MATCH,,0
TXN250123D7M82I,,NO_MATCH,,0
TXN250123MZQVJH,CDR202600014641,RECEIVER_OUTGOING_ACTIVITY,-243,1
TXN250123DPD8PM,,NO_MATCH,,0
ATM250123Z8ETVA,,NO_MATCH,,0
TXN250123JZJ55N,CDR202600014660,SENDER_OUTGOING_ACTIVITY,583,1
TXN250123MOHICX,,NO_MATCH,,0
ATM250123BYISYN,,NO_MATCH,,0
TXN250123QBDJHJ,,NO_MATCH,,0
TXN2501236ZZIMC,,NO_MATCH,,0
TXN250123D3DDLD,,NO_MATCH,,0
TXN2501232XVPX5,,NO_MATCH,,0
TXN250123S5TA75,,NO_MATCH,,0
TXN250123XGI0TX,,NO_MATCH,,0
ATM250123TAVGSH,CDR202600014679,RECEIVER_INCOMING_ACTIVITY,-684,1
TXN250123IF3GLW,,NO_MATCH,,0
ATM2501233RTMSP,,NO_MATCH,,0
TXN250123UJF3HM,,NO_MATCH,,0
TXN2501237EVIHI,,NO_MATCH,,0
ATM250123ON2DT9,,NO_MATCH,,0
ATM250123DTPFWI,,NO_MATCH,,0
ATM250123WWIXHT,,NO_MATCH,,0
TXN250123X3UURR,,NO_MATCH,,0
ATM2501233K99VS,,NO_MATCH,,0
TXN2501234KDAJ8,,NO_MATCH,,0
TXN250123KRZ8V2,,NO_MATCH,,0
TXN250123VA0ZXJ,CDR202600014718,RECEIVER_OUTGOING_ACTIVITY,-644,1
TXN250123BWFAU8,,NO_MATCH,,0
TXN2501238F9E1C,,NO_MATCH,,0
ATM250123OIOXPT,,NO_MATCH,,0
TXN250123M5X5RG,,NO_MATCH,,0
TXN250123VXCEWS,CDR202600014745,SENDER_OUTGOING_ACTIVITY,439,1
TXN2501237FNOAT,,NO_MATCH,,0
TXN2501238SQE14,,NO_MATCH,,0
TXN250123SUZ2PW,,NO_MATCH,,0
TXN250123GEGSUJ,,NO_MATCH,,0
TXN250123NZA82U,,NO_MATCH,,0
TXN250123F111RB,,NO_MATCH,,0
TXN250123CNAF83,,NO_MATCH,,0
TXN250123TL2QZ0,,NO_MATCH,,0
TXN250123OVBPFY,,NO_MATCH,,0
ATM2501236C7Y0P,,NO_MATCH,,0
TXN250123B1HEHM,,NO_MATCH,,0
TXN250123Z1TWL2,,NO_MATCH,,0
TXN250123RE6MNP,,NO_MATCH,,0
TXN250123A686NE,,NO_MATCH,,0
TXN250123K974PQ,CDR202600014761,RECEIVER_INCOMING_ACTIVITY,-254,1
TXN250123QCS148,,NO_MATCH,,0
ATM250123HXQZV0,CDR202600014777,RECEIVER_OUTGOING_ACTIVITY,-839,1
TXN250123V0B6MO,,NO_MATCH,,0
ATM250123G2RGH6,,NO_MATCH,,0
TXN250123ZZLKW5,,NO_MATCH,,0
TXN250123TF5T9I,,NO_MATCH,,0
TXN250123H7S13U,,NO_MATCH,,0
ATM250123187A1Z,,NO_MATCH,,0
ATM250123TOI2N4,CDR202600014811,RECEIVER_OUTGOING_ACTIVITY,208,1
TXN250123KC7ASF,CDR202600014813,RECEIVER_OUTGOING_ACTIVITY,485,1
ATM2501232YD5M8,,NO_MATCH,,0
ATM250123WWDAA1,,NO_MATCH,,0
ATM250123X99NVC,,NO_MATCH,,0
ATM250123WDCBTO,CDR202600014813,SENDER_OUTGOING_ACTIVITY,-44,1
TXN250123BTD3M1,,NO_MATCH,,0
TXN2501237O97JI,CDR202600014818,RECEIVER_INCOMING_ACTIVITY,261,1
TXN250123ZEJ84N,,NO_MATCH,,0
TXN250123DH1GRD,,NO_MATCH,,0
ATM2501236HLY59,,NO_MATCH,,0
TXN250123ATIO1A,,NO_MATCH,,0
TXN2501231F2NCC,,NO_MATCH,,0
ATM250123KB4BB8,,NO_MATCH,,0
TXN250123F25M71,,NO_MATCH,,0
TXN250123QL5D39,,NO_MATCH,,0
TXN2501234KO2A4,,NO_MATCH,,0
ATM2501238WSJW2,,NO_MATCH,,0
TXN2501234CNF6P,,NO_MATCH,,0
TXN2501238PXBTT,,NO_MATCH,,0
TXN250123IJ4XU8,,NO_MATCH,,0
ATM250123D86ORI,,NO_MATCH,,0
TXN25012373STW2,,NO_MATCH,,0
TXN250123S57I3N,,NO_MATCH,,0
TXN2501234I6UCX,,NO_MATCH,,0
TXN250123603VSX,,NO_MATCH,,0
ATM250123ADNVGL,,NO_MATCH,,0
TXN2501234I4Q85,,NO_MATCH,,0
TXN250123Z27YF6,,NO_MATCH,,0
TXN250123V3PYC3,,NO_MATCH,,0
TXN2501233S2MCW,,NO_MATCH,,0
TXN25012360I4K8,,NO_MATCH,,0
TXN250123MQZCI9,,NO_MATCH,,0
TXN250123N4HXPP,,NO_MATCH,,0
ATM250123T26TPH,,NO_MATCH,,0
ATM250123LHBXPY,,NO_MATCH,,0
TXN250123ZT8X53,,NO_MATCH,,0
TXN250123F3J2QX,,NO_MATCH,,0
TXN2501231FJBLU,,NO_MATCH,,0
ATM250123TTR41E,,NO_MATCH,,0
TXN250123MGOF98,CDR202600014905,RECEIVER_OUTGOING_ACTIVITY,717,1
TXN250123JOQM5H,,NO_MATCH,,0
TXN250123W4L42G,,NO_MATCH,,0
TXN250123KN7WON,,NO_MATCH,,0
TXN2501234OA1B1,,NO_MATCH,,0
TXN250123I7ZOZ9,,NO_MATCH,,0
TXN250123DKRT47,,NO_MATCH,,0
TXN25012354ZWDM,,NO_MATCH,,0
TXN250123ZS6V62,,NO_MATCH,,0
ATM250123FUE75N,,NO_MATCH,,0
TXN250123QSLA2I,CDR202600014907,SENDER_INCOMING_ACTIVITY,-248,1
ATM250123LQCYAG,,NO_MATCH,,0
TXN250123PD8MTZ,,NO_MATCH,,0
ATM250123LXGOUT,CDR202600014907,SENDER_OUTGOING_ACTIVITY,-727,1
TXN250123SVY4KT,,NO_MATCH,,0
TXN2501235L0L0O,,NO_MATCH,,0
TXN250123951V6K,,NO_MATCH,,0
ATM250123W6TSVO,CDR202600014923,RECEIVER_INCOMING_ACTIVITY,-503,1
TXN250123LV02OO,,NO_MATCH,,0
ATM2501234PK9BG,,NO_MATCH,,0
TXN2501232868DL,,NO_MATCH,,0
ATM250123UBOOW0,CDR202600014945,SENDER_OUTGOING_ACTIVITY,641,1
TXN250123IKKJDI,CDR202600014952,RECEIVER_INCOMING_ACTIVITY,743,1
TXN250123H3GR8C,,NO_MATCH,,0
ATM250123A9YTXW,CDR202600014945,SENDER_OUTGOING_ACTIVITY,221,1
TXN250123VFFM6L,,NO_MATCH,,0
ATM250123GMLP87,CDR202600014945,SENDER_OUTGOING_ACTIVITY,-199,1
ATM250123BG6YG5,CDR202600014969,SENDER_OUTGOING_ACTIVITY,805,1
ATM2501238X0ZYU,,NO_MATCH,,0
TXN25012350U2I3,CDR202600014945,SENDER_INCOMING_ACTIVITY,-472,1
TXN250123WAJBQW,CDR202600014959,RECEIVER_INCOMING_ACTIVITY,-345,1
TXN250123GXWAVS,,NO_MATCH,,0
TXN250123AVUVYE,,NO_MATCH,,0
TXN2501234DNM9R,CDR202600014962,SENDER_OUTGOING_ACTIVITY,-641,1
ATM250123M8IDP5,CDR202600014963,SENDER_OUTGOING_ACTIVITY,-613,1
TXN2501239BW6V1,,NO_MATCH,,0
ATM250123J1C3PG,CDR202600014986,RECEIVER_OUTGOING_ACTIVITY,258,1
TXN250123IW4UQ7,,NO_MATCH,,0
TXN250123AZW41U,,NO_MATCH,,0
ATM2501238Q9ZRA,,NO_MATCH,,0
ATM250123YHMGSJ,CDR202600014986,RECEIVER_OUTGOING_ACTIVITY,-42,1
TXN250123Q3CTUB,CDR202600060353,SENDER_OUTGOING_ACTIVITY,-780,1
TXN250123G5OS75,,NO_MATCH,,0
ATM250123QTZ3L1,CDR202600014986,RECEIVER_OUTGOING_ACTIVITY,-282,1
TXN2501236N6WQ6,CDR202600060239,SENDER_OUTGOING_ACTIVITY,-60,1
ATM250123M71LBW,,NO_MATCH,,0
ATM250123PGD1R5,,NO_MATCH,,0
ATM2501231RQMI4,,NO_MATCH,,0
ATM2501231YSBJ8,,NO_MATCH,,0
TXN2501231WJJDO,,NO_MATCH,,0
TXN2501237GLFWM,,NO_MATCH,,0
TXN25012385IYG9,,NO_MATCH,,0
ATM2501234TTB2M,CDR202600015023,RECEIVER_INCOMING_ACTIVITY,253,1
TXN2501236MTD81,,NO_MATCH,,0
TXN250123POU8PX,,NO_MATCH,,0
ATM250123MILPIQ,,NO_MATCH,,0
TXN250123IOFNLX,,NO_MATCH,,0
ATM250123BF8WV5,CDR202600015053,RECEIVER_INCOMING_ACTIVITY,528,1
TXN2501238GRVUT,,NO_MATCH,,0
ATM250123GYAF8V,,NO_MATCH,,0
TXN250123GXMH6I,,NO_MATCH,,0
TXN250123DFUXHE,CDR202600015044,RECEIVER_OUTGOING_ACTIVITY,-285,1
TXN250123NKF5ZQ,CDR202600015040,RECEIVER_OUTGOING_ACTIVITY,-573,1
TXN250123PPU2O3,CDR202600015044,RECEIVER_OUTGOING_ACTIVITY,-645,1
TXN250123GL2BTL,,NO_MATCH,,0
ATM250123X1G6K1,,NO_MATCH,,0
ATM250123E5XS2T,,NO_MATCH,,0
TXN250123NIVLJ8,,NO_MATCH,,0
ATM250123IXIK20,,NO_MATCH,,0
ATM250123AAK54S,,NO_MATCH,,0
ATM2501239DTFR3,,NO_MATCH,,0
ATM250123BMAL1Z,CDR202600015065,SENDER_INCOMING_ACTIVITY,527,1
TXN250123I6HOA3,,NO_MATCH,,0
TXN250123ERG91T,,NO_MATCH,,0
TXN2501235M8CW9,,NO_MATCH,,0
TXN250123TALAZK,,NO_MATCH,,0
TXN250123FNHRB5,,NO_MATCH,,0
TXN250123UEG39I,,NO_MATCH,,0
TXN250123LTBHY3,,NO_MATCH,,0
TXN250123ZEQG87,,NO_MATCH,,0
ATM250123N7ZRU6,,NO_MATCH,,0
ATM250123MZ1538,,NO_MATCH,,0
TXN2501237U4THP,CDR202600015084,RECEIVER_INCOMING_ACTIVITY,-27,1
ATM250123FYGIJ5,,NO_MATCH,,0
TXN250123M5NSDH,,NO_MATCH,,0
TXN25012379AF14,CDR202600015083,SENDER_OUTGOING_ACTIVITY,-402,1
ATM250123ZNNEE6,CDR202600015092,RECEIVER_INCOMING_ACTIVITY,200,1
TXN2501238XZ3G9,CDR202600015084,RECEIVER_INCOMING_ACTIVITY,-507,1
ATM250123D9V25Y,,NO_MATCH,,0
TXN250123KDSN2F,,NO_MATCH,,0
ATM2501230SHQ2E,,NO_MATCH,,0
TXN250123JHU6AU,,NO_MATCH,,0
TXN250123YS0LD1,,NO_MATCH,,0
TXN250123CRZE3D,CDR202600015109,RECEIVER_INCOMING_ACTIVITY,-418,1
TXN250123UBCUGS,,NO_MATCH,,0
ATM250123UKAA1X,,NO_MATCH,,0
TXN2501230S5PH5,,NO_MATCH,,0
TXN250123P1X17J,,NO_MATCH,,0
TXN2501233RMY7G,,NO_MATCH,,0
ATM250123NP8T1C,,NO_MATCH,,0
TXN250123SMB18H,,NO_MATCH,,0
TXN250123980H2E,,NO_MATCH,,0
ATM250123V46B64,,NO_MATCH,,0
TXN250123XO23E3,CDR202600015162,SENDER_OUTGOING_ACTIVITY,718,1
TXN250123QU5CCR,,NO_MATCH,,0
TXN2501231CICUZ,,NO_MATCH,,0
TXN250123CNXBJP,,NO_MATCH,,0
ATM250123O2Z8OK,CDR202600015159,SENDER_INCOMING_ACTIVITY,-855,1
TXN25012333OWKA,,NO_MATCH,,0
TXN2501231UCCX4,,NO_MATCH,,0
ATM250123KQ52Q3,,NO_MATCH,,0
TXN250123FO9JDL,CDR202600015193,RECEIVER_INCOMING_ACTIVITY,47,1
TXN2501231ETO5V,,NO_MATCH,,0
TXN25012306XX8Q,,NO_MATCH,,0
TXN250123KIPQK5,,NO_MATCH,,0
TXN250123FK8VFV,,NO_MATCH,,0
ATM250123UWAPR5,,NO_MATCH,,0
TXN25012391CV7J,,NO_MATCH,,0
ATM2501230HB05L,CDR202600015219,SENDER_INCOMING_ACTIVITY,98,1
ATM2501231R1835,,NO_MATCH,,0
TXN250123BNP5NL,,NO_MATCH,,0
TXN250123P3VAHT,,NO_MATCH,,0
TXN250123LUPE2W,CDR202600015218,SENDER_INCOMING_ACTIVITY,-687,1
TXN250123SYUP4Q,,NO_MATCH,,0
TXN25012340VF51,,NO_MATCH,,0
ATM2501236D5F30,,NO_MATCH,,0
ATM250123B6GUPJ,,NO_MATCH,,0
TXN2501230M96XQ,,NO_MATCH,,0
ATM250123Q593VJ,,NO_MATCH,,0
TXN250123GDQXHU,,NO_MATCH,,0
TXN250123Y3XUGT,,NO_MATCH,,0
ATM250123X9P84A,,NO_MATCH,,0
ATM250123CO7QDQ,,NO_MATCH,,0
ATM250123OEDN3J,,NO_MATCH,,0
ATM250123KOO67Q,,NO_MATCH,,0
TXN25012322DEX9,CDR202600015269,SENDER_OUTGOING_ACTIVITY,-596,1
TXN250123N42U2D,CDR202600015272,RECEIVER_INCOMING_ACTIVITY,-65,1
TXN250123JXKDGX,,NO_MATCH,,0
TXN250123V0H4X9,,NO_MATCH,,0
TXN250123DYING8,,NO_MATCH,,0
TXN250123APK3JN,,NO_MATCH,,0
TXN250123R2CZEM,,NO_MATCH,,0
ATM2501235CPAST,,NO_MATCH,,0
TXN250123E6XEDK,,NO_MATCH,,0
TXN250123P6L1AW,,NO_MATCH,,0
ATM2501232VRRMV,,NO_MATCH,,0
TXN2501234BQAPQ,,NO_MATCH,,0
ATM250123FFDUM0,,NO_MATCH,,0
ATM25012355DSZT,,NO_MATCH,,0
ATM250123PTEAHZ,,NO_MATCH,,0
ATM250124LRQDQT,,NO_MATCH,,0
TXN2501241YQWHN,,NO_MATCH,,0
ATM250124M4SL4G,,NO_MATCH,,0
TXN250124BUTBRD,,NO_MATCH,,0
TXN250124OM6AHE,,NO_MATCH,,0
ATM250124WU6CRI,,NO_MATCH,,0
TXN250124RT5XK0,,NO_MATCH,,0
TXN250124OA5C7N,CDR202600015337,SENDER_OUTGOING_ACTIVITY,-282,1
TXN2501244NB0EL,,NO_MATCH,,0
TXN250124BGNUZM,,NO_MATCH,,0
TXN250124IC43UJ,,NO_MATCH,,0
TXN2501240B3X2H,CDR202600015348,SENDER_INCOMING_ACTIVITY,457,1
TXN2501242EJFZ8,,NO_MATCH,,0
ATM250124NNYWRU,,NO_MATCH,,0
ATM250124OO1R1H,,NO_MATCH,,0
ATM250124KH4FKU,,NO_MATCH,,0
TXN250124PJUJD3,,NO_MATCH,,0
TXN2501246VCLP9,,NO_MATCH,,0
TXN250124M3UIG4,,NO_MATCH,,0
TXN250124V9O5DG,,NO_MATCH,,0
ATM2501248PWU9W,,NO_MATCH,,0
TXN2501244S1IP2,,NO_MATCH,,0
TXN2501241I1H2S,,NO_MATCH,,0
TXN250124Z958TC,,NO_MATCH,,0
TXN250124YW4X69,,NO_MATCH,,0
ATM250124OSDNI6,CDR202600015395,RECEIVER_INCOMING_ACTIVITY,141,1
ATM250124NCJF43,,NO_MATCH,,0
ATM250124KLCWKO,CDR202600015395,RECEIVER_INCOMING_ACTIVITY,-21,1
TXN250124BILYB4,,NO_MATCH,,0
TXN250124T43S0C,,NO_MATCH,,0
TXN250124Q5R43D,,NO_MATCH,,0
TXN250124Z0S2R4,,NO_MATCH,,0
TXN250124R7I8WW,CDR202600015402,RECEIVER_OUTGOING_ACTIVITY,-129,1
ATM2501242WKK0V,,NO_MATCH,,0
ATM250124TXA3KX,,NO_MATCH,,0
ATM25012452FIGX,CDR202600015410,SENDER_INCOMING_ACTIVITY,-439,1
TXN250124BJQL2N,CDR202600015419,RECEIVER_INCOMING_ACTIVITY,196,1
ATM250124GLHG77,,NO_MATCH,,0
ATM2501243QX5IO,,NO_MATCH,,0
TXN250124XNH8A9,,NO_MATCH,,0
ATM2501241FZBZZ,CDR202600015435,RECEIVER_INCOMING_ACTIVITY,317,1
TXN250124VJN0ZS,CDR202600015432,SENDER_OUTGOING_ACTIVITY,-451,1
TXN250124QPJO60,,NO_MATCH,,0
ATM25012413CV6O,,NO_MATCH,,0
ATM250124QO3KRP,,NO_MATCH,,0
TXN250124LYCOGL,,NO_MATCH,,0
ATM25012452T3NP,,NO_MATCH,,0
ATM25012445XKMC,,NO_MATCH,,0
TXN2501246VTUQE,,NO_MATCH,,0
TXN250124URZJ4W,,NO_MATCH,,0
ATM250124YW8WTE,,NO_MATCH,,0
ATM250124RIIS6L,,NO_MATCH,,0
ATM2501242SIHXO,,NO_MATCH,,0
ATM25012432UWN2,,NO_MATCH,,0
TXN250124I2HDSI,CDR202600015476,RECEIVER_OUTGOING_ACTIVITY,234,1
ATM250124BWAW8Q,,NO_MATCH,,0
ATM25012479OZVD,,NO_MATCH,,0
TXN25012460NL9F,,NO_MATCH,,0
TXN2501245G44YU,CDR202600015481,SENDER_INCOMING_ACTIVITY,-11,1
TXN2501249PTTO8,CDR202600015482,SENDER_INCOMING_ACTIVITY,-51,1
ATM250124ZSOEAO,,NO_MATCH,,0
TXN250124IEHK56,CDR202600015489,SENDER_OUTGOING_ACTIVITY,-284,1
TXN250124TOI5TS,,NO_MATCH,,0
TXN2501246EXCNN,,NO_MATCH,,0
TXN2501246TPS7U,,NO_MATCH,,0
ATM2501248XF4IU,,NO_MATCH,,0
ATM250124N14HU5,,NO_MATCH,,0
ATM250124GDJN9Z,,NO_MATCH,,0
ATM25012421ZPBL,,NO_MATCH,,0
TXN25012478JP7D,,NO_MATCH,,0
ATM250124JS2NP9,CDR202600015511,SENDER_INCOMING_ACTIVITY,-565,1
TXN250124J705TT,,NO_MATCH,,0
TXN250124LP0WCC,,NO_MATCH,,0
TXN250124794OCP,,NO_MATCH,,0
ATM250124QACFL7,,NO_MATCH,,0
ATM250124RW9KX0,CDR202600015521,RECEIVER_INCOMING_ACTIVITY,-244,1
TXN250124S3U8T9,,NO_MATCH,,0
TXN250124NYCJ49,,NO_MATCH,,0
TXN250124SQRWZ2,CDR202600015535,RECEIVER_OUTGOING_ACTIVITY,53,1
TXN250124YLJM7M,CDR202600015521,SENDER_OUTGOING_ACTIVITY,-768,1
TXN2501248VYBNL,,NO_MATCH,,0
ATM2501245J57DS,,NO_MATCH,,0
ATM250124B92HYE,,NO_MATCH,,0
ATM250124SDBSYX,,NO_MATCH,,0
TXN250124PYEMAL,,NO_MATCH,,0
TXN250124O5ULEX,,NO_MATCH,,0
TXN250124EE8KYB,,NO_MATCH,,0
ATM250124VUOF9O,,NO_MATCH,,0
ATM250124R128B0,,NO_MATCH,,0
ATM250124G8LPBN,,NO_MATCH,,0
TXN250124HL5EO1,,NO_MATCH,,0
ATM2501249AJZ4X,,NO_MATCH,,0
ATM2501248UWNJA,,NO_MATCH,,0
TXN250124UTLNUG,,NO_MATCH,,0
ATM250124DOWBEF,,NO_MATCH,,0
ATM2501241I8JSB,,NO_MATCH,,0
ATM2501248XQ6QY,,NO_MATCH,,0
TXN250124PQ53QC,,NO_MATCH,,0
TXN250124GA9K22,,NO_MATCH,,0
TXN2501242JOTEB,,NO_MATCH,,0
ATM2501246X7H5L,,NO_MATCH,,0
TXN250124WIKPZS,,NO_MATCH,,0
TXN2501248UQU6P,,NO_MATCH,,0
ATM250124J8O7R7,,NO_MATCH,,0
TXN250124ZTIP38,,NO_MATCH,,0
ATM250124D8CRJG,,NO_MATCH,,0
ATM250124OVPWO1,,NO_MATCH,,0
TXN250124Z0Z0R6,,NO_MATCH,,0
ATM250124ZKWM4U,,NO_MATCH,,0
ATM2501243NELJ2,,NO_MATCH,,0
ATM250124AQJNOI,CDR202600015607,RECEIVER_INCOMING_ACTIVITY,725,1
TXN250124A59AZ6,CDR202600015601,SENDER_INCOMING_ACTIVITY,-162,1
ATM2501248Z2UMS,CDR202600015607,RECEIVER_INCOMING_ACTIVITY,305,1
ATM250124SP5FRS,CDR202600015607,SENDER_OUTGOING_ACTIVITY,300,1
TXN2501242CKNNO,,NO_MATCH,,0
TXN250124I5XYHS,,NO_MATCH,,0
TXN250124FIAHNG,,NO_MATCH,,0
ATM2501248DB1AQ,CDR202600015615,SENDER_OUTGOING_ACTIVITY,32,1
TXN250124LMYX85,,NO_MATCH,,0
TXN250124OPQV5G,CDR202600060568,SENDER_OUTGOING_ACTIVITY,-233,1
TXN250124QH0K5F,CDR202600060568,SENDER_OUTGOING_ACTIVITY,-240,1
TXN250124Z4OYSJ,,NO_MATCH,,0
TXN250124X6EBET,,NO_MATCH,,0
TXN25012439HF0N,CDR202600015633,RECEIVER_OUTGOING_ACTIVITY,199,1
ATM2501248AO2CL,,NO_MATCH,,0
TXN250124FPNEOK,,NO_MATCH,,0
TXN250124REYMB5,,NO_MATCH,,0
ATM250124R0PTSM,,NO_MATCH,,0
ATM2501246UNVO9,,NO_MATCH,,0
TXN250124VAYQN8,CDR202600015661,RECEIVER_OUTGOING_ACTIVITY,446,1
ATM250124Q0TLXP,,NO_MATCH,,0
ATM2501245NRZ2W,CDR202600015644,RECEIVER_INCOMING_ACTIVITY,-660,1
TXN250124YC8GKT,,NO_MATCH,,0
ATM250124O1VRLM,,NO_MATCH,,0
ATM250124XM6V8W,,NO_MATCH,,0
TXN25012480LRXP,CDR202600015661,SENDER_OUTGOING_ACTIVITY,-712,1
TXN2501245VPOPY,CDR202600015666,RECEIVER_OUTGOING_ACTIVITY,-463,1
ATM250124GX51JE,,NO_MATCH,,0
ATM250124BU7NK6,CDR202600015671,SENDER_OUTGOING_ACTIVITY,-318,1
ATM2501240194Y8,CDR202600015676,RECEIVER_OUTGOING_ACTIVITY,-87,1
TXN2501243P0IK3,CDR202600015670,RECEIVER_INCOMING_ACTIVITY,-784,1
TXN250124INO5QN,,NO_MATCH,,0
TXN250124Q1NMUW,,NO_MATCH,,0
TXN2501243F0GYP,,NO_MATCH,,0
TXN250124XH3OZN,,NO_MATCH,,0
TXN250124J6BJK5,,NO_MATCH,,0
TXN250124A2345J,CDR202600015704,RECEIVER_OUTGOING_ACTIVITY,-609,1
TXN250124045209,,NO_MATCH,,0
TXN2501242C0463,,NO_MATCH,,0
TXN250124I6RS7F,,NO_MATCH,,0
TXN250124LVV9FU,,NO_MATCH,,0
TXN250124R04P3X,,NO_MATCH,,0
ATM250124AICKB4,,NO_MATCH,,0
ATM2501241F549H,,NO_MATCH,,0
TXN250124NFW0HE,CDR202600015726,SENDER_OUTGOING_ACTIVITY,30,1
TXN2501246OGTE1,,NO_MATCH,,0
TXN2501242YV4FE,CDR202600015734,SENDER_OUTGOING_ACTIVITY,492,1
TXN250124UBZXAJ,,NO_MATCH,,0
TXN250124AHG1CG,,NO_MATCH,,0
TXN250124OFR52Z,,NO_MATCH,,0
TXN250124XDS8VS,,NO_MATCH,,0
ATM250124TGYK0N,,NO_MATCH,,0
TXN250124PWVW4P,CDR202600015745,RECEIVER_INCOMING_ACTIVITY,71,1
TXN250124PAZW8I,,NO_MATCH,,0
ATM250124UZH3TW,,NO_MATCH,,0
ATM250124QCRHC0,,NO_MATCH,,0
TXN250124J2PPD6,CDR202600015767,RECEIVER_INCOMING_ACTIVITY,878,1
TXN250124GFZH51,,NO_MATCH,,0
TXN250124EV6059,,NO_MATCH,,0
ATM250124H5ZJ5W,,NO_MATCH,,0
TXN250124XFPAXM,,NO_MATCH,,0
ATM250124GZXQ70,,NO_MATCH,,0
TXN2501245Y767T,,NO_MATCH,,0
TXN250124TOCK1T,CDR202600015763,SENDER_INCOMING_ACTIVITY,251,1
TXN250124F6VSAR,,NO_MATCH,,0
TXN250124E92LSK,,NO_MATCH,,0
TXN250124Q2T3PT,CDR202600015773,SENDER_OUTGOING_ACTIVITY,-61,1
ATM250124QABCZW,,NO_MATCH,,0
TXN250124ZEPXEN,,NO_MATCH,,0
TXN2501249U1X4G,CDR202600015786,RECEIVER_OUTGOING_ACTIVITY,653,1
TXN250124E0SSTE,,NO_MATCH,,0
ATM2501246KITUN,,NO_MATCH,,0
ATM250124LDBEG9,,NO_MATCH,,0
TXN250124DF0E65,,NO_MATCH,,0
TXN2501244XLEE8,CDR202600015783,RECEIVER_OUTGOING_ACTIVITY,-220,1
ATM250124PQA0FL,,NO_MATCH,,0
ATM250124036B20,,NO_MATCH,,0
ATM250124VGHES4,CDR202600015792,RECEIVER_INCOMING_ACTIVITY,-155,1
ATM250124CWJMS9,,NO_MATCH,,0
TXN250124W5J1MU,,NO_MATCH,,0
TXN2501245I1YSC,CDR202600060049,SENDER_OUTGOING_ACTIVITY,-660,1
TXN2501240I0ERP,,NO_MATCH,,0
TXN250124I2BC71,,NO_MATCH,,0
TXN2501242PCII6,,NO_MATCH,,0
ATM2501243UY5DW,,NO_MATCH,,0
TXN2501243Q822D,CDR202600015821,RECEIVER_OUTGOING_ACTIVITY,802,1
ATM250124JFL5HE,,NO_MATCH,,0
TXN250124YIE09D,,NO_MATCH,,0
ATM250124EZJRLX,,NO_MATCH,,0
TXN250124ACNHPC,,NO_MATCH,,0
TXN2501247W8HVG,,NO_MATCH,,0
TXN250124I7E0UI,,NO_MATCH,,0
TXN250124OOEZKM,,NO_MATCH,,0
ATM25012458O9YS,,NO_MATCH,,0
ATM250124NR117A,,NO_MATCH,,0
TXN250124VVCN0Z,,NO_MATCH,,0
ATM250124W8TH90,,NO_MATCH,,0
TXN250124E16UQJ,,NO_MATCH,,0
ATM250124M0VUBM,,NO_MATCH,,0
TXN250124YZGS2N,,NO_MATCH,,0
ATM2501241XV1AD,CDR202600015868,SENDER_OUTGOING_ACTIVITY,702,1
TXN250124G14DNQ,,NO_MATCH,,0
TXN250124FKYMBJ,,NO_MATCH,,0
TXN2501246OTVB5,,NO_MATCH,,0
ATM2501240GGU6Z,,NO_MATCH,,0
TXN25012435WO5W,,NO_MATCH,,0
TXN250124ZPP9ND,,NO_MATCH,,0
ATM250124R6ZRGX,,NO_MATCH,,0
TXN2501242P7TAV,,NO_MATCH,,0
ATM250124DJSHS2,,NO_MATCH,,0
TXN250124ONPIXC,,NO_MATCH,,0
TXN250124D6CHH4,,NO_MATCH,,0
ATM2501246AJJSM,,NO_MATCH,,0
ATM2501245WC5GE,,NO_MATCH,,0
TXN250124JZOMWL,,NO_MATCH,,0
TXN250124BMCDNP,,NO_MATCH,,0
TXN250124IN715R,,NO_MATCH,,0
TXN250124ZSA0Z4,CDR202600015914,RECEIVER_OUTGOING_ACTIVITY,-39,1
TXN250124D500LH,,NO_MATCH,,0
TXN250124BN24GH,,NO_MATCH,,0
TXN250124J2CTV9,,NO_MATCH,,0
TXN250124K6A9L1,,NO_MATCH,,0
ATM250124NPDFXM,,NO_MATCH,,0
TXN250124X0DW3D,,NO_MATCH,,0
ATM2501244NFVBN,,NO_MATCH,,0
TXN2501246DQKHI,,NO_MATCH,,0
ATM250124ORBY0Y,,NO_MATCH,,0
ATM250124FSQOC0,,NO_MATCH,,0
ATM250124FQLC7X,CDR202600015943,SENDER_OUTGOING_ACTIVITY,486,1
TXN2501248WA5PU,,NO_MATCH,,0
ATM250124N3P01J,,NO_MATCH,,0
TXN250124AXQNRB,,NO_MATCH,,0
TXN250124ACNYJ4,,NO_MATCH,,0
TXN250124K9MGJ8,,NO_MATCH,,0
TXN250124DWZGF0,,NO_MATCH,,0
TXN2501241SNICL,,NO_MATCH,,0
ATM2501250CPYGH,,NO_MATCH,,0
TXN250125A5T6EB,,NO_MATCH,,0
ATM2501251I541P,,NO_MATCH,,0
TXN250125N0AOTD,,NO_MATCH,,0
TXN2501257UNO0Y,,NO_MATCH,,0
ATM250125Q9BMRJ,,NO_MATCH,,0
TXN250125K1VANS,,NO_MATCH,,0
ATM250125LYW1MX,,NO_MATCH,,0
ATM250125ZQBS5Z,,NO_MATCH,,0
TXN2501255YJIJ5,,NO_MATCH,,0
ATM250125PISZRH,,NO_MATCH,,0
TXN250125ZWPHP2,,NO_MATCH,,0
ATM250125IDC75P,CDR202600015998,SENDER_INCOMING_ACTIVITY,-11,1
ATM2501255E3KYV,,NO_MATCH,,0
TXN2501256ZHZ6E,,NO_MATCH,,0
TXN250125HHI25M,,NO_MATCH,,0
TXN250125TWUAV8,,NO_MATCH,,0
TXN250125J9J634,,NO_MATCH,,0
TXN250125K7W28T,,NO_MATCH,,0
ATM2501254MU58Q,,NO_MATCH,,0
TXN250125TV6WJ9,,NO_MATCH,,0
TXN250125W3CZFL,,NO_MATCH,,0
ATM250125UWUW25,,NO_MATCH,,0
TXN250125XX34K6,,NO_MATCH,,0
TXN250125U3XIOF,,NO_MATCH,,0
TXN250125G3JFRE,,NO_MATCH,,0
TXN250125Q76BR7,,NO_MATCH,,0
TXN250125OHXRUU,,NO_MATCH,,0
ATM250125Z2HBOM,,NO_MATCH,,0
TXN250125LSXVC6,,NO_MATCH,,0
TXN250125H3MI7R,,NO_MATCH,,0
TXN250125NF3SDX,,NO_MATCH,,0
TXN250125D3WFJT,,NO_MATCH,,0
ATM250125T10JHF,,NO_MATCH,,0
TXN250125SNNICJ,,NO_MATCH,,0
TXN250125TRB7UG,,NO_MATCH,,0
ATM250125XSR2PX,,NO_MATCH,,0
ATM250125E16BH5,,NO_MATCH,,0
TXN250125GAYFO3,,NO_MATCH,,0
TXN250125Z7ECPO,,NO_MATCH,,0
ATM25012580UN99,,NO_MATCH,,0
TXN250125TG9PI2,,NO_MATCH,,0
TXN25012556KQ25,,NO_MATCH,,0
TXN25012594KS1E,,NO_MATCH,,0
TXN250125U9GWP7,,NO_MATCH,,0
ATM2501255WK3PZ,,NO_MATCH,,0
ATM250125XPQR1Z,,NO_MATCH,,0
TXN2501258J4SDP,,NO_MATCH,,0
TXN2501253FVQSF,,NO_MATCH,,0
TXN250125HFT5XJ,,NO_MATCH,,0
ATM250125LQVAH8,,NO_MATCH,,0
ATM250125F1D5K4,,NO_MATCH,,0
ATM250125YS8PPZ,,NO_MATCH,,0
TXN2501259Z3TJZ,,NO_MATCH,,0
TXN250125KQPSKT,,NO_MATCH,,0
TXN250125S5A99N,,NO_MATCH,,0
TXN250125FTY5VQ,,NO_MATCH,,0
TXN250125MCA41E,,NO_MATCH,,0
ATM2501258RXQQE,,NO_MATCH,,0
TXN250125RO9SFX,,NO_MATCH,,0
ATM2501259TX13A,,NO_MATCH,,0
ATM25012588U16F,,NO_MATCH,,0
TXN250125OWC7QL,,NO_MATCH,,0
TXN250125BHXUNA,CDR202600016102,RECEIVER_OUTGOING_ACTIVITY,-564,1
TXN250125RAKB30,,NO_MATCH,,0
TXN250125VJW5CX,,NO_MATCH,,0
TXN250125H0IWTU,,NO_MATCH,,0
TXN250125VOFZEY,CDR202600016120,RECEIVER_OUTGOING_ACTIVITY,206,1
TXN250125DDSCST,,NO_MATCH,,0
TXN250125SAY0YM,,NO_MATCH,,0
TXN250125ABO8FM,CDR202600016145,SENDER_OUTGOING_ACTIVITY,792,1
TXN250125Q7HY3D,,NO_MATCH,,0
ATM2501254LUROF,,NO_MATCH,,0
TXN250125SYW3T1,CDR202600016133,SENDER_OUTGOING_ACTIVITY,153,1
TXN2501250UFHO7,CDR202600016138,SENDER_OUTGOING_ACTIVITY,231,1
TXN2501251SSAJX,,NO_MATCH,,0
TXN250125ZM6S8C,CDR202600016146,RECEIVER_INCOMING_ACTIVITY,431,1
TXN250125IAH2C7,,NO_MATCH,,0
ATM250125Y53I2F,CDR202600016147,RECEIVER_OUTGOING_ACTIVITY,-344,1
TXN250125EXO1EP,,NO_MATCH,,0
ATM250125KR1S0D,,NO_MATCH,,0
ATM250125WY29ZN,,NO_MATCH,,0
TXN250125YHIVP4,,NO_MATCH,,0
ATM250125LYZ3TO,,NO_MATCH,,0
ATM25012592ODOH,,NO_MATCH,,0
TXN25012585AYP8,,NO_MATCH,,0
TXN250125T394BX,,NO_MATCH,,0
TXN250125HHF56L,CDR202600016175,RECEIVER_OUTGOING_ACTIVITY,868,1
TXN250125IHG1E4,CDR202600016174,RECEIVER_INCOMING_ACTIVITY,568,1
TXN250125JNTIYF,CDR202600016183,RECEIVER_INCOMING_ACTIVITY,757,1
TXN2501254YPO6P,,NO_MATCH,,0
TXN250125H857JV,,NO_MATCH,,0
TXN2501255E6PWC,,NO_MATCH,,0
ATM250125NOKHVW,,NO_MATCH,,0
TXN2501250MD0P3,,NO_MATCH,,0
ATM250125E2OTUH,CDR202600016203,RECEIVER_INCOMING_ACTIVITY,-233,1
ATM250125MOJORK,,NO_MATCH,,0
ATM250125KYGMIC,CDR202600016202,RECEIVER_INCOMING_ACTIVITY,-471,1
ATM250125IT6ATO,CDR202600016202,SENDER_OUTGOING_ACTIVITY,-589,1
TXN2501251Q14S3,,NO_MATCH,,0
ATM250125VUKFVL,CDR202600016234,SENDER_OUTGOING_ACTIVITY,508,1
ATM250125AQVYA9,,NO_MATCH,,0
TXN2501252D7DJH,CDR202600016223,SENDER_OUTGOING_ACTIVITY,-726,1
TXN250125ES3EG2,CDR202600016236,SENDER_INCOMING_ACTIVITY,440,1
TXN250125IHG53P,,NO_MATCH,,0
TXN250125DM3GII,CDR202600016238,RECEIVER_OUTGOING_ACTIVITY,373,1
ATM250125X9RD0B,,NO_MATCH,,0
ATM250125XFP4FM,CDR202600016252,SENDER_OUTGOING_ACTIVITY,813,1
TXN250125Z0S97B,,NO_MATCH,,0
TXN250125EMD3SC,,NO_MATCH,,0
TXN25012596HMAA,,NO_MATCH,,0
ATM2501251UVH6K,CDR202600016267,SENDER_INCOMING_ACTIVITY,899,1
ATM2501250FOHI7,CDR202600016245,SENDER_INCOMING_ACTIVITY,-454,1
TXN250125RRIIMP,,NO_MATCH,,0
TXN250125G0SYM5,CDR202600016266,SENDER_INCOMING_ACTIVITY,-201,1
TXN2501251EKSEW,,NO_MATCH,,0
TXN250125KRQ0IQ,CDR202600016263,SENDER_OUTGOING_ACTIVITY,-504,1
ATM250125NLYQYG,,NO_MATCH,,0
ATM250125QJWYQU,,NO_MATCH,,0
ATM250125LV94TH,,NO_MATCH,,0
TXN250125LTYJ0Q,,NO_MATCH,,0
TXN250125N7XL21,,NO_MATCH,,0
ATM250125EJIODG,,NO_MATCH,,0
ATM250125HITLUU,,NO_MATCH,,0
TXN250125AQZXAJ,,NO_MATCH,,0
TXN250125B0AX9D,CDR202600016283,RECEIVER_INCOMING_ACTIVITY,-676,1
TXN2501253ZLPDX,,NO_MATCH,,0
TXN250125SNDXSP,,NO_MATCH,,0
TXN250125ENYOWA,CDR202600016288,SENDER_INCOMING_ACTIVITY,-653,1
ATM250125S1J14L,,NO_MATCH,,0
TXN2501250EVC1I,,NO_MATCH,,0
ATM2501255NF9PJ,,NO_MATCH,,0
ATM250125V8POST,,NO_MATCH,,0
TXN2501258WHVRF,CDR202600016322,RECEIVER_INCOMING_ACTIVITY,548,1
TXN250125XGTHM0,CDR202600016335,RECEIVER_OUTGOING_ACTIVITY,800,1
TXN250125YRZ2N9,CDR202600016324,SENDER_INCOMING_ACTIVITY,-68,1
TXN250125SOWDXX,CDR202600016341,RECEIVER_OUTGOING_ACTIVITY,821,1
TXN250125TFAMLL,,NO_MATCH,,0
TXN25012509J6HM,,NO_MATCH,,0
TXN2501251SJISR,CDR202600060616,SENDER_OUTGOING_ACTIVITY,800,1
TXN250125OBSDCK,,NO_MATCH,,0
TXN25012588ZCKX,,NO_MATCH,,0
TXN2501259FIQEA,,NO_MATCH,,0
TXN250125ST2RS7,,NO_MATCH,,0
TXN2501258LY4X2,,NO_MATCH,,0
ATM2501254JLQ5Z,,NO_MATCH,,0
ATM2501257R0QA3,CDR202600016369,SENDER_OUTGOING_ACTIVITY,483,1
TXN250125E3ULY4,CDR202600060616,SENDER_OUTGOING_ACTIVITY,-600,1
TXN2501254PMGOS,CDR202600016366,SENDER_OUTGOING_ACTIVITY,-224,1
TXN250125IUGE5W,CDR202600060200,SENDER_OUTGOING_ACTIVITY,-780,1
ATM2501252HOKFJ,CDR202600016381,RECEIVER_OUTGOING_ACTIVITY,308,1
TXN250125X4Z6SQ,,NO_MATCH,,0
TXN250125HMOC77,,NO_MATCH,,0
TXN250125SJINTR,,NO_MATCH,,0
TXN250125ILKXN5,,NO_MATCH,,0
TXN250125ZSS1MQ,,NO_MATCH,,0
TXN250125AIENS4,CDR202600016405,RECEIVER_INCOMING_ACTIVITY,825,1
TXN2501259GBRBJ,,NO_MATCH,,0
TXN2501257X44AA,CDR202600016397,SENDER_INCOMING_ACTIVITY,-335,1
ATM250125GWUXP2,,NO_MATCH,,0
ATM2501250TKRWV,,NO_MATCH,,0
TXN250125UEYYUL,,NO_MATCH,,0
TXN25012570BB9C,CDR202600016408,RECEIVER_OUTGOING_ACTIVITY,-158,1
TXN250125Q6KXK8,,NO_MATCH,,0
TXN250125RANJ2D,,NO_MATCH,,0
ATM250125DNQU5J,,NO_MATCH,,0
TXN250125EK7FCF,,NO_MATCH,,0
TXN250125VIHLV4,,NO_MATCH,,0
ATM2501253VEBMM,CDR202600016435,RECEIVER_INCOMING_ACTIVITY,673,1
ATM25012577AXAO,,NO_MATCH,,0
TXN250125NSBYQM,,NO_MATCH,,0
ATM2501259306EY,,NO_MATCH,,0
TXN250125W9U583,,NO_MATCH,,0
ATM25012591YUKV,CDR202600016442,RECEIVER_OUTGOING_ACTIVITY,159,1
TXN250125F0DHIV,CDR202600016456,RECEIVER_OUTGOING_ACTIVITY,362,1
ATM250125G50YV1,,NO_MATCH,,0
TXN250125MJIGP7,,NO_MATCH,,0
ATM250125LTALTL,,NO_MATCH,,0
TXN250125VNON2X,,NO_MATCH,,0
TXN250125RLWY1T,,NO_MATCH,,0
TXN250125B54HPS,,NO_MATCH,,0
TXN250125ZCG32H,,NO_MATCH,,0
ATM250125WGCSVO,,NO_MATCH,,0
ATM250125PLJE7V,,NO_MATCH,,0
TXN250125G1IQB5,,NO_MATCH,,0
TXN25012556L7L2,,NO_MATCH,,0
TXN250125D595A4,,NO_MATCH,,0
TXN250125JM3L59,,NO_MATCH,,0
ATM250125FSJBFV,,NO_MATCH,,0
TXN250125KRLTKC,,NO_MATCH,,0
ATM250125I01XFG,,NO_MATCH,,0
ATM250125OM3ZVK,,NO_MATCH,,0
TXN250125C3QQ4D,,NO_MATCH,,0
ATM250125AKT9GZ,,NO_MATCH,,0
TXN250125O0B1VL,,NO_MATCH,,0
ATM2501255XOEF9,,NO_MATCH,,0
ATM2501253W1BI4,,NO_MATCH,,0
ATM250125KNWA2P,,NO_MATCH,,0
ATM250125UDDVOK,,NO_MATCH,,0
TXN250125IKKQY4,,NO_MATCH,,0
ATM250125GH385E,,NO_MATCH,,0
TXN250125MJK4D8,,NO_MATCH,,0
TXN2501250JBVOS,,NO_MATCH,,0
TXN250125554F30,,NO_MATCH,,0
ATM250125QQ971F,CDR202600016534,SENDER_INCOMING_ACTIVITY,-555,1
ATM250125CEV3VV,CDR202600016538,RECEIVER_OUTGOING_ACTIVITY,-562,1
ATM25012544UCZD,CDR202600016545,RECEIVER_INCOMING_ACTIVITY,-453,1
TXN250125GQEUWY,,NO_MATCH,,0
ATM250125UYINR7,CDR202600016548,RECEIVER_OUTGOING_ACTIVITY,-545,1
TXN250125I76NXQ,CDR202600016562,RECEIVER_OUTGOING_ACTIVITY,264,1
TXN2501253FGV6X,,NO_MATCH,,0
TXN250125LOLL1W,,NO_MATCH,,0
TXN250125SU1KGJ,,NO_MATCH,,0
ATM2501251VYORG,,NO_MATCH,,0
TXN250125NAROQB,CDR202600016593,RECEIVER_INCOMING_ACTIVITY,766,1
TXN250125SJ031T,,NO_MATCH,,0
TXN250125JVIQUA,,NO_MATCH,,0
TXN250125CH89RL,,NO_MATCH,,0
ATM250125IHX1JC,CDR202600016600,SENDER_OUTGOING_ACTIVITY,-23,1
TXN250125UZJBN4,,NO_MATCH,,0
TXN250125O52OGZ,,NO_MATCH,,0
TXN250125MI0ZMH,,NO_MATCH,,0
ATM250125V6KZ2X,CDR202600016608,RECEIVER_OUTGOING_ACTIVITY,26,1
TXN250125TRN6PO,,NO_MATCH,,0
ATM250125OVAUKW,,NO_MATCH,,0
ATM250125DRPFUJ,,NO_MATCH,,0
ATM250125JMCSMF,,NO_MATCH,,0
ATM2501253CWKS2,,NO_MATCH,,0
ATM250125I98YMT,,NO_MATCH,,0
TXN250125KLN5DK,,NO_MATCH,,0
TXN25012506BXGH,,NO_MATCH,,0
TXN250125CRPCZ2,,NO_MATCH,,0
TXN250125VHPLUG,,NO_MATCH,,0
ATM250125RBIPH6,,NO_MATCH,,0
ATM250125RSTXUB,CDR202600016634,RECEIVER_OUTGOING_ACTIVITY,345,1
TXN250125DTK2Q7,,NO_MATCH,,0
TXN2501250V0G00,,NO_MATCH,,0
TXN250125995V8X,,NO_MATCH,,0
TXN250125KO9BEF,,NO_MATCH,,0
ATM250126D8NQ0R,,NO_MATCH,,0
TXN250126XQBG8Q,,NO_MATCH,,0
TXN250126CJ2UC6,,NO_MATCH,,0
TXN25012678Y077,,NO_MATCH,,0
TXN2501261YBOV7,,NO_MATCH,,0
ATM250126F7XQI2,,NO_MATCH,,0
TXN250126OWDKJ6,,NO_MATCH,,0
TXN250126JGC8TL,,NO_MATCH,,0
TXN2501262K8OWW,,NO_MATCH,,0
TXN250126BDGOAD,,NO_MATCH,,0
ATM250126U8QQK4,,NO_MATCH,,0
ATM250126QS7V9L,,NO_MATCH,,0
ATM250126SVL23J,,NO_MATCH,,0
ATM25012614RKSA,,NO_MATCH,,0
ATM2501269877FT,,NO_MATCH,,0
TXN250126X1EY8R,,NO_MATCH,,0
TXN2501263K873S,,NO_MATCH,,0
ATM2501265PIV24,,NO_MATCH,,0
TXN2501264SFE6Q,,NO_MATCH,,0
ATM250126QF1JVV,,NO_MATCH,,0
TXN250126SUX8YY,,NO_MATCH,,0
TXN250126UMJIRD,,NO_MATCH,,0
TXN250126SP8UM0,,NO_MATCH,,0
ATM250126WAF4PN,,NO_MATCH,,0
TXN250126A06QRN,,NO_MATCH,,0
ATM250126Y887EW,,NO_MATCH,,0
TXN250126J7UAVS,,NO_MATCH,,0
ATM250126J7ZTK3,,NO_MATCH,,0
TXN250126CBIOIQ,,NO_MATCH,,0
TXN250126NQHNXM,,NO_MATCH,,0
ATM250126GBYL8A,,NO_MATCH,,0
TXN250126BN9FSH,,NO_MATCH,,0
TXN2501267HYJSF,CDR202600016736,RECEIVER_OUTGOING_ACTIVITY,-139,1
ATM250126TA50O3,CDR202600016732,RECEIVER_INCOMING_ACTIVITY,-360,1
TXN250126M5D365,,NO_MATCH,,0
TXN250126GXWUQJ,,NO_MATCH,,0
TXN250126F7YWZZ,,NO_MATCH,,0
TXN250126LVHDX4,,NO_MATCH,,0
TXN250126KC2VZV,,NO_MATCH,,0
TXN250126CEPQJE,,NO_MATCH,,0
TXN250126W4422F,,NO_MATCH,,0
TXN250126XDANJ7,,NO_MATCH,,0
TXN250126US9FMQ,,NO_MATCH,,0
TXN250126ENC88I,,NO_MATCH,,0
TXN250126ZO8M47,,NO_MATCH,,0
ATM250126SVFNYZ,,NO_MATCH,,0
TXN2501266X85KC,CDR202600016772,SENDER_OUTGOING_ACTIVITY,343,1
TXN25012660EAGK,CDR202600016777,SENDER_INCOMING_ACTIVITY,492,1
TXN250126U0RR0G,,NO_MATCH,,0
ATM250126NFISO1,,NO_MATCH,,0
ATM250126J8FQ12,,NO_MATCH,,0
ATM2501263IUEAZ,,NO_MATCH,,0
TXN250126YYTGR7,CDR202600016777,SENDER_INCOMING_ACTIVITY,-288,1
ATM2501266Y5NPD,,NO_MATCH,,0
TXN250126TA4O2B,CDR202600016775,SENDER_OUTGOING_ACTIVITY,-411,1
TXN250126IAYXT1,CDR202600016777,SENDER_INCOMING_ACTIVITY,-348,1
TXN250126J78PPZ,CDR202600016777,SENDER_INCOMING_ACTIVITY,-408,1
TXN250126SOMH10,CDR202600016777,SENDER_INCOMING_ACTIVITY,-588,1
ATM250126TJ79MM,CDR202600016786,RECEIVER_INCOMING_ACTIVITY,469,1
ATM250126ZZMC8O,CDR202600016783,RECEIVER_INCOMING_ACTIVITY,-176,1
ATM250126MQ7DD9,,NO_MATCH,,0
TXN250126VD1ZAP,,NO_MATCH,,0
TXN250126DORE71,,NO_MATCH,,0
ATM2501261NW7HG,CDR202600016806,SENDER_INCOMING_ACTIVITY,716,1
TXN250126W9V352,CDR202600016809,SENDER_OUTGOING_ACTIVITY,-746,1
TXN250126VFHBTA,,NO_MATCH,,0
ATM250126C0Z2D9,CDR202600016814,SENDER_OUTGOING_ACTIVITY,-636,1
TXN250126DEIXBN,,NO_MATCH,,0
TXN2501265M4QHT,,NO_MATCH,,0
TXN2501265XSUV0,,NO_MATCH,,0
TXN250126JF01YF,CDR202600016842,RECEIVER_INCOMING_ACTIVITY,254,1
TXN25012678FR54,,NO_MATCH,,0
TXN250126TPKSUG,,NO_MATCH,,0
ATM2501262UZPXW,,NO_MATCH,,0
ATM250126T8HE8L,,NO_MATCH,,0
ATM250126K77KMO,,NO_MATCH,,0
ATM250126BDZD5O,,NO_MATCH,,0
TXN250126GFIDSL,,NO_MATCH,,0
ATM250126YG24X0,CDR202600060013,SENDER_OUTGOING_ACTIVITY,-240,1
ATM2501266MDQMN,CDR202600016890,SENDER_INCOMING_ACTIVITY,213,1
ATM2501268HYC8L,CDR202600016870,SENDER_OUTGOING_ACTIVITY,-876,1
TXN250126ACPFZ4,,NO_MATCH,,0
TXN250126L7FG4V,,NO_MATCH,,0
ATM250126NU6H3N,,NO_MATCH,,0
ATM250126BYBBHS,CDR202600016894,RECEIVER_OUTGOING_ACTIVITY,-287,1
TXN250126O8XHK7,CDR202600016889,RECEIVER_INCOMING_ACTIVITY,-696,1
TXN250126KU9TBA,,NO_MATCH,,0
TXN250126O5AHE6,,NO_MATCH,,0
TXN250126C9V1AQ,,NO_MATCH,,0
ATM250126JZ6VJJ,,NO_MATCH,,0
TXN250126ATDF63,CDR202600016939,SENDER_INCOMING_ACTIVITY,653,1
TXN25012679MIB3,CDR202600016918,SENDER_INCOMING_ACTIVITY,-675,1
TXN250126MP0H9R,,NO_MATCH,,0
ATM2501269SIGNU,,NO_MATCH,,0
TXN250126FAHTTL,,NO_MATCH,,0
ATM250126A8MWLZ,CDR202600016929,SENDER_INCOMING_ACTIVITY,-159,1
ATM250126VQIUWX,CDR202600060282,SENDER_OUTGOING_ACTIVITY,-600,1
TXN250126MTYKTA,,NO_MATCH,,0
TXN250126NJGGS0,CDR202600016954,SENDER_INCOMING_ACTIVITY,786,1
ATM25012617MZHD,,NO_MATCH,,0
TXN250126V7AQ5S,,NO_MATCH,,0
TXN2501263PUC91,,NO_MATCH,,0
TXN250126FKSYSK,CDR202600016947,SENDER_OUTGOING_ACTIVITY,46,1
ATM250126UH6NV8,CDR202600016948,SENDER_OUTGOING_ACTIVITY,21,1
ATM250126UQ7DNY,CDR202600016973,SENDER_OUTGOING_ACTIVITY,858,1
TXN250126TBXSEU,,NO_MATCH,,0
TXN250126FY4KCY,CDR202600016948,SENDER_INCOMING_ACTIVITY,-783,1
TXN250126NKRHG5,CDR202600016976,SENDER_OUTGOING_ACTIVITY,489,1
TXN250126K23GJ9,CDR202600016982,SENDER_INCOMING_ACTIVITY,688,1
TXN250126ZMAHEG,,NO_MATCH,,0
TXN250126FXDEF6,CDR202600016972,SENDER_INCOMING_ACTIVITY,-93,1
ATM250126TACU1E,,NO_MATCH,,0
TXN250126JJ0WDD,,NO_MATCH,,0
TXN250126386T68,,NO_MATCH,,0
ATM250126E99S3N,,NO_MATCH,,0
ATM250126ODUNXT,,NO_MATCH,,0
TXN2501266ZMC4X,,NO_MATCH,,0
TXN250126FODKB5,,NO_MATCH,,0
TXN250126GFF4X4,,NO_MATCH,,0
ATM250126ZG9M7X,,NO_MATCH,,0
TXN250126D6A1H6,,NO_MATCH,,0
TXN250126CJOLX3,,NO_MATCH,,0
TXN250126N1H280,,NO_MATCH,,0
ATM2501260LIVV6,CDR202600017017,RECEIVER_OUTGOING_ACTIVITY,206,1
TXN250126KV59DM,,NO_MATCH,,0
TXN250126YHRQ4Q,CDR202600017016,RECEIVER_OUTGOING_ACTIVITY,-59,1
ATM250126859GFC,CDR202600060364,SENDER_OUTGOING_ACTIVITY,-660,1
ATM250126UIX39F,,NO_MATCH,,0
ATM250126FY13MS,,NO_MATCH,,0
TXN250126RTV1HN,CDR202600017032,SENDER_INCOMING_ACTIVITY,381,1
ATM250126RLMOD0,,NO_MATCH,,0
TXN250126DWCNQY,,NO_MATCH,,0
ATM250126DJ4FYE,,NO_MATCH,,0
TXN250126AK4IEH,,NO_MATCH,,0
ATM250126D8H5R6,,NO_MATCH,,0
TXN250126NQ1LIR,,NO_MATCH,,0
ATM2501263IMD1P,,NO_MATCH,,0
TXN250126I7F1H3,,NO_MATCH,,0
TXN2501267TPKK0,CDR202600017055,SENDER_OUTGOING_ACTIVITY,-17,1
TXN250126BQB8SJ,,NO_MATCH,,0
TXN250126M3ZL52,CDR202600017070,SENDER_OUTGOING_ACTIVITY,274,1
ATM250126B3H93P,,NO_MATCH,,0
TXN250126MCSF64,,NO_MATCH,,0
ATM250126BRLX3O,,NO_MATCH,,0
TXN250126CQ5ZXU,,NO_MATCH,,0
TXN250126KPO5VP,,NO_MATCH,,0
TXN250126VOPUF0,,NO_MATCH,,0
TXN250126SYK19J,,NO_MATCH,,0
TXN250126KNAV8V,,NO_MATCH,,0
ATM250126Z6G7OT,,NO_MATCH,,0
TXN250126WHEYFG,,NO_MATCH,,0
TXN250126CK67RR,,NO_MATCH,,0
TXN250126H9L7AL,,NO_MATCH,,0
ATM250126N0JSM2,,NO_MATCH,,0
TXN250126YDSR4Q,,NO_MATCH,,0
ATM250126F9GQEN,,NO_MATCH,,0
TXN250126A7BJKX,,NO_MATCH,,0
TXN250126KYHKEA,,NO_MATCH,,0
TXN250126CQWR33,,NO_MATCH,,0
ATM250126D93X0U,CDR202600017128,RECEIVER_OUTGOING_ACTIVITY,647,1
TXN250126CWJEGU,CDR202600017124,SENDER_INCOMING_ACTIVITY,192,1
TXN250126O329SH,,NO_MATCH,,0
ATM250126F8WIDL,CDR202600017132,SENDER_OUTGOING_ACTIVITY,682,1
ATM25012660RIYV,,NO_MATCH,,0
ATM25012675RCDG,,NO_MATCH,,0
TXN250126MKBYHW,,NO_MATCH,,0
TXN250126FTZ634,,NO_MATCH,,0
ATM2501266HCCPP,CDR202600017133,SENDER_OUTGOING_ACTIVITY,-452,1
ATM250126BEVYES,,NO_MATCH,,0
ATM250126Q2M3G7,,NO_MATCH,,0
TXN250126MS6FQP,CDR202600017139,RECEIVER_INCOMING_ACTIVITY,-550,1
TXN2501267NB7FY,,NO_MATCH,,0
ATM25012678MKGV,CDR202600017150,RECEIVER_OUTGOING_ACTIVITY,106,1
TXN250126KO02WG,,NO_MATCH,,0
ATM250126419OJT,CDR202600017153,RECEIVER_INCOMING_ACTIVITY,-467,1
TXN250126LM63UB,,NO_MATCH,,0
TXN250126T3TLRY,CDR202600017153,RECEIVER_INCOMING_ACTIVITY,-585,1
TXN250126LWX9MN,,NO_MATCH,,0
TXN250126BDFCIZ,CDR202600060121,SENDER_OUTGOING_ACTIVITY,-660,1
TXN250126YXDKGL,,NO_MATCH,,0
TXN250126G4S6E7,,NO_MATCH,,0
TXN2501262N89SV,CDR202600017188,SENDER_INCOMING_ACTIVITY,-110,1
TXN250126JK8GIR,,NO_MATCH,,0
TXN250126W0QHDK,,NO_MATCH,,0
TXN250126RR48LG,,NO_MATCH,,0
TXN25012643T6K4,,NO_MATCH,,0
TXN2501262FVF8F,,NO_MATCH,,0
TXN250126J9R9K6,,NO_MATCH,,0
TXN250126AFWKRA,CDR202600017220,RECEIVER_OUTGOING_ACTIVITY,169,1
ATM250126R1286E,,NO_MATCH,,0
ATM2501267SWPC0,,NO_MATCH,,0
TXN250126X500Y6,,NO_MATCH,,0
TXN2501264NEHQE,,NO_MATCH,,0
ATM2501266U3S4O,,NO_MATCH,,0
ATM250126ODKRN3,,NO_MATCH,,0
TXN250126SD9Y56,,NO_MATCH,,0
ATM250126HDIY46,,NO_MATCH,,0
ATM250126WCGBLB,,NO_MATCH,,0
ATM250126GBR5AD,,NO_MATCH,,0
TXN2501260U1RS2,,NO_MATCH,,0
TXN250126RN7QH4,,NO_MATCH,,0
TXN250126N4PQ74,,NO_MATCH,,0
TXN2501264ACJ8J,,NO_MATCH,,0
TXN250126XGSC3P,,NO_MATCH,,0
TXN250126A9EXDW,,NO_MATCH,,0
TXN250126ACEJJT,,NO_MATCH,,0
TXN250126NTFE6B,,NO_MATCH,,0
ATM250126X49TDI,CDR202600017315,RECEIVER_INCOMING_ACTIVITY,124,1
ATM2501266V5FTW,,NO_MATCH,,0
TXN250126F6H3N5,,NO_MATCH,,0
TXN25012654HI5G,,NO_MATCH,,0
ATM250127M8WO4T,,NO_MATCH,,0
TXN250127RKKRCF,,NO_MATCH,,0
TXN250127KP7215,,NO_MATCH,,0
ATM25012759CKVN,,NO_MATCH,,0
ATM250127UA11SM,,NO_MATCH,,0
ATM250127AY5CPC,,NO_MATCH,,0
ATM250127T1HWDI,,NO_MATCH,,0
ATM250127WKHK2M,,NO_MATCH,,0
TXN2501278RC1D6,,NO_MATCH,,0
ATM250127JF5MRX,CDR202600017348,RECEIVER_OUTGOING_ACTIVITY,94,1
ATM250127V89UQX,,NO_MATCH,,0
TXN250127E0ZSPI,CDR202600017360,SENDER_INCOMING_ACTIVITY,856,1
ATM250127AMX3MJ,,NO_MATCH,,0
TXN250127UV36RK,,NO_MATCH,,0
TXN250127IMB50Z,,NO_MATCH,,0
ATM2501277E0YXP,,NO_MATCH,,0
ATM250127YE923X,,NO_MATCH,,0
ATM2501273WHU2M,,NO_MATCH,,0
TXN2501278Y6GAO,,NO_MATCH,,0
ATM250127QEXS27,,NO_MATCH,,0
TXN250127EK8MCR,,NO_MATCH,,0
ATM2501278ZVU1S,,NO_MATCH,,0
ATM250127UAA58W,,NO_MATCH,,0
TXN2501271CV5FY,,NO_MATCH,,0
ATM2501273S9N98,,NO_MATCH,,0
TXN2501276LT9F4,,NO_MATCH,,0
ATM25012753CSP8,,NO_MATCH,,0
ATM250127AX2XJA,,NO_MATCH,,0
TXN250127VLO33L,,NO_MATCH,,0
ATM250127OVB9YJ,,NO_MATCH,,0
ATM2501272N1X41,,NO_MATCH,,0
TXN250127FWRHD8,,NO_MATCH,,0
TXN250127DAJZ94,,NO_MATCH,,0
TXN250127C3B90L,,NO_MATCH,,0
ATM25012794DZB9,,NO_MATCH,,0
ATM250127WXB9WF,,NO_MATCH,,0
TXN250127V3ULRS,,NO_MATCH,,0
TXN2501275P4KYO,,NO_MATCH,,0
ATM250127XR3YI8,CDR202600017437,SENDER_OUTGOING_ACTIVITY,719,1
TXN2501270Y4H4V,,NO_MATCH,,0
TXN250127N5IWHN,,NO_MATCH,,0
TXN2501274P1HMR,,NO_MATCH,,0
TXN2501270RBD05,,NO_MATCH,,0
ATM250127O7AMDP,CDR202600017437,RECEIVER_INCOMING_ACTIVITY,-73,1
TXN250127WMYIDO,,NO_MATCH,,0
ATM250127X1RG3Z,CDR202600017457,SENDER_OUTGOING_ACTIVITY,585,1
TXN25012784OFNW,,NO_MATCH,,0
TXN2501271UQT18,,NO_MATCH,,0
ATM250127EPT0VW,,NO_MATCH,,0
TXN2501276UNEGK,,NO_MATCH,,0
TXN250127AIAABX,,NO_MATCH,,0
ATM250127P1S8D6,CDR202600017473,SENDER_INCOMING_ACTIVITY,389,1
ATM250127E59G6J,,NO_MATCH,,0
ATM250127T5HDC4,,NO_MATCH,,0
TXN250127PZAL1Z,,NO_MATCH,,0
TXN250127VL67OM,,NO_MATCH,,0
ATM250127VO5QWW,CDR202600017497,RECEIVER_OUTGOING_ACTIVITY,255,1
ATM250127X2EEXI,,NO_MATCH,,0
TXN250127KK8Q9G,CDR202600017497,SENDER_OUTGOING_ACTIVITY,-589,1
ATM250127E36P7U,,NO_MATCH,,0
TXN250127STA6FD,,NO_MATCH,,0
TXN250127FJNECV,,NO_MATCH,,0
ATM250127CMURVQ,,NO_MATCH,,0
TXN2501279ZT389,CDR202600017514,SENDER_OUTGOING_ACTIVITY,389,1
TXN250127R8KXRL,,NO_MATCH,,0
TXN250127UWZN89,,NO_MATCH,,0
ATM250127H4YRVE,,NO_MATCH,,0
ATM250127DIPSUP,,NO_MATCH,,0
TXN250127EU7MGH,,NO_MATCH,,0
TXN250127NQSH0A,,NO_MATCH,,0
TXN250127OVZMNV,,NO_MATCH,,0
ATM250127UE35O3,,NO_MATCH,,0
TXN250127I3PIZ1,,NO_MATCH,,0
TXN250127QLHQ8L,CDR202600017520,RECEIVER_INCOMING_ACTIVITY,-740,1
TXN250127018WW0,,NO_MATCH,,0
TXN250127U2S1TX,,NO_MATCH,,0
ATM2501278UQR3D,,NO_MATCH,,0
TXN250127VBS7UY,,NO_MATCH,,0
TXN250127U1A8E4,,NO_MATCH,,0
TXN250127V0IMGB,,NO_MATCH,,0
TXN2501271ROYTP,,NO_MATCH,,0
TXN250127Z62WIU,,NO_MATCH,,0
ATM250127EWFMEO,,NO_MATCH,,0
ATM25012790RVLH,CDR202600017546,RECEIVER_INCOMING_ACTIVITY,-573,1
TXN250127SFYIJW,,NO_MATCH,,0
TXN250127WNOEB9,,NO_MATCH,,0
TXN250127LI8PVX,,NO_MATCH,,0
TXN250127IS3LIP,CDR202600017557,RECEIVER_INCOMING_ACTIVITY,-886,1
ATM2501275J9EK9,,NO_MATCH,,0
TXN250127RR67YH,,NO_MATCH,,0
TXN250127AKTD0J,,NO_MATCH,,0
ATM250127MIUD42,,NO_MATCH,,0
ATM2501279GFV4Y,CDR202600017583,SENDER_OUTGOING_ACTIVITY,-449,1
TXN250127MCRLAY,,NO_MATCH,,0
TXN250127VLZ9KG,,NO_MATCH,,0
TXN250127QRUWXP,,NO_MATCH,,0
ATM250127IQDQXX,CDR202600017590,SENDER_OUTGOING_ACTIVITY,-728,1
TXN250127NN1674,,NO_MATCH,,0
TXN250127AVPQGZ,,NO_MATCH,,0
TXN2501270QAWRM,,NO_MATCH,,0
TXN250127L0XCNB,CDR202600017624,SENDER_INCOMING_ACTIVITY,512,1
TXN2501270ZIYJE,CDR202600017627,RECEIVER_INCOMING_ACTIVITY,525,1
TXN250127OVRY9N,,NO_MATCH,,0
TXN250127V64JOT,,NO_MATCH,,0
ATM250127KEB0XE,,NO_MATCH,,0
TXN2501274ANLWT,,NO_MATCH,,0
ATM250127U0VVPO,,NO_MATCH,,0
TXN250127ZAMF5H,CDR202600017642,RECEIVER_INCOMING_ACTIVITY,125,1
TXN250127Y1Q7ZH,CDR202600017649,RECEIVER_OUTGOING_ACTIVITY,-199,1
TXN250127PEDH3T,,NO_MATCH,,0
ATM250127OUH1NF,,NO_MATCH,,0
TXN250127MCGKNC,,NO_MATCH,,0
TXN250127S7S196,,NO_MATCH,,0
TXN250127DVBQ1U,,NO_MATCH,,0
TXN2501270OLO15,,NO_MATCH,,0
TXN2501270BOTXJ,,NO_MATCH,,0
ATM250127WEYV4Q,CDR202600017688,SENDER_INCOMING_ACTIVITY,41,1
TXN2501278JXJAA,,NO_MATCH,,0
TXN2501279RV6JK,,NO_MATCH,,0
TXN250127B4T9JX,,NO_MATCH,,0
TXN2501276VQD5Q,CDR202600060381,SENDER_OUTGOING_ACTIVITY,-60,1
ATM250127X1RDUU,,NO_MATCH,,0
TXN250127LG5ZLF,,NO_MATCH,,0
TXN250127LRB5QM,,NO_MATCH,,0
TXN250127TN9NH9,,NO_MATCH,,0
ATM250127NZV140,,NO_MATCH,,0
ATM250127NF2IT0,,NO_MATCH,,0
TXN250127YTCS0G,CDR202600017730,SENDER_OUTGOING_ACTIVITY,73,1
TXN250127ZJWFJ0,CDR202600017724,RECEIVER_OUTGOING_ACTIVITY,-611,1
ATM250127LOT580,,NO_MATCH,,0
TXN250127OGPHEQ,,NO_MATCH,,0
ATM250127YO2JUU,,NO_MATCH,,0
ATM250127ORYCTM,,NO_MATCH,,0
ATM2501270P0IMC,CDR202600017756,RECEIVER_INCOMING_ACTIVITY,618,1
TXN250127NL0B2P,,NO_MATCH,,0
ATM250127Q55MGD,CDR202600017761,RECEIVER_INCOMING_ACTIVITY,525,1
ATM250127WIF51M,,NO_MATCH,,0
ATM250127CTF16H,CDR202600060312,RECEIVER_OUTGOING_ACTIVITY,-595,1
TXN250127LY07OQ,,NO_MATCH,,0
TXN250127Z4WQK3,CDR202600017751,RECEIVER_OUTGOING_ACTIVITY,-404,1
TXN250127QEDXO6,CDR202600017762,SENDER_OUTGOING_ACTIVITY,-79,1
TXN2501274DZV87,CDR202600017765,SENDER_OUTGOING_ACTIVITY,201,1
ATM250127Z2I2U4,,NO_MATCH,,0
TXN250127EI1PSA,,NO_MATCH,,0
TXN250127IYMWJ3,,NO_MATCH,,0
TXN250127Z54QI0,,NO_MATCH,,0
TXN2501271BCRAQ,,NO_MATCH,,0
TXN2501273HLFZ8,CDR202600017803,SENDER_INCOMING_ACTIVITY,407,1
TXN250127M3B5Q1,,NO_MATCH,,0
TXN250127DP5DAA,,NO_MATCH,,0
TXN250127Z72DRJ,CDR202600060037,SENDER_OUTGOING_ACTIVITY,-420,1
ATM2501277S6OMO,,NO_MATCH,,0
TXN250127D6HQZJ,,NO_MATCH,,0
ATM250127DOADJI,,NO_MATCH,,0
TXN250127LGVWYY,,NO_MATCH,,0
ATM250127FO6TSS,,NO_MATCH,,0
ATM2501273GYRT9,CDR202600017837,SENDER_OUTGOING_ACTIVITY,869,1
TXN250127HJT9JH,,NO_MATCH,,0
ATM2501279FHC1S,,NO_MATCH,,0
ATM2501276PMMVT,,NO_MATCH,,0
ATM250127XR2EQW,,NO_MATCH,,0
TXN250127MT4U60,,NO_MATCH,,0
TXN250127857APF,,NO_MATCH,,0
TXN25012740UBWL,,NO_MATCH,,0
ATM250127BLVFWE,,NO_MATCH,,0
ATM250127U1MGWM,,NO_MATCH,,0
TXN25012706JMDZ,,NO_MATCH,,0
TXN2501270GBUKY,,NO_MATCH,,0
TXN2501276EBVQG,,NO_MATCH,,0
TXN250127YTMOKN,,NO_MATCH,,0
TXN2501276QIBF6,,NO_MATCH,,0
ATM25012734M974,,NO_MATCH,,0
TXN250127X4T9RZ,,NO_MATCH,,0
TXN250127U39NLX,CDR202600017856,RECEIVER_INCOMING_ACTIVITY,-218,1
TXN250127XFIE03,,NO_MATCH,,0
TXN2501272S0JQP,,NO_MATCH,,0
TXN250127JGAHO2,,NO_MATCH,,0
TXN250127PM0GPL,,NO_MATCH,,0
ATM2501278PRITN,,NO_MATCH,,0
TXN250127AXGVKN,,NO_MATCH,,0
TXN250127VMYVYY,,NO_MATCH,,0
TXN250127AE3JE1,,NO_MATCH,,0
TXN250127OAD2CZ,,NO_MATCH,,0
TXN25012738AOAP,,NO_MATCH,,0
TXN250127L89KBO,,NO_MATCH,,0
ATM250127ADIYLV,,NO_MATCH,,0
TXN250127BCKGYY,,NO_MATCH,,0
ATM250127OHAKZG,,NO_MATCH,,0
TXN250127KDJRVN,,NO_MATCH,,0
ATM250127R9FKH7,,NO_MATCH,,0
TXN250127275ZUI,CDR202600017915,SENDER_OUTGOING_ACTIVITY,-410,1
TXN250127CQ0HYM,,NO_MATCH,,0
TXN250127D7OEUI,,NO_MATCH,,0
ATM250127LMW1IH,,NO_MATCH,,0
ATM250127I6SNDG,,NO_MATCH,,0
TXN2501276VXTIE,,NO_MATCH,,0
TXN250127LW13ZN,,NO_MATCH,,0
TXN250127J19VJ8,,NO_MATCH,,0
TXN2501279XSDR9,,NO_MATCH,,0
TXN2501278VQE0R,,NO_MATCH,,0
ATM250127PP4MTC,,NO_MATCH,,0
TXN250127M5DLNC,CDR202600017955,RECEIVER_OUTGOING_ACTIVITY,-241,1
TXN250127BDXJEG,,NO_MATCH,,0
TXN250127FV7FTD,,NO_MATCH,,0
ATM250127D0JZ32,,NO_MATCH,,0
TXN250127S1Z0GA,,NO_MATCH,,0
TXN250127DHRS02,,NO_MATCH,,0
ATM250127WM4SOE,,NO_MATCH,,0
TXN250127UK2EUZ,,NO_MATCH,,0
TXN250127F07D8O,,NO_MATCH,,0
TXN250127725T4H,,NO_MATCH,,0
TXN250128JI6FO3,,NO_MATCH,,0
TXN250128RSAE01,,NO_MATCH,,0
ATM250128PA0KMH,,NO_MATCH,,0
TXN250128UBKNX7,,NO_MATCH,,0
ATM250128ZCYNWD,,NO_MATCH,,0
TXN250128MM2O8W,,NO_MATCH,,0
TXN250128CKZV2U,CDR202600060057,SENDER_OUTGOING_ACTIVITY,-300,1
TXN2501285OHTXY,,NO_MATCH,,0
TXN2501287MMIFZ,,NO_MATCH,,0
TXN250128ZHVAPO,CDR202600018006,RECEIVER_INCOMING_ACTIVITY,-122,1
ATM250128O6XC7W,,NO_MATCH,,0
ATM2501284HRS2V,,NO_MATCH,,0
ATM250128O6XAP4,,NO_MATCH,,0
TXN2501285N5HOH,CDR202600018019,RECEIVER_INCOMING_ACTIVITY,753,1
ATM250128ITF12X,,NO_MATCH,,0
ATM250128J85FAH,,NO_MATCH,,0
TXN250128GMP5VV,,NO_MATCH,,0
TXN2501280SB38H,,NO_MATCH,,0
ATM2501280ULITS,,NO_MATCH,,0
TXN2501284GF0AX,,NO_MATCH,,0
TXN250128HJ309G,CDR202600018037,RECEIVER_OUTGOING_ACTIVITY,393,1
TXN2501286TJNV8,,NO_MATCH,,0
TXN250128HSQ5EC,,NO_MATCH,,0
TXN250128IXH1VU,,NO_MATCH,,0
ATM25012865Z721,,NO_MATCH,,0
ATM2501282TENDH,,NO_MATCH,,0
TXN250128MFOLAX,,NO_MATCH,,0
ATM250128AKM9ML,,NO_MATCH,,0
TXN250128ZK17ES,,NO_MATCH,,0
TXN250128Q4GYQM,CDR202600018046,RECEIVER_OUTGOING_ACTIVITY,496,1
ATM250128VFDTSX,,NO_MATCH,,0
ATM250128KHJ6P4,,NO_MATCH,,0
ATM2501288633SN,,NO_MATCH,,0
TXN250128R0NA0J,,NO_MATCH,,0
ATM250128U1E10J,,NO_MATCH,,0
ATM250128HC0E0N,,NO_MATCH,,0
ATM250128P6QJ5I,CDR202600018071,RECEIVER_OUTGOING_ACTIVITY,776,1
ATM250128IA8HZE,CDR202600018070,RECEIVER_OUTGOING_ACTIVITY,-474,1
ATM250128MM7VD9,,NO_MATCH,,0
ATM250128A6N5JT,,NO_MATCH,,0
ATM250128NRMZLD,,NO_MATCH,,0
TXN250128EW2GAW,,NO_MATCH,,0
TXN2501288H3DMB,,NO_MATCH,,0
TXN2501281O6OO5,,NO_MATCH,,0
TXN250128SU71AO,CDR202600018100,RECEIVER_INCOMING_ACTIVITY,-206,1
ATM2501283JUZRQ,,NO_MATCH,,0
TXN250128DWQXZB,CDR202600018110,SENDER_OUTGOING_ACTIVITY,-496,1
TXN250128SUX4VV,,NO_MATCH,,0
ATM250128VRQ3US,,NO_MATCH,,0
TXN250128RM3FTL,,NO_MATCH,,0
ATM2501280MRO7K,CDR202600018119,RECEIVER_OUTGOING_ACTIVITY,151,1
TXN250128506IBZ,,NO_MATCH,,0
TXN250128ZH38CS,,NO_MATCH,,0
ATM250128YOBO8T,,NO_MATCH,,0
ATM250128PZAJ90,,NO_MATCH,,0
TXN250128YJSZCB,,NO_MATCH,,0
TXN250128LR6HU2,CDR202600018142,RECEIVER_OUTGOING_ACTIVITY,898,1
ATM2501284BFRY7,CDR202600018142,RECEIVER_OUTGOING_ACTIVITY,751,1
TXN250128CT5LM3,,NO_MATCH,,0
TXN250128UZ8AVB,,NO_MATCH,,0
TXN250128WF1MJJ,CDR202600060644,SENDER_OUTGOING_ACTIVITY,-360,1
ATM250128UCSNUD,,NO_MATCH,,0
TXN250128ZZ5V0N,,NO_MATCH,,0
ATM250128WLEJ2E,,NO_MATCH,,0
ATM2501280LVC9R,,NO_MATCH,,0
TXN250128N8R3A7,,NO_MATCH,,0
TXN2501285JAP40,CDR202600018164,SENDER_OUTGOING_ACTIVITY,15,1
ATM250128BM1E4S,,NO_MATCH,,0
TXN25012828510K,CDR202600018174,SENDER_INCOMING_ACTIVITY,675,1
TXN250128EKFBTY,,NO_MATCH,,0
ATM250128OB3RE5,,NO_MATCH,,0
ATM250128PWYUOE,,NO_MATCH,,0
TXN2501288DHS58,CDR202600018163,RECEIVER_INCOMING_ACTIVITY,-737,1
ATM250128OLAPUM,,NO_MATCH,,0
TXN2501285JWGAV,,NO_MATCH,,0
TXN250128QB0RON,CDR202600018174,SENDER_INCOMING_ACTIVITY,-352,1
ATM250128OG6T4P,CDR202600018172,SENDER_INCOMING_ACTIVITY,-561,1
TXN250128IAKVJK,,NO_MATCH,,0
TXN2501289UF3LC,,NO_MATCH,,0
TXN250128PVMIBP,,NO_MATCH,,0
TXN2501281F12MB,,NO_MATCH,,0
ATM250128KH9Y0Y,,NO_MATCH,,0
TXN250128Z3O6SI,,NO_MATCH,,0
TXN250128N713PY,,NO_MATCH,,0
TXN250128IGS0P1,,NO_MATCH,,0
ATM250128HZVHSQ,CDR202600018215,SENDER_INCOMING_ACTIVITY,-331,1
TXN250128OWWDDY,CDR202600018219,SENDER_OUTGOING_ACTIVITY,-115,1
ATM250128CC5QQT,,NO_MATCH,,0
TXN250128DZO90R,,NO_MATCH,,0
TXN250128PQQM9X,CDR202600018239,SENDER_OUTGOING_ACTIVITY,324,1
TXN250128I1Y31C,CDR202600018221,SENDER_OUTGOING_ACTIVITY,-499,1
TXN250128FGCVKO,,NO_MATCH,,0
TXN250128RYSY0V,,NO_MATCH,,0
ATM250128WB9VE0,,NO_MATCH,,0
ATM250128HJVLD7,,NO_MATCH,,0
TXN250128XJ54UE,,NO_MATCH,,0
ATM250128P7K8VS,CDR202600018252,RECEIVER_INCOMING_ACTIVITY,-157,1
TXN250128QHUPO0,,NO_MATCH,,0
TXN250128OOVEW0,,NO_MATCH,,0
TXN250128EJJISK,,NO_MATCH,,0
ATM250128YWLOI1,,NO_MATCH,,0
ATM2501286SGFTZ,,NO_MATCH,,0
TXN2501281ZB76U,,NO_MATCH,,0
ATM250128B99GWN,,NO_MATCH,,0
ATM250128VXXCNJ,,NO_MATCH,,0
ATM250128NTD9J8,,NO_MATCH,,0
TXN250128IN5J6Z,CDR202600018280,SENDER_OUTGOING_ACTIVITY,-320,1
TXN250128O6XOOX,,NO_MATCH,,0
ATM250128EC2BZD,CDR202600018288,SENDER_OUTGOING_ACTIVITY,-366,1
TXN250128YQAJCV,,NO_MATCH,,0
TXN250128OSB5QW,,NO_MATCH,,0
ATM250128SVPNYO,,NO_MATCH,,0
TXN250128EKIMU4,,NO_MATCH,,0
ATM2501284PJHVA,CDR202600018289,RECEIVER_INCOMING_ACTIVITY,-758,1
ATM250128QI3FAC,CDR202600018302,SENDER_OUTGOING_ACTIVITY,-275,1
ATM2501281CDV3H,,NO_MATCH,,0
ATM25012892UMKE,,NO_MATCH,,0
ATM2501281O8KN4,,NO_MATCH,,0
ATM250128Q81A59,,NO_MATCH,,0
TXN250128G4UJPA,,NO_MATCH,,0
TXN250128YKL3G9,,NO_MATCH,,0
ATM2501286S5TFK,CDR202600060618,SENDER_OUTGOING_ACTIVITY,-420,1
ATM250128N32J46,,NO_MATCH,,0
ATM250128BTHD37,,NO_MATCH,,0
ATM250128120GQO,,NO_MATCH,,0
TXN250128G1P7UI,,NO_MATCH,,0
ATM25012855WP62,CDR202600018323,SENDER_OUTGOING_ACTIVITY,-602,1
ATM250128QRXQX2,,NO_MATCH,,0
ATM250128B9LL65,,NO_MATCH,,0
TXN2501288UAVP8,,NO_MATCH,,0
ATM250128C4TX86,,NO_MATCH,,0
ATM250128E50TJA,,NO_MATCH,,0
TXN2501282R3EQC,CDR202600018342,SENDER_OUTGOING_ACTIVITY,-107,1
ATM2501286D6DVW,,NO_MATCH,,0
ATM250128YKOJ2G,,NO_MATCH,,0
ATM250128YKDSZC,CDR202600018367,SENDER_OUTGOING_ACTIVITY,857,1
ATM2501281B95RW,CDR202600018367,SENDER_OUTGOING_ACTIVITY,797,1
TXN250128WFHL4K,,NO_MATCH,,0
TXN250128BRUYF1,,NO_MATCH,,0
TXN2501283GIFUK,,NO_MATCH,,0
ATM250128ZIQ8J2,,NO_MATCH,,0
ATM25012894JAP7,CDR202600018352,SENDER_INCOMING_ACTIVITY,-816,1
TXN2501282QYR6K,,NO_MATCH,,0
ATM250128ZI7HUB,,NO_MATCH,,0
ATM250128GEMBFM,,NO_MATCH,,0
TXN2501289GW1I4,,NO_MATCH,,0
TXN250128ZZIVRO,,NO_MATCH,,0
ATM250128P24JDA,,NO_MATCH,,0
ATM250128JC2J2D,CDR202600018383,SENDER_OUTGOING_ACTIVITY,494,1
TXN250128KRMZRQ,,NO_MATCH,,0
TXN250128VG3JXP,CDR202600018388,RECEIVER_INCOMING_ACTIVITY,704,1
TXN250128YOL95I,,NO_MATCH,,0
TXN250128VTHW6A,,NO_MATCH,,0
TXN250128FSZ5GG,,NO_MATCH,,0
TXN250128S8V5CJ,,NO_MATCH,,0
TXN250128I4LRVL,,NO_MATCH,,0
ATM250128PXVVRP,CDR202600018404,RECEIVER_OUTGOING_ACTIVITY,799,1
TXN250128UO6TFG,CDR202600018385,SENDER_INCOMING_ACTIVITY,-554,1
TXN250128DOW7NR,,NO_MATCH,,0
TXN250128JIZZ12,,NO_MATCH,,0
TXN250128YTD4RW,,NO_MATCH,,0
TXN2501288K68LW,,NO_MATCH,,0
TXN250128VERPP7,,NO_MATCH,,0
TXN250128NY0ONU,,NO_MATCH,,0
TXN250128KVM6B6,CDR202600018417,SENDER_INCOMING_ACTIVITY,563,1
TXN250128CUN2DZ,,NO_MATCH,,0
TXN250128MBO1ZP,,NO_MATCH,,0
TXN250128V97G48,,NO_MATCH,,0
TXN2501289KEW93,CDR202600018432,SENDER_INCOMING_ACTIVITY,815,1
TXN250128PX7XX2,,NO_MATCH,,0
TXN250128RUHFKA,,NO_MATCH,,0
TXN250128KK9FY0,,NO_MATCH,,0
TXN2501285JJ7MV,,NO_MATCH,,0
TXN2501289H7CE0,,NO_MATCH,,0
TXN2501284IW8MZ,,NO_MATCH,,0
TXN25012878IP3S,CDR202600018425,RECEIVER_OUTGOING_ACTIVITY,-654,1
ATM250128KHZM6Z,,NO_MATCH,,0
TXN2501285ZMSUM,,NO_MATCH,,0
TXN250128RQ9TU1,,NO_MATCH,,0
TXN250128UORS11,,NO_MATCH,,0
TXN2501287ON5EB,,NO_MATCH,,0
ATM250128XOYB6K,,NO_MATCH,,0
TXN2501286MMVZ2,,NO_MATCH,,0
TXN250128DTHRT7,,NO_MATCH,,0
ATM2501286ARUVC,,NO_MATCH,,0
TXN25012809QB4C,CDR202600018449,RECEIVER_INCOMING_ACTIVITY,728,1
TXN250128302RHM,CDR202600018449,RECEIVER_INCOMING_ACTIVITY,608,1
TXN250128AJFPXH,CDR202600018449,RECEIVER_INCOMING_ACTIVITY,488,1
TXN2501283HKH13,CDR202600018449,RECEIVER_INCOMING_ACTIVITY,368,1
TXN250128FOYX1A,,NO_MATCH,,0
TXN250128QGL0TL,,NO_MATCH,,0
TXN250128QGTQXX,,NO_MATCH,,0
TXN2501285GKNJB,,NO_MATCH,,0
TXN250128IJTQY8,,NO_MATCH,,0
ATM250128RYLUO0,,NO_MATCH,,0
TXN250128EIXSZO,,NO_MATCH,,0
TXN25012884ZSWA,,NO_MATCH,,0
TXN250128WDVXZZ,,NO_MATCH,,0
TXN250128V6EF8F,,NO_MATCH,,0
TXN250128OVPV8J,CDR202600018478,SENDER_OUTGOING_ACTIVITY,896,1
TXN250128MJFFHZ,,NO_MATCH,,0
TXN250128XCKDGW,,NO_MATCH,,0
ATM250128BL0ME4,,NO_MATCH,,0
TXN250128CC3A81,,NO_MATCH,,0
TXN250128L5UTNC,,NO_MATCH,,0
ATM25012830285B,,NO_MATCH,,0
TXN250128XY29BE,CDR202600018478,SENDER_OUTGOING_ACTIVITY,476,1
TXN250128JLPL51,CDR202600018474,RECEIVER_OUTGOING_ACTIVITY,298,1
TXN250128SHBYC8,CDR202600018478,SENDER_OUTGOING_ACTIVITY,176,1
TXN250128MHGYTQ,CDR202600018478,SENDER_OUTGOING_ACTIVITY,-64,1
TXN250128C1SDPF,,NO_MATCH,,0
TXN250128KGR3WO,,NO_MATCH,,0
TXN2501288Y30VM,CDR202600018478,SENDER_OUTGOING_ACTIVITY,-424,1
TXN2501286M61TU,,NO_MATCH,,0
TXN2501287IXRQQ,CDR202600018478,SENDER_OUTGOING_ACTIVITY,-544,1
TXN250128UVKGR2,CDR202600018478,SENDER_OUTGOING_ACTIVITY,-544,1
TXN2501282MOYYN,,NO_MATCH,,0
TXN250128DBABON,,NO_MATCH,,0
ATM250128P4IP9A,,NO_MATCH,,0
TXN250128DV3HA0,CDR202600018489,SENDER_OUTGOING_ACTIVITY,273,1
ATM250128JWAJJD,,NO_MATCH,,0
TXN250128UFPGKJ,,NO_MATCH,,0
TXN250128434WDL,,NO_MATCH,,0
TXN2501288NY8WQ,CDR202600018483,SENDER_OUTGOING_ACTIVITY,-871,1
TXN250128PXHSG4,,NO_MATCH,,0
ATM250128GKWGRU,,NO_MATCH,,0
ATM250128EFMY7N,,NO_MATCH,,0
ATM250128X78XH0,,NO_MATCH,,0
ATM2501283OTG4W,,NO_MATCH,,0
TXN250128EDKE86,,NO_MATCH,,0
TXN250128IOMXVU,CDR202600018517,RECEIVER_INCOMING_ACTIVITY,806,1
TXN2501288RS264,,NO_MATCH,,0
TXN250128Q9L7A1,,NO_MATCH,,0
TXN250128G1T1XK,,NO_MATCH,,0
TXN250128HSGKY6,CDR202600060577,SENDER_OUTGOING_ACTIVITY,-780,1
ATM2501284974N6,,NO_MATCH,,0
TXN250128P3FRB0,CDR202600018542,SENDER_OUTGOING_ACTIVITY,314,1
ATM25012897ZCMA,,NO_MATCH,,0
ATM2501283ZIWMT,,NO_MATCH,,0
TXN250128RQSLII,CDR202600018560,RECEIVER_OUTGOING_ACTIVITY,372,1
ATM250128SKDWYY,,NO_MATCH,,0
TXN2501287QBBLK,,NO_MATCH,,0
TXN2501284F14JO,,NO_MATCH,,0
TXN250128M14U49,,NO_MATCH,,0
TXN250128DNERGM,,NO_MATCH,,0
TXN250128HWPRD3,,NO_MATCH,,0
ATM2501281EFBNR,CDR202600018573,SENDER_OUTGOING_ACTIVITY,-406,1
ATM2501283SU38I,,NO_MATCH,,0
ATM250128SH3SY9,,NO_MATCH,,0
TXN250128KEOQH5,CDR202600060194,SENDER_OUTGOING_ACTIVITY,-480,1
ATM250128FGSP2J,,NO_MATCH,,0
TXN250128BTAV8Z,,NO_MATCH,,0
ATM25012861CD2M,,NO_MATCH,,0
ATM250128TQRX7W,,NO_MATCH,,0
TXN2501285SOXZT,,NO_MATCH,,0
TXN250128BM4KVQ,,NO_MATCH,,0
TXN25012808942V,,NO_MATCH,,0
TXN250128MB32LL,,NO_MATCH,,0
ATM2501285DQ4TP,,NO_MATCH,,0
TXN250128W8EMU7,,NO_MATCH,,0
ATM250129QVAMA8,,NO_MATCH,,0
ATM250129TMK4UP,,NO_MATCH,,0
TXN250129O0L62Q,,NO_MATCH,,0
TXN25012977DHPO,,NO_MATCH,,0
ATM2501294K6MMN,,NO_MATCH,,0
TXN250129MTOMVF,,NO_MATCH,,0
ATM250129TVXDZX,,NO_MATCH,,0
ATM250129XLW6RS,,NO_MATCH,,0
ATM250129JYVXT1,,NO_MATCH,,0
TXN250129M9W3NO,,NO_MATCH,,0
ATM250129YP1NRY,,NO_MATCH,,0
TXN2501296D221J,,NO_MATCH,,0
ATM250129R36NZ8,,NO_MATCH,,0
TXN25012981WD4E,,NO_MATCH,,0
ATM250129E6RIRS,,NO_MATCH,,0
TXN250129YHO2WJ,,NO_MATCH,,0
ATM250129SZKWX4,CDR202600018665,SENDER_INCOMING_ACTIVITY,772,1
TXN2501291LZATJ,,NO_MATCH,,0
ATM2501295FJSUG,,NO_MATCH,,0
ATM250129AE9487,,NO_MATCH,,0
TXN250129AZZV9I,,NO_MATCH,,0
TXN250129J15K5K,CDR202600018709,SENDER_OUTGOING_ACTIVITY,879,1
ATM2501291NRSZA,,NO_MATCH,,0
ATM250129QAY4D5,CDR202600018723,SENDER_OUTGOING_ACTIVITY,694,1
TXN250129RXZGKK,CDR202600018729,SENDER_OUTGOING_ACTIVITY,622,1
TXN250129U2C901,,NO_MATCH,,0
TXN250129636MFZ,,NO_MATCH,,0
ATM250129DBASXJ,,NO_MATCH,,0
ATM2501297L5Z8D,,NO_MATCH,,0
ATM250129BAYMYB,,NO_MATCH,,0
ATM250129JWJ15F,,NO_MATCH,,0
ATM2501299Z6TTE,,NO_MATCH,,0
ATM250129GTZ4VH,CDR202600018738,SENDER_OUTGOING_ACTIVITY,97,1
TXN2501296PH2X4,,NO_MATCH,,0
TXN250129B2R4H9,,NO_MATCH,,0
TXN25012936TSPT,,NO_MATCH,,0
TXN250129HHVM7G,,NO_MATCH,,0
TXN25012979PXKS,,NO_MATCH,,0
TXN250129QCM7RD,,NO_MATCH,,0
ATM250129FAKSUQ,,NO_MATCH,,0
TXN2501298S0RRY,,NO_MATCH,,0
TXN250129O4JNYY,,NO_MATCH,,0
TXN250129NTVQPD,,NO_MATCH,,0
ATM250129W5TVXN,,NO_MATCH,,0
TXN250129WIRIDD,,NO_MATCH,,0
TXN25012924TZIQ,,NO_MATCH,,0
TXN250129R5H6K0,,NO_MATCH,,0
TXN250129S7BS72,,NO_MATCH,,0
ATM25012944AOH6,,NO_MATCH,,0
ATM250129GLYJL7,CDR202600018782,SENDER_INCOMING_ACTIVITY,-684,1
ATM250129ZEXHG2,CDR202600060184,SENDER_OUTGOING_ACTIVITY,-840,1
TXN250129NWXLZY,,NO_MATCH,,0
ATM250129I40SSJ,,NO_MATCH,,0
TXN2501291K0AVF,,NO_MATCH,,0
ATM250129V3BHFA,,NO_MATCH,,0
TXN250129AVW202,CDR202600018826,RECEIVER_INCOMING_ACTIVITY,268,1
TXN250129X6OGYU,,NO_MATCH,,0
TXN2501294J03US,CDR202600018833,SENDER_OUTGOING_ACTIVITY,554,1
ATM250129X22GZ4,,NO_MATCH,,0
ATM250129YB003Y,,NO_MATCH,,0
TXN250129GO5NXC,,NO_MATCH,,0
TXN250129K2SE17,,NO_MATCH,,0
TXN250129S0SQKE,,NO_MATCH,,0
ATM250129HS6IKW,,NO_MATCH,,0
TXN250129135TWI,CDR202600018849,SENDER_OUTGOING_ACTIVITY,590,1
TXN250129PR3EQE,CDR202600018851,SENDER_INCOMING_ACTIVITY,680,1
ATM250129K9CJ16,,NO_MATCH,,0
ATM250129FT3E62,,NO_MATCH,,0
ATM2501298RBS3V,,NO_MATCH,,0
ATM250129YRS4G5,,NO_MATCH,,0
ATM250129WAQHBN,,NO_MATCH,,0
TXN250129P8M8J5,CDR202600018876,SENDER_OUTGOING_ACTIVITY,829,1
TXN2501298AXUFS,,NO_MATCH,,0
TXN250129TMP3PI,CDR202600018850,SENDER_OUTGOING_ACTIVITY,-786,1
TXN250129A3QJCZ,,NO_MATCH,,0
TXN250129Z0HDI1,CDR202600018875,RECEIVER_INCOMING_ACTIVITY,343,1
TXN2501298H0M59,CDR202600018864,RECEIVER_INCOMING_ACTIVITY,-440,1
TXN2501298SVLN8,,NO_MATCH,,0
ATM2501295I52JX,,NO_MATCH,,0
TXN250129796FXR,CDR202600018871,RECEIVER_OUTGOING_ACTIVITY,-374,1
TXN250129XIBFQI,,NO_MATCH,,0
ATM250129AMPUHY,,NO_MATCH,,0
ATM2501290GK6MI,,NO_MATCH,,0
TXN2501293D22N3,,NO_MATCH,,0
TXN2501290ZZX1O,CDR202600018910,RECEIVER_OUTGOING_ACTIVITY,646,1
ATM250129VMCBBB,,NO_MATCH,,0
ATM250129HOV516,,NO_MATCH,,0
ATM250129XFCO9K,,NO_MATCH,,0
TXN250129ASZTMK,,NO_MATCH,,0
ATM250129UZNJC3,,NO_MATCH,,0
ATM2501293YGEN7,CDR202600018907,SENDER_OUTGOING_ACTIVITY,-709,1
TXN250129TT65D8,CDR202600018914,SENDER_INCOMING_ACTIVITY,-53,1
TXN250129NNOZZL,,NO_MATCH,,0
TXN2501292OIVE9,,NO_MATCH,,0
ATM250129XU9L6Z,,NO_MATCH,,0
ATM250129VLFAOZ,,NO_MATCH,,0
ATM25012998JL9Y,,NO_MATCH,,0
TXN250129PTA0C8,,NO_MATCH,,0
TXN250129PY1XPA,,NO_MATCH,,0
TXN2501294N9WBV,CDR202600018929,RECEIVER_OUTGOING_ACTIVITY,-332,1
TXN250129WXGZ1Q,,NO_MATCH,,0
TXN250129JG1RDI,,NO_MATCH,,0
ATM250129050H5M,,NO_MATCH,,0
TXN25012914GIT5,,NO_MATCH,,0
TXN250129VTAFAH,,NO_MATCH,,0
TXN250129KEHOYA,,NO_MATCH,,0
ATM250129XV2WS0,,NO_MATCH,,0
ATM250129CVPJQY,,NO_MATCH,,0
TXN250129CVXRG2,,NO_MATCH,,0
TXN250129JGGAFM,,NO_MATCH,,0
TXN250129YFIF8C,,NO_MATCH,,0
TXN250129LGNS7O,,NO_MATCH,,0
ATM250129HGF9QR,,NO_MATCH,,0
ATM250129HW7PDE,,NO_MATCH,,0
TXN250129Z0ZFKD,,NO_MATCH,,0
TXN250129VAKT89,CDR202600018948,RECEIVER_OUTGOING_ACTIVITY,146,1
ATM250129CXABH5,,NO_MATCH,,0
TXN250129ZH92VJ,,NO_MATCH,,0
TXN250129O4R56V,,NO_MATCH,,0
TXN250129IVVI2Y,CDR202600018953,SENDER_OUTGOING_ACTIVITY,547,1
TXN2501299WQIZZ,,NO_MATCH,,0
TXN250129IUSA71,,NO_MATCH,,0
TXN2501290SAW35,,NO_MATCH,,0
TXN250129RFB2OJ,CDR202600018954,RECEIVER_INCOMING_ACTIVITY,-372,1
TXN250129F9H7T4,CDR202600018965,SENDER_INCOMING_ACTIVITY,207,1
TXN250129C3OXNI,,NO_MATCH,,0
ATM250129DBRP42,,NO_MATCH,,0
TXN250129603MI9,,NO_MATCH,,0
TXN250129FU68NB,CDR202600018969,RECEIVER_OUTGOING_ACTIVITY,-95,1
ATM25012930E2Z3,,NO_MATCH,,0
TXN2501293DFKZV,CDR202600018972,RECEIVER_INCOMING_ACTIVITY,-12,1
TXN250129NT82MW,,NO_MATCH,,0
TXN250129XWWFDL,,NO_MATCH,,0
TXN250129BCYEA1,,NO_MATCH,,0
TXN250129P052ZK,,NO_MATCH,,0
ATM2501297R8UHJ,CDR202600018992,SENDER_OUTGOING_ACTIVITY,267,1
TXN2501291MZ59A,,NO_MATCH,,0
TXN250129NJ6SJJ,,NO_MATCH,,0
ATM250129YZRYFB,CDR202600018994,RECEIVER_INCOMING_ACTIVITY,-359,1
TXN250129AIGSBJ,,NO_MATCH,,0
TXN250129SDOE57,,NO_MATCH,,0
TXN250129CY59PQ,,NO_MATCH,,0
TXN250129EZT4LJ,,NO_MATCH,,0
TXN250129JDO8UF,,NO_MATCH,,0
TXN250129X0R1F7,,NO_MATCH,,0
ATM2501297FYOPW,,NO_MATCH,,0
TXN2501293IE8LU,CDR202600019052,RECEIVER_INCOMING_ACTIVITY,819,1
ATM2501291VQV7J,,NO_MATCH,,0
TXN2501292PAR58,,NO_MATCH,,0
ATM250129GZ87QB,,NO_MATCH,,0
TXN2501295SXKAP,,NO_MATCH,,0
TXN250129867R0X,CDR202600019051,SENDER_OUTGOING_ACTIVITY,-356,1
TXN250129MWW6SA,,NO_MATCH,,0
TXN250129D80CF0,,NO_MATCH,,0
ATM2501291IODAR,CDR202600019067,SENDER_OUTGOING_ACTIVITY,-785,1
TXN2501296FDRE5,,NO_MATCH,,0
TXN250129NWYXI4,,NO_MATCH,,0
TXN250129UIQ99X,CDR202600019083,SENDER_OUTGOING_ACTIVITY,9,1
TXN250129CI7YBM,CDR202600019080,SENDER_OUTGOING_ACTIVITY,-529,1
TXN250129DT97H5,CDR202600019087,RECEIVER_OUTGOING_ACTIVITY,-440,1
TXN250129GCL5O9,,NO_MATCH,,0
ATM2501293VE8C3,CDR202600019105,RECEIVER_OUTGOING_ACTIVITY,703,1
TXN250129I9WP9W,,NO_MATCH,,0
TXN2501296IXGI5,CDR202600019103,SENDER_OUTGOING_ACTIVITY,-113,1
ATM250129CY5EER,CDR202600019105,RECEIVER_INCOMING_ACTIVITY,-78,1
TXN250129PWBD51,,NO_MATCH,,0
ATM2501298WYYU4,,NO_MATCH,,0
TXN250129IWUJ1Z,CDR202600019115,SENDER_INCOMING_ACTIVITY,38,1
ATM250129VSEV1S,CDR202600019117,SENDER_OUTGOING_ACTIVITY,94,1
ATM2501299X5MUT,CDR202600019112,RECEIVER_INCOMING_ACTIVITY,-629,1
TXN250129026G3U,,NO_MATCH,,0
TXN250129VZV7Y5,,NO_MATCH,,0
TXN2501292KTJNS,,NO_MATCH,,0
ATM250129U16SQE,CDR202600019132,RECEIVER_INCOMING_ACTIVITY,-339,1
ATM2501290FVH4V,,NO_MATCH,,0
TXN250129YO4RGM,,NO_MATCH,,0
TXN2501292W4NFG,,NO_MATCH,,0
TXN250129XOC4UO,,NO_MATCH,,0
TXN250129U51GPI,,NO_MATCH,,0
TXN2501291KVMNR,CDR202600019173,RECEIVER_INCOMING_ACTIVITY,-668,1
ATM2501294QJ9SX,,NO_MATCH,,0
TXN250129DIZGIJ,,NO_MATCH,,0
ATM2501292UV84S,,NO_MATCH,,0
ATM250129I6Z1FY,CDR202600019192,RECEIVER_INCOMING_ACTIVITY,-95,1
ATM250129EQ1WVP,CDR202600019202,RECEIVER_INCOMING_ACTIVITY,125,1
TXN2501298CQQ9D,,NO_MATCH,,0
TXN250129VH8RPM,,NO_MATCH,,0
TXN250129E7PQ8F,,NO_MATCH,,0
TXN2501294P4CJ7,,NO_MATCH,,0
TXN2501296DXF96,,NO_MATCH,,0
TXN250129SDX57M,CDR202600019223,SENDER_INCOMING_ACTIVITY,-580,1
TXN25012934CNK7,,NO_MATCH,,0
TXN25012977UWGB,,NO_MATCH,,0
TXN250129FEJ51V,,NO_MATCH,,0
ATM250129J4YPIT,,NO_MATCH,,0
TXN2501298PIU6Q,,NO_MATCH,,0
TXN250129L23O10,,NO_MATCH,,0
ATM250129Z2AQR5,,NO_MATCH,,0
TXN250129VPE6RA,,NO_MATCH,,0
ATM250129NPN4HM,,NO_MATCH,,0
TXN250129CSHCNI,,NO_MATCH,,0
ATM250129D20AKF,,NO_MATCH,,0
TXN250129EH71KU,,NO_MATCH,,0
TXN2501290AE25U,,NO_MATCH,,0
TXN250129T9LGC9,,NO_MATCH,,0
ATM250129BRTQHL,,NO_MATCH,,0
ATM250130YXDXIX,,NO_MATCH,,0
ATM250130YG1QIY,,NO_MATCH,,0
TXN2501306HQ1EG,,NO_MATCH,,0
TXN250130D6PYVQ,,NO_MATCH,,0
TXN250130IKDB7S,,NO_MATCH,,0
ATM250130ME25BR,,NO_MATCH,,0
TXN2501300BV5B8,,NO_MATCH,,0
TXN250130GK4EDT,CDR202600019287,SENDER_OUTGOING_ACTIVITY,-646,1
TXN2501309HT7QD,,NO_MATCH,,0
TXN250130H568T1,CDR202600019300,RECEIVER_OUTGOING_ACTIVITY,-1,1
TXN2501306VYDFX,CDR202600060186,SENDER_OUTGOING_ACTIVITY,-480,1
TXN250130H26XX6,,NO_MATCH,,0
TXN250130N4LCFJ,,NO_MATCH,,0
TXN250130KQOYF0,,NO_MATCH,,0
ATM250130ZOFR6Z,,NO_MATCH,,0
TXN250130VYYWKH,,NO_MATCH,,0
TXN250130YESTIN,,NO_MATCH,,0
TXN2501307Y3U9J,,NO_MATCH,,0
TXN250130D8KMT1,,NO_MATCH,,0
TXN250130AXY1GI,,NO_MATCH,,0
TXN250130B26YDE,CDR202600019338,SENDER_OUTGOING_ACTIVITY,868,1
TXN250130YRKABA,,NO_MATCH,,0
TXN250130IBGQBK,,NO_MATCH,,0
TXN250130GGN8YX,,NO_MATCH,,0
ATM250130RA4P0V,,NO_MATCH,,0
ATM250130CTAZ1B,,NO_MATCH,,0
TXN250130GL1G18,,NO_MATCH,,0
TXN2501307WVMU6,,NO_MATCH,,0
TXN250130N2EYPW,,NO_MATCH,,0
TXN2501302JFSZ4,,NO_MATCH,,0
ATM250130FF2YJP,,NO_MATCH,,0
TXN250130VP47CP,CDR202600019366,SENDER_OUTGOING_ACTIVITY,365,1
ATM250130S3XZSB,,NO_MATCH,,0
TXN250130IQJCRY,,NO_MATCH,,0
ATM250130AIJ0KO,CDR202600019378,RECEIVER_OUTGOING_ACTIVITY,367,1
TXN250130OHWXXH,,NO_MATCH,,0
TXN250130AM2Y32,,NO_MATCH,,0
TXN250130FALN9H,CDR202600019387,SENDER_OUTGOING_ACTIVITY,787,1
ATM250130T0PXP4,,NO_MATCH,,0
TXN250130HYZ1RO,,NO_MATCH,,0
TXN250130WDGI1O,,NO_MATCH,,0
ATM25013016D79R,CDR202600019393,RECEIVER_INCOMING_ACTIVITY,91,1
TXN250130SIJSOV,CDR202600019391,RECEIVER_INCOMING_ACTIVITY,-349,1
ATM25013090K6C6,,NO_MATCH,,0
ATM250130TWEE1L,,NO_MATCH,,0
TXN2501305MINB7,CDR202600019402,SENDER_INCOMING_ACTIVITY,-56,1
TXN2501301TEGTH,,NO_MATCH,,0
ATM2501301LSOV0,,NO_MATCH,,0
TXN250130XIJ05D,,NO_MATCH,,0
ATM2501308YY92X,,NO_MATCH,,0
TXN250130TDKYQ8,,NO_MATCH,,0
TXN250130KE1RD6,CDR202600019418,SENDER_INCOMING_ACTIVITY,643,1
ATM2501309CIQ20,,NO_MATCH,,0
ATM250130YHJV61,,NO_MATCH,,0
TXN2501307UTV4U,,NO_MATCH,,0
ATM250130YG0UFX,,NO_MATCH,,0
ATM250130L6S86T,,NO_MATCH,,0
TXN25013047F4K7,,NO_MATCH,,0
TXN250130EADD8L,,NO_MATCH,,0
ATM250130E1BQOJ,,NO_MATCH,,0
TXN250130FJY0U4,,NO_MATCH,,0
TXN250130UNTJEI,,NO_MATCH,,0
TXN250130Y3A5R7,,NO_MATCH,,0
TXN250130CJ9VU7,,NO_MATCH,,0
ATM250130PUC1DN,,NO_MATCH,,0
ATM250130XFYG6W,,NO_MATCH,,0
TXN250130GCMCWA,,NO_MATCH,,0
TXN250130ZLWV86,,NO_MATCH,,0
ATM2501301LYZB1,CDR202600019454,SENDER_INCOMING_ACTIVITY,-198,1
TXN25013011C9DP,,NO_MATCH,,0
TXN250130I467MD,,NO_MATCH,,0
ATM250130E6GYAP,CDR202600019465,SENDER_OUTGOING_ACTIVITY,337,1
TXN250130SJQ1KB,,NO_MATCH,,0
TXN250130EKPQ9O,,NO_MATCH,,0
TXN250130BQQO6S,,NO_MATCH,,0
ATM250130DUIMXU,,NO_MATCH,,0
TXN250130NEO6HP,,NO_MATCH,,0
ATM250130SJRTB3,,NO_MATCH,,0
TXN250130L5O82N,,NO_MATCH,,0
TXN250130OF1KA6,CDR202600019479,RECEIVER_OUTGOING_ACTIVITY,-393,1
TXN250130OAU4JP,,NO_MATCH,,0
TXN250130BTDN79,,NO_MATCH,,0
TXN2501306R1EVJ,,NO_MATCH,,0
ATM2501304ATQC1,,NO_MATCH,,0
TXN250130SYVK62,,NO_MATCH,,0
ATM2501302J3O4A,,NO_MATCH,,0
TXN250130RG30M9,,NO_MATCH,,0
ATM250130TLQG14,,NO_MATCH,,0
TXN25013022BKLX,,NO_MATCH,,0
TXN250130RU6PLL,,NO_MATCH,,0
TXN250130FOUNC8,,NO_MATCH,,0
TXN2501308JLMBF,CDR202600019490,RECEIVER_OUTGOING_ACTIVITY,-693,1
TXN250130VFZMPI,CDR202600019502,SENDER_OUTGOING_ACTIVITY,409,1
ATM2501308TZZH6,,NO_MATCH,,0
TXN250130LXZK1I,CDR202600019515,RECEIVER_OUTGOING_ACTIVITY,286,1
ATM250130Y3G7E5,,NO_MATCH,,0
TXN25013052N8VI,,NO_MATCH,,0
TXN250130LCNXSF,CDR202600019537,RECEIVER_INCOMING_ACTIVITY,781,1
TXN250130L6IFBW,,NO_MATCH,,0
TXN250130N57UO9,CDR202600019514,RECEIVER_OUTGOING_ACTIVITY,-740,1
ATM250130Z4J3EL,CDR202600019530,RECEIVER_OUTGOING_ACTIVITY,-81,1
TXN250130XC0377,,NO_MATCH,,0
TXN250130DB64ZL,,NO_MATCH,,0
ATM250130V26H8Q,,NO_MATCH,,0
TXN250130QCGW1C,,NO_MATCH,,0
ATM250130JP5XYJ,,NO_MATCH,,0
TXN250130QWFK9F,,NO_MATCH,,0
TXN250130G3YEJS,,NO_MATCH,,0
ATM250130C3JT40,,NO_MATCH,,0
TXN2501308ES6BP,,NO_MATCH,,0
TXN25013022NN1O,,NO_MATCH,,0
TXN250130GVL7SB,CDR202600019572,SENDER_OUTGOING_ACTIVITY,-271,1
TXN25013046V8EH,,NO_MATCH,,0
TXN250130SMAQAH,,NO_MATCH,,0
TXN2501302FV6CK,,NO_MATCH,,0
ATM250130JKWV68,CDR202600060303,SENDER_OUTGOING_ACTIVITY,-60,1
ATM250130JMILGS,,NO_MATCH,,0
TXN250130L0I2GA,,NO_MATCH,,0
TXN250130RA9IWE,,NO_MATCH,,0
TXN250130Y3E0Y0,,NO_MATCH,,0
TXN250130I1WROD,CDR202600019621,RECEIVER_OUTGOING_ACTIVITY,-555,1
ATM250130QQ6JUA,CDR202600019626,RECEIVER_OUTGOING_ACTIVITY,-817,1
ATM250130HWEBRP,CDR202600019644,RECEIVER_INCOMING_ACTIVITY,572,1
TXN250130IXWRSX,,NO_MATCH,,0
ATM25013037PNAT,,NO_MATCH,,0
ATM2501301DEOO0,,NO_MATCH,,0
ATM250130WQW0J5,CDR202600019642,RECEIVER_OUTGOING_ACTIVITY,-66,1
TXN250130HY5BGL,,NO_MATCH,,0
TXN2501303V3Z41,,NO_MATCH,,0
TXN250130CQ7S4A,CDR202600019641,RECEIVER_OUTGOING_ACTIVITY,-343,1
TXN250130SHIF50,,NO_MATCH,,0
TXN250130N9ACWN,,NO_MATCH,,0
ATM25013003VCTJ,CDR202600019685,SENDER_INCOMING_ACTIVITY,624,1
TXN250130MHMVRY,,NO_MATCH,,0
ATM250130QYLGML,CDR202600019674,SENDER_OUTGOING_ACTIVITY,-753,1
TXN250130PRQQBI,,NO_MATCH,,0
ATM250130OR3CE1,,NO_MATCH,,0
TXN2501304HDMWD,,NO_MATCH,,0
ATM250130UI5MJ9,,NO_MATCH,,0
TXN250130ZOUE5B,CDR202600019702,RECEIVER_OUTGOING_ACTIVITY,768,1
TXN250130PPP5XX,,NO_MATCH,,0
TXN250130T8US17,,NO_MATCH,,0
TXN250130EB24Y7,CDR202600019711,SENDER_OUTGOING_ACTIVITY,857,1
TXN25013028A4UD,,NO_MATCH,,0
TXN250130TNFG7E,,NO_MATCH,,0
TXN250130U979TM,,NO_MATCH,,0
TXN250130SDFY47,,NO_MATCH,,0
ATM250130VRSUGZ,,NO_MATCH,,0
ATM250130Z62S8S,,NO_MATCH,,0
ATM2501301Q5NNO,,NO_MATCH,,0
TXN2501308QEDJR,CDR202600019719,SENDER_OUTGOING_ACTIVITY,-341,1
ATM250130176I29,,NO_MATCH,,0
TXN250130LT0QZV,,NO_MATCH,,0
TXN250130QYW8EF,,NO_MATCH,,0
TXN250130IQY1F5,,NO_MATCH,,0
ATM250130WZJXND,,NO_MATCH,,0
TXN250130OSVTYS,,NO_MATCH,,0
TXN250130JBNZB7,,NO_MATCH,,0
ATM250130ZJSZR5,,NO_MATCH,,0
TXN25013049DODV,,NO_MATCH,,0
ATM250130QVIY0O,,NO_MATCH,,0
ATM250130MX9RPS,,NO_MATCH,,0
TXN250130RJ1E98,,NO_MATCH,,0
TXN25013026FFM9,,NO_MATCH,,0
ATM250130CLQVIS,CDR202600019787,RECEIVER_INCOMING_ACTIVITY,-740,1
TXN250130DYO6UJ,,NO_MATCH,,0
ATM250130GR1WD8,,NO_MATCH,,0
TXN250130OIAR0J,,NO_MATCH,,0
TXN250130CZ0K8V,,NO_MATCH,,0
ATM2501303KT18X,,NO_MATCH,,0
ATM2501301ID8C3,,NO_MATCH,,0
TXN250130G71VP9,,NO_MATCH,,0
TXN250130QG6B12,,NO_MATCH,,0
TXN250130XV2KMB,,NO_MATCH,,0
ATM2501307GJDY4,,NO_MATCH,,0
TXN250130PGH0AD,,NO_MATCH,,0
TXN250130O9C78F,,NO_MATCH,,0
TXN25013064QYA6,,NO_MATCH,,0
TXN2501303RIE2A,CDR202600019839,SENDER_INCOMING_ACTIVITY,224,1
TXN250130QE5QW2,,NO_MATCH,,0
TXN250130EM1WJ1,,NO_MATCH,,0
ATM250130T224X2,,NO_MATCH,,0
TXN250130U616AQ,,NO_MATCH,,0
TXN250130W5JX4L,,NO_MATCH,,0
TXN250130H1QQR2,CDR202600019858,RECEIVER_OUTGOING_ACTIVITY,607,1
ATM250130V637P0,,NO_MATCH,,0
ATM250130UTO2ZQ,,NO_MATCH,,0
ATM2501307WBUZ7,,NO_MATCH,,0
TXN250130P029T2,,NO_MATCH,,0
ATM2501307GQ2Y3,,NO_MATCH,,0
ATM2501308435C2,,NO_MATCH,,0
TXN250130C7O202,,NO_MATCH,,0
ATM250130IUTSD1,,NO_MATCH,,0
TXN250130LFJHG2,,NO_MATCH,,0
TXN2501304IG5YP,,NO_MATCH,,0
TXN250130V20ZMC,,NO_MATCH,,0
ATM250130TDBDG0,,NO_MATCH,,0
TXN250130YEYG1V,,NO_MATCH,,0
TXN2501301S8MI7,CDR202600019889,SENDER_OUTGOING_ACTIVITY,91,1
TXN250130X3AAPJ,CDR202600019889,SENDER_OUTGOING_ACTIVITY,-29,1
TXN250130SO27Z1,CDR202600019889,SENDER_OUTGOING_ACTIVITY,-449,1
TXN250130FOLG6H,CDR202600019889,SENDER_OUTGOING_ACTIVITY,-629,1
TXN250130PG5W6Y,,NO_MATCH,,0
TXN250130Z74QJZ,,NO_MATCH,,0
TXN250130LJIKQ5,,NO_MATCH,,0
ATM250130EVO0RF,,NO_MATCH,,0
TXN250130HDKNY3,,NO_MATCH,,0
TXN250130CAWGVA,,NO_MATCH,,0
TXN250130CFR7ZT,,NO_MATCH,,0
TXN250130F5M6AA,,NO_MATCH,,0
TXN250130I36QR7,,NO_MATCH,,0
TXN250130IVP24O,,NO_MATCH,,0
TXN250130EPSYNA,,NO_MATCH,,0
TXN250130Y9S3S8,,NO_MATCH,,0
TXN250130YA6KI5,,NO_MATCH,,0
TXN250130ACR6JX,,NO_MATCH,,0
ATM250130B035TV,,NO_MATCH,,0
TXN2501309E1HFJ,,NO_MATCH,,0
TXN250130O2KOE1,,NO_MATCH,,0
TXN2501300RE439,,NO_MATCH,,0
TXN250130Z92MXD,,NO_MATCH,,0
TXN250130JZ0LAS,,NO_MATCH,,0
TXN250131TY2SGT,,NO_MATCH,,0
ATM25013129GE1D,,NO_MATCH,,0
TXN2501315A9WWK,,NO_MATCH,,0
TXN2501317UEC3T,,NO_MATCH,,0
TXN250131V5AW4A,,NO_MATCH,,0
TXN250131CI18S8,,NO_MATCH,,0
ATM250131P24DC2,,NO_MATCH,,0
TXN250131LW8O5X,,NO_MATCH,,0
TXN250131G3379L,,NO_MATCH,,0
ATM250131PFZ16F,,NO_MATCH,,0
ATM250131VPSYZM,,NO_MATCH,,0
ATM250131XICGI3,,NO_MATCH,,0
TXN250131VH0CD2,CDR202600019963,SENDER_OUTGOING_ACTIVITY,-793,1
TXN250131FLI66O,,NO_MATCH,,0
TXN250131CTZLA4,,NO_MATCH,,0
TXN250131AHH0BW,,NO_MATCH,,0
TXN2501319FFF5J,,NO_MATCH,,0
TXN250131KZ8K0L,,NO_MATCH,,0
TXN25013135H2Q2,,NO_MATCH,,0
ATM250131ZKNDQJ,,NO_MATCH,,0
TXN250131ZNS9ZD,,NO_MATCH,,0
TXN2501310PY0BC,,NO_MATCH,,0
TXN250131ZRP3W8,,NO_MATCH,,0
TXN250131PWC7M4,,NO_MATCH,,0
TXN250131XH20AD,,NO_MATCH,,0
ATM250131JBKOVU,,NO_MATCH,,0
TXN250131MLTN6B,CDR202600020023,SENDER_OUTGOING_ACTIVITY,894,1
TXN250131YSJWQI,,NO_MATCH,,0
TXN250131J6IZ4T,CDR202600020014,SENDER_OUTGOING_ACTIVITY,-421,1
ATM250131DI67JW,,NO_MATCH,,0
ATM250131YBYU4U,,NO_MATCH,,0
TXN250131VQGQV8,,NO_MATCH,,0
ATM250131O722V1,,NO_MATCH,,0
ATM2501316XUG22,,NO_MATCH,,0
ATM250131O6S4NO,,NO_MATCH,,0
TXN25013165877V,,NO_MATCH,,0
ATM250131LWJ9VY,,NO_MATCH,,0
TXN250131KYEZNP,,NO_MATCH,,0
TXN250131FSKDQI,,NO_MATCH,,0
ATM250131ZND28T,,NO_MATCH,,0
TXN2501310Z7L19,,NO_MATCH,,0
ATM250131NINPSB,,NO_MATCH,,0
TXN250131YSNDBE,,NO_MATCH,,0
ATM2501317KLH4Z,CDR202600020052,SENDER_OUTGOING_ACTIVITY,-99,1
ATM25013115BW83,CDR202600020052,SENDER_OUTGOING_ACTIVITY,-279,1
TXN250131Q5HW3V,,NO_MATCH,,0
ATM2501315P4SBT,CDR202600020064,SENDER_INCOMING_ACTIVITY,148,1
ATM250131RWNQYD,,NO_MATCH,,0
TXN250131K6REZF,,NO_MATCH,,0
ATM25013149SQ56,,NO_MATCH,,0
TXN2501313JN3DC,,NO_MATCH,,0
TXN250131U6AX89,CDR202600020064,RECEIVER_INCOMING_ACTIVITY,-692,1
ATM2501317VJ3Q4,CDR202600020080,SENDER_OUTGOING_ACTIVITY,830,1
TXN250131XU4P4G,,NO_MATCH,,0
TXN250131CU8SCV,,NO_MATCH,,0
TXN250131FEU7BK,,NO_MATCH,,0
TXN250131FUCM9W,CDR202600020083,SENDER_OUTGOING_ACTIVITY,690,1
TXN2501311K0FFC,,NO_MATCH,,0
TXN250131U1GJAQ,CDR202600020067,SENDER_OUTGOING_ACTIVITY,-820,1
ATM250131EK4CDV,,NO_MATCH,,0
TXN250131E1OEJB,,NO_MATCH,,0
ATM250131OE33SE,,NO_MATCH,,0
TXN250131WORCB6,CDR202600020103,SENDER_OUTGOING_ACTIVITY,539,1
TXN2501317GEF30,,NO_MATCH,,0
TXN250131IRL8BN,,NO_MATCH,,0
ATM2501316KSG0X,,NO_MATCH,,0
ATM250131LEPVG3,,NO_MATCH,,0
TXN2501311WNSO6,,NO_MATCH,,0
TXN2501310PIFHQ,CDR202600020120,RECEIVER_INCOMING_ACTIVITY,703,1
TXN250131V54PBX,,NO_MATCH,,0
TXN250131BFREOR,,NO_MATCH,,0
ATM25013112ID2R,,NO_MATCH,,0
ATM250131ASNRWO,CDR202600020100,RECEIVER_INCOMING_ACTIVITY,-727,1
TXN250131IT1RAC,CDR202600020116,SENDER_INCOMING_ACTIVITY,2,1
ATM250131GW456P,,NO_MATCH,,0
TXN2501314GBVNE,,NO_MATCH,,0
ATM250131GQMQWH,CDR202600020132,SENDER_INCOMING_ACTIVITY,-244,1
TXN250131VMT1QJ,,NO_MATCH,,0
TXN2501317ODFBE,,NO_MATCH,,0
ATM250131KFL2V3,,NO_MATCH,,0
ATM25013117ND6O,,NO_MATCH,,0
TXN250131XJCCLP,CDR202600020161,SENDER_OUTGOING_ACTIVITY,228,1
TXN250131CT5VW0,,NO_MATCH,,0
TXN250131B94Y1O,CDR202600020149,SENDER_OUTGOING_ACTIVITY,-393,1
TXN250131UKNTXN,,NO_MATCH,,0
ATM250131RC0WJR,CDR202600020157,RECEIVER_INCOMING_ACTIVITY,-188,1
TXN250131YSLHGX,,NO_MATCH,,0
TXN250131BO6DB1,CDR202600020176,RECEIVER_INCOMING_ACTIVITY,849,1
TXN250131IC8UQS,CDR202600020150,RECEIVER_INCOMING_ACTIVITY,-863,1
ATM250131TXAG29,,NO_MATCH,,0
ATM250131KKTBEK,,NO_MATCH,,0
TXN250131CJVZ20,,NO_MATCH,,0
TXN250131QO6ZZ4,,NO_MATCH,,0
ATM250131CM65CP,,NO_MATCH,,0
ATM250131YVVDMV,,NO_MATCH,,0
ATM2501316DV79L,,NO_MATCH,,0
ATM250131TUFDST,CDR202600020207,SENDER_INCOMING_ACTIVITY,-36,1
ATM250131YS2OPB,,NO_MATCH,,0
ATM2501319BL4H7,,NO_MATCH,,0
ATM250131YN9647,,NO_MATCH,,0
TXN250131WJ9JOF,,NO_MATCH,,0
ATM250131VMSKOL,,NO_MATCH,,0
TXN250131ER2EIB,,NO_MATCH,,0
ATM250131337E6F,,NO_MATCH,,0
TXN250131TBVZ7S,,NO_MATCH,,0
TXN250131G8F8GJ,,NO_MATCH,,0
ATM2501312MYSEA,CDR202600020263,SENDER_OUTGOING_ACTIVITY,807,1
TXN250131S53BQW,CDR202600020255,SENDER_INCOMING_ACTIVITY,-823,1
TXN250131GXY52D,CDR202600020258,RECEIVER_INCOMING_ACTIVITY,-874,1
ATM250131VNJ0U4,CDR202600020276,RECEIVER_OUTGOING_ACTIVITY,174,1
TXN2501314RU2P2,,NO_MATCH,,0
TXN250131D5Y5SG,,NO_MATCH,,0
ATM250131PKCK3S,,NO_MATCH,,0
TXN250131SMJ4LI,,NO_MATCH,,0
ATM250131890XQY,,NO_MATCH,,0
ATM250131SBFSJZ,,NO_MATCH,,0
ATM2501315BLAVB,,NO_MATCH,,0
ATM250131DRABBB,,NO_MATCH,,0
ATM2501313OVRUG,CDR202600020294,SENDER_OUTGOING_ACTIVITY,-845,1
TXN250131YLPZ8L,,NO_MATCH,,0
TXN250131OZCWD9,CDR202600020313,SENDER_OUTGOING_ACTIVITY,-59,1
ATM2501312S84TH,,NO_MATCH,,0
TXN250131F1HYT9,CDR202600020321,SENDER_INCOMING_ACTIVITY,334,1
TXN250131UMGJS0,CDR202600020306,SENDER_OUTGOING_ACTIVITY,-640,1
ATM250131OEPBJF,CDR202600020316,SENDER_OUTGOING_ACTIVITY,-543,1
TXN250131C82JHZ,,NO_MATCH,,0
ATM250131376WWU,,NO_MATCH,,0
TXN250131EAWXML,,NO_MATCH,,0
ATM250131EHV9B8,CDR202600020356,RECEIVER_OUTGOING_ACTIVITY,886,1
ATM250131D6H1AJ,CDR202600020352,SENDER_INCOMING_ACTIVITY,541,1
ATM250131GT1R9Z,,NO_MATCH,,0
ATM250131M4QSQF,CDR202600020356,RECEIVER_OUTGOING_ACTIVITY,263,1
ATM250131Y1QL5S,CDR202600020348,SENDER_INCOMING_ACTIVITY,-655,1
ATM250131L5JHTC,,NO_MATCH,,0
ATM250131DS470B,,NO_MATCH,,0
ATM2501318U31C8,,NO_MATCH,,0
TXN2501317ELHRA,,NO_MATCH,,0
TXN250131D644H0,,NO_MATCH,,0
ATM250131DE3LHH,,NO_MATCH,,0
ATM250131YO2W6M,CDR202600020358,RECEIVER_OUTGOING_ACTIVITY,-493,1
ATM2501313EKQX7,,NO_MATCH,,0
TXN250131TWHNB1,,NO_MATCH,,0
TXN250131OZLS3E,CDR202600020373,RECEIVER_OUTGOING_ACTIVITY,35,1
TXN250131YRZZAW,CDR202600020384,RECEIVER_INCOMING_ACTIVITY,632,1
ATM250131FL3N83,,NO_MATCH,,0
TXN250131L5QSCD,CDR202600020386,RECEIVER_OUTGOING_ACTIVITY,-159,1
ATM250131FOOUPA,,NO_MATCH,,0
TXN250131CNTV6N,CDR202600020401,RECEIVER_INCOMING_ACTIVITY,85,1
TXN250131TBRG3Q,,NO_MATCH,,0
TXN2501316DVTSJ,,NO_MATCH,,0
ATM250131GKJSZD,,NO_MATCH,,0
TXN25013169E6T2,,NO_MATCH,,0
TXN250131LIE895,,NO_MATCH,,0
TXN250131M6TU1M,,NO_MATCH,,0
ATM250131KAVTOF,,NO_MATCH,,0
TXN250131VI8D19,,NO_MATCH,,0
ATM250131G73HK5,,NO_MATCH,,0
ATM2501319GT8RG,,NO_MATCH,,0
ATM2501315TVAFM,,NO_MATCH,,0
TXN250131EMT5R5,,NO_MATCH,,0
TXN250131DRPS8H,,NO_MATCH,,0
ATM250131KAKIEV,,NO_MATCH,,0
ATM2501317S6DKC,,NO_MATCH,,0
ATM250131RWGFL0,,NO_MATCH,,0
ATM250131D7SI4R,,NO_MATCH,,0
TXN250131GE4C3P,CDR202600020421,SENDER_OUTGOING_ACTIVITY,-521,1
TXN250131JYO4ME,CDR202600020433,RECEIVER_OUTGOING_ACTIVITY,388,1
ATM250131E7WEJC,CDR202600020423,RECEIVER_INCOMING_ACTIVITY,-453,1
TXN250131QP25KA,,NO_MATCH,,0
TXN250131OY2QIK,,NO_MATCH,,0
ATM2501312MIG5T,CDR202600020430,RECEIVER_INCOMING_ACTIVITY,-396,1
ATM2501314PPRZA,,NO_MATCH,,0
ATM250131SHL3Z3,CDR202600020452,RECEIVER_INCOMING_ACTIVITY,497,1
TXN2501315VY0Y5,CDR202600060521,SENDER_OUTGOING_ACTIVITY,-300,1
TXN250131GZ5909,,NO_MATCH,,0
TXN250131CHXABB,,NO_MATCH,,0
TXN2501314D47VK,CDR202600020467,RECEIVER_INCOMING_ACTIVITY,276,1
TXN25013118D6T2,,NO_MATCH,,0
ATM2501312ST3K4,,NO_MATCH,,0
TXN250131HAQKZ6,,NO_MATCH,,0
TXN250131SCW8OB,,NO_MATCH,,0
ATM2501318DP6EO,,NO_MATCH,,0
TXN250131PFDUAU,,NO_MATCH,,0
ATM250131PCH2X8,,NO_MATCH,,0
TXN2501313OAD97,,NO_MATCH,,0
TXN250131MQDLG2,,NO_MATCH,,0
TXN250131UUE3ZI,,NO_MATCH,,0
TXN250131XZ0D7E,,NO_MATCH,,0
TXN2501318CICMF,CDR202600020494,SENDER_OUTGOING_ACTIVITY,-560,1
TXN250131VTZEQV,,NO_MATCH,,0
TXN250131F0VH95,,NO_MATCH,,0
TXN250131EHJ80X,,NO_MATCH,,0
ATM250131NPNHBF,CDR202600020495,SENDER_OUTGOING_ACTIVITY,-653,1
TXN250131FK4AC5,,NO_MATCH,,0
ATM250131PXGSGG,,NO_MATCH,,0
ATM250131K3SDCU,CDR202600020523,RECEIVER_OUTGOING_ACTIVITY,462,1
TXN250131Y7EALS,,NO_MATCH,,0
TXN250131D6Y3TB,,NO_MATCH,,0
TXN250131QJ3FM2,CDR202600020553,RECEIVER_OUTGOING_ACTIVITY,809,1
TXN2501318IP74X,,NO_MATCH,,0
ATM250131ZK1CKE,,NO_MATCH,,0
TXN250131Y6QE0L,,NO_MATCH,,0
ATM2501315SO16V,,NO_MATCH,,0
ATM250131OJZ8JR,,NO_MATCH,,0
TXN250131SOPX7B,,NO_MATCH,,0
ATM250131ZPNK6V,,NO_MATCH,,0
ATM250131GEAUP8,,NO_MATCH,,0
TXN25013100F2BK,CDR202600020575,SENDER_INCOMING_ACTIVITY,207,1
TXN250131SY7PMS,,NO_MATCH,,0
ATM250131E01L21,,NO_MATCH,,0
ATM250131SG9ZQK,,NO_MATCH,,0
TXN250131EAI8K7,,NO_MATCH,,0
ATM2501310H26JN,,NO_MATCH,,0
TXN250131RL4NRC,,NO_MATCH,,0
TXN250131I7297E,,NO_MATCH,,0
ATM250131KE5WCJ,,NO_MATCH,,0
ATM25013152LAWP,,NO_MATCH,,0
TXN250201SX95ZI,,NO_MATCH,,0
TXN2502014ZX1Y7,,NO_MATCH,,0
TXN2502011L32PE,,NO_MATCH,,0
TXN250201KTB3CQ,CDR202600020625,RECEIVER_INCOMING_ACTIVITY,-501,1
TXN250201EXCVUC,,NO_MATCH,,0
TXN2502018XPGTT,,NO_MATCH,,0
ATM2502015JKB46,,NO_MATCH,,0
TXN25020118W949,,NO_MATCH,,0
TXN25020174SPD4,,NO_MATCH,,0
TXN250201CIN3QI,,NO_MATCH,,0
TXN250201S2ZOIY,,NO_MATCH,,0
ATM250201VAWITG,,NO_MATCH,,0
TXN250201K9HCRR,,NO_MATCH,,0
TXN250201ROCSLX,,NO_MATCH,,0
TXN2502016M4JGQ,,NO_MATCH,,0
ATM2502013YS8SX,,NO_MATCH,,0
ATM2502019YIDD2,,NO_MATCH,,0
TXN25020141AHGH,CDR202600020664,RECEIVER_INCOMING_ACTIVITY,86,1
ATM250201EI74YI,,NO_MATCH,,0
TXN250201JNJFQR,,NO_MATCH,,0
TXN250201C7GTKE,,NO_MATCH,,0
TXN250201VLZVT9,CDR202600020705,SENDER_INCOMING_ACTIVITY,743,1
ATM2502019JUTBV,CDR202600020687,SENDER_OUTGOING_ACTIVITY,-269,1
TXN250201KD16O6,CDR202600020692,SENDER_OUTGOING_ACTIVITY,-526,1
ATM250201ZLUW9G,,NO_MATCH,,0
TXN250201QLNYLH,,NO_MATCH,,0
ATM25020125U8BA,,NO_MATCH,,0
TXN250201U2FELS,CDR202600020725,SENDER_OUTGOING_ACTIVITY,685,1
TXN250201388409,,NO_MATCH,,0
TXN250201LYXQNV,,NO_MATCH,,0
TXN250201R0V95L,,NO_MATCH,,0
ATM250201TJJ4WF,,NO_MATCH,,0
TXN250201TMD9S2,,NO_MATCH,,0
TXN250201ZEH28P,CDR202600020729,SENDER_INCOMING_ACTIVITY,237,1
TXN250201210GWK,,NO_MATCH,,0
TXN250201NSLKKR,,NO_MATCH,,0
ATM25020180PN1W,,NO_MATCH,,0
TXN250201JQ97IZ,,NO_MATCH,,0
TXN250201PGBYW2,,NO_MATCH,,0
TXN250201G775P0,,NO_MATCH,,0
ATM250201QDALG7,,NO_MATCH,,0
TXN2502011M7BKN,,NO_MATCH,,0
ATM2502015KU83Y,,NO_MATCH,,0
TXN2502011VFKAS,,NO_MATCH,,0
ATM250201CETK6H,,NO_MATCH,,0
TXN250201BZ2LAO,,NO_MATCH,,0
TXN250201BSSUKS,,NO_MATCH,,0
TXN25020138E4T9,,NO_MATCH,,0
TXN250201NTF871,,NO_MATCH,,0
TXN2502015AROXV,,NO_MATCH,,0
TXN250201KYCT7N,,NO_MATCH,,0
ATM250201VYKAPL,,NO_MATCH,,0
TXN250201XQ5CJ1,,NO_MATCH,,0
TXN250201TU404T,,NO_MATCH,,0
TXN250201OFL8E1,,NO_MATCH,,0
TXN250201CTEDY5,,NO_MATCH,,0
TXN250201D2844Q,,NO_MATCH,,0
TXN2502012EPLCN,,NO_MATCH,,0
TXN250201IR6TJ9,,NO_MATCH,,0
TXN250201I3H7ZM,,NO_MATCH,,0
ATM250201KRZ6LK,,NO_MATCH,,0
ATM250201K6DFZX,,NO_MATCH,,0
TXN250201WG1PEA,,NO_MATCH,,0
ATM250201BUX0KC,,NO_MATCH,,0
ATM2502010X3R4A,,NO_MATCH,,0
ATM2502016EWWOM,CDR202600020776,SENDER_OUTGOING_ACTIVITY,-757,1
TXN2502018QAVF2,,NO_MATCH,,0
TXN2502011BFJ71,,NO_MATCH,,0
TXN25020158KK32,CDR202600020789,RECEIVER_INCOMING_ACTIVITY,-21,1
TXN250201ZEEUPR,,NO_MATCH,,0
TXN2502012714YC,CDR202600020792,RECEIVER_INCOMING_ACTIVITY,-332,1
TXN2502012HNGLZ,,NO_MATCH,,0
TXN2502016ZBJ6N,,NO_MATCH,,0
TXN250201PKG1W5,,NO_MATCH,,0
TXN250201ZZELHL,,NO_MATCH,,0
ATM25020126G2BR,,NO_MATCH,,0
TXN250201SB9U23,,NO_MATCH,,0
ATM250201MWOCMD,,NO_MATCH,,0
TXN250201DKQPSD,,NO_MATCH,,0
TXN250201OR6HVL,,NO_MATCH,,0
ATM250201O4TNU4,,NO_MATCH,,0
TXN2502014TLOFE,,NO_MATCH,,0
TXN2502011XONIV,CDR202600020839,RECEIVER_OUTGOING_ACTIVITY,707,1
ATM250201UFWFSA,,NO_MATCH,,0
ATM250201E0NGSH,,NO_MATCH,,0
TXN250201KJ9DYU,,NO_MATCH,,0
ATM2502015WIFL4,,NO_MATCH,,0
TXN250201W0Y5S3,,NO_MATCH,,0
TXN250201N52PF4,,NO_MATCH,,0
TXN250201LMVB9E,,NO_MATCH,,0
ATM250201AMH3LH,,NO_MATCH,,0
TXN250201SY22AO,CDR202600020842,SENDER_OUTGOING_ACTIVITY,-611,1
ATM250201A4DQPN,,NO_MATCH,,0
ATM250201ZWJ840,,NO_MATCH,,0
TXN25020181O5QZ,,NO_MATCH,,0
ATM25020160CRKB,,NO_MATCH,,0
TXN250201A2P6DX,,NO_MATCH,,0
ATM250201GOATN4,,NO_MATCH,,0
ATM250201LVQAHE,CDR202600020880,SENDER_OUTGOING_ACTIVITY,-255,1
TXN250201RO60R6,,NO_MATCH,,0
ATM250201MKA41Y,,NO_MATCH,,0
TXN250201LZ5LKW,,NO_MATCH,,0
ATM250201TTHLYL,,NO_MATCH,,0
TXN250201BXEXZ2,,NO_MATCH,,0
TXN250201293MKK,,NO_MATCH,,0
TXN250201H7ZM4Y,,NO_MATCH,,0
TXN2502014A3DGG,,NO_MATCH,,0
ATM2502012FGJ59,,NO_MATCH,,0
ATM250201M8GLDW,CDR202600020916,SENDER_OUTGOING_ACTIVITY,772,1
TXN2502013IKBAZ,,NO_MATCH,,0
TXN250201T0R8Z6,,NO_MATCH,,0
ATM250201N9YE8G,,NO_MATCH,,0
TXN250201F5IMZF,,NO_MATCH,,0
ATM250201B2MUVC,,NO_MATCH,,0
ATM250201Z7C2JQ,,NO_MATCH,,0
TXN250201G9HHJA,,NO_MATCH,,0
TXN250201RH602U,,NO_MATCH,,0
TXN250201UBE1DM,,NO_MATCH,,0
TXN250201GBF3GV,,NO_MATCH,,0
TXN2502012AB9RL,,NO_MATCH,,0
ATM2502010RLLWG,CDR202600020964,SENDER_OUTGOING_ACTIVITY,370,1
TXN250201X7KXYH,,NO_MATCH,,0
ATM250201NMD9F6,,NO_MATCH,,0
TXN25020164TGA2,,NO_MATCH,,0
TXN250201IHIL0Z,,NO_MATCH,,0
ATM250201LQ3GQP,CDR202600020981,SENDER_OUTGOING_ACTIVITY,358,1
TXN2502016D9TAS,,NO_MATCH,,0
TXN250201CXOBC0,,NO_MATCH,,0
ATM2502015Z2C53,CDR202600020990,SENDER_OUTGOING_ACTIVITY,500,1
TXN250201SPM6J1,CDR202600020989,SENDER_OUTGOING_ACTIVITY,-269,1
TXN250201YM48KX,,NO_MATCH,,0
TXN250201AJN12H,CDR202600021004,SENDER_INCOMING_ACTIVITY,-288,1
ATM250201JMS8V5,,NO_MATCH,,0
TXN2502014AF8PZ,,NO_MATCH,,0
ATM250201LT5CV0,,NO_MATCH,,0
TXN250201DL5WSK,,NO_MATCH,,0
TXN250201QILM5L,,NO_MATCH,,0
TXN250201MJ3DWG,,NO_MATCH,,0
TXN250201BNY5ZI,,NO_MATCH,,0
TXN2502017GDT0Y,,NO_MATCH,,0
TXN250201AZNNOB,,NO_MATCH,,0
TXN250201XN9Q8G,,NO_MATCH,,0
TXN250201N5TI3P,,NO_MATCH,,0
TXN250201H204Y2,,NO_MATCH,,0
TXN2502010XQW28,,NO_MATCH,,0
TXN2502014RQK7O,CDR202600021040,SENDER_OUTGOING_ACTIVITY,-42,1
TXN2502011HTJLO,,NO_MATCH,,0
TXN250201A3E5K8,,NO_MATCH,,0
ATM250201FUBPYI,,NO_MATCH,,0
ATM250201LA61SL,CDR202600021055,RECEIVER_INCOMING_ACTIVITY,-127,1
ATM250201OH1YS0,,NO_MATCH,,0
TXN2502010T66M9,,NO_MATCH,,0
TXN25020103KD89,,NO_MATCH,,0
TXN250201AQ7305,CDR202600021051,RECEIVER_INCOMING_ACTIVITY,-660,1
TXN25020155LHDY,,NO_MATCH,,0
TXN2502014B38BT,CDR202600021057,RECEIVER_OUTGOING_ACTIVITY,-793,1
TXN250201DMBWVS,,NO_MATCH,,0
TXN250201G8MI9V,,NO_MATCH,,0
ATM2502011EYFYC,,NO_MATCH,,0
TXN250201Q2XPQP,,NO_MATCH,,0
TXN2502010RP07Y,,NO_MATCH,,0
TXN2502011DNZBL,,NO_MATCH,,0
ATM250201SPW20V,CDR202600021071,SENDER_OUTGOING_ACTIVITY,-441,1
TXN250201HQB0VS,,NO_MATCH,,0
TXN250201TI21WT,,NO_MATCH,,0
ATM250201NW4E0U,,NO_MATCH,,0
ATM2502013QQNF3,,NO_MATCH,,0
TXN250201SZRU06,,NO_MATCH,,0
TXN250201C9UQ6T,,NO_MATCH,,0
TXN2502019EQWLX,CDR202600021087,RECEIVER_OUTGOING_ACTIVITY,-740,1
TXN250201ZD39Z1,,NO_MATCH,,0
TXN2502011R35GU,,NO_MATCH,,0
TXN250201DX0QG0,,NO_MATCH,,0
TXN250201RO9PA9,,NO_MATCH,,0
TXN250201589AEC,,NO_MATCH,,0
TXN250201IRO0NU,,NO_MATCH,,0
ATM250201V3SJ0F,,NO_MATCH,,0
TXN250201W6Z8JG,,NO_MATCH,,0
TXN250201ZPML8B,CDR202600021108,RECEIVER_INCOMING_ACTIVITY,-231,1
TXN250201TRCI23,,NO_MATCH,,0
TXN250201VMBURE,,NO_MATCH,,0
ATM250201CCOGTO,,NO_MATCH,,0
TXN25020180KUOJ,,NO_MATCH,,0
TXN2502019SQS1A,,NO_MATCH,,0
TXN250201XQIMEV,,NO_MATCH,,0
TXN250201ZHT5CS,,NO_MATCH,,0
TXN2502010VD69V,,NO_MATCH,,0
TXN250201EJZCO8,,NO_MATCH,,0
ATM250201I0CBJH,CDR202600060467,SENDER_OUTGOING_ACTIVITY,-720,1
TXN25020102Y4YC,,NO_MATCH,,0
TXN250201A4GND9,,NO_MATCH,,0
TXN250201E2WX2D,,NO_MATCH,,0
TXN250201TU3HDM,,NO_MATCH,,0
TXN250201YMBJ6C,,NO_MATCH,,0
TXN250201M67BOO,,NO_MATCH,,0
TXN2502012NJ3AN,,NO_MATCH,,0
TXN250201R7Y1EQ,,NO_MATCH,,0
TXN250201AJ22X4,,NO_MATCH,,0
ATM250201NEYA9L,,NO_MATCH,,0
TXN250201AT09SP,,NO_MATCH,,0
TXN250201MYGDS5,,NO_MATCH,,0
ATM250201583YK4,,NO_MATCH,,0
TXN2502015JDDVJ,,NO_MATCH,,0
TXN250201H03EKC,,NO_MATCH,,0
TXN250201JEVKJH,,NO_MATCH,,0
TXN250201BUN3IU,,NO_MATCH,,0
ATM250201L39GQG,,NO_MATCH,,0
TXN25020191K85I,,NO_MATCH,,0
TXN250201IYXD6E,,NO_MATCH,,0
TXN25020177YJS9,,NO_MATCH,,0
TXN250201ZD0EHQ,CDR202600021134,RECEIVER_OUTGOING_ACTIVITY,-14,1
TXN2502016PSQZ2,,NO_MATCH,,0
TXN250201E0DOLN,,NO_MATCH,,0
ATM250201TJ7MS1,,NO_MATCH,,0
TXN250201NJ089C,,NO_MATCH,,0
TXN250201DP51G0,,NO_MATCH,,0
TXN2502018NUNKN,,NO_MATCH,,0
TXN25020111BKVF,,NO_MATCH,,0
ATM250201IBO1BM,,NO_MATCH,,0
TXN250201MAEWA0,,NO_MATCH,,0
TXN250201B6LY33,,NO_MATCH,,0
TXN2502010TSRVZ,CDR202600021160,SENDER_OUTGOING_ACTIVITY,534,1
ATM2502010H8YXT,CDR202600060367,SENDER_OUTGOING_ACTIVITY,-180,1
TXN250201S0KDTZ,,NO_MATCH,,0
ATM25020109VT8B,,NO_MATCH,,0
TXN250201HG761X,CDR202600021176,RECEIVER_OUTGOING_ACTIVITY,682,1
TXN25020128EUUX,,NO_MATCH,,0
TXN250201Z3JCGZ,,NO_MATCH,,0
ATM2502012MC8GH,CDR202600021182,RECEIVER_INCOMING_ACTIVITY,682,1
ATM250201LI1EBQ,,NO_MATCH,,0
TXN250201I0H0B4,,NO_MATCH,,0
TXN250201DENUK2,,NO_MATCH,,0
TXN2502018FULPJ,,NO_MATCH,,0
TXN250201Q4MP90,,NO_MATCH,,0
ATM2502018EV3Z3,CDR202600021196,RECEIVER_INCOMING_ACTIVITY,201,1
ATM2502013OZAYQ,,NO_MATCH,,0
TXN250201VKXK7T,CDR202600021200,SENDER_INCOMING_ACTIVITY,753,1
TXN250201LK16QX,CDR202600021199,RECEIVER_INCOMING_ACTIVITY,252,1
TXN250201D23EDF,,NO_MATCH,,0
TXN250201X4S682,CDR202600021204,SENDER_INCOMING_ACTIVITY,424,1
ATM250201UKITBZ,CDR202600021202,RECEIVER_OUTGOING_ACTIVITY,-804,1
TXN250201UBRWPY,,NO_MATCH,,0
TXN250201H1TWA3,,NO_MATCH,,0
TXN250201D6BMJV,,NO_MATCH,,0
TXN250202H2T5NO,,NO_MATCH,,0
ATM250202B8IY19,,NO_MATCH,,0
ATM250202ZWJ906,,NO_MATCH,,0
ATM250202MQKJJ0,CDR202600021237,SENDER_INCOMING_ACTIVITY,-27,1
TXN2502025RWF4I,,NO_MATCH,,0
TXN250202OU96M0,,NO_MATCH,,0
TXN250202EJYF13,,NO_MATCH,,0
ATM25020280IG61,,NO_MATCH,,0
TXN250202J6GVQQ,,NO_MATCH,,0
ATM250202ZSY1J7,,NO_MATCH,,0
ATM250202BDVO8C,,NO_MATCH,,0
TXN250202QB0F9A,,NO_MATCH,,0
TXN25020249RMYR,,NO_MATCH,,0
TXN250202UY5YV6,,NO_MATCH,,0
TXN250202XO8RZM,,NO_MATCH,,0
TXN250202AJXIEM,,NO_MATCH,,0
TXN2502024RIRAM,,NO_MATCH,,0
ATM250202IB263N,,NO_MATCH,,0
TXN250202YN4QOY,,NO_MATCH,,0
TXN250202M3G1CK,,NO_MATCH,,0
TXN250202MLM39G,,NO_MATCH,,0
ATM250202QICU4A,,NO_MATCH,,0
ATM250202YDWSED,,NO_MATCH,,0
TXN250202T0BB90,,NO_MATCH,,0
TXN250202CNAXK1,,NO_MATCH,,0
TXN250202D87TV9,,NO_MATCH,,0
TXN250202IL7F7L,,NO_MATCH,,0
TXN250202O8W426,,NO_MATCH,,0
TXN250202LO6LFT,,NO_MATCH,,0
ATM2502027ZPT1C,,NO_MATCH,,0
TXN250202UAUWV9,,NO_MATCH,,0
TXN250202NCMHGU,,NO_MATCH,,0
ATM250202M5DLJ2,,NO_MATCH,,0
TXN250202B07UHI,,NO_MATCH,,0
ATM2502024TUFXO,,NO_MATCH,,0
TXN25020227FIAD,,NO_MATCH,,0
TXN25020205GCDK,CDR202600021364,RECEIVER_OUTGOING_ACTIVITY,264,1
TXN2502026Z7WH1,,NO_MATCH,,0
TXN2502024VOON4,,NO_MATCH,,0
ATM25020224TYUW,,NO_MATCH,,0
TXN250202E2X7VQ,,NO_MATCH,,0
TXN250202R5YO5J,,NO_MATCH,,0
TXN25020214ZYZQ,,NO_MATCH,,0
ATM250202GXLVKH,CDR202600021393,RECEIVER_OUTGOING_ACTIVITY,402,1
TXN250202PFLGI6,,NO_MATCH,,0
ATM250202B2JPFK,,NO_MATCH,,0
TXN250202C74EWI,,NO_MATCH,,0
TXN250202ZWRN51,,NO_MATCH,,0
TXN250202LNMW2F,CDR202600021386,SENDER_OUTGOING_ACTIVITY,-678,1
TXN25020232WIKO,,NO_MATCH,,0
TXN2502024NTYO6,CDR202600021394,SENDER_OUTGOING_ACTIVITY,-777,1
ATM2502025BOFFR,,NO_MATCH,,0
TXN250202HC8V18,,NO_MATCH,,0
TXN250202FE0F8Z,CDR202600021421,SENDER_OUTGOING_ACTIVITY,783,1
ATM250202V600L3,CDR202600021412,RECEIVER_OUTGOING_ACTIVITY,103,1
TXN250202FEI18X,,NO_MATCH,,0
TXN250202EB07D5,CDR202600021419,SENDER_OUTGOING_ACTIVITY,367,1
TXN250202SAEBEY,,NO_MATCH,,0
TXN250202NKUCTF,,NO_MATCH,,0
TXN25020226BIEX,CDR202600021439,SENDER_OUTGOING_ACTIVITY,654,1
TXN2502025FAM3V,,NO_MATCH,,0
ATM250202FZTXR4,,NO_MATCH,,0
ATM250202F20RYN,,NO_MATCH,,0
TXN250202W2XTWC,,NO_MATCH,,0
ATM25020271GG5A,,NO_MATCH,,0
TXN250202AVU71S,,NO_MATCH,,0
ATM2502024FMGIR,,NO_MATCH,,0
ATM250202C53RJG,,NO_MATCH,,0
ATM250202RSQ8ZV,,NO_MATCH,,0
TXN250202JC6WWK,CDR202600021469,RECEIVER_INCOMING_ACTIVITY,849,1
TXN250202U5IGCR,,NO_MATCH,,0
TXN250202S2ISZX,,NO_MATCH,,0
TXN25020238XKZI,,NO_MATCH,,0
ATM250202E01DCI,,NO_MATCH,,0
ATM250202QK8T6J,,NO_MATCH,,0
ATM250202GMMMJ2,CDR202600021468,SENDER_INCOMING_ACTIVITY,-379,1
TXN2502022XBWMI,,NO_MATCH,,0
ATM250202YEDDAU,CDR202600021464,SENDER_OUTGOING_ACTIVITY,-805,1
TXN250202L0WWH1,,NO_MATCH,,0
ATM2502029XRGLN,CDR202600021476,SENDER_INCOMING_ACTIVITY,102,1
ATM2502022TLNUL,,NO_MATCH,,0
TXN250202XAS4TW,,NO_MATCH,,0
ATM2502021417AT,,NO_MATCH,,0
ATM2502028TJOXP,,NO_MATCH,,0
TXN250202P1EGVV,,NO_MATCH,,0
ATM250202BLCOSN,CDR202600021492,RECEIVER_OUTGOING_ACTIVITY,719,1
TXN250202CSNKOI,,NO_MATCH,,0
TXN250202MTME7H,,NO_MATCH,,0
TXN250202W2BZ4D,,NO_MATCH,,0
TXN2502021W470X,,NO_MATCH,,0
TXN250202IQHLZR,,NO_MATCH,,0
ATM2502021TMKXP,CDR202600021484,SENDER_OUTGOING_ACTIVITY,-548,1
TXN250202HL602D,,NO_MATCH,,0
TXN250202QE0ZA1,,NO_MATCH,,0
TXN25020216A2RK,,NO_MATCH,,0
TXN2502022HBQ82,,NO_MATCH,,0
ATM250202O5TA9A,,NO_MATCH,,0
ATM2502026STPZ7,CDR202600021489,SENDER_OUTGOING_ACTIVITY,-589,1
TXN2502026KS4SV,,NO_MATCH,,0
TXN250202ZAJ1UC,,NO_MATCH,,0
TXN250202JGY3RO,,NO_MATCH,,0
TXN250202614IOF,,NO_MATCH,,0
TXN250202Q1ZQKZ,,NO_MATCH,,0
TXN250202MKWCXS,,NO_MATCH,,0
TXN250202BN8IPC,,NO_MATCH,,0
TXN250202J1KK1J,,NO_MATCH,,0
TXN250202IXBJ0S,,NO_MATCH,,0
ATM250202GYMIW6,,NO_MATCH,,0
TXN25020284EVEY,,NO_MATCH,,0
TXN250202DGBQ4K,,NO_MATCH,,0
TXN250202R9UDC5,,NO_MATCH,,0
TXN250202U2UD0Z,,NO_MATCH,,0
TXN2502026YZ5WK,,NO_MATCH,,0
TXN250202N1BM67,,NO_MATCH,,0
TXN250202UZQNPL,CDR202600021546,RECEIVER_OUTGOING_ACTIVITY,561,1
TXN250202CEA14C,,NO_MATCH,,0
TXN250202EQTPQP,,NO_MATCH,,0
TXN250202YA4OTE,,NO_MATCH,,0
TXN2502028AMSSQ,CDR202600021546,RECEIVER_OUTGOING_ACTIVITY,-181,1
TXN250202LH5NYJ,CDR202600021539,SENDER_INCOMING_ACTIVITY,-733,1
TXN250202P0I8LK,,NO_MATCH,,0
TXN2502024ZSART,,NO_MATCH,,0
TXN250202N0YMDI,,NO_MATCH,,0
TXN25020261TH3U,,NO_MATCH,,0
TXN2502024S82CJ,,NO_MATCH,,0
TXN250202GZSFPI,,NO_MATCH,,0
ATM250202JSAZ4G,CDR202600021576,SENDER_OUTGOING_ACTIVITY,853,1
TXN250202TJAXA2,,NO_MATCH,,0
ATM250202PRNDZ1,,NO_MATCH,,0
TXN250202KEQH3O,CDR202600021572,SENDER_INCOMING_ACTIVITY,-43,1
TXN2502022U1IQT,,NO_MATCH,,0
TXN2502021V3FAP,,NO_MATCH,,0
TXN250202FMHLIF,,NO_MATCH,,0
TXN250202WS4XTD,,NO_MATCH,,0
TXN250202NWCI38,CDR202600021578,SENDER_OUTGOING_ACTIVITY,-166,1
TXN2502023W4YCN,,NO_MATCH,,0
TXN250202JPN9O4,,NO_MATCH,,0
TXN25020238HPSA,,NO_MATCH,,0
ATM250202YDAZKB,CDR202600021595,RECEIVER_OUTGOING_ACTIVITY,243,1
TXN250202QNTK0X,,NO_MATCH,,0
ATM250202N9GUKV,,NO_MATCH,,0
ATM250202O56QRZ,,NO_MATCH,,0
ATM250202YKPGAM,,NO_MATCH,,0
TXN250202LP7P8Z,,NO_MATCH,,0
TXN250202GN552P,,NO_MATCH,,0
TXN250202BW22UT,,NO_MATCH,,0
TXN250202TMBM0Q,,NO_MATCH,,0
TXN2502025NY4YV,CDR202600021634,RECEIVER_INCOMING_ACTIVITY,-131,1
TXN250202NQ6IWZ,,NO_MATCH,,0
TXN250202KIWJBB,,NO_MATCH,,0
TXN2502026F57AW,,NO_MATCH,,0
TXN250202WPYOFH,,NO_MATCH,,0
TXN250202IV69QI,CDR202600021663,SENDER_INCOMING_ACTIVITY,852,1
TXN250202NJ3ZR5,,NO_MATCH,,0
TXN2502026D3HDE,,NO_MATCH,,0
TXN250202BJWJVZ,,NO_MATCH,,0
TXN250202X6NOOB,,NO_MATCH,,0
TXN250202D2420O,CDR202600021665,SENDER_INCOMING_ACTIVITY,527,1
ATM250202LB1345,,NO_MATCH,,0
TXN250202X1P4SR,,NO_MATCH,,0
ATM250202Y2NI6N,,NO_MATCH,,0
ATM250202Z50PYI,CDR202600021666,SENDER_OUTGOING_ACTIVITY,180,1
TXN250202ETPVHA,,NO_MATCH,,0
TXN250202HZ8TP5,,NO_MATCH,,0
ATM250202PYPKFX,CDR202600021676,SENDER_INCOMING_ACTIVITY,884,1
TXN250202QMSUE5,,NO_MATCH,,0
TXN250202ALBJC3,,NO_MATCH,,0
TXN250202QT8WEI,,NO_MATCH,,0
TXN250202WQ52KI,,NO_MATCH,,0
TXN25020204S64K,CDR202600021668,RECEIVER_OUTGOING_ACTIVITY,-798,1
TXN250202I3KC6H,,NO_MATCH,,0
TXN250202AJJNTG,,NO_MATCH,,0
TXN250202MO1ZN9,,NO_MATCH,,0
TXN2502022LPOT7,,NO_MATCH,,0
ATM250202NL2GO3,CDR202600021682,RECEIVER_INCOMING_ACTIVITY,349,1
TXN250202YJGLEQ,,NO_MATCH,,0
TXN250202MMLGC2,CDR202600021686,RECEIVER_OUTGOING_ACTIVITY,886,1
TXN250202C32E48,,NO_MATCH,,0
TXN250202P6HQVO,CDR202600021684,RECEIVER_OUTGOING_ACTIVITY,462,1
ATM250202W48QNK,,NO_MATCH,,0
ATM2502028RP4LT,,NO_MATCH,,0
TXN2502029SHDIY,,NO_MATCH,,0
ATM250202VGIJA5,,NO_MATCH,,0
ATM250202NC1XZQ,,NO_MATCH,,0
ATM2502020L5M83,,NO_MATCH,,0
ATM250202Q8DE3C,,NO_MATCH,,0
TXN2502020IOY9B,CDR202600021705,RECEIVER_INCOMING_ACTIVITY,80,1
TXN2502027AW98P,CDR202600021698,RECEIVER_OUTGOING_ACTIVITY,-287,1
ATM250202WG8G8K,,NO_MATCH,,0
TXN250202LJ43KN,,NO_MATCH,,0
TXN250202T4XJ2T,,NO_MATCH,,0
TXN250202MUP1O0,,NO_MATCH,,0
TXN250202STDQYA,,NO_MATCH,,0
TXN250202GP839Q,,NO_MATCH,,0
TXN250202Q82VEW,,NO_MATCH,,0
TXN250202TOFYAW,,NO_MATCH,,0
TXN25020296Q6XV,,NO_MATCH,,0
TXN2502022IEBJU,,NO_MATCH,,0
TXN2502029U0T6P,,NO_MATCH,,0
ATM250202E4UU05,,NO_MATCH,,0
TXN25020245VNRW,,NO_MATCH,,0
TXN250202BM7PMX,,NO_MATCH,,0
TXN250202TBTW39,,NO_MATCH,,0
TXN2502026S293E,,NO_MATCH,,0
ATM250202PHQ0PX,,NO_MATCH,,0
ATM250202IDYDY5,CDR202600021749,RECEIVER_INCOMING_ACTIVITY,-385,1
TXN250202AWZO5N,CDR202600021762,RECEIVER_OUTGOING_ACTIVITY,743,1
ATM250202YNUHP9,,NO_MATCH,,0
TXN250202AN8WVF,,NO_MATCH,,0
TXN250202UJU4GC,,NO_MATCH,,0
TXN2502027ZFVDQ,,NO_MATCH,,0
TXN2502028P30OV,,NO_MATCH,,0
ATM250202CXR21H,,NO_MATCH,,0
TXN2502023FV3US,,NO_MATCH,,0
TXN250202PTOGFA,,NO_MATCH,,0
ATM250202E12PW1,,NO_MATCH,,0
TXN2502023VSQ6L,,NO_MATCH,,0
TXN250202VX6L9M,,NO_MATCH,,0
TXN250202FJZT7Z,,NO_MATCH,,0
TXN250202YXSELR,,NO_MATCH,,0
TXN250202C7L3SN,,NO_MATCH,,0
TXN250202W3NBY7,,NO_MATCH,,0
TXN250202NCVI8V,,NO_MATCH,,0
TXN250202X8VYQ6,CDR202600021815,SENDER_OUTGOING_ACTIVITY,467,1
TXN2502028PEJYX,,NO_MATCH,,0
ATM250202KL05FW,,NO_MATCH,,0
TXN2502021IZFP7,,NO_MATCH,,0
ATM250202Y3YWDF,,NO_MATCH,,0
ATM2502020VF5UO,,NO_MATCH,,0
TXN250202J3BD8K,,NO_MATCH,,0
TXN2502029S0IT4,CDR202600021836,SENDER_INCOMING_ACTIVITY,372,1
TXN250202IIELQ4,,NO_MATCH,,0
TXN25020226H0E9,CDR202600021840,RECEIVER_INCOMING_ACTIVITY,210,1
ATM250202XYJ4NG,,NO_MATCH,,0
ATM250202GEW1M5,,NO_MATCH,,0
TXN2502027Z7H8D,,NO_MATCH,,0
TXN250202RQ5DS1,,NO_MATCH,,0
TXN250203LEIPNV,,NO_MATCH,,0
TXN2502031XTQI7,,NO_MATCH,,0
TXN2502036O6SUA,CDR202600060285,SENDER_OUTGOING_ACTIVITY,-780,1
ATM2502038187S0,,NO_MATCH,,0
TXN250203AHM1HA,,NO_MATCH,,0
TXN250203RS72DI,,NO_MATCH,,0
TXN2502036G54PQ,CDR202600060553,SENDER_OUTGOING_ACTIVITY,-480,1
TXN250203QQNLV4,,NO_MATCH,,0
TXN250203T974KO,,NO_MATCH,,0
ATM2502034A0XUB,,NO_MATCH,,0
ATM2502032WEGCK,,NO_MATCH,,0
TXN250203RRFLEP,,NO_MATCH,,0
ATM250203HN6O61,,NO_MATCH,,0
TXN250203Y1OE2L,,NO_MATCH,,0
TXN2502033GCM1R,,NO_MATCH,,0
TXN2502039B2S7T,,NO_MATCH,,0
ATM25020393DVX3,,NO_MATCH,,0
TXN25020345HYSK,,NO_MATCH,,0
ATM250203Q7CKGU,CDR202600021897,RECEIVER_OUTGOING_ACTIVITY,209,1
ATM250203PXAZ82,,NO_MATCH,,0
TXN250203EM86XQ,,NO_MATCH,,0
TXN250203MSC60U,,NO_MATCH,,0
TXN250203QPX5Y8,CDR202600021897,RECEIVER_OUTGOING_ACTIVITY,-70,1
TXN250203I1P5XE,,NO_MATCH,,0
ATM250203CJ9HUQ,,NO_MATCH,,0
ATM2502035LXO1E,,NO_MATCH,,0
ATM2502039OJZRE,CDR202600021931,SENDER_OUTGOING_ACTIVITY,455,1
ATM250203HLL3LB,,NO_MATCH,,0
ATM250203GKD967,,NO_MATCH,,0
TXN250203T9HAFZ,,NO_MATCH,,0
TXN250203Y6WOVR,,NO_MATCH,,0
TXN250203VSKHBX,,NO_MATCH,,0
TXN250203ZLROQT,,NO_MATCH,,0
ATM250203SUP2BJ,,NO_MATCH,,0
TXN250203KJQWQN,,NO_MATCH,,0
TXN2502037JH3F5,,NO_MATCH,,0
TXN250203I3K493,,NO_MATCH,,0
TXN250203ZX2YTH,,NO_MATCH,,0
TXN250203K8DZAO,,NO_MATCH,,0
ATM2502039K7EBD,,NO_MATCH,,0
TXN2502039XDA50,,NO_MATCH,,0
TXN250203HX30I2,,NO_MATCH,,0
ATM250203Z6Y7K9,,NO_MATCH,,0
TXN2502030BXK97,,NO_MATCH,,0
TXN2502034ZNNX1,CDR202600021957,RECEIVER_INCOMING_ACTIVITY,177,1
ATM250203EAS3JA,,NO_MATCH,,0
ATM2502032WNZB7,,NO_MATCH,,0
TXN250203W1KDN0,,NO_MATCH,,0
ATM250203ZJG2TL,,NO_MATCH,,0
TXN250203RVC159,,NO_MATCH,,0
TXN250203O6ITFM,,NO_MATCH,,0
TXN250203D7DYZ0,,NO_MATCH,,0
TXN250203IPMBH1,,NO_MATCH,,0
ATM250203WWE76H,,NO_MATCH,,0
ATM250203WQP7UY,,NO_MATCH,,0
TXN250203Y5IP9U,,NO_MATCH,,0
TXN250203G9H2UJ,,NO_MATCH,,0
TXN2502035E0VIC,,NO_MATCH,,0
ATM2502031DFRV5,CDR202600021989,SENDER_OUTGOING_ACTIVITY,-551,1
ATM25020355PMM9,,NO_MATCH,,0
TXN2502035HBY89,,NO_MATCH,,0
TXN250203HC7SDO,,NO_MATCH,,0
TXN2502038QRN6G,CDR202600021996,SENDER_OUTGOING_ACTIVITY,-748,1
TXN250203SLUZXY,,NO_MATCH,,0
TXN250203EKU29Z,,NO_MATCH,,0
ATM250203TIPP8A,,NO_MATCH,,0
TXN250203XG11U4,,NO_MATCH,,0
ATM250203V8P9Y5,,NO_MATCH,,0
ATM250203ZRUBPX,,NO_MATCH,,0
ATM250203R2D2C9,,NO_MATCH,,0
TXN2502039JY0Q8,,NO_MATCH,,0
TXN250203K2Q00Y,,NO_MATCH,,0
ATM2502036BIMGU,,NO_MATCH,,0
TXN250203UHP975,CDR202600022018,SENDER_INCOMING_ACTIVITY,-753,1
ATM250203FUORHM,,NO_MATCH,,0
TXN250203HVHPGQ,CDR202600022027,SENDER_OUTGOING_ACTIVITY,-530,1
TXN250203F74XR5,,NO_MATCH,,0
TXN250203X4598Y,CDR202600022032,SENDER_OUTGOING_ACTIVITY,-809,1
TXN250203QI5E8G,CDR202600022042,SENDER_INCOMING_ACTIVITY,-173,1
TXN250203KW6RWY,,NO_MATCH,,0
TXN250203TDLEWQ,,NO_MATCH,,0
TXN250203MKB6P1,,NO_MATCH,,0
ATM250203OS1POT,,NO_MATCH,,0
TXN250203HHOKGM,,NO_MATCH,,0
TXN250203PKW6JW,,NO_MATCH,,0
ATM2502032DFLE4,,NO_MATCH,,0
TXN25020376SN2C,,NO_MATCH,,0
TXN2502039HR1M6,,NO_MATCH,,0
TXN2502031QQKNE,,NO_MATCH,,0
TXN250203FOIDRX,CDR202600022088,SENDER_OUTGOING_ACTIVITY,743,1
ATM250203K59AML,,NO_MATCH,,0
ATM250203KS2TK3,,NO_MATCH,,0
TXN25020356LJR1,,NO_MATCH,,0
TXN250203JW3VFF,CDR202600022079,RECEIVER_OUTGOING_ACTIVITY,52,1
TXN2502034A7WIS,,NO_MATCH,,0
TXN250203IQDJ9I,,NO_MATCH,,0
ATM250203LPER6C,,NO_MATCH,,0
TXN250203CK6J3E,CDR202600022068,RECEIVER_OUTGOING_ACTIVITY,-806,1
ATM250203ZIK3DF,,NO_MATCH,,0
TXN2502030UGEBR,,NO_MATCH,,0
ATM25020312BBI8,,NO_MATCH,,0
ATM250203CDDXIW,,NO_MATCH,,0
ATM2502033H6AUP,,NO_MATCH,,0
TXN250203DB8E72,CDR202600022101,SENDER_OUTGOING_ACTIVITY,408,1
ATM250203LWLYC6,,NO_MATCH,,0
TXN250203OIIRLY,,NO_MATCH,,0
TXN250203O4U7J1,,NO_MATCH,,0
ATM250203Q0RCPM,,NO_MATCH,,0
ATM250203HP7NS1,,NO_MATCH,,0
ATM250203KD691E,CDR202600022098,SENDER_OUTGOING_ACTIVITY,-136,1
ATM250203AFUIES,,NO_MATCH,,0
TXN2502031AJ85L,,NO_MATCH,,0
TXN250203Y2WFTQ,CDR202600022107,RECEIVER_INCOMING_ACTIVITY,148,1
ATM250203RCQNRK,,NO_MATCH,,0
ATM250203J3522E,,NO_MATCH,,0
ATM250203KKQR39,,NO_MATCH,,0
ATM250203TPERW2,,NO_MATCH,,0
TXN250203XLX1FL,,NO_MATCH,,0
ATM250203LMLP67,,NO_MATCH,,0
TXN250203YPY5EF,,NO_MATCH,,0
ATM250203HSDPXI,,NO_MATCH,,0
ATM250203KUMBH1,,NO_MATCH,,0
TXN250203YKF4AH,,NO_MATCH,,0
TXN250203K0IUGV,,NO_MATCH,,0
ATM2502033JG5GY,,NO_MATCH,,0
TXN250203UPBFSC,,NO_MATCH,,0
ATM250203W2T78X,CDR202600022138,SENDER_OUTGOING_ACTIVITY,742,1
ATM25020382UQ9H,CDR202600022139,SENDER_INCOMING_ACTIVITY,690,1
TXN250203F98BNV,,NO_MATCH,,0
TXN250203BZOXCL,,NO_MATCH,,0
TXN250203HXM696,,NO_MATCH,,0
ATM250203B4XJ16,,NO_MATCH,,0
TXN2502038PUP9E,,NO_MATCH,,0
ATM250203EAN2GF,,NO_MATCH,,0
ATM250203J467EN,CDR202600022153,SENDER_OUTGOING_ACTIVITY,-165,1
TXN250203KRBJRY,,NO_MATCH,,0
ATM250203AD8ZN1,,NO_MATCH,,0
TXN250203BM6DJ1,,NO_MATCH,,0
TXN250203Q7H9G7,,NO_MATCH,,0
ATM250203SWGC6R,CDR202600022174,RECEIVER_INCOMING_ACTIVITY,546,1
ATM250203UTW5O7,CDR202600022174,RECEIVER_INCOMING_ACTIVITY,546,1
ATM25020325OR3W,,NO_MATCH,,0
ATM250203UJ3QF1,,NO_MATCH,,0
ATM250203WALKH3,,NO_MATCH,,0
ATM250203W79DXW,CDR202600022174,RECEIVER_INCOMING_ACTIVITY,246,1
ATM250203N7Q60E,,NO_MATCH,,0
ATM2502038YYUQQ,CDR202600022174,RECEIVER_INCOMING_ACTIVITY,-114,1
ATM250203YTZOTV,,NO_MATCH,,0
TXN250203QF844K,CDR202600022177,RECEIVER_INCOMING_ACTIVITY,-74,1
TXN2502034NM8H0,,NO_MATCH,,0
ATM2502034NM8IV,CDR202600022174,RECEIVER_INCOMING_ACTIVITY,-354,1
ATM250203WSCLXF,,NO_MATCH,,0
ATM250203JBIH7A,CDR202600022174,RECEIVER_INCOMING_ACTIVITY,-545,1
TXN250203BEIP9T,,NO_MATCH,,0
ATM250203MQJ5DU,CDR202600022174,RECEIVER_INCOMING_ACTIVITY,-714,1
ATM250203Q0Y47G,,NO_MATCH,,0
ATM25020377E0K1,CDR202600022174,RECEIVER_INCOMING_ACTIVITY,-834,1
ATM250203IZ6Q0R,,NO_MATCH,,0
TXN250203A8QOGP,,NO_MATCH,,0
ATM250203MCIX0X,,NO_MATCH,,0
ATM250203ZNM22X,,NO_MATCH,,0
TXN250203WOM0W2,,NO_MATCH,,0
ATM2502038HO6DJ,,NO_MATCH,,0
TXN250203XQH2DL,,NO_MATCH,,0
TXN250203H665GM,,NO_MATCH,,0
ATM250203PD8I4L,CDR202600022209,RECEIVER_INCOMING_ACTIVITY,679,1
ATM2502032V2SCU,CDR202600022204,RECEIVER_INCOMING_ACTIVITY,413,1
TXN250203PRUMO4,,NO_MATCH,,0
TXN250203RKXU21,CDR202600022205,SENDER_OUTGOING_ACTIVITY,-21,1
ATM250203X4ETHS,,NO_MATCH,,0
ATM250203ZFYQEH,,NO_MATCH,,0
TXN250203SYGKTE,CDR202600022205,SENDER_OUTGOING_ACTIVITY,-452,1
TXN250203G8K347,CDR202600022214,SENDER_INCOMING_ACTIVITY,-224,1
ATM250203DFOCR6,,NO_MATCH,,0
TXN250203S3RJ44,,NO_MATCH,,0
ATM250203QW0BRX,,NO_MATCH,,0
ATM250203243Z4G,CDR202600022224,RECEIVER_OUTGOING_ACTIVITY,-156,1
TXN250203G10RON,,NO_MATCH,,0
TXN250203XYHWW7,,NO_MATCH,,0
TXN250203O7QCYW,,NO_MATCH,,0
TXN2502037284AV,,NO_MATCH,,0
TXN2502031N1UMA,CDR202600022251,RECEIVER_INCOMING_ACTIVITY,-629,1
ATM250203MKO10J,,NO_MATCH,,0
TXN2502036XYH1H,,NO_MATCH,,0
TXN250203CI6L5T,,NO_MATCH,,0
TXN250203GR0Z79,,NO_MATCH,,0
TXN25020358PWKD,CDR202600022278,SENDER_OUTGOING_ACTIVITY,756,1
TXN250203O8A6PV,,NO_MATCH,,0
TXN25020318JRVN,,NO_MATCH,,0
ATM250203P3AGD8,,NO_MATCH,,0
ATM250203E1VKEN,,NO_MATCH,,0
TXN250203804YHT,CDR202600022301,SENDER_OUTGOING_ACTIVITY,234,1
TXN250203Z3XBXU,,NO_MATCH,,0
TXN250203N5FE0T,,NO_MATCH,,0
ATM250203A93IKK,,NO_MATCH,,0
TXN250203CBG3UE,,NO_MATCH,,0
ATM25020347PIMU,CDR202600022296,RECEIVER_OUTGOING_ACTIVITY,-700,1
TXN250203NA0NG0,CDR202600022317,SENDER_INCOMING_ACTIVITY,580,1
TXN2502030K35QE,CDR202600022320,SENDER_OUTGOING_ACTIVITY,581,1
ATM250203FKZ4DZ,,NO_MATCH,,0
TXN250203ACARDX,,NO_MATCH,,0
TXN250203N2VLF5,,NO_MATCH,,0
TXN250203GDUBOS,,NO_MATCH,,0
ATM250203RNQT1S,CDR202600022307,SENDER_OUTGOING_ACTIVITY,-899,1
ATM250203321UPX,,NO_MATCH,,0
ATM2502031FCY7L,CDR202600022327,RECEIVER_OUTGOING_ACTIVITY,148,1
TXN250203WW1558,CDR202600022330,SENDER_INCOMING_ACTIVITY,30,1
ATM250203GA469Q,,NO_MATCH,,0
TXN250203GIB8VG,,NO_MATCH,,0
TXN250203OZDRKS,,NO_MATCH,,0
ATM2502033626AZ,,NO_MATCH,,0
ATM250203IWQRBB,,NO_MATCH,,0
TXN2502035SZXY8,,NO_MATCH,,0
ATM250203HX1895,,NO_MATCH,,0
TXN250203Z1Q7OM,,NO_MATCH,,0
TXN250203UGDQTV,CDR202600022362,SENDER_OUTGOING_ACTIVITY,507,1
TXN2502035EGMHG,CDR202600022362,RECEIVER_OUTGOING_ACTIVITY,414,1
TXN2502032AFTEF,CDR202600022349,SENDER_OUTGOING_ACTIVITY,-810,1
TXN250203G5BWRG,,NO_MATCH,,0
TXN250203743E26,,NO_MATCH,,0
TXN250203GHZERO,,NO_MATCH,,0
TXN250203N6RFY7,CDR202600022372,SENDER_OUTGOING_ACTIVITY,592,1
TXN250203YCH6RM,,NO_MATCH,,0
TXN250203JWP2KN,,NO_MATCH,,0
TXN250203HPWPH9,,NO_MATCH,,0
TXN250203QHEZGP,CDR202600022380,SENDER_OUTGOING_ACTIVITY,764,1
TXN250203LIWUXT,,NO_MATCH,,0
TXN250203E4O0J0,,NO_MATCH,,0
TXN250203J7VWP9,,NO_MATCH,,0
ATM250203PH9LA9,,NO_MATCH,,0
TXN250203MZSE4V,,NO_MATCH,,0
ATM2502035F5TCI,CDR202600022375,SENDER_INCOMING_ACTIVITY,-499,1
TXN250203QMF7S1,,NO_MATCH,,0
ATM250203V0ZUG5,,NO_MATCH,,0
ATM2502034ESRTL,,NO_MATCH,,0
ATM250203ME3TU8,,NO_MATCH,,0
TXN250203B1E6V0,,NO_MATCH,,0
ATM250203LTWMYV,,NO_MATCH,,0
ATM250203X8JZG6,,NO_MATCH,,0
TXN250203C109OO,CDR202600022383,SENDER_OUTGOING_ACTIVITY,-598,1
TXN250203TH9O38,,NO_MATCH,,0
ATM250203WC1RV2,,NO_MATCH,,0
TXN250203H28G1R,,NO_MATCH,,0
TXN250203H4K1DM,,NO_MATCH,,0
ATM250203FIFST1,,NO_MATCH,,0
ATM250203JTSEML,,NO_MATCH,,0
TXN250203Q5VYXO,,NO_MATCH,,0
TXN250203U9CNB9,,NO_MATCH,,0
TXN250203E4QO9L,,NO_MATCH,,0
TXN2502036C87MP,,NO_MATCH,,0
TXN250203VWHCN6,CDR202600022439,SENDER_OUTGOING_ACTIVITY,308,1
ATM250203LDWNHD,,NO_MATCH,,0
TXN2502032VFE8X,,NO_MATCH,,0
TXN250203QGLCWF,,NO_MATCH,,0
ATM250203V8BZC6,,NO_MATCH,,0
TXN25020313TNTL,,NO_MATCH,,0
ATM250203TEI5GX,,NO_MATCH,,0
ATM2502031WU70J,,NO_MATCH,,0
TXN250203GP5DO2,,NO_MATCH,,0
ATM250203NCWMMU,,NO_MATCH,,0
ATM250203DIDIF5,CDR202600022458,RECEIVER_INCOMING_ACTIVITY,121,1
TXN250203FYVQTB,,NO_MATCH,,0
TXN250203NZSLO5,,NO_MATCH,,0
TXN250203NSYJMU,,NO_MATCH,,0
ATM25020393FNXV,,NO_MATCH,,0
TXN250203D9EDPM,,NO_MATCH,,0
TXN250203VO293W,,NO_MATCH,,0
TXN250203I664LW,,NO_MATCH,,0
TXN250203JXJ0S5,,NO_MATCH,,0
ATM250203ST3B9E,,NO_MATCH,,0
ATM25020358M84K,,NO_MATCH,,0
TXN2502044SKZTH,,NO_MATCH,,0
ATM2502043EYN1S,,NO_MATCH,,0
ATM250204J8F0IB,,NO_MATCH,,0
TXN250204X25NNK,,NO_MATCH,,0
ATM250204ZI7PML,,NO_MATCH,,0
ATM2502045IXDTT,,NO_MATCH,,0
ATM250204G6P4D9,,NO_MATCH,,0
TXN250204UNTA91,,NO_MATCH,,0
ATM250204Y60ZDJ,,NO_MATCH,,0
TXN250204KB5UQR,,NO_MATCH,,0
TXN25020423QZFF,,NO_MATCH,,0
TXN250204YJW1C6,,NO_MATCH,,0
ATM250204HCG0OY,,NO_MATCH,,0
TXN25020420I0V5,CDR202600022510,RECEIVER_INCOMING_ACTIVITY,46,1
ATM250204HUJNPF,,NO_MATCH,,0
ATM250204TY5M5S,,NO_MATCH,,0
TXN250204S2AB71,,NO_MATCH,,0
TXN250204SAOJFD,CDR202600022528,SENDER_OUTGOING_ACTIVITY,673,1
ATM250204R440LU,,NO_MATCH,,0
ATM250204G60TSR,,NO_MATCH,,0
TXN250204CSMMFK,,NO_MATCH,,0
ATM250204JL0CW4,CDR202600022534,SENDER_OUTGOING_ACTIVITY,-426,1
ATM2502047CL712,,NO_MATCH,,0
TXN250204YQ3W1F,,NO_MATCH,,0
TXN250204W85HL0,,NO_MATCH,,0
TXN250204YAYERI,,NO_MATCH,,0
ATM2502043P2223,,NO_MATCH,,0
TXN250204TPATVB,,NO_MATCH,,0
TXN250204E7ZHGB,,NO_MATCH,,0
ATM25020428X6J2,,NO_MATCH,,0
ATM250204PW3MCZ,CDR202600022559,SENDER_OUTGOING_ACTIVITY,331,1
ATM250204SB9VDH,CDR202600022549,SENDER_OUTGOING_ACTIVITY,-549,1
TXN2502045TCTEJ,,NO_MATCH,,0
TXN25020449A3AN,,NO_MATCH,,0
TXN250204AY1M4I,,NO_MATCH,,0
TXN250204MOL86R,,NO_MATCH,,0
TXN250204B761M9,,NO_MATCH,,0
TXN250204H0OEEI,,NO_MATCH,,0
TXN250204KZYN1Q,,NO_MATCH,,0
ATM25020471BMJM,,NO_MATCH,,0
ATM250204NBG27W,,NO_MATCH,,0
ATM250204T1ZJWN,CDR202600022562,SENDER_OUTGOING_ACTIVITY,-464,1
ATM250204JQUITT,,NO_MATCH,,0
ATM2502048PYPGI,CDR202600022567,RECEIVER_OUTGOING_ACTIVITY,-627,1
ATM250204J2FEOW,,NO_MATCH,,0
TXN2502043S7B9L,CDR202600022590,RECEIVER_INCOMING_ACTIVITY,51,1
TXN2502040L2PHZ,,NO_MATCH,,0
ATM250204M0FGDU,CDR202600022588,SENDER_OUTGOING_ACTIVITY,-562,1
ATM250204AJ6KVN,CDR202600060298,SENDER_OUTGOING_ACTIVITY,-480,1
ATM250204JD4K5L,,NO_MATCH,,0
TXN250204GIJW1L,,NO_MATCH,,0
TXN2502047UCD0C,,NO_MATCH,,0
ATM250204AT6MC7,,NO_MATCH,,0
TXN250204A7E21W,,NO_MATCH,,0
ATM2502045F6YK0,,NO_MATCH,,0
TXN250204O7C6E1,,NO_MATCH,,0
TXN250204RYF0VY,,NO_MATCH,,0
TXN25020477Q525,CDR202600022648,RECEIVER_OUTGOING_ACTIVITY,61,1
ATM2502043AJ9VL,,NO_MATCH,,0
TXN250204QZFBVV,,NO_MATCH,,0
TXN25020422GLYT,,NO_MATCH,,0
TXN250204YK1UQW,,NO_MATCH,,0
TXN250204QAKQMK,,NO_MATCH,,0
TXN250204ZLNV35,,NO_MATCH,,0
ATM250204BDJLFK,,NO_MATCH,,0
ATM250204T619US,CDR202600022692,SENDER_OUTGOING_ACTIVITY,-193,1
TXN250204W79GRK,CDR202600022698,RECEIVER_OUTGOING_ACTIVITY,-244,1
TXN250204OT1LR3,,NO_MATCH,,0
TXN250204S5O1HO,CDR202600022702,SENDER_OUTGOING_ACTIVITY,-394,1
TXN250204TPCH1T,,NO_MATCH,,0
TXN250204BBR9RY,CDR202600022723,RECEIVER_OUTGOING_ACTIVITY,451,1
ATM250204C6UX89,,NO_MATCH,,0
TXN250204I38DWP,,NO_MATCH,,0
TXN250204NC474D,,NO_MATCH,,0
TXN250204BLOLBH,,NO_MATCH,,0
TXN2502044OO8XF,,NO_MATCH,,0
TXN250204WWSNI8,CDR202600022730,SENDER_OUTGOING_ACTIVITY,-242,1
ATM250204C1H4NX,,NO_MATCH,,0
TXN250204QFGKVZ,,NO_MATCH,,0
TXN250204NSXRGB,CDR202600022735,RECEIVER_INCOMING_ACTIVITY,-193,1
TXN2502046OKJGC,,NO_MATCH,,0
TXN25020494H9DP,,NO_MATCH,,0
TXN250204ILRFNC,,NO_MATCH,,0
TXN25020483TCXO,,NO_MATCH,,0
TXN25020422GY5R,,NO_MATCH,,0
TXN25020490UIEN,CDR202600022728,RECEIVER_INCOMING_ACTIVITY,-846,1
TXN250204I4UGZJ,,NO_MATCH,,0
TXN250204ES2R0C,,NO_MATCH,,0
TXN2502043V60OS,,NO_MATCH,,0
TXN250204JAPWJ2,,NO_MATCH,,0
TXN2502041KFZBK,CDR202600022746,RECEIVER_OUTGOING_ACTIVITY,-279,1
TXN2502046ZDZ24,CDR202600022744,SENDER_INCOMING_ACTIVITY,-403,1
ATM2502041SSW5I,,NO_MATCH,,0
TXN2502043W4CRE,,NO_MATCH,,0
TXN250204049UV0,,NO_MATCH,,0
TXN250204IT87P9,,NO_MATCH,,0
TXN2502045ZGRKW,CDR202600022753,RECEIVER_OUTGOING_ACTIVITY,-595,1
TXN250204F3K00B,,NO_MATCH,,0
TXN2502041UV18S,,NO_MATCH,,0
TXN250204REG0FW,CDR202600022758,SENDER_OUTGOING_ACTIVITY,-504,1
TXN25020492RJ0D,,NO_MATCH,,0
ATM25020481UY81,CDR202600022774,RECEIVER_INCOMING_ACTIVITY,419,1
TXN250204X0Q3CB,,NO_MATCH,,0
TXN2502040UXZYS,CDR202600022766,RECEIVER_INCOMING_ACTIVITY,-268,1
TXN250204IX4MZ9,,NO_MATCH,,0
ATM250204O2B26P,,NO_MATCH,,0
TXN250204HBU8PU,CDR202600022768,RECEIVER_OUTGOING_ACTIVITY,-621,1
ATM250204YW8DT6,,NO_MATCH,,0
TXN250204CXQ7AQ,,NO_MATCH,,0
TXN250204K24SU8,,NO_MATCH,,0
TXN250204VFK4L7,,NO_MATCH,,0
ATM2502040XVGQO,CDR202600022804,RECEIVER_OUTGOING_ACTIVITY,743,1
TXN250204B2QSY9,,NO_MATCH,,0
TXN250204ULUW6B,,NO_MATCH,,0
ATM250204QJYMSH,,NO_MATCH,,0
ATM2502042X74ZX,,NO_MATCH,,0
ATM250204IPJ3Q2,,NO_MATCH,,0
ATM250204JDIWSI,,NO_MATCH,,0
ATM250204BU7U9V,,NO_MATCH,,0
TXN25020420A9ZN,,NO_MATCH,,0
ATM25020444DOW8,,NO_MATCH,,0
ATM250204JI6WXI,CDR202600022826,RECEIVER_INCOMING_ACTIVITY,801,1
TXN250204H3MUMI,,NO_MATCH,,0
ATM250204PQ9C7W,,NO_MATCH,,0
ATM250204LJPET0,,NO_MATCH,,0
TXN2502045CYVG4,,NO_MATCH,,0
TXN250204I1IKVO,CDR202600022844,SENDER_OUTGOING_ACTIVITY,654,1
ATM250204ZAJIPT,CDR202600022820,RECEIVER_OUTGOING_ACTIVITY,-616,1
ATM250204UYRKAN,,NO_MATCH,,0
TXN250204AZXRQY,,NO_MATCH,,0
TXN2502041J7HYX,CDR202600022846,SENDER_OUTGOING_ACTIVITY,9,1
ATM250204CM63EJ,,NO_MATCH,,0
TXN250204FINFQC,,NO_MATCH,,0
ATM250204NRNHPR,CDR202600022861,RECEIVER_OUTGOING_ACTIVITY,-351,1
ATM250204CH3TMD,,NO_MATCH,,0
TXN250204PNR91N,,NO_MATCH,,0
ATM250204G4MIVU,CDR202600022864,SENDER_INCOMING_ACTIVITY,-319,1
TXN250204NS607C,CDR202600022871,SENDER_INCOMING_ACTIVITY,-124,1
TXN250204EAPTCO,,NO_MATCH,,0
ATM250204BQTPXC,CDR202600022864,SENDER_INCOMING_ACTIVITY,-556,1
TXN250204QZ11ID,,NO_MATCH,,0
ATM250204BMQCXV,,NO_MATCH,,0
ATM250204K91BAH,CDR202600022892,SENDER_OUTGOING_ACTIVITY,-161,1
TXN250204716W04,CDR202600022880,RECEIVER_INCOMING_ACTIVITY,-710,1
TXN250204CH7SNR,CDR202600022915,RECEIVER_INCOMING_ACTIVITY,875,1
TXN250204SKTW1J,,NO_MATCH,,0
TXN250204AN7FL1,CDR202600022901,RECEIVER_OUTGOING_ACTIVITY,-299,1
TXN2502049LJZC0,CDR202600022925,SENDER_OUTGOING_ACTIVITY,761,1
ATM250204XNHKG0,,NO_MATCH,,0
TXN250204BIKNO8,,NO_MATCH,,0
TXN250204YF2R19,,NO_MATCH,,0
ATM250204CRCA17,,NO_MATCH,,0
TXN25020498J1SX,,NO_MATCH,,0
TXN2502042SMZDU,,NO_MATCH,,0
ATM250204MROV2D,,NO_MATCH,,0
ATM250204TTK8M8,,NO_MATCH,,0
ATM250204IB8HMK,CDR202600022934,RECEIVER_OUTGOING_ACTIVITY,-455,1
TXN250204IFOT16,,NO_MATCH,,0
TXN250204FJXCYR,,NO_MATCH,,0
ATM2502048P0KRX,CDR202600022949,RECEIVER_INCOMING_ACTIVITY,476,1
TXN2502043AS3YK,CDR202600022942,RECEIVER_OUTGOING_ACTIVITY,-134,1
ATM250204C678MD,,NO_MATCH,,0
TXN250204MPV9RS,CDR202600022950,RECEIVER_INCOMING_ACTIVITY,-682,1
ATM2502045BMOF5,,NO_MATCH,,0
TXN250204JV1535,,NO_MATCH,,0
TXN250204UIAST9,,NO_MATCH,,0
TXN250204DP5RBR,,NO_MATCH,,0
ATM250204SXL603,,NO_MATCH,,0
TXN2502045VAA7Y,CDR202600022975,RECEIVER_INCOMING_ACTIVITY,575,1
TXN250204MEOLLU,,NO_MATCH,,0
TXN2502043F77B9,,NO_MATCH,,0
TXN2502045MU5Q7,,NO_MATCH,,0
TXN250204IATA6N,,NO_MATCH,,0
ATM25020411OMPE,CDR202600022987,RECEIVER_OUTGOING_ACTIVITY,251,1
ATM250204RIWZXF,,NO_MATCH,,0
TXN250204EGNLWJ,,NO_MATCH,,0
ATM250204Q0ZEE3,,NO_MATCH,,0
ATM250204PIAL9T,,NO_MATCH,,0
ATM250204SSP0P4,CDR202600022997,SENDER_INCOMING_ACTIVITY,-315,1
ATM250204Q9EDP9,CDR202600022997,SENDER_INCOMING_ACTIVITY,-795,1
ATM250204AMJC8F,,NO_MATCH,,0
ATM25020425BVH0,CDR202600022997,SENDER_INCOMING_ACTIVITY,-855,1
ATM250204TE2ZCK,,NO_MATCH,,0
TXN250204MNCQRH,,NO_MATCH,,0
ATM2502042GF3P7,,NO_MATCH,,0
ATM250204SMTO5F,,NO_MATCH,,0
ATM250204419LFX,CDR202600023010,SENDER_OUTGOING_ACTIVITY,-273,1
TXN2502047ZH7AU,,NO_MATCH,,0
TXN2502043W09S0,CDR202600023022,SENDER_OUTGOING_ACTIVITY,-200,1
ATM250204HG1097,,NO_MATCH,,0
ATM2502045DDR5U,,NO_MATCH,,0
ATM250204JFBUHO,,NO_MATCH,,0
ATM25020432ZD1G,,NO_MATCH,,0
TXN250204UIO1PM,,NO_MATCH,,0
ATM250204VT73FU,,NO_MATCH,,0
ATM250204YI081S,,NO_MATCH,,0
ATM2502049DHSUH,CDR202600023045,RECEIVER_OUTGOING_ACTIVITY,99,1
ATM2502048JXFR3,,NO_MATCH,,0
TXN250204KZ1C4F,,NO_MATCH,,0
TXN250204VMBOEB,CDR202600023051,SENDER_OUTGOING_ACTIVITY,-240,1
ATM250204NW45T3,,NO_MATCH,,0
TXN250204CDN04V,,NO_MATCH,,0
TXN250204PDY1PU,,NO_MATCH,,0
TXN250204LJHRV2,,NO_MATCH,,0
ATM25020479ABUD,,NO_MATCH,,0
TXN250204HC6CTK,,NO_MATCH,,0
ATM250204Y7T8XW,,NO_MATCH,,0
TXN250204Z6UBX6,,NO_MATCH,,0
ATM2502040FO0BA,,NO_MATCH,,0
TXN250204C2SVUJ,CDR202600023090,SENDER_OUTGOING_ACTIVITY,285,1
TXN2502043EK3T6,,NO_MATCH,,0
ATM250204SEIYVV,,NO_MATCH,,0
TXN250204UTG7Q7,,NO_MATCH,,0
TXN250204UW0F7N,,NO_MATCH,,0
TXN250204XWG8SH,CDR202600023101,RECEIVER_OUTGOING_ACTIVITY,-473,1
ATM250204QBSC2X,,NO_MATCH,,0
ATM250204S5V49N,,NO_MATCH,,0
TXN250204IQRE2B,,NO_MATCH,,0
TXN250204EMQ1B0,,NO_MATCH,,0
TXN250204AWKTHP,,NO_MATCH,,0
TXN250204FE6469,,NO_MATCH,,0
TXN250204ROUSHI,,NO_MATCH,,0
TXN250204RADV9A,,NO_MATCH,,0
TXN250204XSL1KY,,NO_MATCH,,0
TXN250204L58L3I,,NO_MATCH,,0
TXN2502044UANO6,,NO_MATCH,,0
TXN2502043ARKYC,,NO_MATCH,,0
TXN2502049RRWHM,,NO_MATCH,,0
TXN2502041DRJFW,,NO_MATCH,,0
TXN250204SJCHHO,,NO_MATCH,,0
ATM250204HQ30YY,,NO_MATCH,,0
TXN2502045Q4V0L,,NO_MATCH,,0
TXN250204DMBKUF,,NO_MATCH,,0
TXN250204TVXA05,,NO_MATCH,,0
TXN250204H6F9VE,,NO_MATCH,,0
ATM25020411Z8LR,,NO_MATCH,,0
ATM25020488MN1X,,NO_MATCH,,0
TXN2502047LGZEA,,NO_MATCH,,0
TXN2502046TZTWX,,NO_MATCH,,0
ATM250204V2GZ94,,NO_MATCH,,0
ATM250205ROGDNW,,NO_MATCH,,0
TXN250205V5RF0S,,NO_MATCH,,0
ATM250205IAWPOR,,NO_MATCH,,0
TXN2502053TFVEZ,,NO_MATCH,,0
ATM250205N88LES,,NO_MATCH,,0
TXN25020539PN8G,,NO_MATCH,,0
TXN250205FKT3M3,,NO_MATCH,,0
ATM250205GLE4B9,,NO_MATCH,,0
TXN250205KMD9A1,,NO_MATCH,,0
TXN2502050Z72OQ,,NO_MATCH,,0
TXN250205NEMN9M,,NO_MATCH,,0
TXN250205ND5441,,NO_MATCH,,0
ATM250205FUI5GZ,,NO_MATCH,,0
TXN250205LJ9J1P,,NO_MATCH,,0
ATM2502057BV3E6,CDR202600023206,SENDER_INCOMING_ACTIVITY,-372,1
ATM250205LNG1CI,,NO_MATCH,,0
TXN250205AODS5R,,NO_MATCH,,0
ATM250205W6MIQO,,NO_MATCH,,0
TXN250205WIPAXZ,,NO_MATCH,,0
TXN250205W97K1C,,NO_MATCH,,0
ATM25020511GXXA,CDR202600023226,RECEIVER_OUTGOING_ACTIVITY,-63,1
TXN250205SJ4GEA,CDR202600023220,SENDER_INCOMING_ACTIVITY,-864,1
ATM250205AC0B6T,,NO_MATCH,,0
TXN250205T1BF8J,,NO_MATCH,,0
TXN250205XXDDB9,,NO_MATCH,,0
ATM250205F855JC,CDR202600023237,RECEIVER_OUTGOING_ACTIVITY,147,1
TXN2502051GEVZL,,NO_MATCH,,0
TXN250205BNA6GZ,,NO_MATCH,,0
TXN250205J6GCUQ,,NO_MATCH,,0
ATM250205D494IS,,NO_MATCH,,0
TXN250205AX10XX,,NO_MATCH,,0
ATM250205ENSC4Z,,NO_MATCH,,0
TXN250205FC66R3,,NO_MATCH,,0
TXN2502057UE3DQ,,NO_MATCH,,0
TXN250205GHGCUN,CDR202600023269,SENDER_INCOMING_ACTIVITY,528,1
TXN250205WTVX3Y,,NO_MATCH,,0
TXN2502058M9HGD,,NO_MATCH,,0
TXN250205Y8DTUU,,NO_MATCH,,0
ATM2502058AJGR3,,NO_MATCH,,0
TXN250205BXHUTP,,NO_MATCH,,0
ATM2502056134OU,,NO_MATCH,,0
TXN2502058Y2BO0,,NO_MATCH,,0
TXN250205UIY8YB,,NO_MATCH,,0
TXN250205WUTWZ0,,NO_MATCH,,0
TXN250205VBDHCM,,NO_MATCH,,0
TXN2502051S93Y7,,NO_MATCH,,0
TXN250205PEDARC,,NO_MATCH,,0
TXN250205KEY7CF,,NO_MATCH,,0
TXN250205KODW46,,NO_MATCH,,0
TXN2502057LJQMS,,NO_MATCH,,0
TXN250205S35Q7M,,NO_MATCH,,0
TXN250205OB3CV1,,NO_MATCH,,0
ATM250205NOKIHX,,NO_MATCH,,0
TXN250205G0XTZU,,NO_MATCH,,0
TXN2502055NUTPJ,,NO_MATCH,,0
ATM250205UT3XK1,CDR202600023313,RECEIVER_OUTGOING_ACTIVITY,471,1
ATM250205H7JYLB,CDR202600023313,SENDER_OUTGOING_ACTIVITY,338,1
TXN250205QDEE7A,,NO_MATCH,,0
TXN250205ZPUNEU,,NO_MATCH,,0
ATM250205QX422A,,NO_MATCH,,0
TXN250205IFQTJI,,NO_MATCH,,0
ATM250205WAAF29,,NO_MATCH,,0
ATM250205MHNAHP,,NO_MATCH,,0
ATM2502059K4ZL3,,NO_MATCH,,0
TXN250205XIAOO2,CDR202600023354,RECEIVER_OUTGOING_ACTIVITY,104,1
TXN250205YAG0N3,,NO_MATCH,,0
TXN2502051HN2AT,,NO_MATCH,,0
TXN250205HKQEUX,,NO_MATCH,,0
TXN25020551GQ9R,,NO_MATCH,,0
TXN250205OPFPWC,,NO_MATCH,,0
TXN250205SWF3YS,,NO_MATCH,,0
ATM250205AU7877,CDR202600023360,RECEIVER_OUTGOING_ACTIVITY,-140,1
TXN2502052CU60R,,NO_MATCH,,0
ATM250205N3MWZV,,NO_MATCH,,0
TXN2502053BHDF3,,NO_MATCH,,0
TXN250205COARUD,,NO_MATCH,,0
TXN250205S22OK6,CDR202600023384,RECEIVER_OUTGOING_ACTIVITY,404,1
ATM250205OQKL0I,,NO_MATCH,,0
TXN250205QOTSDJ,,NO_MATCH,,0
ATM250205X3LNL0,,NO_MATCH,,0
TXN250205FXIABV,CDR202600023386,SENDER_OUTGOING_ACTIVITY,-177,1
TXN250205V638L3,,NO_MATCH,,0
TXN250205BXQDTM,,NO_MATCH,,0
TXN250205XVLGEM,,NO_MATCH,,0
ATM250205SLKZHB,CDR202600023435,SENDER_INCOMING_ACTIVITY,840,1
ATM250205P6GNOB,CDR202600023435,SENDER_INCOMING_ACTIVITY,600,1
ATM250205MF77P0,,NO_MATCH,,0
ATM2502058HZMP3,CDR202600023433,RECEIVER_INCOMING_ACTIVITY,241,1
TXN250205Q0UOVW,,NO_MATCH,,0
ATM250205EUYDSM,,NO_MATCH,,0
ATM250205YGZN0K,CDR202600023435,SENDER_INCOMING_ACTIVITY,-720,1
ATM250205GGFWVF,,NO_MATCH,,0
ATM25020526BHIZ,,NO_MATCH,,0
ATM250205D7A9AY,CDR202600023461,SENDER_OUTGOING_ACTIVITY,746,1
ATM2502058JT607,CDR202600023461,SENDER_OUTGOING_ACTIVITY,446,1
ATM2502052QJAID,CDR202600023461,SENDER_OUTGOING_ACTIVITY,86,1
TXN2502056A4VJL,CDR202600023463,RECEIVER_INCOMING_ACTIVITY,-8,1
ATM250205Y9X1D3,CDR202600023461,SENDER_OUTGOING_ACTIVITY,-34,1
TXN250205XXAB7N,,NO_MATCH,,0
ATM250205KQ47QU,,NO_MATCH,,0
ATM2502054SF7P9,,NO_MATCH,,0
ATM2502057C0SDJ,,NO_MATCH,,0
ATM250205A9BCKT,,NO_MATCH,,0
ATM250205R6F13A,CDR202600023470,RECEIVER_OUTGOING_ACTIVITY,56,1
TXN250205T2T28H,,NO_MATCH,,0
ATM250205JL6TR0,,NO_MATCH,,0
TXN250205S85HBL,,NO_MATCH,,0
TXN250205CKFXTN,,NO_MATCH,,0
TXN2502051ENF3I,CDR202600023485,SENDER_OUTGOING_ACTIVITY,519,1
ATM250205PBXE6W,,NO_MATCH,,0
ATM250205P6D45F,,NO_MATCH,,0
TXN250205QMHGYF,,NO_MATCH,,0
TXN250205X4WXQK,,NO_MATCH,,0
TXN250205AU2Q21,,NO_MATCH,,0
TXN250205P83QVP,CDR202600023498,RECEIVER_OUTGOING_ACTIVITY,706,1
TXN250205F79YQ1,CDR202600023499,RECEIVER_OUTGOING_ACTIVITY,588,1
ATM250205Q7EUUZ,,NO_MATCH,,0
TXN2502052UHPM2,,NO_MATCH,,0
TXN250205XCJ3RQ,,NO_MATCH,,0
TXN25020546PGKC,,NO_MATCH,,0
TXN250205DBY7ZI,,NO_MATCH,,0
TXN2502056T1C3N,CDR202600023508,SENDER_INCOMING_ACTIVITY,696,1
TXN250205VVXFME,,NO_MATCH,,0
TXN2502053E2GG0,,NO_MATCH,,0
TXN2502059017V0,,NO_MATCH,,0
TXN2502052ZP6Z7,,NO_MATCH,,0
TXN2502057AIK3M,,NO_MATCH,,0
TXN250205XD30VO,,NO_MATCH,,0
TXN250205E8ARVV,,NO_MATCH,,0
ATM250205VS1GWA,,NO_MATCH,,0
TXN250205UQZKKG,,NO_MATCH,,0
TXN25020547MEXL,,NO_MATCH,,0
TXN250205K8XE54,,NO_MATCH,,0
ATM2502059OVVPD,,NO_MATCH,,0
TXN250205N10OIJ,,NO_MATCH,,0
TXN250205PJBM3O,,NO_MATCH,,0
TXN250205NYO7TM,,NO_MATCH,,0
ATM25020565ASLX,,NO_MATCH,,0
ATM250205X99UDE,,NO_MATCH,,0
ATM250205XJ8SIO,,NO_MATCH,,0
ATM250205EH4GAB,,NO_MATCH,,0
TXN250205ANKH80,CDR202600023515,RECEIVER_OUTGOING_ACTIVITY,-631,1
TXN2502052IG7Z2,,NO_MATCH,,0
TXN250205FB9A6J,,NO_MATCH,,0
TXN250205IL41QK,,NO_MATCH,,0
TXN2502058NGCTW,,NO_MATCH,,0
ATM250205MDQPDS,CDR202600023532,SENDER_OUTGOING_ACTIVITY,472,1
ATM250205SP4X8D,CDR202600023516,RECEIVER_OUTGOING_ACTIVITY,-817,1
ATM250205M1X62Q,,NO_MATCH,,0
ATM2502053XCRPR,,NO_MATCH,,0
ATM250205K8P9Z8,,NO_MATCH,,0
ATM2502056F5LDO,,NO_MATCH,,0
TXN250205MI7N1B,,NO_MATCH,,0
TXN250205ZIEHQN,,NO_MATCH,,0
TXN2502052NZZ8X,,NO_MATCH,,0
TXN2502054RNZJ9,CDR202600023564,SENDER_OUTGOING_ACTIVITY,304,1
TXN250205U3ODE8,,NO_MATCH,,0
ATM250205HDTXSC,,NO_MATCH,,0
ATM250205H47MYR,CDR202600023561,RECEIVER_OUTGOING_ACTIVITY,-293,1
TXN250205IXB29A,CDR202600023563,RECEIVER_OUTGOING_ACTIVITY,-330,1
ATM250205PZOB1T,,NO_MATCH,,0
TXN25020543YL6U,,NO_MATCH,,0
ATM250205T2YK0J,,NO_MATCH,,0
TXN250205IT62NS,,NO_MATCH,,0
ATM2502055F6I2A,CDR202600023594,SENDER_INCOMING_ACTIVITY,648,1
TXN250205M5L2R9,CDR202600060580,SENDER_OUTGOING_ACTIVITY,-420,1
ATM250205O9LNJA,CDR202600023610,RECEIVER_OUTGOING_ACTIVITY,778,1
ATM250205QQPBS9,CDR202600060407,SENDER_OUTGOING_ACTIVITY,-60,1
TXN250205RT1QKV,CDR202600023597,SENDER_INCOMING_ACTIVITY,-319,1
TXN25020548O99E,,NO_MATCH,,0
TXN250205ETWDUP,,NO_MATCH,,0
ATM250205C64MGY,,NO_MATCH,,0
TXN250205O19HG2,,NO_MATCH,,0
ATM250205FKFDMX,CDR202600023611,SENDER_INCOMING_ACTIVITY,-406,1
TXN250205H8DRDO,,NO_MATCH,,0
ATM250205PJVKO4,,NO_MATCH,,0
ATM250205KP60T5,,NO_MATCH,,0
TXN250205Y9TOII,CDR202600023619,SENDER_OUTGOING_ACTIVITY,-673,1
ATM250205TYW68K,,NO_MATCH,,0
ATM250205ANV81J,,NO_MATCH,,0
TXN250205XGQJYJ,,NO_MATCH,,0
TXN250205O0QHNO,,NO_MATCH,,0
ATM25020515E1QI,,NO_MATCH,,0
TXN250205BPGWI2,,NO_MATCH,,0
TXN250205KKZSXJ,,NO_MATCH,,0
TXN250205EY6RJN,,NO_MATCH,,0
ATM250205CB2KD7,,NO_MATCH,,0
TXN250205SOS281,,NO_MATCH,,0
TXN250205BH9WGQ,CDR202600023674,RECEIVER_OUTGOING_ACTIVITY,-397,1
ATM2502050NVNSQ,,NO_MATCH,,0
TXN250205OYTOPJ,,NO_MATCH,,0
TXN250205VYTF2A,,NO_MATCH,,0
TXN250205XHP23E,CDR202600023684,RECEIVER_INCOMING_ACTIVITY,-509,1
TXN2502055KVSNS,,NO_MATCH,,0
ATM250205037L2C,,NO_MATCH,,0
TXN250205QL4091,,NO_MATCH,,0
TXN250205X00ZSU,,NO_MATCH,,0
ATM250205VNKKJ5,,NO_MATCH,,0
ATM250205H482JB,,NO_MATCH,,0
TXN2502054XQ0V5,,NO_MATCH,,0
TXN250205VJ6O2J,,NO_MATCH,,0
ATM25020554HRCI,,NO_MATCH,,0
TXN2502054YPBQY,,NO_MATCH,,0
TXN250205E7BYGI,,NO_MATCH,,0
TXN250205FDDINK,,NO_MATCH,,0
TXN250205DNPIG1,,NO_MATCH,,0
TXN25020542PGSQ,CDR202600060558,SENDER_OUTGOING_ACTIVITY,-180,1
ATM250205EH0T3N,,NO_MATCH,,0
ATM250205ANO17H,CDR202600023713,SENDER_INCOMING_ACTIVITY,-453,1
TXN250205IDPCSY,,NO_MATCH,,0
TXN2502059AICJV,,NO_MATCH,,0
ATM250205OFU1CH,CDR202600023714,SENDER_OUTGOING_ACTIVITY,-332,1
TXN250205F9YNJU,,NO_MATCH,,0
TXN2502050OUOXK,CDR202600023723,RECEIVER_OUTGOING_ACTIVITY,-188,1
TXN2502055U8NGR,,NO_MATCH,,0
ATM2502056WKBTU,,NO_MATCH,,0
TXN250205IJ4E4F,,NO_MATCH,,0
TXN250205ZJAWC0,,NO_MATCH,,0
TXN250205GFZ2WA,,NO_MATCH,,0
TXN250205GKNLK0,,NO_MATCH,,0
TXN250205BRUIBZ,,NO_MATCH,,0
ATM250205NNZATA,,NO_MATCH,,0
TXN250205TD9E57,,NO_MATCH,,0
TXN250205YWJD57,,NO_MATCH,,0
TXN250205FCGD1Y,,NO_MATCH,,0
ATM250205R8USN9,,NO_MATCH,,0
ATM250205H1K93D,,NO_MATCH,,0
TXN25020583IFQ5,,NO_MATCH,,0
ATM2502058UDE0V,,NO_MATCH,,0
ATM250205A95D2A,,NO_MATCH,,0
ATM2502051UWS8Y,,NO_MATCH,,0
TXN2502051VLKTE,,NO_MATCH,,0
TXN250205P73AZZ,,NO_MATCH,,0
ATM2502050GIF0N,,NO_MATCH,,0
ATM2502055LT3UK,CDR202600023777,SENDER_OUTGOING_ACTIVITY,-304,1
TXN250205BUYHTH,,NO_MATCH,,0
ATM250205D0OSHK,,NO_MATCH,,0
ATM2502059FBEB8,,NO_MATCH,,0
TXN250205HDCY67,,NO_MATCH,,0
TXN250205UF13DG,,NO_MATCH,,0
TXN250205ML1ZNR,,NO_MATCH,,0
TXN2502058763NC,,NO_MATCH,,0
TXN250205ZMP6PN,,NO_MATCH,,0
ATM250205ZH49HY,,NO_MATCH,,0
TXN250205QFBO6A,,NO_MATCH,,0
TXN250206260ZFW,,NO_MATCH,,0
TXN250206V4S9WR,,NO_MATCH,,0
TXN250206XF4S2X,,NO_MATCH,,0
TXN250206478935,,NO_MATCH,,0
TXN250206RETP2H,,NO_MATCH,,0
ATM250206IROW84,CDR202600023829,RECEIVER_OUTGOING_ACTIVITY,-715,1
ATM2502067HXUKG,,NO_MATCH,,0
TXN250206N82SHC,,NO_MATCH,,0
TXN25020629E7B9,,NO_MATCH,,0
TXN2502069IVEFH,,NO_MATCH,,0
ATM250206QG0Q7B,,NO_MATCH,,0
TXN250206IS8C97,,NO_MATCH,,0
ATM25020634TEPU,,NO_MATCH,,0
TXN250206WRRZQ3,,NO_MATCH,,0
TXN250206OG6MQB,,NO_MATCH,,0
TXN2502061QKHRJ,,NO_MATCH,,0
TXN2502061TYDZM,CDR202600023861,RECEIVER_OUTGOING_ACTIVITY,641,1
TXN250206D24XQ4,,NO_MATCH,,0
TXN250206KZWAAD,,NO_MATCH,,0
ATM250206PQAOSA,CDR202600023875,RECEIVER_OUTGOING_ACTIVITY,148,1
TXN250206Z9QQW5,,NO_MATCH,,0
ATM250206SYJBVI,,NO_MATCH,,0
ATM250206QGT12O,,NO_MATCH,,0
TXN2502067V3PTM,,NO_MATCH,,0
TXN250206MPU974,,NO_MATCH,,0
ATM250206C7GNV2,,NO_MATCH,,0
TXN2502064OREYL,,NO_MATCH,,0
TXN250206KI023Q,,NO_MATCH,,0
TXN250206JPF0G0,,NO_MATCH,,0
TXN250206RBBKK8,,NO_MATCH,,0
TXN25020690BTWB,,NO_MATCH,,0
ATM2502064VE4DU,,NO_MATCH,,0
ATM250206Y8CENC,,NO_MATCH,,0
TXN250206261A93,CDR202600023931,SENDER_INCOMING_ACTIVITY,846,1
TXN25020643YDK4,,NO_MATCH,,0
TXN250206Z5KHMK,,NO_MATCH,,0
ATM250206MPXYK5,,NO_MATCH,,0
TXN2502069X7KY4,CDR202600060334,SENDER_OUTGOING_ACTIVITY,-60,1
TXN25020637OKYJ,,NO_MATCH,,0
TXN250206F54DTI,,NO_MATCH,,0
TXN250206W68HJR,CDR202600023950,SENDER_INCOMING_ACTIVITY,383,1
TXN2502064I6P1T,CDR202600023959,RECEIVER_OUTGOING_ACTIVITY,-82,1
ATM250206MSI3Z6,CDR202600060145,SENDER_OUTGOING_ACTIVITY,-240,1
TXN2502062EMR6K,CDR202600023959,RECEIVER_OUTGOING_ACTIVITY,-382,1
TXN2502065WMSWO,,NO_MATCH,,0
TXN250206ZSGZ0X,CDR202600023959,RECEIVER_OUTGOING_ACTIVITY,-562,1
TXN2502060VH5CR,CDR202600023959,RECEIVER_OUTGOING_ACTIVITY,-622,1
TXN25020608K2R7,CDR202600023959,RECEIVER_OUTGOING_ACTIVITY,-682,1
ATM25020663MWYB,CDR202600023962,RECEIVER_OUTGOING_ACTIVITY,-530,1
TXN250206EX1SVU,CDR202600023959,RECEIVER_OUTGOING_ACTIVITY,-862,1
ATM250206UEMV9H,CDR202600023975,SENDER_INCOMING_ACTIVITY,66,1
TXN250206RZC6SZ,,NO_MATCH,,0
ATM250206LLQJ49,,NO_MATCH,,0
TXN250206SJMWKD,,NO_MATCH,,0
ATM2502067L1RMA,,NO_MATCH,,0
TXN250206QQMSV0,,NO_MATCH,,0
TXN250206RZJ7BW,,NO_MATCH,,0
TXN250206KTYEQD,,NO_MATCH,,0
TXN250206HTHE8L,,NO_MATCH,,0
TXN250206OWJ2C0,,NO_MATCH,,0
ATM250206HMD9OD,,NO_MATCH,,0
ATM250206VNFCE7,CDR202600024011,SENDER_OUTGOING_ACTIVITY,-463,1
TXN250206OYC5D1,,NO_MATCH,,0
TXN250206TIYEEM,CDR202600024019,SENDER_OUTGOING_ACTIVITY,-91,1
TXN2502064LGH03,,NO_MATCH,,0
ATM2502067PZUDH,,NO_MATCH,,0
ATM250206YRA8JQ,,NO_MATCH,,0
TXN250206WQ05UR,CDR202600024045,SENDER_INCOMING_ACTIVITY,410,1
TXN250206W40Z7O,CDR202600024031,SENDER_INCOMING_ACTIVITY,-312,1
TXN250206XQXWAO,,NO_MATCH,,0
TXN250206I5YJG1,,NO_MATCH,,0
TXN250206SPXK0O,CDR202600024054,SENDER_OUTGOING_ACTIVITY,756,1
ATM250206V29EQO,,NO_MATCH,,0
ATM2502063MYSNW,,NO_MATCH,,0
TXN250206RN92HS,,NO_MATCH,,0
ATM2502063ZIXRV,,NO_MATCH,,0
ATM2502064PCVRH,CDR202600024041,RECEIVER_INCOMING_ACTIVITY,-775,1
TXN2502061W74NP,,NO_MATCH,,0
ATM250206131BHS,,NO_MATCH,,0
TXN250206IDZB3Y,,NO_MATCH,,0
TXN250206L243PI,,NO_MATCH,,0
TXN250206RZSVBJ,,NO_MATCH,,0
TXN2502061248D5,CDR202600024068,RECEIVER_OUTGOING_ACTIVITY,377,1
TXN250206UH0USU,CDR202600024071,RECEIVER_INCOMING_ACTIVITY,401,1
ATM250206VL7XBM,,NO_MATCH,,0
ATM250206J6HPYB,,NO_MATCH,,0
TXN250206JYQQHD,,NO_MATCH,,0
ATM25020685HM31,,NO_MATCH,,0
TXN250206DK08NZ,,NO_MATCH,,0
ATM250206G0XMBO,,NO_MATCH,,0
TXN250206ZGAB0Y,CDR202600024070,SENDER_OUTGOING_ACTIVITY,-775,1
TXN2502069BY58G,,NO_MATCH,,0
TXN250206B8KEQA,,NO_MATCH,,0
ATM250206MK92AU,,NO_MATCH,,0
TXN250206E16IR5,,NO_MATCH,,0
TXN250206VE9BFI,,NO_MATCH,,0
ATM250206FIPBJP,,NO_MATCH,,0
TXN250206YIHEH2,CDR202600024106,RECEIVER_INCOMING_ACTIVITY,60,1
TXN250206R08I6F,,NO_MATCH,,0
TXN250206NDO4D7,,NO_MATCH,,0
ATM250206MFNWRL,CDR202600024113,SENDER_OUTGOING_ACTIVITY,229,1
TXN25020696OVLG,,NO_MATCH,,0
ATM250206VHYRS7,,NO_MATCH,,0
TXN250206QTWJL9,,NO_MATCH,,0
TXN250206BC6WGL,,NO_MATCH,,0
TXN250206E4IOMC,,NO_MATCH,,0
TXN250206EMF1UG,,NO_MATCH,,0
TXN250206N3QS9G,CDR202600024148,RECEIVER_INCOMING_ACTIVITY,-574,1
ATM250206J6YIYN,CDR202600024164,RECEIVER_OUTGOING_ACTIVITY,511,1
TXN250206F8Y9ER,CDR202600024153,RECEIVER_OUTGOING_ACTIVITY,-660,1
ATM250206CJ9GXI,CDR202600060027,SENDER_OUTGOING_ACTIVITY,-120,1
ATM2502063BEXW2,CDR202600024171,RECEIVER_INCOMING_ACTIVITY,182,1
TXN2502062BS7CF,,NO_MATCH,,0
TXN250206J2MIGP,CDR202600024167,RECEIVER_INCOMING_ACTIVITY,-214,1
TXN250206UYK37K,CDR202600024174,SENDER_INCOMING_ACTIVITY,169,1
TXN250206UPGKHU,,NO_MATCH,,0
TXN2502068E3KN5,,NO_MATCH,,0
TXN250206SVK8LG,,NO_MATCH,,0
ATM250206L6XYN7,,NO_MATCH,,0
TXN250206MQRB6U,CDR202600024183,SENDER_INCOMING_ACTIVITY,355,1
TXN2502068NTIQE,,NO_MATCH,,0
TXN250206LE69H8,,NO_MATCH,,0
TXN25020637ABF1,,NO_MATCH,,0
ATM250206DEBL61,,NO_MATCH,,0
TXN250206PI77SD,,NO_MATCH,,0
TXN250206VNJJ3R,,NO_MATCH,,0
TXN250206UE0Z5G,,NO_MATCH,,0
TXN250206ZF91O7,,NO_MATCH,,0
TXN250206M5QJO3,CDR202600024199,RECEIVER_INCOMING_ACTIVITY,-655,1
ATM2502063IMGFK,,NO_MATCH,,0
TXN250206W53RJN,,NO_MATCH,,0
TXN250206DO43L7,,NO_MATCH,,0
ATM2502066KRRRX,CDR202600024218,RECEIVER_OUTGOING_ACTIVITY,740,1
TXN250206UPYTY3,,NO_MATCH,,0
ATM2502065WZEUW,CDR202600024222,RECEIVER_OUTGOING_ACTIVITY,845,1
TXN250206YRB494,,NO_MATCH,,0
TXN250206EDSI1Y,,NO_MATCH,,0
TXN2502067ABHMS,,NO_MATCH,,0
ATM250206YK4K2J,,NO_MATCH,,0
TXN250206RCDNDB,CDR202600024223,RECEIVER_OUTGOING_ACTIVITY,-462,1
ATM250206U79OBM,,NO_MATCH,,0
ATM250206IGQ8K4,,NO_MATCH,,0
ATM250206WE19WT,,NO_MATCH,,0
ATM2502068JYF02,,NO_MATCH,,0
TXN2502069USE60,,NO_MATCH,,0
ATM250206R9OY29,CDR202600024252,RECEIVER_OUTGOING_ACTIVITY,218,1
TXN250206EH1WXP,CDR202600024261,SENDER_OUTGOING_ACTIVITY,660,1
ATM2502063XK3AK,,NO_MATCH,,0
TXN2502066ZHZKJ,,NO_MATCH,,0
TXN250206C20F7Y,,NO_MATCH,,0
TXN250206X0RU59,,NO_MATCH,,0
ATM250206XEG7QH,,NO_MATCH,,0
ATM2502063SBMAI,CDR202600024279,RECEIVER_OUTGOING_ACTIVITY,355,1
ATM2502067UOYCE,CDR202600024273,SENDER_OUTGOING_ACTIVITY,-186,1
TXN250206QQO3CP,,NO_MATCH,,0
TXN250206OJTXO1,,NO_MATCH,,0
TXN250206I2S5YL,CDR202600024281,RECEIVER_OUTGOING_ACTIVITY,-285,1
ATM2502061S1BXL,,NO_MATCH,,0
ATM250206EZWXML,CDR202600024297,SENDER_OUTGOING_ACTIVITY,755,1
TXN250206ETPENY,,NO_MATCH,,0
TXN250206J6P13K,,NO_MATCH,,0
TXN250206S4RYSR,,NO_MATCH,,0
ATM250206XM0MMF,CDR202600024303,RECEIVER_INCOMING_ACTIVITY,381,1
TXN250206SW1KS5,,NO_MATCH,,0
ATM250206SM68RU,CDR202600024312,SENDER_INCOMING_ACTIVITY,118,1
TXN250206TFG7V6,,NO_MATCH,,0
TXN250206JLJSL4,CDR202600024311,RECEIVER_OUTGOING_ACTIVITY,-54,1
ATM250206PC700Z,,NO_MATCH,,0
ATM25020645SZ7S,,NO_MATCH,,0
TXN250206ENQ1JE,CDR202600024344,RECEIVER_OUTGOING_ACTIVITY,-293,1
ATM250206PQV29F,,NO_MATCH,,0
TXN25020679QG2E,CDR202600060474,SENDER_OUTGOING_ACTIVITY,-120,1
TXN2502061Y10DY,CDR202600024354,SENDER_OUTGOING_ACTIVITY,-709,1
TXN2502060NJOJI,,NO_MATCH,,0
TXN2502063CKXGA,,NO_MATCH,,0
TXN2502061LCERC,,NO_MATCH,,0
TXN250206DKN0ON,,NO_MATCH,,0
ATM2502061RTQFY,CDR202600024379,SENDER_OUTGOING_ACTIVITY,-144,1
ATM250206W8Y05D,CDR202600024390,SENDER_INCOMING_ACTIVITY,880,1
TXN250206AUWDM5,,NO_MATCH,,0
TXN250206AH99S6,,NO_MATCH,,0
TXN250206FKIA63,,NO_MATCH,,0
TXN250206XMV4ZQ,CDR202600024383,RECEIVER_OUTGOING_ACTIVITY,-402,1
TXN250206ZK9XJW,,NO_MATCH,,0
TXN250206HIKLN9,,NO_MATCH,,0
ATM250206H84N5Q,,NO_MATCH,,0
TXN250206Y6400B,,NO_MATCH,,0
TXN250206EGIZ9G,,NO_MATCH,,0
TXN250206DE7EO0,,NO_MATCH,,0
ATM250206FB4IUC,CDR202600024411,RECEIVER_INCOMING_ACTIVITY,-66,1
ATM250206PY2VR6,,NO_MATCH,,0
TXN2502060QUSRG,,NO_MATCH,,0
TXN250206GMMT7X,,NO_MATCH,,0
TXN2502067K1DMZ,,NO_MATCH,,0
ATM250206PFB1PF,,NO_MATCH,,0
ATM250206ECVKTO,,NO_MATCH,,0
ATM250206NZ89QK,CDR202600024440,SENDER_INCOMING_ACTIVITY,347,1
TXN250206RM72UP,,NO_MATCH,,0
TXN2502065H69TT,,NO_MATCH,,0
ATM2502065N5VAK,,NO_MATCH,,0
TXN2502067NX8N7,,NO_MATCH,,0
ATM250206KOYBCT,,NO_MATCH,,0
TXN250206VRWG3N,,NO_MATCH,,0
ATM2502065T46RL,,NO_MATCH,,0
ATM250206AL828R,,NO_MATCH,,0
TXN250206TPRK6V,,NO_MATCH,,0
TXN2502062J5GZB,,NO_MATCH,,0
ATM2502066RH346,,NO_MATCH,,0
ATM250206NER0OO,,NO_MATCH,,0
TXN25020698QGGL,,NO_MATCH,,0
ATM250206U6GYUD,CDR202600024458,RECEIVER_INCOMING_ACTIVITY,-834,1
ATM250206800UKG,,NO_MATCH,,0
ATM2502069B84TS,,NO_MATCH,,0
TXN250206UU91X9,,NO_MATCH,,0
TXN250206O26FW7,,NO_MATCH,,0
TXN250206AT024W,,NO_MATCH,,0
TXN250206Q853RO,,NO_MATCH,,0
TXN2502074GGBSY,,NO_MATCH,,0
TXN250207U0GJZ3,,NO_MATCH,,0
ATM250207838YUA,CDR202600060448,SENDER_OUTGOING_ACTIVITY,-660,1
ATM250207XIN3C9,,NO_MATCH,,0
TXN250207H5V4FN,,NO_MATCH,,0
TXN2502075NF66M,,NO_MATCH,,0
ATM250207SKPCB5,,NO_MATCH,,0
TXN2502073KERB4,,NO_MATCH,,0
ATM250207JKBOEX,,NO_MATCH,,0
TXN250207AS3X5Z,,NO_MATCH,,0
TXN250207X3X3B9,,NO_MATCH,,0
ATM2502070S2DXH,,NO_MATCH,,0
ATM2502075S8IEP,,NO_MATCH,,0
TXN250207Q1JWN0,,NO_MATCH,,0
TXN2502071UARQI,,NO_MATCH,,0
TXN250207JLW64E,,NO_MATCH,,0
TXN250207P846LL,,NO_MATCH,,0
ATM250207DGRL9E,,NO_MATCH,,0
TXN250207UBXL9D,,NO_MATCH,,0
TXN250207ZTG40K,,NO_MATCH,,0
ATM2502071S0PR7,,NO_MATCH,,0
TXN250207HJ0FAL,CDR202600024544,SENDER_OUTGOING_ACTIVITY,762,1
TXN250207XPEOSL,,NO_MATCH,,0
TXN250207ISL741,,NO_MATCH,,0
TXN250207IO22AF,,NO_MATCH,,0
ATM250207G3CJJ0,,NO_MATCH,,0
TXN250207OI21W3,,NO_MATCH,,0
TXN250207B4VP8G,CDR202600024551,SENDER_OUTGOING_ACTIVITY,-226,1
ATM25020722PMMA,,NO_MATCH,,0
TXN250207ATJN8U,,NO_MATCH,,0
TXN250207HKBJEC,,NO_MATCH,,0
TXN2502071KTAWQ,,NO_MATCH,,0
ATM250207GWQYSK,,NO_MATCH,,0
TXN250207A4HE4P,,NO_MATCH,,0
TXN250207VC8OZZ,,NO_MATCH,,0
TXN250207C1OVJ1,,NO_MATCH,,0
TXN250207XQG7OO,,NO_MATCH,,0
TXN250207VQPCWT,,NO_MATCH,,0
ATM250207CTGWWS,,NO_MATCH,,0
TXN2502079AF3L5,,NO_MATCH,,0
TXN250207472HA3,,NO_MATCH,,0
TXN250207IY53AH,,NO_MATCH,,0
ATM2502074K9BO8,,NO_MATCH,,0
TXN2502075GPQF7,,NO_MATCH,,0
ATM250207Y76RZ3,,NO_MATCH,,0
TXN250207IUVQP1,,NO_MATCH,,0
TXN250207G7016U,,NO_MATCH,,0
TXN250207J5W9P1,,NO_MATCH,,0
TXN2502077XLF7F,,NO_MATCH,,0
ATM250207AWCOL3,CDR202600024568,RECEIVER_OUTGOING_ACTIVITY,-567,1
TXN250207J1B36L,,NO_MATCH,,0
TXN250207W8VK1B,CDR202600024582,RECEIVER_INCOMING_ACTIVITY,-7,1
TXN250207UV04DJ,,NO_MATCH,,0
TXN2502074LEMHQ,,NO_MATCH,,0
TXN250207CD4C4B,,NO_MATCH,,0
TXN2502070474XM,,NO_MATCH,,0
ATM250207XKBKZ0,,NO_MATCH,,0
TXN25020732XJCZ,,NO_MATCH,,0
ATM250207YGH38X,,NO_MATCH,,0
TXN250207DMXU0T,CDR202600024599,RECEIVER_OUTGOING_ACTIVITY,-389,1
TXN250207M00LUJ,,NO_MATCH,,0
ATM250207KUVPLN,,NO_MATCH,,0
ATM2502071GDUMG,,NO_MATCH,,0
TXN250207DEFAHD,CDR202600024607,RECEIVER_INCOMING_ACTIVITY,-584,1
ATM25020711ID68,CDR202600024619,RECEIVER_OUTGOING_ACTIVITY,-768,1
TXN2502075DZL41,,NO_MATCH,,0
ATM250207VH5HDS,,NO_MATCH,,0
TXN2502076UBR3Y,,NO_MATCH,,0
TXN250207CW3W9O,,NO_MATCH,,0
ATM250207ZX7ISW,,NO_MATCH,,0
ATM250207E96W5F,,NO_MATCH,,0
ATM2502073UH73M,CDR202600024660,SENDER_INCOMING_ACTIVITY,41,1
TXN250207DCXATN,,NO_MATCH,,0
ATM250207KWLI6K,,NO_MATCH,,0
ATM250207SDS9TH,CDR202600024681,RECEIVER_OUTGOING_ACTIVITY,817,1
TXN250207158ZX6,CDR202600024679,RECEIVER_OUTGOING_ACTIVITY,592,1
ATM250207LFDVRO,,NO_MATCH,,0
TXN250207VHK2VU,,NO_MATCH,,0
ATM250207XV0NVS,,NO_MATCH,,0
ATM250207SLB5N0,,NO_MATCH,,0
ATM250207BU1HP6,,NO_MATCH,,0
TXN250207Y3ZUQH,,NO_MATCH,,0
TXN250207TCJRUE,,NO_MATCH,,0
ATM250207TOZ8QP,,NO_MATCH,,0
TXN250207XZ6FTV,,NO_MATCH,,0
ATM250207QIQ5EP,,NO_MATCH,,0
ATM250207TL97SL,CDR202600024691,SENDER_INCOMING_ACTIVITY,-177,1
TXN25020707OGVC,,NO_MATCH,,0
TXN250207K7O32O,,NO_MATCH,,0
TXN2502075H5K86,,NO_MATCH,,0
TXN250207Z3XLPK,CDR202600024701,RECEIVER_OUTGOING_ACTIVITY,152,1
ATM250207YOWLYK,,NO_MATCH,,0
TXN250207A056WO,,NO_MATCH,,0
ATM250207D2BC54,,NO_MATCH,,0
TXN250207VAQ9I9,CDR202600024721,RECEIVER_INCOMING_ACTIVITY,258,1
ATM2502077H0NYK,,NO_MATCH,,0
ATM2502071N44BZ,,NO_MATCH,,0
TXN250207RX5Y0L,,NO_MATCH,,0
TXN250207WXFE57,,NO_MATCH,,0
TXN2502075P4YFD,CDR202600024738,SENDER_INCOMING_ACTIVITY,-126,1
ATM250207XT3ZWY,CDR202600024746,RECEIVER_OUTGOING_ACTIVITY,-58,1
TXN250207I5B0EA,CDR202600024750,SENDER_OUTGOING_ACTIVITY,-365,1
ATM250207SWF3GU,CDR202600024771,SENDER_INCOMING_ACTIVITY,490,1
TXN250207TW42C1,,NO_MATCH,,0
TXN250207J9PYIN,,NO_MATCH,,0
TXN250207QALO3U,CDR202600024790,SENDER_OUTGOING_ACTIVITY,367,1
ATM250207TQ2YKI,,NO_MATCH,,0
TXN2502076ZSS40,,NO_MATCH,,0
ATM250207K4WAL5,,NO_MATCH,,0
TXN250207C3QPB6,CDR202600024806,SENDER_INCOMING_ACTIVITY,217,1
TXN250207RE1Z1P,,NO_MATCH,,0
ATM250207ZMPZ8P,,NO_MATCH,,0
ATM2502072SFV53,,NO_MATCH,,0
TXN25020775KDYK,,NO_MATCH,,0
TXN250207MME4RD,CDR202600024806,RECEIVER_INCOMING_ACTIVITY,-106,1
TXN250207CU8SD6,,NO_MATCH,,0
TXN250207NSUNX0,,NO_MATCH,,0
TXN250207EZ3VH5,,NO_MATCH,,0
ATM250207JADZTY,,NO_MATCH,,0
ATM250207VQJNHP,,NO_MATCH,,0
TXN250207NZH9EO,CDR202600024806,SENDER_INCOMING_ACTIVITY,-430,1
TXN250207PK7R8X,,NO_MATCH,,0
TXN250207GQSBW5,,NO_MATCH,,0
TXN250207OLQBB2,,NO_MATCH,,0
TXN250207F589DG,,NO_MATCH,,0
TXN250207J3TITA,,NO_MATCH,,0
TXN2502072LBITL,,NO_MATCH,,0
TXN2502076H5QJU,,NO_MATCH,,0
TXN250207NOTXY8,,NO_MATCH,,0
TXN2502079952MK,,NO_MATCH,,0
TXN250207UT0M3K,,NO_MATCH,,0
TXN250207EL37B2,,NO_MATCH,,0
TXN2502074YKSR1,,NO_MATCH,,0
ATM250207MKQLR4,CDR202600024833,RECEIVER_OUTGOING_ACTIVITY,560,1
TXN250207JD3WRE,,NO_MATCH,,0
ATM250207WCDNZH,,NO_MATCH,,0
TXN250207RJM0UV,,NO_MATCH,,0
TXN250207EQ30MB,,NO_MATCH,,0
TXN250207FPB43N,,NO_MATCH,,0
ATM250207UKVGRZ,,NO_MATCH,,0
TXN2502071TDE0R,CDR202600024842,RECEIVER_INCOMING_ACTIVITY,514,1
ATM250207FENKKE,CDR202600024846,SENDER_OUTGOING_ACTIVITY,801,1
TXN2502078KNMXI,,NO_MATCH,,0
TXN2502076HCQ9D,CDR202600024848,SENDER_OUTGOING_ACTIVITY,568,1
ATM250207DVYRRO,CDR202600024846,SENDER_OUTGOING_ACTIVITY,501,1
TXN250207DJI88L,,NO_MATCH,,0
TXN2502072QNHXY,,NO_MATCH,,0
ATM250207P3UM1W,CDR202600024846,SENDER_OUTGOING_ACTIVITY,201,1
TXN250207A80IBO,CDR202600024843,RECEIVER_INCOMING_ACTIVITY,-254,1
ATM2502077M57J7,CDR202600024846,SENDER_OUTGOING_ACTIVITY,-159,1
TXN250207DEOYHW,,NO_MATCH,,0
ATM250207CIUTZK,,NO_MATCH,,0
ATM250207EYGS41,CDR202600024846,SENDER_OUTGOING_ACTIVITY,-459,1
ATM250207RWDQ0B,CDR202600024846,SENDER_OUTGOING_ACTIVITY,-459,1
TXN250207018LH8,CDR202600024861,RECEIVER_OUTGOING_ACTIVITY,413,1
ATM250207OCSRG3,,NO_MATCH,,0
TXN250207VZL765,,NO_MATCH,,0
TXN250207VNQ713,,NO_MATCH,,0
TXN25020766H3N7,CDR202600024869,SENDER_OUTGOING_ACTIVITY,417,1
ATM250207QY67GI,,NO_MATCH,,0
ATM250207I6TRRO,,NO_MATCH,,0
TXN250207F1E87Q,,NO_MATCH,,0
ATM250207L5N4EC,,NO_MATCH,,0
ATM2502070P047L,,NO_MATCH,,0
TXN250207BPH3JE,,NO_MATCH,,0
TXN250207QWIIMT,,NO_MATCH,,0
TXN250207LSO71Y,,NO_MATCH,,0
TXN250207BNZRVY,CDR202600024876,RECEIVER_OUTGOING_ACTIVITY,-287,1
TXN250207REACVI,CDR202600024877,SENDER_INCOMING_ACTIVITY,-323,1
ATM250207HKPOQS,,NO_MATCH,,0
TXN25020740VE8Z,,NO_MATCH,,0
TXN250207Y695IU,,NO_MATCH,,0
TXN250207Z1BQDN,CDR202600024897,SENDER_OUTGOING_ACTIVITY,517,1
TXN2502078NP1W4,,NO_MATCH,,0
TXN250207AZRW3Z,,NO_MATCH,,0
ATM250207H1GY3M,,NO_MATCH,,0
TXN25020746HD1O,,NO_MATCH,,0
ATM250207TMEXJP,,NO_MATCH,,0
TXN250207FJW4XC,,NO_MATCH,,0
TXN250207U1EZFM,CDR202600024896,RECEIVER_OUTGOING_ACTIVITY,-297,1
ATM250207D7E98J,,NO_MATCH,,0
TXN250207MHT80Z,CDR202600024900,SENDER_INCOMING_ACTIVITY,-243,1
TXN250207ZVCBNB,,NO_MATCH,,0
TXN250207KGKQYH,,NO_MATCH,,0
TXN250207ZRNYBL,,NO_MATCH,,0
TXN250207I18ZDQ,,NO_MATCH,,0
TXN2502075VXGPM,,NO_MATCH,,0
ATM250207GLS07K,CDR202600024934,SENDER_INCOMING_ACTIVITY,278,1
ATM2502071EDQ3P,,NO_MATCH,,0
ATM250207VR0ZIF,,NO_MATCH,,0
TXN250207PY1NSQ,CDR202600024926,SENDER_OUTGOING_ACTIVITY,-862,1
ATM25020722SVHL,CDR202600024944,SENDER_INCOMING_ACTIVITY,65,1
ATM2502071CC15P,,NO_MATCH,,0
TXN250207CVF2GG,,NO_MATCH,,0
TXN250207YA0JA3,,NO_MATCH,,0
TXN250207SFEJB6,,NO_MATCH,,0
TXN2502072AJ416,,NO_MATCH,,0
TXN2502075G3FH1,,NO_MATCH,,0
TXN250207IU5NYE,,NO_MATCH,,0
ATM250207PS48FI,,NO_MATCH,,0
TXN250207TXPCE9,,NO_MATCH,,0
TXN250207MQWCD4,,NO_MATCH,,0
ATM25020742LBT6,,NO_MATCH,,0
TXN250207DP10X7,CDR202600024981,RECEIVER_INCOMING_ACTIVITY,210,1
TXN250207DNW2RD,,NO_MATCH,,0
ATM250207QBFP0W,,NO_MATCH,,0
TXN250207GIVFIA,,NO_MATCH,,0
TXN250207VMPEAP,,NO_MATCH,,0
TXN250207Y7UYZU,CDR202600024988,SENDER_OUTGOING_ACTIVITY,-161,1
TXN250207PTA3XY,,NO_MATCH,,0
TXN2502076MTFTW,CDR202600024996,RECEIVER_INCOMING_ACTIVITY,751,1
TXN2502079EEQ89,,NO_MATCH,,0
ATM250207CXZLG0,,NO_MATCH,,0
ATM250207P7DAZF,,NO_MATCH,,0
TXN250207E6B5LZ,CDR202600025000,RECEIVER_INCOMING_ACTIVITY,426,1
ATM250207LM8B8P,CDR202600025005,RECEIVER_INCOMING_ACTIVITY,561,1
ATM2502072XAHCU,,NO_MATCH,,0
ATM250207VIYX4E,CDR202600025005,RECEIVER_OUTGOING_ACTIVITY,-520,1
TXN250207LQB5R2,,NO_MATCH,,0
ATM25020781IBDO,,NO_MATCH,,0
TXN250207L54JMC,,NO_MATCH,,0
TXN250207N4QOR9,,NO_MATCH,,0
ATM250207QJVD0B,,NO_MATCH,,0
ATM2502071MW1VN,CDR202600025048,SENDER_OUTGOING_ACTIVITY,312,1
ATM250207FUFCJ6,,NO_MATCH,,0
TXN250207QJZOD7,,NO_MATCH,,0
TXN250207NI1DOF,,NO_MATCH,,0
TXN250207F2VMGH,,NO_MATCH,,0
ATM2502073GEVEM,,NO_MATCH,,0
TXN250207EJ41FT,,NO_MATCH,,0
ATM250207B26XH5,,NO_MATCH,,0
TXN250207K2718U,,NO_MATCH,,0
ATM250207IUFWGQ,,NO_MATCH,,0
TXN250207KLN2AD,,NO_MATCH,,0
TXN250207YOOKT4,,NO_MATCH,,0
TXN250207QN5YB8,,NO_MATCH,,0
TXN250207LIFU4X,,NO_MATCH,,0
TXN250207CE6UTK,,NO_MATCH,,0
TXN2502074TS4O6,CDR202600025109,RECEIVER_INCOMING_ACTIVITY,417,1
TXN250207UFCD90,,NO_MATCH,,0
TXN250207WJRMWO,CDR202600025107,SENDER_OUTGOING_ACTIVITY,-547,1
TXN2502079ZGTE5,,NO_MATCH,,0
TXN250207RKDLE3,,NO_MATCH,,0
ATM250207HU13PL,,NO_MATCH,,0
ATM250207T2QGLS,,NO_MATCH,,0
TXN250207Z3KO0N,,NO_MATCH,,0
TXN2502071P3TR1,,NO_MATCH,,0
ATM250207UKYRF9,CDR202600025129,SENDER_INCOMING_ACTIVITY,630,1
TXN250207DCQE5L,,NO_MATCH,,0
TXN250207AK9EHH,,NO_MATCH,,0
TXN250207LV7LVI,,NO_MATCH,,0
ATM250207ZRZUMB,,NO_MATCH,,0
TXN2502076AA11X,,NO_MATCH,,0
ATM250207VEXMUN,,NO_MATCH,,0
ATM250207DZ0WY7,,NO_MATCH,,0
TXN250207L9BDLD,,NO_MATCH,,0
ATM2502089WN2R8,,NO_MATCH,,0
TXN25020809NZIA,,NO_MATCH,,0
TXN250208W5TE01,,NO_MATCH,,0
ATM250208131YN3,,NO_MATCH,,0
TXN250208J2W2HL,,NO_MATCH,,0
TXN25020808C53B,,NO_MATCH,,0
TXN250208A0VU8S,,NO_MATCH,,0
TXN250208MDCMAV,,NO_MATCH,,0
TXN250208Z1V0CV,,NO_MATCH,,0
TXN250208Y5QH0I,,NO_MATCH,,0
ATM2502089JQN8Q,,NO_MATCH,,0
TXN250208T20YB1,,NO_MATCH,,0
TXN250208FDRFA5,,NO_MATCH,,0
TXN250208PBTRAW,,NO_MATCH,,0
ATM250208C5RPQM,,NO_MATCH,,0
TXN2502088NKOW6,CDR202600025192,SENDER_OUTGOING_ACTIVITY,814,1
TXN250208PO2UKY,,NO_MATCH,,0
TXN250208W35DPS,CDR202600025192,SENDER_OUTGOING_ACTIVITY,274,1
TXN250208E7HPJR,CDR202600025192,SENDER_OUTGOING_ACTIVITY,-266,1
TXN250208K8724J,CDR202600025192,SENDER_OUTGOING_ACTIVITY,-446,1
TXN25020862ONLV,,NO_MATCH,,0
ATM2502088M8DO3,,NO_MATCH,,0
TXN250208MDWOCW,CDR202600025223,RECEIVER_OUTGOING_ACTIVITY,-126,1
ATM2502082BZJUU,CDR202600025226,SENDER_INCOMING_ACTIVITY,-8,1
TXN250208K0CA2D,,NO_MATCH,,0
TXN250208Q5DFWL,,NO_MATCH,,0
TXN250208SK4WBX,,NO_MATCH,,0
TXN2502089PAJTF,,NO_MATCH,,0
ATM250208HA7U3L,,NO_MATCH,,0
TXN250208PV161D,,NO_MATCH,,0
ATM250208SWSZ2B,,NO_MATCH,,0
TXN250208TBRORL,,NO_MATCH,,0
TXN250208RYQO1E,,NO_MATCH,,0
TXN250208I5T8T4,,NO_MATCH,,0
TXN25020890AWS5,,NO_MATCH,,0
ATM250208H9L29T,,NO_MATCH,,0
TXN250208VFVHNC,,NO_MATCH,,0
ATM25020855QED4,,NO_MATCH,,0
TXN250208AN84VG,,NO_MATCH,,0
ATM250208WQSAT5,,NO_MATCH,,0
TXN250208GDH3N7,,NO_MATCH,,0
TXN2502082MMG63,,NO_MATCH,,0
TXN250208CB8LHR,,NO_MATCH,,0
ATM2502082G7U66,CDR202600025270,SENDER_INCOMING_ACTIVITY,-684,1
ATM250208VMRKF0,,NO_MATCH,,0
TXN250208HY8KRM,,NO_MATCH,,0
TXN250208UHA2RR,,NO_MATCH,,0
TXN250208P32INZ,,NO_MATCH,,0
ATM250208BVNO0A,,NO_MATCH,,0
ATM250208VCYKRG,,NO_MATCH,,0
TXN250208LUN501,,NO_MATCH,,0
TXN250208VWVXW2,,NO_MATCH,,0
ATM250208AE6WEI,,NO_MATCH,,0
TXN2502083AC3YJ,,NO_MATCH,,0
TXN250208QZL04C,,NO_MATCH,,0
ATM250208AAZH2X,,NO_MATCH,,0
TXN25020876WISR,,NO_MATCH,,0
TXN250208NB5WWL,,NO_MATCH,,0
ATM2502084LPEP9,,NO_MATCH,,0
TXN250208XM6XT2,,NO_MATCH,,0
TXN250208D2OVAX,,NO_MATCH,,0
ATM250208NX14PV,,NO_MATCH,,0
ATM250208LQFQG1,,NO_MATCH,,0
ATM250208GN9ONL,,NO_MATCH,,0
TXN2502085MMWI9,,NO_MATCH,,0
TXN2502084F7LRB,,NO_MATCH,,0
TXN250208SMNEGS,,NO_MATCH,,0
ATM250208B87E2H,,NO_MATCH,,0
TXN250208LLA5RH,,NO_MATCH,,0
TXN250208S5WEAX,,NO_MATCH,,0
ATM250208K8AGC5,CDR202600025347,SENDER_OUTGOING_ACTIVITY,21,1
TXN250208C9B8BS,,NO_MATCH,,0
ATM250208EGVFDE,CDR202600025349,RECEIVER_INCOMING_ACTIVITY,-83,1
ATM250208WAEC3G,CDR202600025347,SENDER_OUTGOING_ACTIVITY,-459,1
TXN250208PV1XK7,,NO_MATCH,,0
ATM250208KZZ6DY,,NO_MATCH,,0
TXN2502089IKJWW,CDR202600060011,SENDER_OUTGOING_ACTIVITY,-720,1
TXN250208ZS03JC,,NO_MATCH,,0
ATM2502089IERYC,,NO_MATCH,,0
ATM250208605TP1,,NO_MATCH,,0
ATM2502083BIR3R,,NO_MATCH,,0
TXN2502089DFDDW,,NO_MATCH,,0
TXN2502085GRWEP,,NO_MATCH,,0
ATM250208QLUIMZ,,NO_MATCH,,0
TXN250208NZDICM,,NO_MATCH,,0
TXN2502082C3KQ7,,NO_MATCH,,0
ATM250208Q3P8PZ,,NO_MATCH,,0
TXN250208DX9S7P,,NO_MATCH,,0
TXN250208QZRDIR,,NO_MATCH,,0
TXN250208D2DOV2,,NO_MATCH,,0
TXN2502088AZVF8,,NO_MATCH,,0
TXN250208Y4GP4D,,NO_MATCH,,0
ATM250208QXQ5LD,,NO_MATCH,,0
TXN2502081GEQ43,,NO_MATCH,,0
TXN250208TMRV8T,,NO_MATCH,,0
ATM250208XLLCSD,,NO_MATCH,,0
ATM250208ELZJSK,,NO_MATCH,,0
TXN250208VW9XZ0,CDR202600025424,SENDER_INCOMING_ACTIVITY,-302,1
ATM250208H9GG9D,,NO_MATCH,,0
TXN250208QLZOO5,CDR202600025424,SENDER_OUTGOING_ACTIVITY,-490,1
TXN250208JMA8FG,CDR202600025443,SENDER_OUTGOING_ACTIVITY,142,1
ATM25020884N04R,,NO_MATCH,,0
TXN250208XXWPQ4,,NO_MATCH,,0
TXN2502088FJX8L,,NO_MATCH,,0
ATM250208PHCKY9,CDR202600025457,SENDER_OUTGOING_ACTIVITY,568,1
TXN25020888QBEU,,NO_MATCH,,0
TXN2502083JYQOD,CDR202600025444,RECEIVER_INCOMING_ACTIVITY,-725,1
TXN2502087U1488,,NO_MATCH,,0
ATM250208KSPJU1,,NO_MATCH,,0
TXN250208XEK2RU,,NO_MATCH,,0
TXN250208Z4M994,,NO_MATCH,,0
ATM250208L2IZRB,,NO_MATCH,,0
ATM250208DD654Y,CDR202600025466,SENDER_OUTGOING_ACTIVITY,-16,1
ATM250208J4TYOB,,NO_MATCH,,0
ATM250208WTKIK0,,NO_MATCH,,0
ATM250208PQYIOO,,NO_MATCH,,0
ATM250208NJEYT7,,NO_MATCH,,0
TXN250208XXFSXT,,NO_MATCH,,0
ATM250208ERFYA5,,NO_MATCH,,0
ATM250208JLJYZO,,NO_MATCH,,0
TXN2502085C04MX,,NO_MATCH,,0
TXN250208M5JZ7W,CDR202600025495,SENDER_OUTGOING_ACTIVITY,-582,1
TXN250208IY6OTS,CDR202600025499,SENDER_OUTGOING_ACTIVITY,-498,1
ATM250208AT0CN9,,NO_MATCH,,0
TXN2502086FD633,,NO_MATCH,,0
ATM250208SRU1G2,,NO_MATCH,,0
TXN250208VBE7T6,CDR202600025510,SENDER_INCOMING_ACTIVITY,-109,1
ATM250208YKC0VZ,,NO_MATCH,,0
ATM25020807CJXL,,NO_MATCH,,0
ATM250208D29R5Z,,NO_MATCH,,0
ATM250208BPD159,,NO_MATCH,,0
ATM250208KMNYYA,,NO_MATCH,,0
ATM250208SHFQ0D,,NO_MATCH,,0
ATM250208Y5H615,,NO_MATCH,,0
TXN250208J7M0N8,,NO_MATCH,,0
ATM250208G4HDMF,,NO_MATCH,,0
TXN250208AHI78F,,NO_MATCH,,0
ATM250208HKAXYV,CDR202600025540,RECEIVER_OUTGOING_ACTIVITY,286,1
ATM25020816VLXN,,NO_MATCH,,0
TXN250208ERI3TC,CDR202600025543,RECEIVER_INCOMING_ACTIVITY,116,1
TXN25020838CGC5,,NO_MATCH,,0
TXN250208WD50KX,CDR202600025533,RECEIVER_INCOMING_ACTIVITY,-744,1
TXN2502086CQRP5,,NO_MATCH,,0
TXN250208VVG2CO,CDR202600025538,SENDER_OUTGOING_ACTIVITY,-630,1
TXN250208TMBM41,,NO_MATCH,,0
TXN250208RZ4433,,NO_MATCH,,0
TXN2502088W4J06,CDR202600025548,RECEIVER_INCOMING_ACTIVITY,-832,1
TXN250208TWC37V,,NO_MATCH,,0
ATM250208GS5SUB,CDR202600025580,SENDER_OUTGOING_ACTIVITY,246,1
ATM2502084XHB5B,CDR202600025554,SENDER_INCOMING_ACTIVITY,-849,1
TXN250208AG2W7U,CDR202600025562,RECEIVER_OUTGOING_ACTIVITY,-629,1
ATM2502085VOJXN,,NO_MATCH,,0
TXN250208QQTS0A,,NO_MATCH,,0
TXN250208HJ3TIJ,,NO_MATCH,,0
ATM250208PVC4BZ,,NO_MATCH,,0
ATM2502088COGEB,CDR202600025584,RECEIVER_OUTGOING_ACTIVITY,-440,1
TXN250208NI7XXK,,NO_MATCH,,0
TXN250208O3S42I,,NO_MATCH,,0
TXN2502089YT4GX,CDR202600025607,RECEIVER_OUTGOING_ACTIVITY,701,1
ATM2502087KNMGE,,NO_MATCH,,0
ATM250208M35FG2,,NO_MATCH,,0
TXN250208L24ZG9,,NO_MATCH,,0
TXN250208CVCQ4U,,NO_MATCH,,0
ATM250208DJW6HK,,NO_MATCH,,0
ATM2502080W387P,,NO_MATCH,,0
ATM250208ID443M,,NO_MATCH,,0
ATM2502084AE6QZ,,NO_MATCH,,0
TXN250208N94OMT,CDR202600025615,RECEIVER_OUTGOING_ACTIVITY,-15,1
ATM250208HTE9BL,CDR202600025611,RECEIVER_OUTGOING_ACTIVITY,-364,1
TXN250208TFIEFB,,NO_MATCH,,0
TXN250208CCDGXZ,,NO_MATCH,,0
ATM250208LXYABP,,NO_MATCH,,0
ATM250208ZFJLH1,,NO_MATCH,,0
TXN250208SB7UGH,CDR202600025637,SENDER_OUTGOING_ACTIVITY,579,1
ATM25020852RHK7,,NO_MATCH,,0
TXN2502080676IJ,,NO_MATCH,,0
TXN2502080AAHNU,CDR202600025624,RECEIVER_OUTGOING_ACTIVITY,-879,1
ATM250208OZDV1B,CDR202600025639,RECEIVER_INCOMING_ACTIVITY,1,1
TXN250208Z6HKM9,CDR202600025643,RECEIVER_OUTGOING_ACTIVITY,-41,1
ATM250208YTERVY,,NO_MATCH,,0
TXN2502089AZ1PG,,NO_MATCH,,0
TXN250208P8CUPF,,NO_MATCH,,0
TXN2502081WHE37,,NO_MATCH,,0
TXN250208JSILLU,,NO_MATCH,,0
ATM250208YEFNCH,,NO_MATCH,,0
TXN250208MT387E,,NO_MATCH,,0
TXN2502081NT1V2,,NO_MATCH,,0
TXN250208D44T9E,CDR202600025653,SENDER_OUTGOING_ACTIVITY,75,1
ATM250208FLNBMC,,NO_MATCH,,0
TXN250208NA5AEU,,NO_MATCH,,0
ATM25020811GW00,CDR202600025661,RECEIVER_INCOMING_ACTIVITY,877,1
TXN25020840IRFX,,NO_MATCH,,0
TXN250208ALYWIK,,NO_MATCH,,0
TXN250208LU0JC9,,NO_MATCH,,0
TXN250208H9H9PX,CDR202600025664,RECEIVER_INCOMING_ACTIVITY,765,1
TXN250208DK1OTY,,NO_MATCH,,0
TXN250208VIJ14W,,NO_MATCH,,0
TXN250208W1MWWT,,NO_MATCH,,0
TXN250208CDCL3B,,NO_MATCH,,0
TXN250208LME0LV,,NO_MATCH,,0
TXN2502085C8M9M,,NO_MATCH,,0
TXN250208TAMWUG,CDR202600025677,RECEIVER_INCOMING_ACTIVITY,248,1
TXN250208CHOQIP,CDR202600025677,RECEIVER_INCOMING_ACTIVITY,188,1
TXN250208G0V8W6,CDR202600025677,RECEIVER_INCOMING_ACTIVITY,188,1
TXN250208WMYY2H,CDR202600025677,RECEIVER_INCOMING_ACTIVITY,68,1
ATM250208T6CFUI,,NO_MATCH,,0
TXN250208G36SON,,NO_MATCH,,0
TXN250208MZS0EQ,,NO_MATCH,,0
ATM250208FAWN4T,,NO_MATCH,,0
ATM2502089NZVWJ,,NO_MATCH,,0
ATM2502086O8S31,,NO_MATCH,,0
ATM2502089T6032,,NO_MATCH,,0
TXN250208MP0JVD,,NO_MATCH,,0
TXN250208J5L398,,NO_MATCH,,0
TXN2502088MOGAN,CDR202600060416,SENDER_OUTGOING_ACTIVITY,-240,1
ATM2502084D9KRL,,NO_MATCH,,0
ATM250208V1H5QE,,NO_MATCH,,0
TXN250208WFI2VV,,NO_MATCH,,0
TXN2502086XZFA1,CDR202600025740,SENDER_INCOMING_ACTIVITY,-263,1
ATM2502081O4QWN,,NO_MATCH,,0
TXN250208ZI35P3,,NO_MATCH,,0
TXN250208MSBXUL,,NO_MATCH,,0
ATM2502089CXQ6Y,,NO_MATCH,,0
TXN2502089MOR97,CDR202600025749,SENDER_OUTGOING_ACTIVITY,29,1
ATM250208R80XVW,,NO_MATCH,,0
ATM250208NYRMFH,CDR202600025759,SENDER_INCOMING_ACTIVITY,735,1
TXN250208CDEKAH,CDR202600025753,SENDER_OUTGOING_ACTIVITY,167,1
ATM250208GYMWTD,,NO_MATCH,,0
TXN250208ML2BCE,,NO_MATCH,,0
ATM250208TI6VYR,,NO_MATCH,,0
TXN250208JRP6CN,,NO_MATCH,,0
TXN250208G14N13,,NO_MATCH,,0
TXN250208Q52M16,,NO_MATCH,,0
TXN2502083CGVAD,,NO_MATCH,,0
TXN250208TW7S02,,NO_MATCH,,0
ATM250208REH294,,NO_MATCH,,0
ATM250208YDB1IS,,NO_MATCH,,0
TXN250208YI6TJ9,,NO_MATCH,,0
TXN2502083KEH9Z,,NO_MATCH,,0
ATM250208LJDL8G,CDR202600025802,SENDER_OUTGOING_ACTIVITY,40,1
TXN250208K0AV1V,,NO_MATCH,,0
ATM250208RSJ6PN,,NO_MATCH,,0
TXN250208P1DMYR,,NO_MATCH,,0
ATM250208ZCPQV1,CDR202600025833,RECEIVER_OUTGOING_ACTIVITY,562,1
TXN25020824OZQJ,,NO_MATCH,,0
ATM250208HSXNYK,,NO_MATCH,,0
TXN250208R83M7J,,NO_MATCH,,0
TXN250208ZC9A11,,NO_MATCH,,0
TXN250209VY2VIG,,NO_MATCH,,0
ATM2502097EQEJH,,NO_MATCH,,0
ATM250209SGAUGZ,,NO_MATCH,,0
TXN2502092ZJ15B,,NO_MATCH,,0
ATM250209FZ0N0Q,,NO_MATCH,,0
ATM250209CUJL6F,,NO_MATCH,,0
TXN2502095AFDUG,,NO_MATCH,,0
TXN25020936Y3H2,,NO_MATCH,,0
ATM25020942CXZ0,,NO_MATCH,,0
TXN250209PG2OC0,,NO_MATCH,,0
TXN250209CIWTTS,,NO_MATCH,,0
TXN250209JMQAEL,CDR202600060636,SENDER_OUTGOING_ACTIVITY,-420,1
TXN250209YFL2IS,,NO_MATCH,,0
ATM250209U5D7TC,,NO_MATCH,,0
TXN250209LDYOCZ,,NO_MATCH,,0
ATM25020950J6LB,,NO_MATCH,,0
ATM250209VT1XPL,,NO_MATCH,,0
TXN250209O8MIU4,,NO_MATCH,,0
TXN250209KTYRMD,,NO_MATCH,,0
ATM250209CCNWYM,CDR202600025897,SENDER_INCOMING_ACTIVITY,-209,1
TXN250209J6634M,,NO_MATCH,,0
ATM250209JO0LHF,CDR202600025909,RECEIVER_OUTGOING_ACTIVITY,870,1
TXN250209LBLM0X,,NO_MATCH,,0
ATM250209ZAZJXF,,NO_MATCH,,0
ATM25020909LOOB,,NO_MATCH,,0
TXN250209S3TOBH,,NO_MATCH,,0
ATM250209X7OX6Z,,NO_MATCH,,0
TXN250209BIV7S9,,NO_MATCH,,0
ATM250209AOGQZT,,NO_MATCH,,0
TXN250209XW0OZQ,,NO_MATCH,,0
ATM250209VFELCR,CDR202600025935,RECEIVER_INCOMING_ACTIVITY,55,1
TXN250209UQ1XUS,CDR202600025940,SENDER_OUTGOING_ACTIVITY,220,1
TXN250209MTIB2D,,NO_MATCH,,0
ATM250209910PGU,,NO_MATCH,,0
TXN2502092THDF9,,NO_MATCH,,0
TXN250209USZKIX,,NO_MATCH,,0
ATM2502090UJK26,,NO_MATCH,,0
TXN25020923OXT0,,NO_MATCH,,0
TXN250209SI1XG7,CDR202600025962,SENDER_OUTGOING_ACTIVITY,-365,1
ATM250209UGAQEI,CDR202600025958,RECEIVER_OUTGOING_ACTIVITY,-858,1
ATM25020920BQ82,CDR202600025972,SENDER_OUTGOING_ACTIVITY,75,1
TXN250209EMF3I8,,NO_MATCH,,0
TXN25020931H0Y7,CDR202600025973,RECEIVER_OUTGOING_ACTIVITY,37,1
TXN250209KJZS6C,,NO_MATCH,,0
TXN250209R8Q2MV,CDR202600025983,RECEIVER_OUTGOING_ACTIVITY,499,1
TXN2502099F5O6Q,,NO_MATCH,,0
TXN250209I2R1D1,,NO_MATCH,,0
TXN250209DIIN2T,,NO_MATCH,,0
TXN250209OKY259,,NO_MATCH,,0
ATM2502095TL4BT,,NO_MATCH,,0
ATM250209S2S7JP,CDR202600025983,SENDER_INCOMING_ACTIVITY,-560,1
ATM250209NKUTW0,,NO_MATCH,,0
TXN250209BKQTBY,,NO_MATCH,,0
ATM250209KM2C9M,,NO_MATCH,,0
ATM250209RLH4FP,CDR202600026018,RECEIVER_INCOMING_ACTIVITY,526,1
TXN2502096MH4QF,CDR202600026025,RECEIVER_INCOMING_ACTIVITY,641,1
TXN250209F0MJN1,,NO_MATCH,,0
TXN2502093JMNSQ,,NO_MATCH,,0
ATM250209YA89MV,,NO_MATCH,,0
TXN2502094J6F8U,CDR202600026022,RECEIVER_INCOMING_ACTIVITY,9,1
TXN250209H4BQ5R,,NO_MATCH,,0
ATM2502097M2L66,,NO_MATCH,,0
TXN25020958E5WP,,NO_MATCH,,0
TXN25020907OFXR,,NO_MATCH,,0
ATM250209FHZG5M,,NO_MATCH,,0
ATM250209OFKWER,,NO_MATCH,,0
ATM250209FYYLZE,,NO_MATCH,,0
ATM250209D60JVC,,NO_MATCH,,0
TXN2502098XNAQP,,NO_MATCH,,0
ATM2502095B2Y3S,,NO_MATCH,,0
ATM250209JPLCPY,,NO_MATCH,,0
TXN250209ZZY2M8,,NO_MATCH,,0
TXN2502090O7QMT,,NO_MATCH,,0
ATM250209BE9RBI,,NO_MATCH,,0
ATM250209XYNSZP,,NO_MATCH,,0
TXN25020911AQAS,,NO_MATCH,,0
TXN2502095IV7B4,,NO_MATCH,,0
TXN2502090QXVQ7,,NO_MATCH,,0
TXN2502090L2JC9,,NO_MATCH,,0
TXN250209T2R5BP,,NO_MATCH,,0
ATM2502093PALM9,,NO_MATCH,,0
TXN250209ZJMTX0,,NO_MATCH,,0
TXN250209W30LPM,,NO_MATCH,,0
TXN2502099FRCMR,CDR202600026101,RECEIVER_OUTGOING_ACTIVITY,205,1
TXN25020956IX8N,,NO_MATCH,,0
ATM250209MS4HF1,CDR202600026114,RECEIVER_OUTGOING_ACTIVITY,598,1
ATM250209XRIQY6,CDR202600026116,SENDER_INCOMING_ACTIVITY,516,1
TXN250209WC85B8,,NO_MATCH,,0
TXN2502098Q42VK,,NO_MATCH,,0
ATM250209TTTSUF,,NO_MATCH,,0
TXN250209Q30KLV,,NO_MATCH,,0
TXN2502095HHZQU,,NO_MATCH,,0
TXN250209V3PFCQ,,NO_MATCH,,0
ATM2502091BHIFV,CDR202600026124,SENDER_OUTGOING_ACTIVITY,808,1
ATM2502094XQDKY,,NO_MATCH,,0
TXN250209J5U1L2,,NO_MATCH,,0
ATM250209JF8YHA,,NO_MATCH,,0
ATM250209B70ES8,,NO_MATCH,,0
TXN2502094OAO06,,NO_MATCH,,0
TXN250209F60CMA,,NO_MATCH,,0
ATM25020911I3XH,,NO_MATCH,,0
TXN250209Q73EG5,CDR202600026129,RECEIVER_OUTGOING_ACTIVITY,-26,1
TXN250209CKUSLH,CDR202600026123,SENDER_OUTGOING_ACTIVITY,-806,1
TXN250209H0I7QW,CDR202600026133,SENDER_OUTGOING_ACTIVITY,-171,1
TXN250209BLOIG1,,NO_MATCH,,0
TXN250209S53FOE,,NO_MATCH,,0
TXN250209JUE9YK,,NO_MATCH,,0
TXN250209L0RN6K,,NO_MATCH,,0
TXN250209F6TP8T,CDR202600026143,RECEIVER_INCOMING_ACTIVITY,79,1
TXN2502097YT0TP,,NO_MATCH,,0
TXN250209652VMS,,NO_MATCH,,0
ATM250209LTECMJ,,NO_MATCH,,0
ATM250209S7PFJY,CDR202600026155,SENDER_INCOMING_ACTIVITY,101,1
TXN250209RJYOO1,CDR202600026165,SENDER_OUTGOING_ACTIVITY,712,1
TXN250209XUX3Y4,,NO_MATCH,,0
TXN250209FT9LZ8,,NO_MATCH,,0
ATM2502099HPX42,,NO_MATCH,,0
TXN2502098NW1HL,,NO_MATCH,,0
TXN250209KMNE6K,CDR202600026183,SENDER_INCOMING_ACTIVITY,626,1
TXN250209OK1TDE,,NO_MATCH,,0
TXN250209Z7AI5S,CDR202600026186,SENDER_INCOMING_ACTIVITY,602,1
TXN2502096NKAR9,,NO_MATCH,,0
TXN2502095S22SR,CDR202600026174,SENDER_OUTGOING_ACTIVITY,-658,1
ATM250209M2BU1X,,NO_MATCH,,0
ATM2502099P6Z03,CDR202600026178,RECEIVER_INCOMING_ACTIVITY,-797,1
ATM25020927FNO8,,NO_MATCH,,0
TXN250209LPSRUK,,NO_MATCH,,0
ATM250209STMANI,,NO_MATCH,,0
TXN250209N0LO9K,,NO_MATCH,,0
TXN250209W9GB4I,CDR202600026212,SENDER_INCOMING_ACTIVITY,413,1
TXN250209RX7WGE,,NO_MATCH,,0
ATM2502098EHOVV,CDR202600026219,SENDER_OUTGOING_ACTIVITY,432,1
ATM250209U0SVE9,,NO_MATCH,,0
ATM250209M7FN3U,,NO_MATCH,,0
ATM250209N11KMH,,NO_MATCH,,0
ATM250209HQ5VVW,CDR202600026220,SENDER_INCOMING_ACTIVITY,-313,1
ATM250209DYG7DY,,NO_MATCH,,0
TXN250209R753DJ,,NO_MATCH,,0
ATM250209ETY32M,,NO_MATCH,,0
TXN250209VV62BS,,NO_MATCH,,0
ATM250209Q0AUO1,,NO_MATCH,,0
ATM250209VD9HFB,,NO_MATCH,,0
TXN250209UXPYYD,,NO_MATCH,,0
TXN250209P3UUP5,,NO_MATCH,,0
TXN250209QBWW8E,CDR202600026247,SENDER_OUTGOING_ACTIVITY,504,1
TXN250209GCVLQX,,NO_MATCH,,0
TXN250209H38VFR,,NO_MATCH,,0
ATM2502093JKU3W,,NO_MATCH,,0
TXN2502095C680P,,NO_MATCH,,0
TXN250209VY67DY,,NO_MATCH,,0
TXN250209LOLVUS,CDR202600026270,SENDER_INCOMING_ACTIVITY,583,1
ATM250209VMAE62,,NO_MATCH,,0
ATM25020995SA6J,CDR202600026291,RECEIVER_OUTGOING_ACTIVITY,836,1
TXN250209UY56UX,,NO_MATCH,,0
TXN2502094E8UE9,,NO_MATCH,,0
ATM250209US72H7,,NO_MATCH,,0
ATM250209BM6157,,NO_MATCH,,0
ATM250209LXRPGC,,NO_MATCH,,0
TXN250209EHW3AH,CDR202600026314,RECEIVER_OUTGOING_ACTIVITY,752,1
TXN25020950AD3R,,NO_MATCH,,0
ATM250209VH73C1,,NO_MATCH,,0
ATM250209RTRK2W,,NO_MATCH,,0
ATM250209GTT2BS,,NO_MATCH,,0
TXN2502094CVWHW,,NO_MATCH,,0
ATM25020992PWBM,,NO_MATCH,,0
TXN250209U81QLP,,NO_MATCH,,0
ATM250209JA5XHQ,,NO_MATCH,,0
ATM250209ALROCQ,CDR202600026337,RECEIVER_OUTGOING_ACTIVITY,759,1
ATM250209ETJ81J,,NO_MATCH,,0
ATM250209OVOS3C,,NO_MATCH,,0
ATM250209Y8AANR,,NO_MATCH,,0
TXN250209FTL4MU,,NO_MATCH,,0
ATM25020921LB9E,,NO_MATCH,,0
ATM250209K3CZXD,,NO_MATCH,,0
ATM250209ZULVGU,,NO_MATCH,,0
TXN250209EHCANK,,NO_MATCH,,0
ATM2502099R5G7K,,NO_MATCH,,0
ATM250209A4NVB7,,NO_MATCH,,0
ATM250209Q75DNU,,NO_MATCH,,0
ATM250209V3FQJS,CDR202600026377,RECEIVER_INCOMING_ACTIVITY,-508,1
ATM250209WSGSRL,,NO_MATCH,,0
TXN250209149WGX,CDR202600026385,SENDER_INCOMING_ACTIVITY,-76,1
TXN250209PYQ410,,NO_MATCH,,0
ATM250209SRFYU6,,NO_MATCH,,0
TXN250209BD40XK,,NO_MATCH,,0
TXN250209YLGRLP,,NO_MATCH,,0
TXN250209CAGQ5P,,NO_MATCH,,0
TXN2502097DRO7D,,NO_MATCH,,0
ATM250209HEXF2P,CDR202600060497,SENDER_OUTGOING_ACTIVITY,-540,1
TXN2502096ZUP0O,,NO_MATCH,,0
TXN25020913BT7E,,NO_MATCH,,0
TXN250209XHC898,,NO_MATCH,,0
ATM250209UO8T1H,,NO_MATCH,,0
TXN250209IKFVYQ,,NO_MATCH,,0
ATM250209KG9IOL,CDR202600026446,RECEIVER_OUTGOING_ACTIVITY,769,1
TXN250209MKCRPR,,NO_MATCH,,0
TXN2502099DKR2U,,NO_MATCH,,0
ATM250209F38XCP,,NO_MATCH,,0
TXN250209Y64R7H,,NO_MATCH,,0
ATM250209EA1AQZ,,NO_MATCH,,0
TXN250209AVEK74,,NO_MATCH,,0
TXN250209VV3ODX,,NO_MATCH,,0
ATM250209DBTM75,,NO_MATCH,,0
TXN2502091N47CG,,NO_MATCH,,0
TXN250209H8XXCS,,NO_MATCH,,0
TXN250209OVNVCL,,NO_MATCH,,0
TXN250209A1BAQC,,NO_MATCH,,0
ATM2502097V78HC,,NO_MATCH,,0
TXN2502097NWYQV,,NO_MATCH,,0
ATM25020987EC6C,,NO_MATCH,,0
TXN2502096MX9I4,,NO_MATCH,,0
ATM250209D5RYO2,,NO_MATCH,,0
TXN250209SQG1K9,,NO_MATCH,,0
TXN250209FUGX2I,,NO_MATCH,,0
TXN25020959S086,,NO_MATCH,,0
TXN2502096TXTPJ,,NO_MATCH,,0
TXN250209QI9Z81,,NO_MATCH,,0
ATM250209UL8QXJ,,NO_MATCH,,0
ATM250210VY6LC8,,NO_MATCH,,0
TXN250210XCWBKB,,NO_MATCH,,0
ATM250210D8BGYV,,NO_MATCH,,0
ATM2502100PUBVL,,NO_MATCH,,0
TXN250210ACLSY4,,NO_MATCH,,0
TXN250210Y7A0ZE,,NO_MATCH,,0
TXN250210WMNA5E,,NO_MATCH,,0
TXN250210DLITWB,CDR202600026527,SENDER_INCOMING_ACTIVITY,-68,1
TXN250210JJE27L,,NO_MATCH,,0
TXN250210HH7R64,,NO_MATCH,,0
TXN2502103WJI8V,CDR202600026529,SENDER_OUTGOING_ACTIVITY,-798,1
TXN250210L2LU7X,,NO_MATCH,,0
TXN2502100PME6U,,NO_MATCH,,0
ATM250210NV9PZP,,NO_MATCH,,0
TXN250210FUDALI,CDR202600026546,RECEIVER_OUTGOING_ACTIVITY,608,1
TXN2502100RLB93,,NO_MATCH,,0
ATM250210R6GUPW,CDR202600060031,SENDER_OUTGOING_ACTIVITY,-420,1
TXN250210AWNYNX,,NO_MATCH,,0
ATM250210GJ3K9L,,NO_MATCH,,0
TXN250210IXZNEJ,,NO_MATCH,,0
ATM250210JSXFAP,,NO_MATCH,,0
TXN250210MVUWIL,,NO_MATCH,,0
ATM250210S5E9F8,,NO_MATCH,,0
TXN2502103DGR9K,,NO_MATCH,,0
TXN250210N593LG,,NO_MATCH,,0
ATM25021039DRLR,CDR202600026585,RECEIVER_OUTGOING_ACTIVITY,397,1
TXN250210A46KZ6,,NO_MATCH,,0
TXN250210BVVGEN,,NO_MATCH,,0
ATM250210OB0BWJ,CDR202600026592,RECEIVER_OUTGOING_ACTIVITY,417,1
ATM25021093AMDQ,,NO_MATCH,,0
TXN250210MJ7XSG,,NO_MATCH,,0
TXN250210N9WKAG,,NO_MATCH,,0
TXN250210S2TFEJ,,NO_MATCH,,0
TXN250210T9FE7J,,NO_MATCH,,0
ATM2502106F9WOI,,NO_MATCH,,0
TXN2502102LOBYJ,,NO_MATCH,,0
TXN250210VOF2NC,,NO_MATCH,,0
TXN250210MQQXBZ,,NO_MATCH,,0
ATM250210G17C09,,NO_MATCH,,0
TXN250210KH4O25,,NO_MATCH,,0
TXN250210JWWWO9,,NO_MATCH,,0
TXN250210JGMGL2,,NO_MATCH,,0
TXN250210DBAX37,,NO_MATCH,,0
ATM250210YYX31U,,NO_MATCH,,0
TXN250210NEJAMX,,NO_MATCH,,0
TXN250210SDAJA5,CDR202600026620,SENDER_OUTGOING_ACTIVITY,-490,1
ATM250210D9M0M2,CDR202600026620,RECEIVER_OUTGOING_ACTIVITY,-532,1
TXN250210BLIOUQ,,NO_MATCH,,0
ATM250210C0FKV5,CDR202600026640,RECEIVER_OUTGOING_ACTIVITY,565,1
TXN250210V79QLW,,NO_MATCH,,0
TXN250210KY41LT,,NO_MATCH,,0
TXN250210FJLAX4,,NO_MATCH,,0
ATM250210JPNF8P,,NO_MATCH,,0
TXN250210P5WK5C,,NO_MATCH,,0
TXN250210I373C7,,NO_MATCH,,0
ATM250210LADRQF,,NO_MATCH,,0
ATM2502104T2IZ1,CDR202600026643,RECEIVER_INCOMING_ACTIVITY,-898,1
TXN2502101Y9653,,NO_MATCH,,0
ATM250210TEGQRK,,NO_MATCH,,0
TXN2502102VQACD,CDR202600026653,SENDER_INCOMING_ACTIVITY,-615,1
TXN250210RLML34,,NO_MATCH,,0
TXN250210RMLXSB,,NO_MATCH,,0
TXN250210K7IRG6,,NO_MATCH,,0
TXN250210U29Q8C,CDR202600026683,RECEIVER_OUTGOING_ACTIVITY,763,1
TXN250210ABJQMV,,NO_MATCH,,0
TXN250210QS4EM7,,NO_MATCH,,0
TXN250210JZ29HL,CDR202600026666,RECEIVER_OUTGOING_ACTIVITY,-793,1
ATM2502108FP821,,NO_MATCH,,0
TXN250210CY1G9W,,NO_MATCH,,0
TXN25021062UU78,,NO_MATCH,,0
ATM25021043MJ6R,,NO_MATCH,,0
ATM250210YQ8DT5,CDR202600026697,SENDER_OUTGOING_ACTIVITY,475,1
ATM250210AH2PPN,,NO_MATCH,,0
TXN250210Q908SZ,,NO_MATCH,,0
TXN250210YDVHFX,,NO_MATCH,,0
ATM250210W1HFQD,,NO_MATCH,,0
ATM250210TNIBTM,,NO_MATCH,,0
TXN250210LU1VT6,,NO_MATCH,,0
ATM250210W70QKI,CDR202600060260,SENDER_OUTGOING_ACTIVITY,-420,1
TXN2502109JN7VH,CDR202600026708,SENDER_INCOMING_ACTIVITY,302,1
ATM250210NCPNDQ,,NO_MATCH,,0
ATM2502108RZI0D,,NO_MATCH,,0
TXN2502104T4X5S,CDR202600026712,SENDER_INCOMING_ACTIVITY,-58,1
TXN2502108U3QS5,,NO_MATCH,,0
ATM250210WCEJD9,CDR202600026736,SENDER_INCOMING_ACTIVITY,414,1
TXN250210AW5RT1,,NO_MATCH,,0
TXN250210FOJ1HS,,NO_MATCH,,0
TXN250210Y5SG27,,NO_MATCH,,0
ATM250210QG1XKQ,CDR202600026759,RECEIVER_INCOMING_ACTIVITY,725,1
TXN250210OFIMI6,,NO_MATCH,,0
ATM2502103C506X,,NO_MATCH,,0
ATM2502105JPZLF,CDR202600026750,SENDER_INCOMING_ACTIVITY,-178,1
TXN250210Z98A2X,CDR202600026741,SENDER_INCOMING_ACTIVITY,-407,1
ATM250210B38L1X,,NO_MATCH,,0
ATM2502109FVKG5,,NO_MATCH,,0
TXN250210C2ZYFC,,NO_MATCH,,0
ATM2502108H2EWW,,NO_MATCH,,0
TXN2502102NI5H0,CDR202600026781,SENDER_OUTGOING_ACTIVITY,404,1
TXN250210S1VMMP,,NO_MATCH,,0
TXN250210F3U2RE,CDR202600026769,RECEIVER_OUTGOING_ACTIVITY,-428,1
TXN250210NCZPMF,CDR202600026781,SENDER_OUTGOING_ACTIVITY,-103,1
TXN2502107DR3VB,CDR202600026782,SENDER_OUTGOING_ACTIVITY,-118,1
TXN2502102C2GC7,,NO_MATCH,,0
ATM2502104GZTIJ,CDR202600026799,SENDER_INCOMING_ACTIVITY,312,1
ATM250210MAXHSB,,NO_MATCH,,0
ATM25021029DKKM,,NO_MATCH,,0
ATM250210LXKVDZ,,NO_MATCH,,0
ATM2502100FQFWD,,NO_MATCH,,0
TXN250210LMOK06,,NO_MATCH,,0
TXN250210939CAB,,NO_MATCH,,0
TXN250210UQ9E0I,,NO_MATCH,,0
TXN250210PDVSPR,,NO_MATCH,,0
TXN250210S6WO8P,,NO_MATCH,,0
TXN250210WSQ6CS,CDR202600026840,RECEIVER_INCOMING_ACTIVITY,626,1
TXN250210NE4CT0,,NO_MATCH,,0
TXN2502103CF62N,,NO_MATCH,,0
TXN25021015KCN3,CDR202600026847,SENDER_OUTGOING_ACTIVITY,671,1
ATM250210IIF6JS,,NO_MATCH,,0
TXN250210NCIRM6,,NO_MATCH,,0
TXN250210HIH68L,,NO_MATCH,,0
ATM250210CQY47W,,NO_MATCH,,0
ATM250210IHI2MM,,NO_MATCH,,0
TXN250210B2H2A0,,NO_MATCH,,0
ATM250210PHEWLI,,NO_MATCH,,0
ATM2502100X9HT6,,NO_MATCH,,0
TXN250210LYL25M,,NO_MATCH,,0
ATM250210CU040J,CDR202600026850,SENDER_INCOMING_ACTIVITY,-260,1
TXN2502104A93ZY,CDR202600026849,SENDER_INCOMING_ACTIVITY,-433,1
TXN250210H224UG,,NO_MATCH,,0
TXN2502105C4I4L,,NO_MATCH,,0
TXN250210VFIJEZ,,NO_MATCH,,0
TXN250210DOESF6,,NO_MATCH,,0
ATM250210QD9L04,CDR202600026873,SENDER_OUTGOING_ACTIVITY,727,1
ATM250210ZNTF7N,,NO_MATCH,,0
ATM2502107SPRY9,,NO_MATCH,,0
TXN25021093576W,CDR202600026872,SENDER_INCOMING_ACTIVITY,-320,1
TXN250210M97PBB,CDR202600026883,SENDER_INCOMING_ACTIVITY,399,1
TXN25021065D56B,,NO_MATCH,,0
ATM250210D0WV8D,,NO_MATCH,,0
ATM250210HFU73C,,NO_MATCH,,0
ATM2502103BI2NA,,NO_MATCH,,0
ATM250210KQ1A85,,NO_MATCH,,0
TXN250210CCNXXW,CDR202600026907,RECEIVER_INCOMING_ACTIVITY,613,1
TXN250210OVLKYB,,NO_MATCH,,0
ATM250210V9ISN4,,NO_MATCH,,0
ATM250210PN8G7Q,,NO_MATCH,,0
TXN250210NFIKX3,,NO_MATCH,,0
TXN250210DSSJ1F,,NO_MATCH,,0
TXN250210NMMXK5,,NO_MATCH,,0
ATM250210RYSUVB,,NO_MATCH,,0
TXN250210V2FYT0,,NO_MATCH,,0
ATM250210JTLL1S,,NO_MATCH,,0
TXN250210A5CR53,,NO_MATCH,,0
ATM250210H4NRCF,,NO_MATCH,,0
TXN250210NNN4QK,,NO_MATCH,,0
TXN250210Y6GE2U,,NO_MATCH,,0
TXN250210J1T3PH,,NO_MATCH,,0
TXN25021041INWB,,NO_MATCH,,0
TXN2502102TBMN2,,NO_MATCH,,0
TXN2502102Q6WOZ,,NO_MATCH,,0
ATM250210U89654,,NO_MATCH,,0
TXN250210QOSOTW,,NO_MATCH,,0
ATM250210DGMHPI,CDR202600026952,RECEIVER_OUTGOING_ACTIVITY,-247,1
TXN250210TE171U,,NO_MATCH,,0
ATM250210EEA8Z5,,NO_MATCH,,0
TXN250210E3KJSW,,NO_MATCH,,0
ATM250210KFXOBY,,NO_MATCH,,0
ATM250210NCG5P9,CDR202600026988,SENDER_OUTGOING_ACTIVITY,807,1
ATM2502103ILQX6,,NO_MATCH,,0
ATM250210EZXYS8,,NO_MATCH,,0
TXN250210B4R9M4,,NO_MATCH,,0
TXN250210Z58KO7,,NO_MATCH,,0
TXN250210T91KQD,,NO_MATCH,,0
TXN250210K1RNYC,,NO_MATCH,,0
TXN2502106VHI1D,CDR202600026991,SENDER_OUTGOING_ACTIVITY,-640,1
ATM2502103VFT48,,NO_MATCH,,0
TXN250210NKE433,CDR202600027023,SENDER_INCOMING_ACTIVITY,-301,1
ATM2502104127H4,,NO_MATCH,,0
ATM250210UZFG23,,NO_MATCH,,0
TXN250210X71F7E,,NO_MATCH,,0
ATM250210MVWCC2,,NO_MATCH,,0
TXN250210IC69RH,,NO_MATCH,,0
TXN25021021FHAC,CDR202600027048,SENDER_INCOMING_ACTIVITY,-336,1
ATM250210NAN2S5,,NO_MATCH,,0
ATM250210ADNFRV,,NO_MATCH,,0
TXN250210UCO8PM,,NO_MATCH,,0
TXN2502100F5SXQ,,NO_MATCH,,0
TXN2502103ZPLKU,,NO_MATCH,,0
ATM25021063ZWHG,CDR202600027073,RECEIVER_OUTGOING_ACTIVITY,722,1
ATM250210PCRPIH,,NO_MATCH,,0
TXN250210UWM11D,,NO_MATCH,,0
TXN250210JJB980,CDR202600027074,SENDER_INCOMING_ACTIVITY,-40,1
ATM25021089MHQX,,NO_MATCH,,0
TXN250210MV43HC,,NO_MATCH,,0
TXN25021058YD6L,,NO_MATCH,,0
TXN250210N8OTAC,,NO_MATCH,,0
TXN250210BH93U2,CDR202600027085,RECEIVER_INCOMING_ACTIVITY,226,1
TXN2502103QQZFG,CDR202600027082,RECEIVER_OUTGOING_ACTIVITY,-110,1
ATM250210JDKIFR,,NO_MATCH,,0
TXN25021039PWAJ,,NO_MATCH,,0
ATM250210KJM3C2,,NO_MATCH,,0
TXN2502109MNJHL,,NO_MATCH,,0
TXN250210RV7175,CDR202600027098,SENDER_OUTGOING_ACTIVITY,-14,1
TXN250210UY5BDJ,,NO_MATCH,,0
TXN250210MRHX75,,NO_MATCH,,0
TXN250210UIZB9B,,NO_MATCH,,0
TXN250210CMU08H,,NO_MATCH,,0
ATM250210GFYSGN,,NO_MATCH,,0
TXN250210AKC7VX,,NO_MATCH,,0
TXN250210Z5V0CJ,,NO_MATCH,,0
TXN250210LNY1XS,,NO_MATCH,,0
TXN250210XBDUN8,,NO_MATCH,,0
TXN250210R8NL6A,,NO_MATCH,,0
TXN250210IKVSVO,,NO_MATCH,,0
TXN250210OVE8M8,CDR202600027127,RECEIVER_INCOMING_ACTIVITY,406,1
TXN250210V9OK4R,,NO_MATCH,,0
TXN250210UJK652,,NO_MATCH,,0
TXN250210RGKUOK,,NO_MATCH,,0
TXN250210356P3S,,NO_MATCH,,0
TXN250210Q02C9W,,NO_MATCH,,0
TXN2502106QUJFN,,NO_MATCH,,0
TXN2502105QX1BN,,NO_MATCH,,0
ATM250210534XW0,CDR202600027135,SENDER_INCOMING_ACTIVITY,17,1
ATM250210M8ZNQE,,NO_MATCH,,0
ATM2502107Z4GQ3,,NO_MATCH,,0
ATM250210PJCWUA,,NO_MATCH,,0
TXN2502106QX2FZ,,NO_MATCH,,0
TXN2502100426EM,,NO_MATCH,,0
ATM250211MKTV2L,,NO_MATCH,,0
TXN250211WP1PIN,,NO_MATCH,,0
TXN250211ZKZK1E,,NO_MATCH,,0
ATM250211MBPTAN,,NO_MATCH,,0
TXN250211X944R4,,NO_MATCH,,0
ATM250211Y2FD30,,NO_MATCH,,0
TXN250211BVPL2K,,NO_MATCH,,0
TXN250211VFUZLD,CDR202600027176,SENDER_INCOMING_ACTIVITY,-364,1
TXN250211HKA2BD,,NO_MATCH,,0
ATM250211Z86U09,,NO_MATCH,,0
TXN250211W54JDT,,NO_MATCH,,0
TXN250211BTTLR4,,NO_MATCH,,0
TXN2502115CZFNO,,NO_MATCH,,0
ATM250211ITBAL2,,NO_MATCH,,0
TXN250211F5JL0U,,NO_MATCH,,0
ATM250211NKMLZ8,,NO_MATCH,,0
ATM2502116FP3R4,,NO_MATCH,,0
TXN250211713S9I,CDR202600027203,SENDER_INCOMING_ACTIVITY,388,1
TXN250211WAUWBL,,NO_MATCH,,0
TXN250211IBWGA7,,NO_MATCH,,0
ATM250211N3QJ1S,,NO_MATCH,,0
TXN250211ZNT9BK,,NO_MATCH,,0
ATM2502114NEQKY,CDR202600060411,RECEIVER_OUTGOING_ACTIVITY,-380,1
TXN250211T229D6,,NO_MATCH,,0
TXN250211FOV09B,,NO_MATCH,,0
ATM250211YKVXL6,,NO_MATCH,,0
TXN250211SBG7IT,,NO_MATCH,,0
TXN250211841OF2,,NO_MATCH,,0
TXN250211MMSW1F,,NO_MATCH,,0
TXN250211JXAK56,,NO_MATCH,,0
ATM250211RQSOJU,CDR202600027245,RECEIVER_INCOMING_ACTIVITY,423,1
TXN250211CJNOPG,CDR202600027235,RECEIVER_INCOMING_ACTIVITY,-815,1
TXN250211ZK31Q4,CDR202600027253,SENDER_INCOMING_ACTIVITY,766,1
ATM2502114CK2EJ,,NO_MATCH,,0
ATM250211FGAM4Y,,NO_MATCH,,0
ATM250211K67E8V,,NO_MATCH,,0
TXN2502113ZTTVW,,NO_MATCH,,0
TXN250211SOHSIQ,,NO_MATCH,,0
TXN250211ARX60O,,NO_MATCH,,0
ATM250211931LVB,,NO_MATCH,,0
TXN250211EZOG2J,,NO_MATCH,,0
TXN250211BOJBB7,,NO_MATCH,,0
TXN250211W6U307,,NO_MATCH,,0
TXN250211GY3DDV,,NO_MATCH,,0
ATM250211D10RAT,,NO_MATCH,,0
TXN250211DHNZJJ,,NO_MATCH,,0
TXN250211ZRVW8Z,,NO_MATCH,,0
TXN250211HFMF0O,,NO_MATCH,,0
TXN250211AS79HW,,NO_MATCH,,0
TXN2502117MW4KA,,NO_MATCH,,0
TXN250211FB938N,,NO_MATCH,,0
TXN250211YWXVD5,,NO_MATCH,,0
ATM250211HXETLB,,NO_MATCH,,0
TXN250211SECKR8,,NO_MATCH,,0
ATM250211FCKC6K,CDR202600027300,SENDER_OUTGOING_ACTIVITY,-813,1
TXN250211LJY5WL,CDR202600027310,SENDER_INCOMING_ACTIVITY,-38,1
TXN250211W5CSAT,CDR202600027327,RECEIVER_OUTGOING_ACTIVITY,312,1
TXN250211B5MZT2,CDR202600027338,RECEIVER_OUTGOING_ACTIVITY,706,1
ATM250211GNVGV2,,NO_MATCH,,0
TXN250211G7CWOA,CDR202600027340,RECEIVER_INCOMING_ACTIVITY,76,1
TXN250211VGJQ1K,,NO_MATCH,,0
ATM250211QN1XMV,,NO_MATCH,,0
TXN250211YB8GFD,,NO_MATCH,,0
TXN250211LMX6TE,,NO_MATCH,,0
TXN250211G9SCRH,CDR202600027337,SENDER_OUTGOING_ACTIVITY,-597,1
ATM250211Z7LEB3,,NO_MATCH,,0
TXN250211VYLQ86,,NO_MATCH,,0
ATM250211UFOQ5B,,NO_MATCH,,0
TXN250211FV7348,,NO_MATCH,,0
TXN250211MBKHZP,,NO_MATCH,,0
ATM250211EEZ4O8,,NO_MATCH,,0
TXN2502113TZWAN,CDR202600027357,RECEIVER_INCOMING_ACTIVITY,-371,1
TXN250211Q6JLZP,,NO_MATCH,,0
ATM250211DFTK39,CDR202600027357,RECEIVER_OUTGOING_ACTIVITY,-874,1
ATM250211MOEYTZ,,NO_MATCH,,0
TXN2502111PWY12,,NO_MATCH,,0
TXN250211JPSBNU,,NO_MATCH,,0
TXN25021129W8DW,,NO_MATCH,,0
TXN250211QGOSIN,,NO_MATCH,,0
TXN250211JAYGBT,,NO_MATCH,,0
TXN250211B42CYH,,NO_MATCH,,0
TXN250211Z183YA,,NO_MATCH,,0
ATM2502115DJYOI,,NO_MATCH,,0
TXN2502114CD1A9,,NO_MATCH,,0
TXN250211CKUPFR,,NO_MATCH,,0
ATM2502116Q4NZ8,CDR202600027415,SENDER_OUTGOING_ACTIVITY,230,1
ATM2502111I5973,,NO_MATCH,,0
TXN250211X209S4,,NO_MATCH,,0
ATM2502112V1O3Q,,NO_MATCH,,0
TXN250211XPMCYS,,NO_MATCH,,0
ATM250211K638HP,CDR202600027419,RECEIVER_OUTGOING_ACTIVITY,-281,1
TXN2502119XTIH2,,NO_MATCH,,0
ATM2502110PGWB3,CDR202600027429,SENDER_INCOMING_ACTIVITY,-131,1
TXN250211IILT18,,NO_MATCH,,0
ATM250211HJDX1T,,NO_MATCH,,0
TXN250211C4Y5ML,,NO_MATCH,,0
TXN250211MA8PLS,CDR202600027443,SENDER_INCOMING_ACTIVITY,100,1
ATM250211QIO08Z,,NO_MATCH,,0
TXN2502117ST0DQ,CDR202600027426,SENDER_INCOMING_ACTIVITY,-861,1
ATM2502114JYV7I,,NO_MATCH,,0
TXN250211UYWB2M,,NO_MATCH,,0
TXN2502113M3DK1,,NO_MATCH,,0
TXN250211J82CVF,,NO_MATCH,,0
ATM25021154BQUI,,NO_MATCH,,0
ATM250211IVRBWB,CDR202600027457,RECEIVER_OUTGOING_ACTIVITY,126,1
TXN250211W1W2F8,CDR202600027461,SENDER_OUTGOING_ACTIVITY,263,1
TXN250211O630U8,,NO_MATCH,,0
TXN250211OS06Q6,,NO_MATCH,,0
TXN250211YIA44G,,NO_MATCH,,0
TXN250211Z6AQSU,CDR202600027460,RECEIVER_OUTGOING_ACTIVITY,-450,1
TXN250211K3NNZK,CDR202600027479,RECEIVER_OUTGOING_ACTIVITY,376,1
ATM250211T5P0LY,,NO_MATCH,,0
TXN2502111ALMPM,,NO_MATCH,,0
TXN250211UCI2R0,,NO_MATCH,,0
TXN250211PDUHR8,,NO_MATCH,,0
ATM250211G3WA2K,CDR202600027477,SENDER_OUTGOING_ACTIVITY,-560,1
TXN2502112Q1F8H,,NO_MATCH,,0
ATM25021187B9YQ,,NO_MATCH,,0
ATM250211HPVQ2G,,NO_MATCH,,0
TXN2502118OASIE,,NO_MATCH,,0
ATM250211QUSPRW,,NO_MATCH,,0
ATM250211695RNF,,NO_MATCH,,0
TXN250211FLG6VU,,NO_MATCH,,0
TXN250211XNAWUD,CDR202600027518,RECEIVER_INCOMING_ACTIVITY,654,1
TXN250211U8A31Q,,NO_MATCH,,0
ATM250211VLE7VV,,NO_MATCH,,0
ATM250211TEB9K6,,NO_MATCH,,0
TXN250211MCMJ1K,,NO_MATCH,,0
ATM2502113HWH6Y,,NO_MATCH,,0
TXN250211WTMY2I,CDR202600027534,RECEIVER_OUTGOING_ACTIVITY,839,1
TXN250211KU2YC0,,NO_MATCH,,0
TXN250211G1OB78,,NO_MATCH,,0
ATM2502113UFQUN,,NO_MATCH,,0
TXN250211ZJ447Z,,NO_MATCH,,0
TXN2502110KUM7N,,NO_MATCH,,0
TXN250211R1M5CQ,,NO_MATCH,,0
ATM250211BH19CG,,NO_MATCH,,0
TXN2502115W4WRO,CDR202600027563,RECEIVER_OUTGOING_ACTIVITY,856,1
ATM250211XF3HUO,,NO_MATCH,,0
TXN250211FSLCEG,,NO_MATCH,,0
TXN2502112TJX40,,NO_MATCH,,0
TXN250211A19D6B,CDR202600027571,SENDER_INCOMING_ACTIVITY,545,1
TXN250211266IB6,,NO_MATCH,,0
TXN25021162F7W7,CDR202600027578,SENDER_OUTGOING_ACTIVITY,811,1
TXN250211B57NXE,,NO_MATCH,,0
TXN250211AW4QT2,CDR202600027574,SENDER_OUTGOING_ACTIVITY,-9,1
TXN250211BXSW1Y,,NO_MATCH,,0
TXN250211XLTPGP,,NO_MATCH,,0
ATM25021148LWU0,,NO_MATCH,,0
TXN250211V8JELE,,NO_MATCH,,0
TXN250211S338V7,,NO_MATCH,,0
ATM2502117B5MDG,,NO_MATCH,,0
TXN2502118V6ZS8,,NO_MATCH,,0
ATM25021194ACMK,CDR202600027585,SENDER_OUTGOING_ACTIVITY,-783,1
ATM250211QBHK2A,,NO_MATCH,,0
ATM250211V7EF0F,,NO_MATCH,,0
ATM2502111PCPR7,,NO_MATCH,,0
ATM250211Z4BX0T,,NO_MATCH,,0
TXN250211XW9IIE,,NO_MATCH,,0
TXN250211TRQ2JB,,NO_MATCH,,0
TXN250211SMZ5VR,,NO_MATCH,,0
TXN250211ESSWJH,,NO_MATCH,,0
TXN250211FKUPC9,CDR202600027627,RECEIVER_INCOMING_ACTIVITY,639,1
TXN2502110MR2RL,,NO_MATCH,,0
TXN2502117SU026,,NO_MATCH,,0
TXN250211HD87PJ,CDR202600027627,RECEIVER_INCOMING_ACTIVITY,99,1
TXN250211M5NBSK,,NO_MATCH,,0
ATM250211PU5HHU,,NO_MATCH,,0
TXN2502119L5KW1,CDR202600027627,RECEIVER_INCOMING_ACTIVITY,-621,1
TXN250211WTSUSH,CDR202600027627,RECEIVER_INCOMING_ACTIVITY,-741,1
TXN250211H07DCS,,NO_MATCH,,0
ATM250211Q03M4C,,NO_MATCH,,0
TXN250211S78MAR,,NO_MATCH,,0
TXN250211GHFZIL,,NO_MATCH,,0
TXN250211Y048C3,,NO_MATCH,,0
TXN250211DB5OOW,,NO_MATCH,,0
ATM2502114R0NQ6,,NO_MATCH,,0
TXN2502114TLT55,,NO_MATCH,,0
ATM250211DM6OLQ,,NO_MATCH,,0
ATM250211GLI9YN,,NO_MATCH,,0
TXN250211E0CUNR,,NO_MATCH,,0
ATM2502118SQMF3,,NO_MATCH,,0
TXN250211IXUET6,,NO_MATCH,,0
TXN250211BT4KLH,,NO_MATCH,,0
ATM250211G6D22Y,,NO_MATCH,,0
TXN250211PI39PM,,NO_MATCH,,0
TXN250211GB6RI0,,NO_MATCH,,0
TXN2502117XCUGI,,NO_MATCH,,0
TXN250211CBFIVZ,,NO_MATCH,,0
TXN2502113FI7TX,,NO_MATCH,,0
TXN250211X2M85Y,,NO_MATCH,,0
TXN250211JNDR7T,,NO_MATCH,,0
TXN250211JZOE5N,,NO_MATCH,,0
ATM250211Q9P1M8,,NO_MATCH,,0
TXN250211E05LBA,,NO_MATCH,,0
TXN250211330SJV,,NO_MATCH,,0
ATM2502118FXQ1C,,NO_MATCH,,0
TXN250211SFWE3R,,NO_MATCH,,0
TXN250211F4E6HQ,,NO_MATCH,,0
TXN250211SDFLE6,,NO_MATCH,,0
TXN250211Q035LA,,NO_MATCH,,0
ATM2502113H47VL,,NO_MATCH,,0
TXN250211Z23BQV,,NO_MATCH,,0
TXN250211EAWJ3B,,NO_MATCH,,0
ATM250211FHG97V,,NO_MATCH,,0
ATM250211JZ4XND,,NO_MATCH,,0
TXN25021121TCJ6,CDR202600027741,SENDER_INCOMING_ACTIVITY,-818,1
TXN250211MMD089,,NO_MATCH,,0
ATM250211NE0IYK,,NO_MATCH,,0
TXN250211CTAPNI,,NO_MATCH,,0
TXN250211QJI5MX,,NO_MATCH,,0
TXN2502116QQY24,,NO_MATCH,,0
TXN25021137D9TF,,NO_MATCH,,0
TXN250211HAD0LQ,,NO_MATCH,,0
TXN250211IHMWSP,,NO_MATCH,,0
TXN2502111B4TCX,,NO_MATCH,,0
TXN2502112843Z5,,NO_MATCH,,0
ATM2502113CFALF,,NO_MATCH,,0
TXN2502112B88V8,,NO_MATCH,,0
TXN25021163SU03,CDR202600060509,SENDER_OUTGOING_ACTIVITY,-120,1
TXN250211N2MSUQ,,NO_MATCH,,0
TXN250211WQ80LW,,NO_MATCH,,0
ATM250211RBPO5W,,NO_MATCH,,0
TXN250211Q24Z0K,CDR202600027790,RECEIVER_INCOMING_ACTIVITY,685,1
ATM250211OBRHWI,CDR202600027787,SENDER_OUTGOING_ACTIVITY,-315,1
TXN250211O678PW,,NO_MATCH,,0
TXN2502111QD1B6,,NO_MATCH,,0
TXN250211ROPKAH,,NO_MATCH,,0
ATM250211MF24L8,,NO_MATCH,,0
TXN250211O464CM,,NO_MATCH,,0
TXN250211SR4WDY,,NO_MATCH,,0
TXN250211B261KH,,NO_MATCH,,0
ATM2502114C8Q2N,,NO_MATCH,,0
TXN250211NYJ70V,,NO_MATCH,,0
TXN2502115BAYW0,,NO_MATCH,,0
TXN2502110ID74R,,NO_MATCH,,0
TXN250211189A84,,NO_MATCH,,0
TXN250211WUTDGZ,,NO_MATCH,,0
ATM2502117OQCJ5,,NO_MATCH,,0
TXN25021198S35A,,NO_MATCH,,0
TXN2502129QY037,,NO_MATCH,,0
TXN2502125VZWN3,,NO_MATCH,,0
TXN250212LRGOM1,,NO_MATCH,,0
TXN2502125Q3YCV,,NO_MATCH,,0
TXN250212UBCYYM,,NO_MATCH,,0
TXN250212YK2QA4,,NO_MATCH,,0
ATM250212YBYSB5,,NO_MATCH,,0
ATM2502128I6QM8,,NO_MATCH,,0
TXN250212552GOZ,,NO_MATCH,,0
TXN250212ITNDB3,,NO_MATCH,,0
TXN250212BCGXK6,,NO_MATCH,,0
TXN250212I8QTKJ,,NO_MATCH,,0
TXN250212C2HGKR,,NO_MATCH,,0
TXN250212TOIKE2,,NO_MATCH,,0
TXN250212XU34C4,,NO_MATCH,,0
TXN250212THIWNJ,,NO_MATCH,,0
ATM250212Q8IJ9O,,NO_MATCH,,0
ATM2502129TCGWD,CDR202600027859,RECEIVER_INCOMING_ACTIVITY,232,1
TXN250212QC35GT,CDR202600027856,RECEIVER_INCOMING_ACTIVITY,30,1
TXN250212HTXM6O,,NO_MATCH,,0
TXN250212TLIOFR,,NO_MATCH,,0
TXN250212JMEGC3,,NO_MATCH,,0
ATM250212ZL59AT,,NO_MATCH,,0
TXN250212SQDN69,,NO_MATCH,,0
TXN250212DTXAM0,,NO_MATCH,,0
TXN250212CBC68Z,,NO_MATCH,,0
TXN25021247WC8Q,,NO_MATCH,,0
ATM250212ZI1QMZ,,NO_MATCH,,0
TXN2502129IOXSN,,NO_MATCH,,0
ATM250212LWXP0T,CDR202600027865,SENDER_OUTGOING_ACTIVITY,-317,1
TXN2502127DALB9,,NO_MATCH,,0
ATM250212QGEHK1,,NO_MATCH,,0
ATM2502125I75PF,CDR202600027879,SENDER_INCOMING_ACTIVITY,1,1
TXN250212HYOVEM,,NO_MATCH,,0
TXN2502124HH4FR,,NO_MATCH,,0
TXN250212PWD3MZ,,NO_MATCH,,0
TXN250212C2IIAU,,NO_MATCH,,0
ATM250212EH14HJ,,NO_MATCH,,0
ATM250212C7219C,,NO_MATCH,,0
TXN2502125K45SI,,NO_MATCH,,0
TXN250212EAEXPJ,,NO_MATCH,,0
ATM250212UWEWJQ,,NO_MATCH,,0
ATM2502124XVYXO,,NO_MATCH,,0
TXN250212G3RFBW,,NO_MATCH,,0
ATM25021243HEPT,CDR202600027947,SENDER_INCOMING_ACTIVITY,461,1
TXN2502129BVC4Z,,NO_MATCH,,0
ATM250212H8XYZP,,NO_MATCH,,0
TXN250212Z81PXR,,NO_MATCH,,0
TXN250212SCUPHX,,NO_MATCH,,0
ATM250212D8Q396,,NO_MATCH,,0
TXN2502121KWT6A,,NO_MATCH,,0
ATM250212BEQH4Y,,NO_MATCH,,0
TXN250212RSQW46,,NO_MATCH,,0
ATM250212YI3NCY,,NO_MATCH,,0
TXN250212FP57R6,CDR202600027981,SENDER_OUTGOING_ACTIVITY,721,1
TXN250212N0GS8X,,NO_MATCH,,0
TXN250212YLP4GT,,NO_MATCH,,0
TXN250212UO2OI3,,NO_MATCH,,0
TXN2502121DVO04,,NO_MATCH,,0
ATM250212KMEAII,,NO_MATCH,,0
TXN250212E0RAUR,CDR202600027986,RECEIVER_INCOMING_ACTIVITY,437,1
TXN250212BCULQI,,NO_MATCH,,0
ATM250212Z2BR2G,,NO_MATCH,,0
TXN250212GFE18R,,NO_MATCH,,0
TXN250212OHFTI5,,NO_MATCH,,0
TXN250212CU72JG,,NO_MATCH,,0
ATM250212HITCDO,,NO_MATCH,,0
TXN250212YQH73F,CDR202600027987,RECEIVER_INCOMING_ACTIVITY,-200,1
TXN250212WWKZ7N,,NO_MATCH,,0
TXN250212AK1P8F,,NO_MATCH,,0
ATM250212VXUTMZ,,NO_MATCH,,0
TXN250212QY9F2W,,NO_MATCH,,0
TXN250212IQWNQ8,CDR202600028001,RECEIVER_INCOMING_ACTIVITY,256,1
TXN250212IFDURR,,NO_MATCH,,0
TXN2502129A3DIT,,NO_MATCH,,0
TXN250212CUJD01,,NO_MATCH,,0
TXN250212H9C2SX,CDR202600028006,RECEIVER_OUTGOING_ACTIVITY,143,1
ATM250212SX4J0V,,NO_MATCH,,0
ATM250212562ERG,,NO_MATCH,,0
ATM250212GU3QKJ,CDR202600028008,RECEIVER_INCOMING_ACTIVITY,319,1
TXN250212OCBKAD,,NO_MATCH,,0
TXN250212PTA7NY,,NO_MATCH,,0
ATM2502123YB7CN,,NO_MATCH,,0
TXN250212CWEH9E,,NO_MATCH,,0
TXN250212VGFD8W,,NO_MATCH,,0
ATM250212TU8LQJ,CDR202600028021,RECEIVER_INCOMING_ACTIVITY,94,1
TXN2502129RKN63,,NO_MATCH,,0
TXN2502127522VD,,NO_MATCH,,0
TXN250212EUI2Q6,,NO_MATCH,,0
TXN250212D0Z93D,,NO_MATCH,,0
TXN25021237NOXM,CDR202600028027,RECEIVER_INCOMING_ACTIVITY,-491,1
TXN25021248PILL,,NO_MATCH,,0
ATM250212NO4ZLE,,NO_MATCH,,0
TXN250212U6VMPT,CDR202600028061,SENDER_INCOMING_ACTIVITY,476,1
ATM250212HV8251,,NO_MATCH,,0
TXN250212EDCP7N,CDR202600028069,SENDER_INCOMING_ACTIVITY,650,1
TXN250212TUGOJS,CDR202600028057,SENDER_INCOMING_ACTIVITY,6,1
ATM250212RSD95Q,,NO_MATCH,,0
ATM250212SDHVDM,,NO_MATCH,,0
TXN2502128ZYJC1,CDR202600028051,RECEIVER_OUTGOING_ACTIVITY,-723,1
TXN2502120CVO38,,NO_MATCH,,0
TXN250212V8U4FD,CDR202600028068,RECEIVER_INCOMING_ACTIVITY,-405,1
ATM250212FFWNK0,,NO_MATCH,,0
TXN250212PRP1B4,,NO_MATCH,,0
ATM2502126WK08Q,,NO_MATCH,,0
ATM250212I9BGQE,,NO_MATCH,,0
ATM25021206OFZE,CDR202600028077,RECEIVER_INCOMING_ACTIVITY,-410,1
TXN2502125LLBQX,,NO_MATCH,,0
TXN250212OSKRPW,,NO_MATCH,,0
ATM25021266O5N1,CDR202600028086,RECEIVER_OUTGOING_ACTIVITY,76,1
ATM250212QS7H1Z,,NO_MATCH,,0
ATM250212EKUFFT,CDR202600028090,SENDER_OUTGOING_ACTIVITY,-271,1
TXN250212RTMNOE,,NO_MATCH,,0
TXN250212OZCNV7,CDR202600028111,RECEIVER_OUTGOING_ACTIVITY,486,1
TXN2502127XHUHH,,NO_MATCH,,0
TXN250212IRMN7P,,NO_MATCH,,0
ATM2502122T7XX2,,NO_MATCH,,0
ATM250212F0JTCQ,,NO_MATCH,,0
ATM250212B314EV,CDR202600028108,RECEIVER_OUTGOING_ACTIVITY,-514,1
TXN250212DT4B1F,CDR202600028104,RECEIVER_OUTGOING_ACTIVITY,-712,1
TXN250212VL7X74,,NO_MATCH,,0
ATM250212T4UW1Z,,NO_MATCH,,0
TXN250212CU9DAH,CDR202600028125,SENDER_INCOMING_ACTIVITY,-116,1
TXN2502122U4QME,,NO_MATCH,,0
ATM250212OCSBL5,,NO_MATCH,,0
TXN250212U2IFIB,,NO_MATCH,,0
TXN250212GV1VZ3,,NO_MATCH,,0
TXN250212JU2T0U,CDR202600060127,SENDER_OUTGOING_ACTIVITY,-360,1
TXN250212EQRQOM,,NO_MATCH,,0
TXN25021264YI7F,,NO_MATCH,,0
TXN2502121XNHMH,,NO_MATCH,,0
TXN250212N0NWY3,,NO_MATCH,,0
ATM250212RW10PR,,NO_MATCH,,0
TXN250212KHAAEV,CDR202600028155,SENDER_OUTGOING_ACTIVITY,388,1
ATM250212W09S9T,,NO_MATCH,,0
TXN250212VQTX9J,,NO_MATCH,,0
TXN250212VFBWD1,CDR202600028154,RECEIVER_INCOMING_ACTIVITY,-594,1
ATM250212BIV72G,,NO_MATCH,,0
TXN2502122R35SB,,NO_MATCH,,0
TXN2502127EZQO2,,NO_MATCH,,0
TXN250212NJ3XCA,,NO_MATCH,,0
ATM250212ESJO1R,,NO_MATCH,,0
TXN2502124C1LMF,,NO_MATCH,,0
ATM2502124EO8K7,,NO_MATCH,,0
TXN250212GVF0Q0,CDR202600028175,SENDER_OUTGOING_ACTIVITY,-839,1
ATM2502125CQW8E,CDR202600028188,SENDER_INCOMING_ACTIVITY,-324,1
TXN2502127VLCHN,CDR202600028206,SENDER_INCOMING_ACTIVITY,59,1
TXN250212IY3HRV,,NO_MATCH,,0
TXN250212PDVK9Z,,NO_MATCH,,0
TXN250212UE976Y,,NO_MATCH,,0
TXN250212U9CA3H,,NO_MATCH,,0
ATM250212T3GLAH,,NO_MATCH,,0
TXN250212CIYEL6,CDR202600028209,SENDER_OUTGOING_ACTIVITY,-276,1
TXN2502124LC677,,NO_MATCH,,0
ATM250212QMLWXX,,NO_MATCH,,0
ATM250212CVNW9O,,NO_MATCH,,0
ATM25021269LAAL,,NO_MATCH,,0
TXN250212RK6V13,,NO_MATCH,,0
ATM2502124U6B1D,,NO_MATCH,,0
TXN250212556FL2,,NO_MATCH,,0
TXN2502121J03F2,,NO_MATCH,,0
ATM250212NOA6KJ,,NO_MATCH,,0
TXN250212NJ0YF1,,NO_MATCH,,0
TXN250212LIUE6J,,NO_MATCH,,0
TXN250212RTPBMY,,NO_MATCH,,0
TXN2502128T0I2E,,NO_MATCH,,0
ATM250212EF3H2M,,NO_MATCH,,0
TXN250212PPFESD,CDR202600028254,RECEIVER_INCOMING_ACTIVITY,539,1
TXN250212NCIKCD,CDR202600028247,RECEIVER_INCOMING_ACTIVITY,49,1
ATM250212W0734F,,NO_MATCH,,0
TXN250212KE1GBG,,NO_MATCH,,0
TXN2502120TSZH0,,NO_MATCH,,0
ATM250212N1VLYV,CDR202600028265,SENDER_INCOMING_ACTIVITY,95,1
TXN250212O7IJVH,,NO_MATCH,,0
ATM250212WW8DP5,,NO_MATCH,,0
TXN250212KHJ5KV,,NO_MATCH,,0
TXN250212UC6XBT,,NO_MATCH,,0
TXN250212QH7NXW,,NO_MATCH,,0
TXN250212Q2N5WA,,NO_MATCH,,0
TXN250212WBCC1U,,NO_MATCH,,0
TXN2502127Y2DN5,,NO_MATCH,,0
TXN250212GF1MDJ,,NO_MATCH,,0
TXN2502127SOMVQ,CDR202600028295,SENDER_OUTGOING_ACTIVITY,254,1
ATM250212VZZIPP,,NO_MATCH,,0
ATM250212WERA6W,CDR202600028283,RECEIVER_INCOMING_ACTIVITY,-586,1
TXN250212O9D8IM,,NO_MATCH,,0
TXN2502123J6PD9,,NO_MATCH,,0
ATM250212V7795P,,NO_MATCH,,0
TXN250212G4P2AZ,CDR202600028303,SENDER_INCOMING_ACTIVITY,-15,1
TXN250212HXT2GR,,NO_MATCH,,0
TXN2502121EGZ01,,NO_MATCH,,0
ATM250212YZMP8K,,NO_MATCH,,0
TXN250212BJ2DVZ,,NO_MATCH,,0
ATM250212W1TR9F,,NO_MATCH,,0
ATM250212SSCE37,,NO_MATCH,,0
TXN250212Q6IWTI,CDR202600028318,RECEIVER_OUTGOING_ACTIVITY,-157,1
TXN250212UO8PXH,,NO_MATCH,,0
ATM250212NKH0O6,CDR202600028330,SENDER_INCOMING_ACTIVITY,-177,1
TXN250212UQ78TV,,NO_MATCH,,0
TXN250212K2S9KR,CDR202600028343,SENDER_OUTGOING_ACTIVITY,202,1
ATM250212OB8LAM,,NO_MATCH,,0
TXN2502126XPW3P,,NO_MATCH,,0
TXN2502126WCP6W,,NO_MATCH,,0
TXN250212B8JIG2,,NO_MATCH,,0
ATM250212X7KD7B,,NO_MATCH,,0
ATM250212QFC9QA,,NO_MATCH,,0
TXN250212TGQCPJ,,NO_MATCH,,0
TXN2502122607H4,,NO_MATCH,,0
TXN2502126P1GTI,,NO_MATCH,,0
TXN250212TQSZIL,CDR202600028355,SENDER_INCOMING_ACTIVITY,-231,1
TXN250212WP3ILK,,NO_MATCH,,0
ATM250212V9S7B7,CDR202600028356,SENDER_INCOMING_ACTIVITY,-792,1
TXN250212NZNKTW,,NO_MATCH,,0
TXN250212EQFZH0,,NO_MATCH,,0
TXN250212KWCQY1,,NO_MATCH,,0
TXN250212SDR38D,,NO_MATCH,,0
ATM25021276JYXQ,,NO_MATCH,,0
TXN250212GAEFJZ,CDR202600028371,SENDER_INCOMING_ACTIVITY,429,1
TXN250212SDSC8W,,NO_MATCH,,0
ATM2502127UE0D4,,NO_MATCH,,0
ATM250212M9M8BW,,NO_MATCH,,0
ATM250212L0XFJ3,,NO_MATCH,,0
TXN2502129WKV7C,,NO_MATCH,,0
TXN250212QEGHHH,,NO_MATCH,,0
ATM250212TTL2CN,,NO_MATCH,,0
ATM250212XV0KRW,,NO_MATCH,,0
TXN250212KI276N,,NO_MATCH,,0
TXN250212ZP5OE7,,NO_MATCH,,0
TXN250212AH8VW8,,NO_MATCH,,0
TXN250212I8AAW3,,NO_MATCH,,0
ATM250212GAU2NB,CDR202600028412,SENDER_OUTGOING_ACTIVITY,-140,1
TXN250212W6GGNR,,NO_MATCH,,0
TXN250212MNTZI8,,NO_MATCH,,0
TXN250212AP4C02,,NO_MATCH,,0
TXN250212HLV1OC,,NO_MATCH,,0
ATM250212Z6VKXM,,NO_MATCH,,0
TXN250212WMK0WQ,,NO_MATCH,,0
ATM2502120ATA64,,NO_MATCH,,0
TXN250212JWV59H,,NO_MATCH,,0
ATM250212E2G8D8,,NO_MATCH,,0
TXN2502127K174Z,,NO_MATCH,,0
ATM2502123U7AH6,,NO_MATCH,,0
ATM250212UEGANW,,NO_MATCH,,0
ATM250212UD1WF6,,NO_MATCH,,0
ATM250212XUPCA9,,NO_MATCH,,0
TXN2502122IJ4NP,,NO_MATCH,,0
TXN250212C6YFM1,,NO_MATCH,,0
TXN250212MO8876,,NO_MATCH,,0
TXN250212E94ATK,,NO_MATCH,,0
TXN250212N8MNQG,,NO_MATCH,,0
TXN25021213LMKZ,,NO_MATCH,,0
TXN250212GADST7,,NO_MATCH,,0
ATM250212CWQUPU,,NO_MATCH,,0
ATM250212XF81EZ,,NO_MATCH,,0
TXN250212J7V63B,,NO_MATCH,,0
ATM250212RYS19Z,,NO_MATCH,,0
TXN2502131U2CLI,,NO_MATCH,,0
ATM250213RZ8CTD,,NO_MATCH,,0
TXN250213PQ21XZ,,NO_MATCH,,0
TXN250213SXPCMK,,NO_MATCH,,0
TXN250213DUR2M1,,NO_MATCH,,0
TXN2502139VSAJ3,,NO_MATCH,,0
TXN250213ED0WVN,,NO_MATCH,,0
ATM250213Q6IKQ3,,NO_MATCH,,0
ATM250213BVM86I,,NO_MATCH,,0
ATM250213Y6WMC3,,NO_MATCH,,0
TXN250213H0M0OO,,NO_MATCH,,0
ATM250213SR1BLK,,NO_MATCH,,0
TXN2502135AERFR,,NO_MATCH,,0
TXN250213ZFEP1Y,,NO_MATCH,,0
ATM2502133SFBR3,CDR202600028519,SENDER_INCOMING_ACTIVITY,807,1
TXN250213CSXAPW,,NO_MATCH,,0
ATM250213SQ2UQK,,NO_MATCH,,0
ATM250213H7ALEE,CDR202600028530,RECEIVER_OUTGOING_ACTIVITY,160,1
TXN250213A1MYR4,,NO_MATCH,,0
TXN250213DXR97O,,NO_MATCH,,0
ATM2502135RA7BO,,NO_MATCH,,0
ATM250213HN7J2U,CDR202600028563,RECEIVER_OUTGOING_ACTIVITY,380,1
ATM250213G7E2Q8,,NO_MATCH,,0
TXN2502130CA1EE,,NO_MATCH,,0
ATM250213DVYWR3,CDR202600028563,RECEIVER_OUTGOING_ACTIVITY,80,1
ATM250213C0K8M0,,NO_MATCH,,0
ATM2502138JY88N,CDR202600028563,RECEIVER_OUTGOING_ACTIVITY,-100,1
ATM250213Z8ZMW4,CDR202600028563,RECEIVER_OUTGOING_ACTIVITY,-160,1
TXN250213GU7M1E,,NO_MATCH,,0
TXN25021307JBIE,,NO_MATCH,,0
TXN250213V5CI4F,,NO_MATCH,,0
TXN2502132BQ5AE,,NO_MATCH,,0
TXN2502136E6KMN,,NO_MATCH,,0
TXN250213V8DK8X,,NO_MATCH,,0
TXN25021355AAXM,,NO_MATCH,,0
TXN250213UCNZLQ,CDR202600028587,SENDER_INCOMING_ACTIVITY,772,1
ATM2502133ANV5A,,NO_MATCH,,0
ATM250213BUFLGD,,NO_MATCH,,0
ATM2502137R1C5E,,NO_MATCH,,0
TXN250213V4A945,CDR202600028602,RECEIVER_OUTGOING_ACTIVITY,882,1
TXN250213CL1AYK,,NO_MATCH,,0
ATM25021322X1UV,,NO_MATCH,,0
TXN250213HRKSYI,CDR202600028602,RECEIVER_OUTGOING_ACTIVITY,102,1
TXN250213LT8QXP,CDR202600028602,RECEIVER_OUTGOING_ACTIVITY,-78,1
TXN25021305PQ5W,CDR202600028602,RECEIVER_OUTGOING_ACTIVITY,-378,1
TXN250213WJNWOO,,NO_MATCH,,0
ATM250213APXJCX,,NO_MATCH,,0
ATM250213FAS3RE,,NO_MATCH,,0
TXN2502132ER4P0,CDR202600028628,SENDER_OUTGOING_ACTIVITY,870,1
ATM250213BVRCGD,,NO_MATCH,,0
TXN250213VDPH2I,,NO_MATCH,,0
ATM250213DLGZDE,,NO_MATCH,,0
TXN2502136XG5NA,CDR202600028626,RECEIVER_OUTGOING_ACTIVITY,-343,1
TXN250213F289OE,,NO_MATCH,,0
TXN25021331SLTP,,NO_MATCH,,0
ATM250213WOSQIP,,NO_MATCH,,0
TXN250213LADD03,CDR202600028640,SENDER_OUTGOING_ACTIVITY,-313,1
TXN250213K0RGQL,CDR202600028640,RECEIVER_OUTGOING_ACTIVITY,-315,1
ATM250213WKK7TF,,NO_MATCH,,0
TXN250213OC2QFY,,NO_MATCH,,0
TXN2502135SPJ2B,,NO_MATCH,,0
TXN250213A0ZWPI,,NO_MATCH,,0
TXN250213DQ4AZ5,,NO_MATCH,,0
ATM250213X6HKIG,,NO_MATCH,,0
ATM250213W4LBCX,CDR202600028678,SENDER_OUTGOING_ACTIVITY,283,1
ATM250213TVMXM8,,NO_MATCH,,0
TXN250213G6X4E2,,NO_MATCH,,0
TXN250213RPSZS8,,NO_MATCH,,0
TXN250213J3CGAU,,NO_MATCH,,0
ATM250213DC9Z1W,,NO_MATCH,,0
ATM250213YB8V7S,,NO_MATCH,,0
TXN2502133O0VTS,,NO_MATCH,,0
ATM250213GGLUJP,,NO_MATCH,,0
TXN250213X60NNS,,NO_MATCH,,0
TXN25021336LWUF,CDR202600028689,RECEIVER_OUTGOING_ACTIVITY,-158,1
TXN2502133WBGME,,NO_MATCH,,0
TXN2502139V31E6,,NO_MATCH,,0
TXN250213OK7PDE,CDR202600028705,SENDER_INCOMING_ACTIVITY,401,1
TXN2502130QRYJ6,,NO_MATCH,,0
ATM250213S9XS8Q,,NO_MATCH,,0
ATM250213466LFI,CDR202600028704,RECEIVER_INCOMING_ACTIVITY,-282,1
TXN2502135ESL7L,CDR202600028718,RECEIVER_OUTGOING_ACTIVITY,199,1
TXN250213DJJ6L5,,NO_MATCH,,0
TXN250213NYM2TM,,NO_MATCH,,0
TXN2502134QRR8G,CDR202600028705,SENDER_INCOMING_ACTIVITY,-759,1
TXN2502134VG2SX,,NO_MATCH,,0
TXN2502137VY0T2,,NO_MATCH,,0
TXN250213GXX7YH,,NO_MATCH,,0
TXN250213YAN0V0,CDR202600028716,RECEIVER_INCOMING_ACTIVITY,-889,1
ATM2502139RZL0W,CDR202600028746,SENDER_OUTGOING_ACTIVITY,535,1
ATM2502134VF1RZ,CDR202600028743,SENDER_INCOMING_ACTIVITY,303,1
TXN250213DQVKEV,,NO_MATCH,,0
TXN2502136RVUJI,,NO_MATCH,,0
TXN250213TZ8QTQ,,NO_MATCH,,0
TXN25021345WQ3C,,NO_MATCH,,0
TXN250213JXF28Z,,NO_MATCH,,0
ATM250213PJQVF2,,NO_MATCH,,0
TXN250213NLSMC7,CDR202600028777,RECEIVER_INCOMING_ACTIVITY,790,1
TXN2502132RUXRG,,NO_MATCH,,0
ATM250213P85D8E,CDR202600028774,RECEIVER_OUTGOING_ACTIVITY,-113,1
ATM250213WQRUWF,,NO_MATCH,,0
TXN250213KRCYOQ,,NO_MATCH,,0
TXN2502130L9A1K,,NO_MATCH,,0
TXN250213VFK42F,,NO_MATCH,,0
TXN25021308MA92,,NO_MATCH,,0
TXN250213EC23KP,CDR202600028792,SENDER_INCOMING_ACTIVITY,372,1
TXN2502133I4D1E,,NO_MATCH,,0
ATM250213Y2ZUQ1,,NO_MATCH,,0
TXN250213MMMOCR,,NO_MATCH,,0
TXN250213251PQS,,NO_MATCH,,0
TXN2502134HVT6N,,NO_MATCH,,0
TXN250213CQCJYZ,,NO_MATCH,,0
TXN250213KAIRY7,,NO_MATCH,,0
TXN250213287RTV,,NO_MATCH,,0
ATM250213N1RSYG,CDR202600028811,SENDER_OUTGOING_ACTIVITY,36,1
TXN2502137JXWDK,,NO_MATCH,,0
TXN250213E5DF1H,,NO_MATCH,,0
TXN250213I42Q5P,CDR202600028823,RECEIVER_OUTGOING_ACTIVITY,189,1
TXN250213UO5V5H,CDR202600028805,SENDER_INCOMING_ACTIVITY,-619,1
ATM250213OEJ09M,CDR202600028833,SENDER_OUTGOING_ACTIVITY,871,1
TXN25021371OSC8,,NO_MATCH,,0
ATM25021365RD4L,CDR202600028836,RECEIVER_OUTGOING_ACTIVITY,784,1
TXN250213QOVVBJ,CDR202600028814,SENDER_OUTGOING_ACTIVITY,-643,1
TXN250213DOGD6V,,NO_MATCH,,0
TXN250213VC0HS4,CDR202600028829,RECEIVER_OUTGOING_ACTIVITY,-439,1
ATM250213DK0ICR,CDR202600028842,RECEIVER_OUTGOING_ACTIVITY,195,1
ATM250213N0VGA2,CDR202600028855,SENDER_OUTGOING_ACTIVITY,747,1
ATM250213DX4OLO,,NO_MATCH,,0
ATM250213OC4L2V,CDR202600028846,RECEIVER_OUTGOING_ACTIVITY,-397,1
ATM2502132MUBCL,,NO_MATCH,,0
TXN250213CXZPC8,,NO_MATCH,,0
ATM250213PC4AEG,,NO_MATCH,,0
TXN250213W0WTSO,,NO_MATCH,,0
TXN250213653ER1,CDR202600028870,SENDER_OUTGOING_ACTIVITY,-121,1
ATM250213F25X7Y,,NO_MATCH,,0
TXN2502135MIWAY,,NO_MATCH,,0
TXN250213A3GE99,,NO_MATCH,,0
TXN2502131VL7X7,,NO_MATCH,,0
ATM250213OWPZUD,,NO_MATCH,,0
ATM250213Y3DDM8,CDR202600028877,RECEIVER_INCOMING_ACTIVITY,-711,1
TXN250213WDU04A,CDR202600028886,RECEIVER_OUTGOING_ACTIVITY,-221,1
TXN250213JEI20N,,NO_MATCH,,0
ATM250213H6OXI4,,NO_MATCH,,0
ATM2502137LNX9K,,NO_MATCH,,0
TXN250213GK0YCX,CDR202600028900,RECEIVER_INCOMING_ACTIVITY,466,1
TXN250213PBGTK3,,NO_MATCH,,0
TXN250213T4FW31,,NO_MATCH,,0
TXN250213FME45R,,NO_MATCH,,0
ATM250213PBNFTG,CDR202600028892,RECEIVER_INCOMING_ACTIVITY,-425,1
ATM2502139X4B2C,,NO_MATCH,,0
TXN250213YOAFIO,,NO_MATCH,,0
TXN25021329F3CS,,NO_MATCH,,0
TXN2502131N55EN,,NO_MATCH,,0
TXN2502136QOWXP,,NO_MATCH,,0
TXN250213YPDKO5,,NO_MATCH,,0
ATM250213JLC4KY,CDR202600028968,SENDER_OUTGOING_ACTIVITY,382,1
TXN2502136UPPP8,,NO_MATCH,,0
TXN250213TTBMC6,,NO_MATCH,,0
TXN250213E5X12T,,NO_MATCH,,0
TXN250213BEM0ID,,NO_MATCH,,0
TXN250213D3GKQG,,NO_MATCH,,0
ATM250213V164E0,,NO_MATCH,,0
TXN250213QBZ120,,NO_MATCH,,0
TXN250213K2HPJ2,,NO_MATCH,,0
TXN250213UJG57M,,NO_MATCH,,0
ATM2502137N4ISC,,NO_MATCH,,0
ATM2502139XDIA7,,NO_MATCH,,0
ATM2502137WSQW5,CDR202600029001,SENDER_INCOMING_ACTIVITY,-452,1
TXN250213IKJE5L,CDR202600029002,RECEIVER_INCOMING_ACTIVITY,-898,1
ATM250213G2QT9S,CDR202600029025,SENDER_INCOMING_ACTIVITY,727,1
TXN250213WCUKHG,,NO_MATCH,,0
ATM250213YA2E2A,,NO_MATCH,,0
ATM250213S8DQ32,,NO_MATCH,,0
TXN250213NOPABK,,NO_MATCH,,0
TXN250213E7UWK6,,NO_MATCH,,0
TXN250213CH0PT6,,NO_MATCH,,0
TXN250213FJFRG3,,NO_MATCH,,0
ATM250213CXVVEA,,NO_MATCH,,0
TXN2502136JATAJ,,NO_MATCH,,0
TXN250213E8EAKD,,NO_MATCH,,0
TXN250213QF6RJ9,,NO_MATCH,,0
ATM250213Y3G08P,,NO_MATCH,,0
ATM250213YW0F2P,,NO_MATCH,,0
ATM250213I10KFT,,NO_MATCH,,0
TXN250213QWHCVP,,NO_MATCH,,0
TXN2502139VOUOW,,NO_MATCH,,0
TXN2502136Z9Z70,,NO_MATCH,,0
TXN250213NJLAEN,,NO_MATCH,,0
TXN250213OGMVAE,,NO_MATCH,,0
TXN250213RWKD1T,,NO_MATCH,,0
ATM250213JDVTL8,CDR202600029077,SENDER_INCOMING_ACTIVITY,364,1
TXN250213H4RI1V,CDR202600029080,SENDER_OUTGOING_ACTIVITY,231,1
ATM2502131QNG02,,NO_MATCH,,0
TXN250213ZM9T1S,,NO_MATCH,,0
TXN25021382WP9P,,NO_MATCH,,0
TXN250213F77RQQ,,NO_MATCH,,0
ATM2502139XZ3TP,,NO_MATCH,,0
TXN250213W0CFWS,,NO_MATCH,,0
TXN250213I7YSGW,,NO_MATCH,,0
ATM250213IFLT6K,,NO_MATCH,,0
TXN250213ZSKIO9,,NO_MATCH,,0
TXN250213I4MJTZ,,NO_MATCH,,0
ATM2502133RBE2T,,NO_MATCH,,0
TXN250213N5KLA5,,NO_MATCH,,0
ATM250213YAEFF1,,NO_MATCH,,0
ATM250213UH2O6B,,NO_MATCH,,0
ATM250213KXWGZP,CDR202600029114,SENDER_INCOMING_ACTIVITY,-80,1
TXN2502133G0QEF,,NO_MATCH,,0
TXN250213P01UW9,,NO_MATCH,,0
TXN2502135EGHSZ,CDR202600029122,RECEIVER_OUTGOING_ACTIVITY,195,1
TXN2502135IY2TW,,NO_MATCH,,0
ATM250213NO9T5D,,NO_MATCH,,0
ATM250213CX0PGB,,NO_MATCH,,0
ATM2502133VBA3M,,NO_MATCH,,0
ATM25021397DBNR,,NO_MATCH,,0
TXN250213W1ZKY8,,NO_MATCH,,0
ATM250213B06RMZ,,NO_MATCH,,0
TXN2502135R1VVB,,NO_MATCH,,0
TXN250213VVEMJG,,NO_MATCH,,0
TXN250213E0YTZJ,,NO_MATCH,,0
TXN2502134L0C4X,,NO_MATCH,,0
ATM250213Z2TFC4,,NO_MATCH,,0
TXN25021393SNYQ,,NO_MATCH,,0
TXN250213CD28AX,,NO_MATCH,,0
TXN250213Z41X8R,,NO_MATCH,,0
ATM250213N61HGT,,NO_MATCH,,0
TXN250213H4PHG6,,NO_MATCH,,0
ATM2502135P2WMJ,,NO_MATCH,,0
TXN2502137L7DC1,,NO_MATCH,,0
TXN250213VHHEF0,,NO_MATCH,,0
TXN250213WCXQKA,,NO_MATCH,,0
TXN25021344BRND,,NO_MATCH,,0
TXN250213UO90GC,,NO_MATCH,,0
ATM2502139UOSP3,,NO_MATCH,,0
TXN250214IV3NRS,,NO_MATCH,,0
TXN250214R0DDGS,,NO_MATCH,,0
TXN250214BQWIBF,,NO_MATCH,,0
TXN2502147QXCJC,,NO_MATCH,,0
TXN250214UKUHDK,,NO_MATCH,,0
TXN2502140XYA21,,NO_MATCH,,0
ATM2502145MZ9VX,,NO_MATCH,,0
ATM250214FWJDE3,,NO_MATCH,,0
TXN250214ZPQ7RC,,NO_MATCH,,0
ATM250214KSYPWO,CDR202600029222,SENDER_INCOMING_ACTIVITY,-200,1
TXN250214FGO5RP,,NO_MATCH,,0
TXN250214BY85PU,,NO_MATCH,,0
ATM250214DWP5T8,,NO_MATCH,,0
TXN250214MW6IGF,,NO_MATCH,,0
TXN250214TMHVDC,,NO_MATCH,,0
TXN250214NAKPT7,,NO_MATCH,,0
TXN250214NPO9AU,,NO_MATCH,,0
TXN2502148EUV6F,,NO_MATCH,,0
TXN250214VSKG28,,NO_MATCH,,0
ATM250214IM29Y2,,NO_MATCH,,0
ATM250214P3V4PU,,NO_MATCH,,0
ATM250214SRPHFO,,NO_MATCH,,0
TXN25021489U0A1,CDR202600029251,SENDER_OUTGOING_ACTIVITY,-791,1
TXN250214QKXMC1,,NO_MATCH,,0
ATM250214CKN1RI,,NO_MATCH,,0
ATM25021432S7JA,CDR202600029264,SENDER_OUTGOING_ACTIVITY,-218,1
ATM250214P4N7JE,,NO_MATCH,,0
TXN250214OFBD6D,,NO_MATCH,,0
TXN2502149OI0EV,,NO_MATCH,,0
ATM250214WBZ3ZV,CDR202600029286,SENDER_OUTGOING_ACTIVITY,565,1
TXN250214XQIVNK,,NO_MATCH,,0
ATM2502140NUIG3,,NO_MATCH,,0
TXN250214SOGHDR,,NO_MATCH,,0
TXN2502145C11SJ,,NO_MATCH,,0
ATM2502141QJCGI,,NO_MATCH,,0
ATM2502142ROWYO,,NO_MATCH,,0
TXN250214WTB5E6,CDR202600029282,RECEIVER_OUTGOING_ACTIVITY,-774,1
TXN25021492RBYK,,NO_MATCH,,0
ATM250214KF2XNZ,,NO_MATCH,,0
ATM250214JYH1ZJ,,NO_MATCH,,0
TXN250214REWQOK,,NO_MATCH,,0
TXN25021436A2YX,,NO_MATCH,,0
ATM250214AAI4Y3,CDR202600029301,SENDER_OUTGOING_ACTIVITY,-524,1
TXN2502146TX6Z1,,NO_MATCH,,0
TXN2502147SPB5J,,NO_MATCH,,0
TXN2502140TDGNF,,NO_MATCH,,0
ATM250214VN4GQ7,,NO_MATCH,,0
TXN250214ANG1RP,CDR202600029309,RECEIVER_INCOMING_ACTIVITY,24,1
TXN250214TU13DX,,NO_MATCH,,0
ATM2502145E64NR,,NO_MATCH,,0
TXN2502148XL191,,NO_MATCH,,0
TXN250214HR3UX7,,NO_MATCH,,0
TXN250214IYP9X8,,NO_MATCH,,0
ATM250214PA5Q1B,CDR202600029343,RECEIVER_INCOMING_ACTIVITY,826,1
TXN2502142HUVW5,,NO_MATCH,,0
TXN2502141JZPAU,,NO_MATCH,,0
TXN250214YVI2XE,,NO_MATCH,,0
TXN250214MDNA22,,NO_MATCH,,0
TXN250214MV6UM4,,NO_MATCH,,0
TXN250214MKYKMM,,NO_MATCH,,0
TXN250214OYXI1A,,NO_MATCH,,0
TXN250214JYMNUR,,NO_MATCH,,0
ATM250214NRK2ET,,NO_MATCH,,0
ATM250214ZLMYM6,CDR202600029347,RECEIVER_OUTGOING_ACTIVITY,-875,1
ATM250214ZKQISC,,NO_MATCH,,0
TXN250214G6ADJL,,NO_MATCH,,0
ATM250214BZL5VR,,NO_MATCH,,0
TXN250214Y31S37,,NO_MATCH,,0
TXN250214T32HYJ,,NO_MATCH,,0
TXN250214R1LSV9,,NO_MATCH,,0
TXN250214FHJG11,,NO_MATCH,,0
ATM250214PFMEW6,,NO_MATCH,,0
TXN250214KJFNFB,,NO_MATCH,,0
ATM250214P1EPNA,CDR202600029375,SENDER_OUTGOING_ACTIVITY,-473,1
ATM250214OBQYM1,,NO_MATCH,,0
ATM250214SHT4J6,CDR202600029375,SENDER_OUTGOING_ACTIVITY,-533,1
TXN250214BD3F7T,,NO_MATCH,,0
TXN2502142WRANS,,NO_MATCH,,0
ATM250214KKKZFW,CDR202600029375,SENDER_OUTGOING_ACTIVITY,-773,1
TXN250214QDU84D,,NO_MATCH,,0
TXN250214F3U3Y5,,NO_MATCH,,0
ATM250214YKQNBB,CDR202600029402,RECEIVER_OUTGOING_ACTIVITY,272,1
ATM25021465EW3P,CDR202600060126,SENDER_OUTGOING_ACTIVITY,-120,1
TXN25021406F2OW,CDR202600029410,RECEIVER_OUTGOING_ACTIVITY,498,1
TXN250214JOD8NG,,NO_MATCH,,0
TXN25021426ST0S,,NO_MATCH,,0
TXN250214FHRL8O,CDR202600029402,RECEIVER_OUTGOING_ACTIVITY,-71,1
ATM250214HYWQCU,CDR202600029402,RECEIVER_OUTGOING_ACTIVITY,-328,1
ATM2502140SX9P2,CDR202600029402,RECEIVER_OUTGOING_ACTIVITY,-448,1
TXN250214P5ZUNT,,NO_MATCH,,0
TXN250214ATUBV6,,NO_MATCH,,0
TXN250214T471GY,,NO_MATCH,,0
ATM2502149HXXBW,CDR202600029435,SENDER_OUTGOING_ACTIVITY,679,1
TXN250214RTYPDO,,NO_MATCH,,0
ATM250214FD0RJ2,CDR202600029435,SENDER_OUTGOING_ACTIVITY,379,1
ATM250214ORXTMJ,,NO_MATCH,,0
TXN250214VGB2UR,CDR202600029432,SENDER_INCOMING_ACTIVITY,-14,1
TXN250214DA50KK,,NO_MATCH,,0
TXN250214ATF1AB,,NO_MATCH,,0
TXN250214QAWC0W,,NO_MATCH,,0
ATM250214VZRL83,,NO_MATCH,,0
TXN250214T9SF93,,NO_MATCH,,0
TXN250214RWM1NW,,NO_MATCH,,0
ATM250214W3OPKR,CDR202600029464,SENDER_INCOMING_ACTIVITY,426,1
ATM250214ICVEAI,CDR202600029444,RECEIVER_INCOMING_ACTIVITY,-852,1
TXN250214FBGCE2,,NO_MATCH,,0
TXN250214WWTHD3,,NO_MATCH,,0
TXN2502145SO7A3,,NO_MATCH,,0
TXN250214DUF4PP,,NO_MATCH,,0
TXN2502145ZUF9Z,CDR202600029471,RECEIVER_INCOMING_ACTIVITY,-393,1
TXN250214FMMXPV,,NO_MATCH,,0
TXN25021448AL9F,,NO_MATCH,,0
TXN250214AYON3J,,NO_MATCH,,0
ATM250214LFNP68,CDR202600029482,SENDER_INCOMING_ACTIVITY,-10,1
TXN250214ISRQL3,,NO_MATCH,,0
TXN250214E3CZXR,,NO_MATCH,,0
ATM250214B4W4WN,,NO_MATCH,,0
TXN250214M3O9V0,CDR202600029494,RECEIVER_INCOMING_ACTIVITY,551,1
ATM250214NWYBAX,,NO_MATCH,,0
ATM250214W0JLEN,,NO_MATCH,,0
ATM250214DIQRQX,CDR202600029491,SENDER_OUTGOING_ACTIVITY,-311,1
ATM2502144FWROY,,NO_MATCH,,0
ATM250214LRE6UZ,,NO_MATCH,,0
ATM250214T53IAD,,NO_MATCH,,0
ATM250214CP39DV,CDR202600029513,RECEIVER_INCOMING_ACTIVITY,628,1
TXN250214GQM0RO,,NO_MATCH,,0
TXN250214RFMRCY,,NO_MATCH,,0
ATM250214YU7DCE,,NO_MATCH,,0
TXN2502141VM86F,,NO_MATCH,,0
ATM250214S5KTE6,CDR202600029520,RECEIVER_OUTGOING_ACTIVITY,326,1
ATM250214I0COMC,CDR202600029514,SENDER_OUTGOING_ACTIVITY,-227,1
TXN25021457WTH1,,NO_MATCH,,0
TXN250214VWSCGG,,NO_MATCH,,0
ATM250214DQTAQL,,NO_MATCH,,0
TXN250214ZPPAVU,,NO_MATCH,,0
TXN250214DZ29E3,,NO_MATCH,,0
TXN250214XH8PO9,CDR202600029523,RECEIVER_INCOMING_ACTIVITY,-373,1
ATM250214Z32B6N,,NO_MATCH,,0
TXN250214QHABN3,,NO_MATCH,,0
TXN250214XCTHNO,,NO_MATCH,,0
TXN250214T03BX2,CDR202600029540,RECEIVER_OUTGOING_ACTIVITY,-644,1
TXN250214C5B1T3,,NO_MATCH,,0
ATM2502143RVEJR,,NO_MATCH,,0
TXN2502142XILQ1,,NO_MATCH,,0
ATM250214K8JO01,,NO_MATCH,,0
TXN250214C5IPDT,CDR202600029569,RECEIVER_OUTGOING_ACTIVITY,96,1
TXN2502147YYNT2,CDR202600029572,SENDER_OUTGOING_ACTIVITY,-37,1
TXN250214TON4KO,,NO_MATCH,,0
TXN250214GP57Z6,,NO_MATCH,,0
TXN250214E7ODZU,,NO_MATCH,,0
TXN250214CFQRPQ,,NO_MATCH,,0
ATM250214IEKAUA,,NO_MATCH,,0
ATM2502148TNCNP,,NO_MATCH,,0
ATM250214MUWF0N,,NO_MATCH,,0
TXN250214KOSA2R,,NO_MATCH,,0
TXN250214JW90YC,,NO_MATCH,,0
TXN25021446X91E,CDR202600029593,RECEIVER_INCOMING_ACTIVITY,-39,1
TXN250214765F02,,NO_MATCH,,0
TXN250214VGM4UW,,NO_MATCH,,0
TXN250214XGCPXC,,NO_MATCH,,0
TXN250214IGOY9C,,NO_MATCH,,0
TXN250214L7ZHA6,,NO_MATCH,,0
ATM25021466YY1M,,NO_MATCH,,0
ATM250214DPSICJ,,NO_MATCH,,0
TXN250214MTEM48,,NO_MATCH,,0
ATM250214X93T6M,CDR202600029611,RECEIVER_INCOMING_ACTIVITY,13,1
TXN250214ITKFRW,,NO_MATCH,,0
TXN250214VX5DOU,,NO_MATCH,,0
ATM250214IIOIU5,,NO_MATCH,,0
ATM250214175UI6,CDR202600029618,RECEIVER_INCOMING_ACTIVITY,-413,1
ATM250214BDXRJL,,NO_MATCH,,0
TXN250214MVTN8O,CDR202600029635,SENDER_OUTGOING_ACTIVITY,624,1
ATM2502141CCD6S,,NO_MATCH,,0
TXN250214Y1H00J,CDR202600029641,SENDER_INCOMING_ACTIVITY,159,1
ATM250214P5TS65,,NO_MATCH,,0
ATM2502148EUIJS,,NO_MATCH,,0
TXN2502144E6VP9,,NO_MATCH,,0
ATM250214APBRKQ,,NO_MATCH,,0
TXN250214Q50F5P,CDR202600060202,SENDER_OUTGOING_ACTIVITY,-300,1
TXN25021406NTL3,,NO_MATCH,,0
ATM250214GY02NM,,NO_MATCH,,0
TXN2502142230EC,,NO_MATCH,,0
TXN2502144GV0D2,,NO_MATCH,,0
ATM2502144ROMVX,,NO_MATCH,,0
TXN250214FVI2D5,,NO_MATCH,,0
ATM250214HX0Z67,,NO_MATCH,,0
ATM250214LDED73,,NO_MATCH,,0
TXN250214HPYRVC,CDR202600029695,RECEIVER_OUTGOING_ACTIVITY,675,1
TXN250214GK8J30,CDR202600029698,RECEIVER_INCOMING_ACTIVITY,855,1
TXN250214XQV0W8,,NO_MATCH,,0
TXN250214ZFB8GI,,NO_MATCH,,0
ATM250214M6EJR4,,NO_MATCH,,0
TXN250214E60OTA,CDR202600029699,RECEIVER_OUTGOING_ACTIVITY,-733,1
TXN250214YM5UUG,,NO_MATCH,,0
ATM250214XHUPOG,,NO_MATCH,,0
TXN2502146W04UW,,NO_MATCH,,0
TXN2502140LCTLU,,NO_MATCH,,0
ATM250214X9Y34N,,NO_MATCH,,0
TXN250214M4KL2S,,NO_MATCH,,0
TXN2502141XKEAQ,CDR202600029711,SENDER_OUTGOING_ACTIVITY,-463,1
TXN250214TQ2GUW,,NO_MATCH,,0
TXN250214QIQZJ8,,NO_MATCH,,0
TXN250214M1FDSQ,,NO_MATCH,,0
TXN250214O086VN,,NO_MATCH,,0
TXN2502145VV2X1,,NO_MATCH,,0
ATM250214JVW7N9,,NO_MATCH,,0
TXN250214H0JJXN,,NO_MATCH,,0
ATM250214ROZS7F,,NO_MATCH,,0
ATM250214HXOTBI,,NO_MATCH,,0
ATM250214L2N4TI,,NO_MATCH,,0
TXN250214VEI6G9,CDR202600029740,RECEIVER_INCOMING_ACTIVITY,-640,1
TXN250214420ZU0,,NO_MATCH,,0
ATM250214NNT5HP,,NO_MATCH,,0
ATM250214X4CAAV,CDR202600029755,SENDER_OUTGOING_ACTIVITY,496,1
ATM250214F0JZHH,,NO_MATCH,,0
TXN25021450NXLP,,NO_MATCH,,0
TXN250214SKR1V3,,NO_MATCH,,0
ATM2502140FJ1FV,,NO_MATCH,,0
TXN250214YFQ19B,,NO_MATCH,,0
TXN250214T11XPC,,NO_MATCH,,0
TXN250214CPYNGW,,NO_MATCH,,0
ATM250214TTZCA6,,NO_MATCH,,0
TXN250214GFZW94,CDR202600029765,RECEIVER_INCOMING_ACTIVITY,7,1
TXN2502146A124Y,,NO_MATCH,,0
TXN2502143IDQMX,,NO_MATCH,,0
TXN2502141JN7UA,,NO_MATCH,,0
TXN2502149GQM05,,NO_MATCH,,0
ATM250214HCBFPO,,NO_MATCH,,0
TXN250214RVUXHZ,,NO_MATCH,,0
TXN250214OS9A9X,,NO_MATCH,,0
TXN250214240U46,,NO_MATCH,,0
TXN250214KU1C4M,,NO_MATCH,,0
TXN250214HU8ZW5,,NO_MATCH,,0
ATM250214EMJV5Z,,NO_MATCH,,0
ATM250214MTHX3M,,NO_MATCH,,0
TXN250214K7UR0O,CDR202600060402,SENDER_OUTGOING_ACTIVITY,-660,1
TXN250214HBYJPT,,NO_MATCH,,0
TXN2502156MOJ40,,NO_MATCH,,0
TXN2502156WL1IJ,,NO_MATCH,,0
TXN250215YWVY9D,,NO_MATCH,,0
TXN2502153WP331,,NO_MATCH,,0
TXN250215X7WW8B,,NO_MATCH,,0
ATM250215EI6M48,,NO_MATCH,,0
ATM250215M41UQW,,NO_MATCH,,0
TXN250215U0OVQN,,NO_MATCH,,0
ATM250215I2520V,,NO_MATCH,,0
ATM250215TIMZJF,,NO_MATCH,,0
ATM2502151UZ5JL,,NO_MATCH,,0
TXN250215PJFT57,,NO_MATCH,,0
TXN250215CFQOZ0,,NO_MATCH,,0
TXN2502153MU18A,CDR202600029853,RECEIVER_INCOMING_ACTIVITY,-191,1
TXN250215KKE209,,NO_MATCH,,0
TXN2502154TX8DL,,NO_MATCH,,0
ATM250215NFHBUQ,,NO_MATCH,,0
TXN250215FWOD5L,,NO_MATCH,,0
TXN250215HIZCMP,,NO_MATCH,,0
TXN2502156PBFRN,,NO_MATCH,,0
TXN250215Y1DICW,,NO_MATCH,,0
ATM2502159HI7O5,,NO_MATCH,,0
TXN250215KI9DBA,,NO_MATCH,,0
ATM250215J9T1F0,,NO_MATCH,,0
ATM250215HJKUND,CDR202600029920,SENDER_INCOMING_ACTIVITY,180,1
ATM250215QFI1UB,,NO_MATCH,,0
ATM2502154B34JY,CDR202600029916,RECEIVER_INCOMING_ACTIVITY,-713,1
TXN250215FG28F4,,NO_MATCH,,0
ATM2502151IPR8F,,NO_MATCH,,0
TXN250215RB7G9R,,NO_MATCH,,0
ATM250215EODS80,,NO_MATCH,,0
TXN250215I24RT5,,NO_MATCH,,0
ATM250215PY475I,CDR202600029941,RECEIVER_OUTGOING_ACTIVITY,-892,1
TXN250215A7E8XY,,NO_MATCH,,0
TXN250215752UII,,NO_MATCH,,0
ATM250215D4EBA4,CDR202600029971,SENDER_OUTGOING_ACTIVITY,618,1
ATM2502157JG1WD,,NO_MATCH,,0
ATM250215ZXGGFQ,CDR202600029971,RECEIVER_OUTGOING_ACTIVITY,507,1
TXN250215S3HEBF,,NO_MATCH,,0
ATM250215BWOKBV,,NO_MATCH,,0
TXN250215384GPJ,,NO_MATCH,,0
ATM250215G61TGL,,NO_MATCH,,0
ATM250215BGEJU5,CDR202600029986,SENDER_INCOMING_ACTIVITY,500,1
TXN250215APJVQN,CDR202600029988,RECEIVER_OUTGOING_ACTIVITY,447,1
ATM250215G6MCK6,,NO_MATCH,,0
ATM250215ANYCEU,,NO_MATCH,,0
TXN250215UL76AF,CDR202600029998,RECEIVER_OUTGOING_ACTIVITY,757,1
TXN250215XE1T6D,,NO_MATCH,,0
TXN250215XVZUCN,,NO_MATCH,,0
TXN250215LYIIRO,,NO_MATCH,,0
ATM250215UWN8K0,,NO_MATCH,,0
ATM2502156JMI07,,NO_MATCH,,0
TXN250215U148XV,,NO_MATCH,,0
TXN250215DHFD7F,CDR202600030013,SENDER_OUTGOING_ACTIVITY,-118,1
TXN250215WNXHG6,CDR202600030003,RECEIVER_OUTGOING_ACTIVITY,-745,1
TXN250215AUITT7,,NO_MATCH,,0
ATM250215AOQMDG,,NO_MATCH,,0
TXN250215AIG9IY,CDR202600030017,SENDER_OUTGOING_ACTIVITY,-573,1
ATM2502151QTZ9B,,NO_MATCH,,0
ATM250215I5ZFJF,,NO_MATCH,,0
ATM2502155D7ZHW,,NO_MATCH,,0
ATM250215WJZRAV,CDR202600030021,RECEIVER_OUTGOING_ACTIVITY,-741,1
TXN2502154KTFOM,CDR202600030020,SENDER_INCOMING_ACTIVITY,-765,1
TXN250215MKALO6,CDR202600030034,SENDER_OUTGOING_ACTIVITY,-349,1
ATM2502157WUK4Q,CDR202600030034,RECEIVER_INCOMING_ACTIVITY,-605,1
TXN250215X8JEF0,,NO_MATCH,,0
ATM2502158YE6MN,,NO_MATCH,,0
ATM250215E56WX5,,NO_MATCH,,0
TXN250215512YCE,CDR202600030051,SENDER_INCOMING_ACTIVITY,68,1
TXN250215BJIH99,CDR202600030057,SENDER_INCOMING_ACTIVITY,-134,1
TXN250215929MXB,CDR202600030074,RECEIVER_OUTGOING_ACTIVITY,517,1
ATM250215RSKPVZ,,NO_MATCH,,0
TXN250215UY15M6,,NO_MATCH,,0
TXN2502152T5SKA,CDR202600030079,SENDER_INCOMING_ACTIVITY,-52,1
TXN250215D9J42E,CDR202600030097,SENDER_OUTGOING_ACTIVITY,833,1
ATM2502151KA0VZ,,NO_MATCH,,0
ATM250215K55DWB,,NO_MATCH,,0
TXN250215LKBDGN,CDR202600030090,RECEIVER_OUTGOING_ACTIVITY,-719,1
TXN250215KAOKVR,,NO_MATCH,,0
TXN2502157JZX2C,,NO_MATCH,,0
TXN250215RGGD2L,,NO_MATCH,,0
TXN250215Y1QV82,,NO_MATCH,,0
TXN250215D5VG47,,NO_MATCH,,0
TXN250215EA3ATM,,NO_MATCH,,0
ATM250215JQNZFU,,NO_MATCH,,0
ATM250215MN6HEV,,NO_MATCH,,0
ATM250215FQPX0Q,,NO_MATCH,,0
TXN250215NRDIR9,,NO_MATCH,,0
ATM250215WLGD28,,NO_MATCH,,0
TXN250215GH3J5E,,NO_MATCH,,0
TXN25021507IDFQ,,NO_MATCH,,0
ATM250215VDQHW1,,NO_MATCH,,0
TXN250215RPEKRR,CDR202600030138,SENDER_INCOMING_ACTIVITY,-191,1
ATM250215IDHLI4,,NO_MATCH,,0
TXN2502150CAAAW,,NO_MATCH,,0
TXN2502157RZUT4,,NO_MATCH,,0
TXN250215OLC09V,CDR202600030164,SENDER_OUTGOING_ACTIVITY,697,1
TXN250215RMX5T7,CDR202600030158,RECEIVER_OUTGOING_ACTIVITY,118,1
TXN250215RPWHV0,CDR202600030158,RECEIVER_OUTGOING_ACTIVITY,-122,1
TXN25021534UQ4M,CDR202600030158,RECEIVER_OUTGOING_ACTIVITY,-122,1
ATM250215EP6L44,,NO_MATCH,,0
TXN2502159YYDJQ,CDR202600030168,RECEIVER_OUTGOING_ACTIVITY,433,1
TXN250215KW0555,,NO_MATCH,,0
ATM250215YANMY4,,NO_MATCH,,0
TXN250215X1JJKR,CDR202600030155,RECEIVER_OUTGOING_ACTIVITY,-661,1
TXN250215DPN3L0,,NO_MATCH,,0
ATM250215PCNH5Z,CDR202600030177,SENDER_OUTGOING_ACTIVITY,587,1
ATM250215C8Q3L6,CDR202600030174,SENDER_OUTGOING_ACTIVITY,-148,1
ATM250215QENTC2,,NO_MATCH,,0
TXN2502152J9J1E,,NO_MATCH,,0
TXN2502154TU98V,,NO_MATCH,,0
TXN250215FTXZN6,CDR202600030175,RECEIVER_OUTGOING_ACTIVITY,-698,1
TXN2502154DXH87,,NO_MATCH,,0
TXN2502158RDJS2,,NO_MATCH,,0
TXN250215VHLSUR,,NO_MATCH,,0
TXN250215QLGEK1,,NO_MATCH,,0
TXN2502153QTY83,,NO_MATCH,,0
TXN25021550GQXQ,CDR202600030186,RECEIVER_INCOMING_ACTIVITY,-408,1
ATM250215ZE9HZ5,,NO_MATCH,,0
TXN250215OWIO8O,,NO_MATCH,,0
TXN2502156GJ9EO,,NO_MATCH,,0
TXN2502152GG2UD,,NO_MATCH,,0
TXN250215CEPKA4,,NO_MATCH,,0
TXN2502151XR9S0,,NO_MATCH,,0
TXN250215TZG0SP,,NO_MATCH,,0
TXN250215Z6L7BC,CDR202600030202,SENDER_OUTGOING_ACTIVITY,-431,1
TXN25021588QBYC,,NO_MATCH,,0
TXN250215ANJTA5,,NO_MATCH,,0
ATM250215JX21EM,,NO_MATCH,,0
ATM25021556G7LD,,NO_MATCH,,0
TXN2502155ME5AS,,NO_MATCH,,0
TXN250215T7581F,CDR202600030219,SENDER_INCOMING_ACTIVITY,-259,1
ATM250215AYV36M,,NO_MATCH,,0
ATM2502155YLU7A,,NO_MATCH,,0
ATM250215J87M79,CDR202600030229,RECEIVER_OUTGOING_ACTIVITY,250,1
TXN25021532RFSF,,NO_MATCH,,0
ATM25021588N0PZ,,NO_MATCH,,0
ATM250215BTLVCT,,NO_MATCH,,0
ATM250215D38G5T,,NO_MATCH,,0
TXN25021535OVYE,,NO_MATCH,,0
ATM2502152SVX1A,CDR202600030258,SENDER_OUTGOING_ACTIVITY,-515,1
ATM250215K89PXA,,NO_MATCH,,0
TXN2502159TPOH8,,NO_MATCH,,0
ATM250215LYBDSA,CDR202600030262,RECEIVER_INCOMING_ACTIVITY,-694,1
TXN250215QTM866,,NO_MATCH,,0
TXN250215LGXB15,,NO_MATCH,,0
TXN250215RGXVJ4,,NO_MATCH,,0
TXN250215KVJUYA,,NO_MATCH,,0
TXN2502157CO7YE,CDR202600030276,RECEIVER_OUTGOING_ACTIVITY,-18,1
ATM250215ZIECFO,,NO_MATCH,,0
TXN25021571EJ2M,,NO_MATCH,,0
TXN250215HBJLPU,CDR202600030275,SENDER_OUTGOING_ACTIVITY,-383,1
TXN250215ZGPD77,,NO_MATCH,,0
ATM25021597ORNR,,NO_MATCH,,0
TXN250215RQVU61,,NO_MATCH,,0
TXN250215A5WG38,,NO_MATCH,,0
ATM2502152D9TJP,,NO_MATCH,,0
TXN2502151BS225,,NO_MATCH,,0
TXN250215OE3V50,,NO_MATCH,,0
ATM250215VA3JVI,,NO_MATCH,,0
TXN2502159B78IN,,NO_MATCH,,0
TXN2502151T5GG5,,NO_MATCH,,0
ATM250215IOCTLN,,NO_MATCH,,0
ATM250215ADF7RX,,NO_MATCH,,0
ATM250215Y4L482,,NO_MATCH,,0
ATM250215YUY1O4,,NO_MATCH,,0
ATM250215A6GVC2,,NO_MATCH,,0
TXN250215BZIUAF,,NO_MATCH,,0
ATM250215AX2HG6,,NO_MATCH,,0
ATM2502150QBVK9,,NO_MATCH,,0
TXN250215HLPV4P,,NO_MATCH,,0
TXN250215CB601T,CDR202600030327,RECEIVER_OUTGOING_ACTIVITY,-638,1
ATM2502159K43TP,,NO_MATCH,,0
ATM250215TLGHQT,,NO_MATCH,,0
TXN250215ZA32K9,,NO_MATCH,,0
TXN2502155G4QMZ,CDR202600030352,SENDER_OUTGOING_ACTIVITY,19,1
TXN250215OTXYI3,,NO_MATCH,,0
TXN250215X5N27T,,NO_MATCH,,0
TXN2502158CRG18,,NO_MATCH,,0
ATM250215FXATJM,,NO_MATCH,,0
TXN250215KT8RZ3,,NO_MATCH,,0
TXN250215710ZUF,CDR202600030374,SENDER_INCOMING_ACTIVITY,376,1
TXN250215O38TY3,,NO_MATCH,,0
TXN250215GHIUT5,CDR202600030374,RECEIVER_INCOMING_ACTIVITY,55,1
ATM250215VQQAX7,,NO_MATCH,,0
ATM250215FXANVC,CDR202600030374,SENDER_OUTGOING_ACTIVITY,-89,1
TXN250215RO3QJQ,,NO_MATCH,,0
TXN250215PSJ8Z7,,NO_MATCH,,0
TXN2502151A0BYP,,NO_MATCH,,0
TXN250215ZK1KAA,,NO_MATCH,,0
ATM250215GT471D,,NO_MATCH,,0
TXN2502158BCW6N,,NO_MATCH,,0
ATM250215QWKCUE,,NO_MATCH,,0
TXN250215SKGZQ6,,NO_MATCH,,0
TXN250215E9I99V,,NO_MATCH,,0
ATM250215OWJ6DF,,NO_MATCH,,0
ATM2502155BXTWX,,NO_MATCH,,0
TXN2502159K2VX7,,NO_MATCH,,0
TXN2502156XF83B,,NO_MATCH,,0
TXN2502150BS95M,,NO_MATCH,,0
ATM25021511MF3T,,NO_MATCH,,0
TXN250215MKKFN8,,NO_MATCH,,0
TXN2502156NRQRX,,NO_MATCH,,0
ATM250215TWLXCB,,NO_MATCH,,0
ATM2502155ZRMCS,,NO_MATCH,,0
ATM2502158PCWY0,CDR202600030422,RECEIVER_OUTGOING_ACTIVITY,332,1
TXN2502158H3TOV,,NO_MATCH,,0
TXN250215153ZEB,,NO_MATCH,,0
TXN250215T03Q06,,NO_MATCH,,0
ATM2502157WBH44,,NO_MATCH,,0
TXN250215HC3SJH,,NO_MATCH,,0
ATM250215G0Y42D,,NO_MATCH,,0
ATM2502159ALHZ9,,NO_MATCH,,0
TXN250215PTVIQ5,,NO_MATCH,,0
TXN2502153HZ9DH,,NO_MATCH,,0
ATM250215X78XWJ,,NO_MATCH,,0
TXN250215C16R5G,,NO_MATCH,,0
TXN250215EHNVZ9,,NO_MATCH,,0
ATM2502159XUL0O,,NO_MATCH,,0
TXN250215IPBS63,,NO_MATCH,,0
TXN250215YQCCKS,,NO_MATCH,,0
TXN2502157JAX6S,,NO_MATCH,,0
TXN250215J3P3V0,,NO_MATCH,,0
TXN250215TDBCJE,,NO_MATCH,,0
TXN250216MCNK7N,,NO_MATCH,,0
ATM2502160T7ZZ8,,NO_MATCH,,0
TXN250216LBHAA0,,NO_MATCH,,0
ATM2502169V695F,,NO_MATCH,,0
TXN2502160HLPF0,,NO_MATCH,,0
TXN250216L2AJ7L,,NO_MATCH,,0
ATM250216O638BL,,NO_MATCH,,0
TXN250216T1XJNN,,NO_MATCH,,0
TXN25021652V87Q,,NO_MATCH,,0
TXN250216UO8E1M,CDR202600030513,RECEIVER_OUTGOING_ACTIVITY,773,1
ATM250216F3GU91,CDR202600030515,SENDER_OUTGOING_ACTIVITY,-28,1
ATM2502160CZQUI,,NO_MATCH,,0
TXN250216BG5TCW,,NO_MATCH,,0
ATM2502161SCT6T,,NO_MATCH,,0
ATM250216V0EK95,,NO_MATCH,,0
TXN250216PVDI18,,NO_MATCH,,0
ATM250216S31V3S,,NO_MATCH,,0
TXN250216E68TMQ,,NO_MATCH,,0
TXN250216U9TPL1,CDR202600030550,RECEIVER_OUTGOING_ACTIVITY,385,1
TXN250216PB2WO8,,NO_MATCH,,0
ATM25021609LVA1,,NO_MATCH,,0
TXN250216VFZPG4,,NO_MATCH,,0
TXN250216HER3H1,,NO_MATCH,,0
TXN2502160HW3D5,,NO_MATCH,,0
TXN250216N4R3DE,,NO_MATCH,,0
TXN250216TOAFZS,,NO_MATCH,,0
ATM250216DMSC2I,,NO_MATCH,,0
ATM250216G6K9RO,,NO_MATCH,,0
TXN250216RD6LIV,,NO_MATCH,,0
TXN250216TFO10Q,,NO_MATCH,,0
ATM250216WGNW7F,,NO_MATCH,,0
ATM250216VYN0D1,,NO_MATCH,,0
TXN250216YWWKPP,,NO_MATCH,,0
TXN250216XZBXQX,,NO_MATCH,,0
TXN250216TDHEW3,,NO_MATCH,,0
TXN250216EM4FE3,,NO_MATCH,,0
TXN2502169FYCCG,,NO_MATCH,,0
ATM25021635R9WB,,NO_MATCH,,0
ATM250216I7ENRH,,NO_MATCH,,0
ATM250216PN7AUQ,,NO_MATCH,,0
ATM2502163NYX17,,NO_MATCH,,0
ATM250216KROT0Q,CDR202600030613,RECEIVER_INCOMING_ACTIVITY,612,1
TXN250216GV9CI4,,NO_MATCH,,0
TXN250216EUXVW3,,NO_MATCH,,0
TXN250216BO7A5Y,,NO_MATCH,,0
TXN250216PVP233,,NO_MATCH,,0
TXN250216FU8TDO,,NO_MATCH,,0
TXN250216YDMHIT,,NO_MATCH,,0
ATM250216W36OB1,,NO_MATCH,,0
ATM250216VPG669,,NO_MATCH,,0
ATM250216BTQPK4,,NO_MATCH,,0
TXN250216T5INSX,,NO_MATCH,,0
TXN250216453UIU,,NO_MATCH,,0
TXN250216LTW00F,,NO_MATCH,,0
ATM2502164J70K6,,NO_MATCH,,0
ATM250216CT6NDR,,NO_MATCH,,0
TXN25021624FX2N,,NO_MATCH,,0
TXN250216WRYMNT,,NO_MATCH,,0
ATM2502161XT9CS,,NO_MATCH,,0
TXN250216FJYAB8,CDR202600030652,SENDER_OUTGOING_ACTIVITY,-653,1
TXN25021696XIBG,,NO_MATCH,,0
TXN2502168HMZUC,,NO_MATCH,,0
TXN250216NO6FE1,,NO_MATCH,,0
ATM250216HVN37Y,,NO_MATCH,,0
TXN2502166LP8VT,,NO_MATCH,,0
TXN250216EC2WC7,,NO_MATCH,,0
ATM25021618G5ML,,NO_MATCH,,0
ATM250216R8877E,,NO_MATCH,,0
ATM250216HCUI9E,CDR202600030707,SENDER_OUTGOING_ACTIVITY,613,1
TXN250216W46KCG,,NO_MATCH,,0
ATM25021663U6NY,,NO_MATCH,,0
ATM2502168CX391,,NO_MATCH,,0
TXN2502168JX34U,,NO_MATCH,,0
ATM250216G8KHX7,,NO_MATCH,,0
ATM250216X4CPV2,,NO_MATCH,,0
TXN250216CUOOXP,,NO_MATCH,,0
TXN250216VHNMB5,,NO_MATCH,,0
TXN250216IMY32S,,NO_MATCH,,0
TXN250216VWQ269,CDR202600030722,SENDER_OUTGOING_ACTIVITY,322,1
ATM250216RFRYCK,,NO_MATCH,,0
TXN2502168AABQ2,,NO_MATCH,,0
TXN250216JFO6IX,,NO_MATCH,,0
ATM250216DTYFK7,CDR202600030738,SENDER_OUTGOING_ACTIVITY,591,1
ATM250216C0ZASI,CDR202600030738,RECEIVER_INCOMING_ACTIVITY,510,1
ATM250216DDGESH,,NO_MATCH,,0
ATM250216A9Z8S4,,NO_MATCH,,0
TXN250216T77YQY,CDR202600030760,SENDER_OUTGOING_ACTIVITY,758,1
TXN250216ZV268G,,NO_MATCH,,0
TXN250216WEPGZF,,NO_MATCH,,0
TXN2502163YKBG9,CDR202600030774,SENDER_OUTGOING_ACTIVITY,819,1
TXN2502169GW6QO,CDR202600030756,SENDER_OUTGOING_ACTIVITY,-643,1
TXN2502166CWUVR,CDR202600030780,RECEIVER_INCOMING_ACTIVITY,781,1
TXN2502163H20LP,,NO_MATCH,,0
ATM250216XHD7H2,CDR202600030785,SENDER_INCOMING_ACTIVITY,780,1
ATM250216P0B7TO,CDR202600030776,RECEIVER_OUTGOING_ACTIVITY,129,1
ATM250216Q7IF29,,NO_MATCH,,0
TXN250216XG11BP,CDR202600030771,RECEIVER_OUTGOING_ACTIVITY,-126,1
TXN250216I6TTSV,,NO_MATCH,,0
ATM250216C5MDYB,,NO_MATCH,,0
TXN2502169AY9Y9,,NO_MATCH,,0
TXN250216EAQ5MX,,NO_MATCH,,0
TXN25021623IHF9,,NO_MATCH,,0
ATM250216XHZ82P,,NO_MATCH,,0
TXN250216L7E7HL,,NO_MATCH,,0
ATM250216RPPSD5,,NO_MATCH,,0
TXN250216D17V74,,NO_MATCH,,0
ATM250216PLYWBM,,NO_MATCH,,0
TXN250216WQ85GK,CDR202600030818,SENDER_INCOMING_ACTIVITY,420,1
TXN250216GYYUCM,,NO_MATCH,,0
ATM250216A7BEQD,,NO_MATCH,,0
TXN250216PYVSYE,,NO_MATCH,,0
TXN250216341TTV,,NO_MATCH,,0
ATM250216RWKNFU,,NO_MATCH,,0
ATM250216B1IAM4,,NO_MATCH,,0
TXN250216D7STT3,,NO_MATCH,,0
TXN250216ACSE2Z,,NO_MATCH,,0
TXN250216DI9GD5,,NO_MATCH,,0
ATM250216KTDSCV,CDR202600030858,RECEIVER_OUTGOING_ACTIVITY,817,1
TXN250216KVPDXR,,NO_MATCH,,0
TXN250216ERQIIN,CDR202600030858,SENDER_INCOMING_ACTIVITY,591,1
ATM250216912H5O,CDR202600030864,RECEIVER_OUTGOING_ACTIVITY,248,1
ATM250216HTBZDH,CDR202600060426,SENDER_OUTGOING_ACTIVITY,-420,1
TXN25021678Z90X,,NO_MATCH,,0
TXN250216BOAAJJ,,NO_MATCH,,0
ATM250216926ZAG,,NO_MATCH,,0
TXN250216C5MQNL,CDR202600030881,SENDER_INCOMING_ACTIVITY,-652,1
TXN250216RUZ22J,CDR202600030889,SENDER_INCOMING_ACTIVITY,-142,1
ATM250216U2TY3G,,NO_MATCH,,0
TXN250216P155CE,CDR202600030894,SENDER_INCOMING_ACTIVITY,-265,1
TXN2502164PCQJY,,NO_MATCH,,0
TXN250216JYP0S4,,NO_MATCH,,0
ATM250216X1PBD2,,NO_MATCH,,0
TXN250216F2MQKT,,NO_MATCH,,0
TXN2502163J0L3K,CDR202600030921,SENDER_INCOMING_ACTIVITY,-754,1
ATM250216DZD8VT,,NO_MATCH,,0
TXN250216GU7JGS,,NO_MATCH,,0
TXN2502169Z1DEQ,,NO_MATCH,,0
TXN250216ME8QVX,,NO_MATCH,,0
TXN250216SRNQOF,,NO_MATCH,,0
TXN250216XB1QYW,,NO_MATCH,,0
TXN250216AOFZ7D,,NO_MATCH,,0
TXN250216H03UB4,,NO_MATCH,,0
ATM2502165MYNG4,CDR202600030949,RECEIVER_OUTGOING_ACTIVITY,841,1
ATM250216HSH8IB,,NO_MATCH,,0
TXN250216ERPIQ9,,NO_MATCH,,0
ATM2502164C73N4,,NO_MATCH,,0
TXN250216TZTQJ5,,NO_MATCH,,0
TXN250216QMFOCR,CDR202600030953,SENDER_OUTGOING_ACTIVITY,288,1
TXN250216IF34KQ,,NO_MATCH,,0
ATM250216GU0KXN,,NO_MATCH,,0
TXN250216QV05ZK,,NO_MATCH,,0
TXN250216F8HUIE,,NO_MATCH,,0
ATM25021602DG40,,NO_MATCH,,0
ATM250216BOZKGK,,NO_MATCH,,0
TXN250216ZYXS80,,NO_MATCH,,0
ATM250216GUNK39,,NO_MATCH,,0
TXN250216NYK2OS,,NO_MATCH,,0
TXN2502166OUT9Z,,NO_MATCH,,0
TXN250216VGGOYY,,NO_MATCH,,0
TXN250216Y9E62J,,NO_MATCH,,0
ATM25021619QJIY,,NO_MATCH,,0
TXN2502165VPD8O,,NO_MATCH,,0
TXN250216BDR5OK,,NO_MATCH,,0
ATM2502160NXPVA,,NO_MATCH,,0
TXN25021676HIWU,,NO_MATCH,,0
ATM25021676B1BO,,NO_MATCH,,0
ATM250216X9I1ZK,,NO_MATCH,,0
TXN250216OMX2QA,,NO_MATCH,,0
TXN250216Z9ERAF,CDR202600031013,SENDER_OUTGOING_ACTIVITY,475,1
TXN250216U81L6V,,NO_MATCH,,0
ATM25021690UBTG,,NO_MATCH,,0
ATM250216JD4JTB,,NO_MATCH,,0
TXN250216EJDDH0,,NO_MATCH,,0
TXN250216QH7L00,CDR202600060073,SENDER_OUTGOING_ACTIVITY,-720,1
TXN2502167FLD5K,,NO_MATCH,,0
TXN250216MJWRE1,,NO_MATCH,,0
TXN2502161TR3V4,,NO_MATCH,,0
TXN250216AN8UE9,,NO_MATCH,,0
TXN2502162HKXBC,,NO_MATCH,,0
TXN250216D46WWH,,NO_MATCH,,0
TXN250216W1623D,CDR202600031064,SENDER_OUTGOING_ACTIVITY,642,1
ATM250216D0O76N,,NO_MATCH,,0
ATM250216FXAMIW,,NO_MATCH,,0
TXN250216U2BK9A,CDR202600031058,SENDER_OUTGOING_ACTIVITY,-671,1
TXN2502167AD29I,CDR202600031069,SENDER_OUTGOING_ACTIVITY,-243,1
TXN250216JULO3H,,NO_MATCH,,0
ATM250216CZMJQD,,NO_MATCH,,0
TXN250216S6ZJIM,CDR202600031079,SENDER_OUTGOING_ACTIVITY,679,1
TXN250216HRQPN9,,NO_MATCH,,0
ATM250216RWZ3XF,,NO_MATCH,,0
TXN250216HPR8SG,,NO_MATCH,,0
ATM250216O0ORB3,,NO_MATCH,,0
ATM250216VOU37S,,NO_MATCH,,0
TXN250216CQ0PT2,,NO_MATCH,,0
TXN250216YV1A9S,,NO_MATCH,,0
TXN250216VSEY4X,CDR202600031095,RECEIVER_INCOMING_ACTIVITY,-73,1
ATM250216M3RFMO,,NO_MATCH,,0
TXN250216B79BJP,CDR202600031109,SENDER_OUTGOING_ACTIVITY,819,1
TXN250216Z93UF6,,NO_MATCH,,0
ATM2502165CCLW6,,NO_MATCH,,0
ATM250216SE34IP,,NO_MATCH,,0
ATM250216HHKB5K,,NO_MATCH,,0
ATM250216GEHTA6,,NO_MATCH,,0
TXN250216L8EA39,CDR202600031122,SENDER_OUTGOING_ACTIVITY,-630,1
TXN2502169WVK97,,NO_MATCH,,0
TXN250216PGAISS,,NO_MATCH,,0
ATM25021672TA1Q,,NO_MATCH,,0
ATM250216K0IKAR,,NO_MATCH,,0
TXN2502168XFW51,,NO_MATCH,,0
ATM250216GQQKTS,,NO_MATCH,,0
ATM2502164NIHAP,,NO_MATCH,,0
TXN250216C40FAZ,,NO_MATCH,,0
TXN250216D4OVR8,,NO_MATCH,,0
ATM2502168CF5CH,,NO_MATCH,,0
TXN250216YMN9Y7,,NO_MATCH,,0
TXN2502170BUE9R,,NO_MATCH,,0
TXN250217T3WNOE,,NO_MATCH,,0
TXN250217QUM9PD,,NO_MATCH,,0
ATM250217ULFGJY,,NO_MATCH,,0
TXN250217OF15ZL,,NO_MATCH,,0
ATM250217URMICC,,NO_MATCH,,0
ATM250217K90GNH,,NO_MATCH,,0
ATM2502173YZAC1,,NO_MATCH,,0
TXN250217T9A3R3,,NO_MATCH,,0
ATM250217SC5E9B,,NO_MATCH,,0
TXN250217YGVC77,,NO_MATCH,,0
TXN250217AT50A1,,NO_MATCH,,0
TXN250217TR0G2S,,NO_MATCH,,0
TXN2502171JGE8Y,,NO_MATCH,,0
ATM250217V6HEXT,,NO_MATCH,,0
TXN250217UVQP2N,,NO_MATCH,,0
TXN250217C3TOY0,,NO_MATCH,,0
ATM2502170JCW32,CDR202600060062,SENDER_OUTGOING_ACTIVITY,265,1
TXN250217GC8LLE,CDR202600031200,SENDER_INCOMING_ACTIVITY,-726,1
ATM250217DOPTHR,,NO_MATCH,,0
ATM250217IVZPPO,CDR202600060062,SENDER_OUTGOING_ACTIVITY,-720,1
TXN250217DO1Q9W,,NO_MATCH,,0
ATM25021774DCEQ,,NO_MATCH,,0
ATM250217GCMKV9,,NO_MATCH,,0
TXN250217UE9IRB,,NO_MATCH,,0
TXN250217S7KFK9,,NO_MATCH,,0
ATM250217AAIW88,,NO_MATCH,,0
TXN25021741H9TX,CDR202600031214,RECEIVER_OUTGOING_ACTIVITY,-805,1
ATM250217EPWUUN,,NO_MATCH,,0
ATM2502176VBQVU,,NO_MATCH,,0
TXN250217A3QVH6,,NO_MATCH,,0
TXN250217AY977Y,,NO_MATCH,,0
TXN250217Q1DMTE,CDR202600031244,RECEIVER_OUTGOING_ACTIVITY,599,1
ATM250217AJJ1PJ,CDR202600060221,SENDER_OUTGOING_ACTIVITY,-180,1
TXN25021744OEZY,CDR202600031242,RECEIVER_OUTGOING_ACTIVITY,295,1
TXN250217UJKFD6,,NO_MATCH,,0
TXN250217C9A93L,,NO_MATCH,,0
TXN250217ZQ682B,CDR202600031238,RECEIVER_OUTGOING_ACTIVITY,-482,1
TXN250217MMLGRE,,NO_MATCH,,0
ATM2502170LAZZI,,NO_MATCH,,0
TXN250217I5UNIJ,,NO_MATCH,,0
TXN250217YG8VEG,,NO_MATCH,,0
TXN2502172K0F0B,,NO_MATCH,,0
TXN2502177COJKZ,CDR202600031264,SENDER_INCOMING_ACTIVITY,268,1
ATM250217HO85HP,,NO_MATCH,,0
TXN250217JUWZYL,CDR202600031266,SENDER_INCOMING_ACTIVITY,-66,1
ATM2502171XVC6U,,NO_MATCH,,0
ATM250217XP33YE,,NO_MATCH,,0
ATM250217Y2YO6P,,NO_MATCH,,0
TXN250217WFZDIZ,CDR202600031273,RECEIVER_OUTGOING_ACTIVITY,-135,1
ATM250217E6MULH,,NO_MATCH,,0
ATM250217P5GW0F,,NO_MATCH,,0
ATM250217NC2AVD,,NO_MATCH,,0
ATM250217MZLOHS,,NO_MATCH,,0
ATM2502174B24YT,,NO_MATCH,,0
TXN250217ZIC7LU,,NO_MATCH,,0
ATM250217F0JGFK,,NO_MATCH,,0
ATM2502179XK9F7,CDR202600031301,SENDER_OUTGOING_ACTIVITY,526,1
TXN250217COW01R,,NO_MATCH,,0
ATM2502178T1WKQ,,NO_MATCH,,0
TXN250217SCDJ2M,,NO_MATCH,,0
ATM250217YN5RZ8,CDR202600031293,SENDER_OUTGOING_ACTIVITY,-640,1
TXN250217C0QQGP,,NO_MATCH,,0
ATM250217BP511W,,NO_MATCH,,0
TXN250217Z2UGOB,CDR202600031328,SENDER_OUTGOING_ACTIVITY,-520,1
TXN250217KWFV3O,,NO_MATCH,,0
TXN2502170T5C5S,CDR202600031342,RECEIVER_OUTGOING_ACTIVITY,-367,1
ATM2502174D6JU0,,NO_MATCH,,0
TXN250217T8G1OL,,NO_MATCH,,0
TXN250217BJZG76,,NO_MATCH,,0
ATM250217YGI60D,,NO_MATCH,,0
TXN250217WX1MMS,,NO_MATCH,,0
TXN250217I0C85G,,NO_MATCH,,0
TXN250217A19KEU,,NO_MATCH,,0
ATM250217J1A4EB,,NO_MATCH,,0
TXN2502175W8KPM,,NO_MATCH,,0
TXN25021722MPMI,,NO_MATCH,,0
ATM250217CJ0Q2Y,CDR202600031401,RECEIVER_OUTGOING_ACTIVITY,267,1
TXN2502179QE8PT,CDR202600031409,SENDER_INCOMING_ACTIVITY,261,1
TXN25021743HIED,,NO_MATCH,,0
ATM2502178X7OX3,,NO_MATCH,,0
TXN250217TAA9Y3,CDR202600031416,SENDER_INCOMING_ACTIVITY,573,1
ATM250217QPAFAD,,NO_MATCH,,0
TXN250217YD1Y3D,,NO_MATCH,,0
TXN2502179F8R5E,,NO_MATCH,,0
TXN250217CF5WTV,,NO_MATCH,,0
TXN250217KIMAWZ,,NO_MATCH,,0
ATM250217VJNF74,,NO_MATCH,,0
TXN250217L1GQ1D,CDR202600031419,SENDER_INCOMING_ACTIVITY,294,1
TXN250217RTH20Z,,NO_MATCH,,0
TXN250217TLGGGS,,NO_MATCH,,0
ATM250217QBV3B7,,NO_MATCH,,0
TXN250217D077R6,,NO_MATCH,,0
TXN250217DBAIM0,,NO_MATCH,,0
TXN250217Q81WME,,NO_MATCH,,0
TXN250217F171T2,,NO_MATCH,,0
TXN250217VB2ROG,,NO_MATCH,,0
TXN250217BOPSFY,,NO_MATCH,,0
ATM25021765PT55,CDR202600031444,SENDER_OUTGOING_ACTIVITY,565,1
ATM2502174P1MP9,,NO_MATCH,,0
ATM2502178JMDCI,,NO_MATCH,,0
TXN250217V4TV4H,,NO_MATCH,,0
ATM2502175JDZ34,,NO_MATCH,,0
TXN2502179Z4ILD,,NO_MATCH,,0
TXN250217NSZ73R,,NO_MATCH,,0
ATM250217IRLFRN,CDR202600031450,SENDER_INCOMING_ACTIVITY,55,1
TXN250217JBLJJK,,NO_MATCH,,0
ATM2502174FFTC9,,NO_MATCH,,0
ATM250217IFCM6S,,NO_MATCH,,0
TXN2502172O2JD3,,NO_MATCH,,0
TXN2502179MD209,,NO_MATCH,,0
TXN250217GD5VFM,,NO_MATCH,,0
TXN250217O41QHM,,NO_MATCH,,0
ATM250217C1D2YV,,NO_MATCH,,0
TXN250217YAQUCR,CDR202600031465,SENDER_INCOMING_ACTIVITY,-166,1
TXN250217IAFEKZ,,NO_MATCH,,0
ATM250217HPFNZG,CDR202600031475,RECEIVER_OUTGOING_ACTIVITY,-45,1
TXN2502175NDQ0C,CDR202600031494,RECEIVER_OUTGOING_ACTIVITY,630,1
TXN250217ENLU4U,,NO_MATCH,,0
TXN250217560J8I,,NO_MATCH,,0
TXN250217OA165P,,NO_MATCH,,0
TXN250217S7Y3FF,,NO_MATCH,,0
TXN250217NM40FR,,NO_MATCH,,0
TXN250217EUMA0W,,NO_MATCH,,0
TXN25021776XYJU,,NO_MATCH,,0
ATM2502176TKHIS,,NO_MATCH,,0
TXN250217T4O4KC,CDR202600031538,SENDER_INCOMING_ACTIVITY,887,1
TXN25021765IFBF,,NO_MATCH,,0
TXN2502174I3T0C,,NO_MATCH,,0
TXN25021742830N,,NO_MATCH,,0
TXN250217FIEBB8,,NO_MATCH,,0
TXN250217FA98QU,,NO_MATCH,,0
ATM2502173WJZ3I,,NO_MATCH,,0
ATM250217IW10Q9,,NO_MATCH,,0
TXN250217GDQ60V,,NO_MATCH,,0
ATM250217HZVK35,CDR202600031573,SENDER_OUTGOING_ACTIVITY,115,1
TXN250217M24EHQ,,NO_MATCH,,0
TXN250217EJS5GN,,NO_MATCH,,0
TXN250217IYWZ2C,,NO_MATCH,,0
ATM250217GPI8DT,,NO_MATCH,,0
TXN250217MCU3SV,,NO_MATCH,,0
TXN2502171PEM3X,,NO_MATCH,,0
TXN250217V1RSUY,CDR202600031594,RECEIVER_INCOMING_ACTIVITY,186,1
TXN250217K1JYP9,CDR202600031592,SENDER_OUTGOING_ACTIVITY,31,1
ATM250217ZQC7RT,,NO_MATCH,,0
TXN250217W9TAOR,,NO_MATCH,,0
TXN2502173UR1LM,,NO_MATCH,,0
ATM250217QRQEQ4,CDR202600031589,SENDER_OUTGOING_ACTIVITY,-818,1
TXN250217XLKJEV,,NO_MATCH,,0
TXN250217UH3U31,,NO_MATCH,,0
ATM250217Q9H0SO,,NO_MATCH,,0
TXN250217BE9PWB,,NO_MATCH,,0
TXN250217I49RYC,,NO_MATCH,,0
ATM250217DV0AA8,,NO_MATCH,,0
ATM250217T2M3E5,,NO_MATCH,,0
ATM250217278TU2,,NO_MATCH,,0
TXN250217FJATWL,CDR202600031600,SENDER_OUTGOING_ACTIVITY,-828,1
TXN250217EWHIHQ,,NO_MATCH,,0
ATM2502177R3RI3,,NO_MATCH,,0
TXN250217626XT6,,NO_MATCH,,0
TXN250217H0SKWG,CDR202600031604,RECEIVER_INCOMING_ACTIVITY,-876,1
ATM25021707K2RR,,NO_MATCH,,0
ATM250217HH9778,CDR202600031613,RECEIVER_OUTGOING_ACTIVITY,-759,1
ATM250217YMXA2H,,NO_MATCH,,0
TXN250217YK5QBN,,NO_MATCH,,0
ATM250217Y44RBT,,NO_MATCH,,0
TXN250217LVLA65,,NO_MATCH,,0
ATM250217EGUFVY,,NO_MATCH,,0
ATM250217UA8UQM,,NO_MATCH,,0
ATM250217IGY1KT,,NO_MATCH,,0
ATM250217ZW8HBI,,NO_MATCH,,0
TXN2502173F4MY7,CDR202600031623,RECEIVER_OUTGOING_ACTIVITY,-782,1
ATM250217L4ZNW0,,NO_MATCH,,0
ATM25021727TIDF,,NO_MATCH,,0
ATM2502176DZ2JO,,NO_MATCH,,0
ATM250217HWOW3X,,NO_MATCH,,0
TXN250217SKWQVH,,NO_MATCH,,0
ATM250217A6SP8Q,,NO_MATCH,,0
ATM2502178EYX7E,,NO_MATCH,,0
TXN250217V8LJNT,,NO_MATCH,,0
ATM250217RXGP5B,,NO_MATCH,,0
ATM250217XG4600,,NO_MATCH,,0
ATM250217X6NERN,,NO_MATCH,,0
ATM250217BZ48GK,,NO_MATCH,,0
ATM250217M7NSL2,,NO_MATCH,,0
TXN250217IYDXR9,,NO_MATCH,,0
ATM250217XHOOI1,,NO_MATCH,,0
ATM2502174QSZ0A,,NO_MATCH,,0
TXN2502177AK01V,,NO_MATCH,,0
TXN250217TWUZMX,,NO_MATCH,,0
TXN2502178B9Q1J,CDR202600031644,RECEIVER_OUTGOING_ACTIVITY,-205,1
TXN250217TNUQUH,,NO_MATCH,,0
ATM250217OWDT1Q,,NO_MATCH,,0
TXN250217G2WC63,,NO_MATCH,,0
ATM250217SXU1T9,,NO_MATCH,,0
TXN2502171GU8BH,,NO_MATCH,,0
TXN250217QV9WUZ,,NO_MATCH,,0
ATM250217UVLLQJ,CDR202600031661,SENDER_OUTGOING_ACTIVITY,202,1
TXN2502176ZQ3IY,,NO_MATCH,,0
TXN25021752WGD9,,NO_MATCH,,0
TXN250217AO48JX,,NO_MATCH,,0
TXN250217CF0QGG,,NO_MATCH,,0
TXN250217DNNB3N,,NO_MATCH,,0
TXN250217RDNWV8,,NO_MATCH,,0
TXN250217KSG6QJ,,NO_MATCH,,0
ATM250217XLIUA6,,NO_MATCH,,0
TXN250217FIHWV5,,NO_MATCH,,0
ATM250217423NAJ,,NO_MATCH,,0
TXN250217ZLYVBX,,NO_MATCH,,0
TXN250217CY7C0H,,NO_MATCH,,0
TXN250217BKVP2F,,NO_MATCH,,0
TXN250217V3CVMO,,NO_MATCH,,0
TXN250217DK5PQS,,NO_MATCH,,0
TXN2502178JS8ON,,NO_MATCH,,0
ATM250217BOOOUN,CDR202600031727,SENDER_INCOMING_ACTIVITY,487,1
ATM250217NKLB00,,NO_MATCH,,0
ATM25021791ZTEY,CDR202600031732,RECEIVER_INCOMING_ACTIVITY,20,1
TXN250217B2SRLX,,NO_MATCH,,0
ATM25021761ODZQ,CDR202600031748,RECEIVER_OUTGOING_ACTIVITY,72,1
ATM2502173ERLDW,,NO_MATCH,,0
TXN250217JNKSU2,,NO_MATCH,,0
TXN250217CU1DXT,,NO_MATCH,,0
TXN250217CXPY7R,CDR202600031784,RECEIVER_OUTGOING_ACTIVITY,-608,1
ATM250217J6DCXP,CDR202600060135,SENDER_OUTGOING_ACTIVITY,-480,1
ATM250217ARBL51,,NO_MATCH,,0
TXN250217EHK7S4,,NO_MATCH,,0
TXN250217QURXIG,,NO_MATCH,,0
ATM250217C2V4N8,,NO_MATCH,,0
TXN25021706JHLX,,NO_MATCH,,0
ATM250217J8GD70,,NO_MATCH,,0
TXN250218SA7ZKJ,,NO_MATCH,,0
TXN250218USIG49,,NO_MATCH,,0
TXN250218ZSSWP0,,NO_MATCH,,0
TXN250218LA7TDZ,,NO_MATCH,,0
ATM250218TYRNVR,,NO_MATCH,,0
TXN250218MMXNR5,,NO_MATCH,,0
ATM250218WP1IKO,,NO_MATCH,,0
TXN250218NNTXLU,,NO_MATCH,,0
ATM250218WL9KVY,,NO_MATCH,,0
TXN250218FLKMLC,,NO_MATCH,,0
ATM250218HXJJJJ,,NO_MATCH,,0
ATM250218ZMUNO2,CDR202600031839,SENDER_INCOMING_ACTIVITY,59,1
ATM25021828CZTZ,,NO_MATCH,,0
TXN250218MPI0J8,,NO_MATCH,,0
ATM250218ZR0JZH,,NO_MATCH,,0
TXN250218CSPKX6,,NO_MATCH,,0
TXN250218CW1T4C,,NO_MATCH,,0
TXN250218K5X4MR,,NO_MATCH,,0
TXN25021814EI2F,,NO_MATCH,,0
TXN25021837P2WD,,NO_MATCH,,0
TXN250218EL8HV4,,NO_MATCH,,0
TXN250218FPYUUT,,NO_MATCH,,0
TXN250218BUM33V,,NO_MATCH,,0
TXN250218L12GWV,,NO_MATCH,,0
ATM2502188RDLG7,,NO_MATCH,,0
ATM250218PGA5EG,,NO_MATCH,,0
TXN250218YI7QK0,,NO_MATCH,,0
TXN250218U3XI03,CDR202600031884,SENDER_OUTGOING_ACTIVITY,-663,1
TXN2502188L84P7,,NO_MATCH,,0
TXN250218IUZ50W,,NO_MATCH,,0
TXN250218YZ4YIS,,NO_MATCH,,0
TXN250218M4075W,,NO_MATCH,,0
ATM250218VQ7W3T,,NO_MATCH,,0
ATM250218430W3O,,NO_MATCH,,0
TXN250218A13EVA,,NO_MATCH,,0
ATM250218QH8WG7,,NO_MATCH,,0
TXN250218TP3EVC,,NO_MATCH,,0
TXN2502180PPMF2,,NO_MATCH,,0
ATM250218828IO3,CDR202600060610,SENDER_OUTGOING_ACTIVITY,-300,1
TXN2502181CAXE2,,NO_MATCH,,0
TXN250218YY1NVA,,NO_MATCH,,0
TXN2502187ZPIDS,,NO_MATCH,,0
TXN250218SY2GUV,,NO_MATCH,,0
TXN250218M7HCG7,,NO_MATCH,,0
TXN250218X2HD9M,,NO_MATCH,,0
TXN250218YZSH74,CDR202600031956,SENDER_OUTGOING_ACTIVITY,-198,1
TXN250218X8R0V0,,NO_MATCH,,0
TXN250218ZAXZ6W,,NO_MATCH,,0
ATM250218G5A5IS,CDR202600031957,RECEIVER_INCOMING_ACTIVITY,-525,1
TXN250218EXUR7R,CDR202600031962,RECEIVER_OUTGOING_ACTIVITY,-209,1
ATM250218W7CEKJ,CDR202600031975,RECEIVER_OUTGOING_ACTIVITY,584,1
TXN250218947XE0,,NO_MATCH,,0
TXN250218B5IRLC,,NO_MATCH,,0
ATM2502183Y44AE,,NO_MATCH,,0
ATM250218274P42,,NO_MATCH,,0
ATM25021827PYJG,CDR202600031979,SENDER_INCOMING_ACTIVITY,115,1
TXN2502183FIWLC,,NO_MATCH,,0
TXN2502181NO0OC,,NO_MATCH,,0
ATM250218H4N37X,CDR202600031980,SENDER_OUTGOING_ACTIVITY,-390,1
TXN25021821FG1S,,NO_MATCH,,0
TXN250218DGGZW7,,NO_MATCH,,0
TXN25021883FMVR,,NO_MATCH,,0
ATM250218IWGD7I,,NO_MATCH,,0
TXN250218K0PWI0,,NO_MATCH,,0
TXN250218P0O16T,,NO_MATCH,,0
TXN2502183JZTRJ,,NO_MATCH,,0
TXN2502185SVKTK,,NO_MATCH,,0
TXN2502181W4T0B,,NO_MATCH,,0
ATM250218OAPLYI,,NO_MATCH,,0
TXN2502187OARKT,,NO_MATCH,,0
TXN250218J8FOWN,,NO_MATCH,,0
TXN250218T7VYHG,,NO_MATCH,,0
ATM250218L9J94B,,NO_MATCH,,0
TXN2502186TJR02,,NO_MATCH,,0
ATM250218D82SW1,,NO_MATCH,,0
TXN250218VCV015,CDR202600032040,SENDER_OUTGOING_ACTIVITY,-478,1
ATM2502181ZSM19,,NO_MATCH,,0
TXN2502185QWY27,,NO_MATCH,,0
TXN2502184BT03N,,NO_MATCH,,0
TXN25021882IBLE,,NO_MATCH,,0
TXN250218QFQANP,,NO_MATCH,,0
TXN250218VTGQOU,,NO_MATCH,,0
ATM250218W4MAEN,CDR202600032086,SENDER_OUTGOING_ACTIVITY,245,1
TXN250218JAHB2L,,NO_MATCH,,0
ATM250218NKX87Q,,NO_MATCH,,0
TXN250218GBB2YD,,NO_MATCH,,0
TXN2502187TUT8D,,NO_MATCH,,0
TXN250218ZE5C3N,CDR202600032081,SENDER_INCOMING_ACTIVITY,-458,1
ATM250218N6UAUZ,,NO_MATCH,,0
TXN250218Z57G1M,,NO_MATCH,,0
TXN250218IFZZ01,,NO_MATCH,,0
ATM250218O5LCSC,CDR202600032090,RECEIVER_OUTGOING_ACTIVITY,-415,1
TXN250218D5AE52,,NO_MATCH,,0
ATM250218BD7XAJ,,NO_MATCH,,0
ATM250218XVTHBT,CDR202600032099,SENDER_INCOMING_ACTIVITY,-80,1
ATM250218WEIYQH,CDR202600032109,RECEIVER_OUTGOING_ACTIVITY,6,1
ATM250218PR5Z9F,,NO_MATCH,,0
TXN250218IZW6SL,,NO_MATCH,,0
ATM250218ZIGI06,CDR202600032113,RECEIVER_OUTGOING_ACTIVITY,-17,1
TXN250218GZJPGS,,NO_MATCH,,0
ATM250218G6AKHO,,NO_MATCH,,0
TXN250218KOSBFP,,NO_MATCH,,0
ATM250218BTP1ZI,,NO_MATCH,,0
ATM250218PV4J3V,CDR202600032125,SENDER_OUTGOING_ACTIVITY,-508,1
ATM2502181C7PBW,CDR202600032142,SENDER_INCOMING_ACTIVITY,895,1
TXN2502187T1W4X,,NO_MATCH,,0
ATM2502182M6A6K,,NO_MATCH,,0
TXN250218G9175W,,NO_MATCH,,0
TXN250218E351ZL,,NO_MATCH,,0
TXN2502189ZUU9Q,,NO_MATCH,,0
ATM2502189GQBFG,,NO_MATCH,,0
ATM2502181FGP1N,,NO_MATCH,,0
TXN2502182YSYG9,CDR202600032164,RECEIVER_OUTGOING_ACTIVITY,460,1
TXN250218NK3OJK,,NO_MATCH,,0
TXN250218XMAPN0,CDR202600032179,SENDER_INCOMING_ACTIVITY,861,1
ATM250218P3GQP0,,NO_MATCH,,0
ATM250218EMS138,CDR202600032156,RECEIVER_OUTGOING_ACTIVITY,-757,1
TXN2502186M7YBH,CDR202600032169,SENDER_OUTGOING_ACTIVITY,73,1
TXN250218GLLEWH,,NO_MATCH,,0
ATM250218RS0RKQ,,NO_MATCH,,0
TXN250218DFM0J0,,NO_MATCH,,0
TXN250218AX6KQQ,CDR202600032177,RECEIVER_OUTGOING_ACTIVITY,-11,1
TXN250218F56ZTK,CDR202600032164,SENDER_INCOMING_ACTIVITY,-883,1
ATM250218083X1V,,NO_MATCH,,0
ATM2502185TX486,,NO_MATCH,,0
ATM250218RFZ4DB,,NO_MATCH,,0
TXN250218R5CI5I,,NO_MATCH,,0
TXN250218CPYMZ4,CDR202600032192,SENDER_OUTGOING_ACTIVITY,-222,1
ATM250218LJRZOQ,,NO_MATCH,,0
TXN2502188VDF6O,,NO_MATCH,,0
TXN250218LKQKFQ,,NO_MATCH,,0
TXN2502188TYYQ5,,NO_MATCH,,0
TXN250218R0O0QL,,NO_MATCH,,0
ATM250218L3AGYL,,NO_MATCH,,0
ATM250218ZHBXY1,,NO_MATCH,,0
ATM250218Q4S1RG,,NO_MATCH,,0
ATM250218ULXJ5Z,,NO_MATCH,,0
ATM250218LZC093,,NO_MATCH,,0
ATM250218YEIOLN,CDR202600032246,RECEIVER_INCOMING_ACTIVITY,658,1
ATM250218HTOJAC,,NO_MATCH,,0
TXN2502187IL725,,NO_MATCH,,0
TXN2502189P2Y9O,CDR202600032256,RECEIVER_INCOMING_ACTIVITY,870,1
TXN2502188UI0HY,,NO_MATCH,,0
ATM250218MNHQN0,CDR202600032254,SENDER_OUTGOING_ACTIVITY,197,1
TXN250218ZZO0LP,,NO_MATCH,,0
TXN2502185QNQID,,NO_MATCH,,0
TXN2502184RVEYQ,,NO_MATCH,,0
TXN2502180A2PFZ,,NO_MATCH,,0
TXN2502188EL6Y5,,NO_MATCH,,0
TXN250218OWCHFG,,NO_MATCH,,0
TXN2502184G5D1F,,NO_MATCH,,0
ATM250218UKWQ3M,,NO_MATCH,,0
TXN250218JOIM4C,CDR202600032270,RECEIVER_OUTGOING_ACTIVITY,-740,1
TXN250218BMSTCP,,NO_MATCH,,0
ATM250218Z03B5J,,NO_MATCH,,0
ATM2502188R5GTM,CDR202600032282,SENDER_INCOMING_ACTIVITY,-350,1
TXN250218A06XQZ,CDR202600032289,RECEIVER_OUTGOING_ACTIVITY,286,1
ATM250218FCXJU1,,NO_MATCH,,0
TXN250218CAGAHR,CDR202600032295,SENDER_OUTGOING_ACTIVITY,633,1
TXN250218RT1PRH,CDR202600032281,SENDER_OUTGOING_ACTIVITY,-632,1
TXN250218NHM9BS,,NO_MATCH,,0
TXN2502181OOWLH,,NO_MATCH,,0
TXN250218ZNSD1E,,NO_MATCH,,0
TXN250218ER7R84,,NO_MATCH,,0
TXN250218IYARE9,,NO_MATCH,,0
TXN250218NTP1JY,,NO_MATCH,,0
ATM250218VWP8X6,CDR202600032296,RECEIVER_INCOMING_ACTIVITY,-873,1
TXN250218KH9TG4,,NO_MATCH,,0
TXN250218BB2HG1,CDR202600032311,RECEIVER_OUTGOING_ACTIVITY,-639,1
ATM250218EAWZI1,CDR202600032316,SENDER_INCOMING_ACTIVITY,-713,1
ATM25021875R8CO,,NO_MATCH,,0
ATM250218C1H92Y,CDR202600032336,SENDER_INCOMING_ACTIVITY,719,1
TXN2502189UVH00,,NO_MATCH,,0
ATM250218IDXUL1,,NO_MATCH,,0
ATM250218ZDFRRX,,NO_MATCH,,0
TXN250218R68608,,NO_MATCH,,0
TXN2502187LL9OY,,NO_MATCH,,0
TXN250218W0YTA0,,NO_MATCH,,0
TXN250218T049NF,,NO_MATCH,,0
ATM250218TKTBCP,,NO_MATCH,,0
TXN250218YQPKOZ,,NO_MATCH,,0
ATM2502184LMCS7,,NO_MATCH,,0
TXN250218BH1TOH,CDR202600032354,SENDER_OUTGOING_ACTIVITY,-696,1
TXN2502183BZ2A3,,NO_MATCH,,0
TXN250218WZFJCU,,NO_MATCH,,0
TXN250218EVTZLC,,NO_MATCH,,0
TXN250218DVW261,,NO_MATCH,,0
TXN250218F7L8FN,CDR202600060234,SENDER_OUTGOING_ACTIVITY,-360,1
ATM250218Z9NQD3,,NO_MATCH,,0
TXN2502181CVF8S,CDR202600032384,SENDER_OUTGOING_ACTIVITY,354,1
TXN2502182ZDQT8,,NO_MATCH,,0
ATM250218D0FLGY,CDR202600032393,RECEIVER_INCOMING_ACTIVITY,532,1
TXN250218I66HDY,,NO_MATCH,,0
TXN250218TFE0YI,,NO_MATCH,,0
TXN250218Q1DTQJ,,NO_MATCH,,0
TXN250218X7J7Y3,,NO_MATCH,,0
TXN250218H1BTOX,,NO_MATCH,,0
ATM250218G59OTS,,NO_MATCH,,0
TXN250218S04416,CDR202600032416,SENDER_OUTGOING_ACTIVITY,518,1
ATM250218YOJE8Q,,NO_MATCH,,0
ATM2502186EMH4U,,NO_MATCH,,0
TXN250218YPICSV,,NO_MATCH,,0
ATM250218FCTOBZ,,NO_MATCH,,0
ATM250218ZB0YGF,,NO_MATCH,,0
TXN250218AF8F20,,NO_MATCH,,0
TXN250218HPYV5R,,NO_MATCH,,0
ATM250218KP5HB9,CDR202600032429,SENDER_INCOMING_ACTIVITY,-632,1
ATM250218H5LAFZ,,NO_MATCH,,0
TXN2502181T52S0,,NO_MATCH,,0
ATM250218B21TPM,,NO_MATCH,,0
ATM250218021BHR,,NO_MATCH,,0
ATM2502180XWAPC,,NO_MATCH,,0
TXN2502188UO9RH,,NO_MATCH,,0
ATM250218F7FQN6,,NO_MATCH,,0
ATM250218LGHW2E,,NO_MATCH,,0
TXN250218TTZWIC,,NO_MATCH,,0
ATM250218W7M440,,NO_MATCH,,0
TXN250218WGIOI2,,NO_MATCH,,0
TXN250218BIN15R,,NO_MATCH,,0
TXN250218MY1985,,NO_MATCH,,0
TXN250218ZPFEF3,,NO_MATCH,,0
TXN250218HZ773P,,NO_MATCH,,0
ATM2502183OC09M,,NO_MATCH,,0
TXN250218RMPAOY,,NO_MATCH,,0
TXN250218U669UJ,,NO_MATCH,,0
ATM250218GPQCYF,CDR202600032494,RECEIVER_OUTGOING_ACTIVITY,714,1
ATM250218N93QTT,,NO_MATCH,,0
ATM250218EMJB4Y,,NO_MATCH,,0
TXN2502181L3GQ4,,NO_MATCH,,0
ATM250218E0XFVU,,NO_MATCH,,0
ATM250218ZCOWUF,,NO_MATCH,,0
ATM250218DDCHZ4,,NO_MATCH,,0
TXN250218R8FDVV,,NO_MATCH,,0
TXN250219MUZWP6,,NO_MATCH,,0
TXN250219EMZ758,,NO_MATCH,,0
ATM250219NJ8HSO,,NO_MATCH,,0
TXN250219XIZOMI,,NO_MATCH,,0
TXN2502194XS5N2,,NO_MATCH,,0
ATM250219Z860P1,,NO_MATCH,,0
ATM250219AQCNQQ,,NO_MATCH,,0
TXN250219HRPJGA,,NO_MATCH,,0
TXN250219QKQGFG,,NO_MATCH,,0
TXN2502198X3U6V,,NO_MATCH,,0
TXN250219E9K83H,,NO_MATCH,,0
TXN250219WHGELU,,NO_MATCH,,0
TXN250219GJH664,,NO_MATCH,,0
TXN25021985BRQL,,NO_MATCH,,0
TXN250219JI9867,,NO_MATCH,,0
TXN2502193G6Y99,,NO_MATCH,,0
TXN250219EF4S2N,,NO_MATCH,,0
ATM2502196L1PF5,,NO_MATCH,,0
TXN2502192W1Z36,,NO_MATCH,,0
TXN250219J8VIGS,,NO_MATCH,,0
ATM250219WZ493C,,NO_MATCH,,0
TXN2502190NBEFT,CDR202600032576,SENDER_OUTGOING_ACTIVITY,199,1
ATM250219KKCIDE,,NO_MATCH,,0
ATM250219NJXOHB,,NO_MATCH,,0
TXN25021915DRJH,,NO_MATCH,,0
TXN2502197WKVV4,,NO_MATCH,,0
TXN250219JH3PID,,NO_MATCH,,0
TXN250219W2N54I,,NO_MATCH,,0
ATM2502197O0OKN,,NO_MATCH,,0
TXN250219XNZYW6,,NO_MATCH,,0
ATM250219NDYWHQ,,NO_MATCH,,0
TXN250219HKLD0X,,NO_MATCH,,0
TXN2502195XPFG9,,NO_MATCH,,0
ATM2502196F8G6X,,NO_MATCH,,0
TXN2502198CGZQV,,NO_MATCH,,0
ATM250219JYIDYH,CDR202600032614,SENDER_INCOMING_ACTIVITY,577,1
TXN250219KLGB3I,CDR202600032616,RECEIVER_INCOMING_ACTIVITY,611,1
TXN250219V6Q8DN,,NO_MATCH,,0
ATM2502192745ZM,,NO_MATCH,,0
TXN250219BZA32U,,NO_MATCH,,0
ATM2502199URL9S,,NO_MATCH,,0
TXN250219O7UZZG,,NO_MATCH,,0
ATM250219B60PTN,CDR202600032617,SENDER_INCOMING_ACTIVITY,-687,1
TXN2502195EFICO,,NO_MATCH,,0
ATM250219CRVEX8,,NO_MATCH,,0
TXN250219H2S6M5,,NO_MATCH,,0
TXN2502194XZKJQ,,NO_MATCH,,0
TXN250219PLIJCB,CDR202600032656,SENDER_INCOMING_ACTIVITY,358,1
ATM250219AW8TOJ,,NO_MATCH,,0
TXN250219M7OP4J,,NO_MATCH,,0
TXN250219NY6HSM,,NO_MATCH,,0
TXN250219TUL9YS,,NO_MATCH,,0
TXN2502190JUDFV,,NO_MATCH,,0
TXN250219XP3WMM,,NO_MATCH,,0
TXN2502190D6YVJ,,NO_MATCH,,0
ATM2502191OL5D8,,NO_MATCH,,0
TXN250219HE18GZ,,NO_MATCH,,0
TXN250219LLRKHV,CDR202600032689,RECEIVER_INCOMING_ACTIVITY,293,1
TXN250219XVONRZ,,NO_MATCH,,0
TXN2502194D80CH,,NO_MATCH,,0
TXN250219VUDLH4,,NO_MATCH,,0
TXN250219WFEKT1,,NO_MATCH,,0
TXN250219P1CGC3,CDR202600032714,RECEIVER_OUTGOING_ACTIVITY,409,1
ATM250219736VH7,,NO_MATCH,,0
TXN250219ASTNLU,,NO_MATCH,,0
TXN2502194OLGV1,,NO_MATCH,,0
TXN250219ZNXOQW,,NO_MATCH,,0
TXN250219F1H0VK,,NO_MATCH,,0
TXN250219QJNQYB,,NO_MATCH,,0
TXN250219LU142P,,NO_MATCH,,0
TXN250219GR5S6U,,NO_MATCH,,0
TXN2502193N6UY7,,NO_MATCH,,0
ATM2502193PGCPX,CDR202600032742,SENDER_INCOMING_ACTIVITY,301,1
ATM25021959H7W1,,NO_MATCH,,0
TXN250219GZ8JLX,,NO_MATCH,,0
TXN250219J6FO6R,,NO_MATCH,,0
TXN2502192LYRRE,CDR202600032751,RECEIVER_OUTGOING_ACTIVITY,-352,1
TXN250219Y5ZG77,,NO_MATCH,,0
ATM250219GLCGKK,,NO_MATCH,,0
TXN2502195XGGFV,,NO_MATCH,,0
TXN250219FPNN8P,,NO_MATCH,,0
TXN250219JHXC27,,NO_MATCH,,0
TXN250219QMDRYN,,NO_MATCH,,0
TXN2502199WACYC,,NO_MATCH,,0
TXN2502198SGEPZ,,NO_MATCH,,0
TXN250219RVAGFC,,NO_MATCH,,0
TXN2502195D9DFM,,NO_MATCH,,0
ATM250219CA5WTN,,NO_MATCH,,0
ATM250219GM9UMA,,NO_MATCH,,0
TXN250219MT3UAW,,NO_MATCH,,0
TXN250219XBEYZO,CDR202600032795,SENDER_OUTGOING_ACTIVITY,-358,1
TXN2502199H6C44,,NO_MATCH,,0
TXN250219W9FDGA,CDR202600032797,SENDER_INCOMING_ACTIVITY,-816,1
ATM250219LWMUPY,,NO_MATCH,,0
TXN250219TDEYAE,,NO_MATCH,,0
ATM250219FQICOZ,,NO_MATCH,,0
TXN250219GSAWQA,CDR202600032822,SENDER_INCOMING_ACTIVITY,82,1
TXN250219X05BFV,CDR202600032818,RECEIVER_INCOMING_ACTIVITY,-474,1
TXN250219MCZWBM,,NO_MATCH,,0
TXN2502195E31QL,,NO_MATCH,,0
TXN250219OOX02Y,,NO_MATCH,,0
TXN250219NULXQ5,CDR202600032835,SENDER_INCOMING_ACTIVITY,-85,1
TXN250219DIWUTZ,CDR202600032854,SENDER_INCOMING_ACTIVITY,762,1
ATM250219XEDMLA,CDR202600032851,RECEIVER_INCOMING_ACTIVITY,-70,1
TXN250219V1M3E0,,NO_MATCH,,0
TXN250219F1UQ9U,,NO_MATCH,,0
TXN25021921M80H,,NO_MATCH,,0
ATM250219A09C7L,CDR202600032854,SENDER_INCOMING_ACTIVITY,-540,1
TXN250219K97VJD,,NO_MATCH,,0
TXN250219BGHKTD,CDR202600032891,SENDER_OUTGOING_ACTIVITY,887,1
TXN250219OMKFZR,,NO_MATCH,,0
ATM250219ZTS9H0,,NO_MATCH,,0
ATM2502198BB4TD,,NO_MATCH,,0
ATM250219CCF3HZ,,NO_MATCH,,0
ATM2502193BAWXU,,NO_MATCH,,0
TXN2502199QD1C1,,NO_MATCH,,0
TXN250219UENPTJ,,NO_MATCH,,0
ATM250219RQLH9H,,NO_MATCH,,0
ATM250219W383DH,,NO_MATCH,,0
ATM2502194RTK95,,NO_MATCH,,0
ATM250219T0AAVX,,NO_MATCH,,0
TXN250219V47LB3,,NO_MATCH,,0
ATM2502196YQH6N,,NO_MATCH,,0
ATM250219N1J3LE,,NO_MATCH,,0
TXN2502195WWPNX,CDR202600032930,SENDER_INCOMING_ACTIVITY,-465,1
TXN2502193ANE8W,,NO_MATCH,,0
TXN250219NMD1EZ,,NO_MATCH,,0
TXN250219WW2KX9,CDR202600032951,SENDER_INCOMING_ACTIVITY,886,1
TXN250219PZDPHJ,CDR202600032946,SENDER_OUTGOING_ACTIVITY,399,1
ATM250219NNYSEI,,NO_MATCH,,0
TXN250219CBADKK,CDR202600032958,RECEIVER_OUTGOING_ACTIVITY,241,1
ATM250219VJ3T38,,NO_MATCH,,0
TXN250219RB3K86,CDR202600032959,SENDER_OUTGOING_ACTIVITY,69,1
TXN250219GXRBFY,,NO_MATCH,,0
ATM2502193YG6HN,CDR202600032956,RECEIVER_INCOMING_ACTIVITY,-538,1
TXN250219541HCD,,NO_MATCH,,0
ATM250219X7M558,,NO_MATCH,,0
ATM2502190KKWKF,,NO_MATCH,,0
TXN2502191DB6J6,,NO_MATCH,,0
TXN2502198NRBRB,,NO_MATCH,,0
TXN250219C00BEZ,,NO_MATCH,,0
TXN2502194OZZ19,CDR202600032980,SENDER_INCOMING_ACTIVITY,-418,1
TXN2502198TLFLQ,,NO_MATCH,,0
TXN250219T1DT0V,,NO_MATCH,,0
TXN250219P76J79,,NO_MATCH,,0
TXN2502199V7WE9,,NO_MATCH,,0
ATM250219EFEUFY,,NO_MATCH,,0
TXN2502196340A7,,NO_MATCH,,0
TXN250219ELKF6U,,NO_MATCH,,0
TXN250219UIFRD4,,NO_MATCH,,0
ATM250219V0PY7Q,,NO_MATCH,,0
TXN250219F3K7GL,,NO_MATCH,,0
ATM250219X3YTO7,,NO_MATCH,,0
ATM250219B0H093,,NO_MATCH,,0
TXN250219CU825T,,NO_MATCH,,0
ATM2502190AA6O9,,NO_MATCH,,0
TXN2502198BRZXA,,NO_MATCH,,0
TXN250219U4R38L,,NO_MATCH,,0
ATM250219G0KF9L,,NO_MATCH,,0
TXN25021906AC30,,NO_MATCH,,0
TXN250219AD73CO,,NO_MATCH,,0
ATM250219XB1KPI,,NO_MATCH,,0
TXN2502191S5SBC,,NO_MATCH,,0
TXN250219HYL6UK,CDR202600033059,SENDER_OUTGOING_ACTIVITY,683,1
ATM250219U19FPF,,NO_MATCH,,0
TXN2502190JUZ9F,,NO_MATCH,,0
TXN250219B7DPD0,,NO_MATCH,,0
TXN250219R6FAUP,,NO_MATCH,,0
TXN2502194HXGDZ,,NO_MATCH,,0
TXN250219P6TK4Z,,NO_MATCH,,0
ATM2502192KPBMZ,,NO_MATCH,,0
ATM250219N639OE,,NO_MATCH,,0
TXN2502197PL57T,,NO_MATCH,,0
ATM250219LRRVS7,CDR202600033075,RECEIVER_INCOMING_ACTIVITY,35,1
TXN250219V5DYVD,,NO_MATCH,,0
ATM25021973WH66,,NO_MATCH,,0
TXN250219NGPW89,,NO_MATCH,,0
ATM250219PJ00GT,,NO_MATCH,,0
TXN2502191OJS3V,,NO_MATCH,,0
TXN250219BFS4I1,,NO_MATCH,,0
TXN250219YIZM7L,,NO_MATCH,,0
TXN250219NBY97B,,NO_MATCH,,0
TXN250219PTZ8F5,,NO_MATCH,,0
TXN250219QUPP6K,,NO_MATCH,,0
TXN250219ZG6YU6,,NO_MATCH,,0
ATM250219VTT5NB,,NO_MATCH,,0
ATM2502195EVH2J,,NO_MATCH,,0
ATM2502195HXXEN,,NO_MATCH,,0
TXN2502195AHAU1,,NO_MATCH,,0
TXN250219T95KLY,,NO_MATCH,,0
TXN250219MF654D,,NO_MATCH,,0
TXN2502198GSUJ4,,NO_MATCH,,0
TXN250219OKX0AP,,NO_MATCH,,0
TXN250219LIN2BX,,NO_MATCH,,0
TXN2502198I61JL,,NO_MATCH,,0
TXN250219EEEA6Z,CDR202600033141,SENDER_OUTGOING_ACTIVITY,411,1
ATM250219EDYXJ0,,NO_MATCH,,0
ATM250219I48L2W,,NO_MATCH,,0
TXN25021963GJJ8,,NO_MATCH,,0
TXN250219OHY13D,,NO_MATCH,,0
TXN250219P8UY55,,NO_MATCH,,0
TXN250219VWPQOO,,NO_MATCH,,0
ATM250219QBHAN4,,NO_MATCH,,0
ATM250219HTYICP,,NO_MATCH,,0
TXN250219J4G5VM,,NO_MATCH,,0
ATM250219DVUEDY,,NO_MATCH,,0
ATM250219DIE8FR,,NO_MATCH,,0
TXN2502202KKI9I,,NO_MATCH,,0
ATM25022069ZBCR,,NO_MATCH,,0
TXN250220XAA9SL,,NO_MATCH,,0
ATM250220WFVFHY,,NO_MATCH,,0
TXN250220836VOX,,NO_MATCH,,0
TXN250220KWS0JU,,NO_MATCH,,0
ATM250220R4HVSF,,NO_MATCH,,0
ATM250220V5OE07,CDR202600060324,SENDER_OUTGOING_ACTIVITY,-780,1
ATM250220TMO6KO,CDR202600033178,SENDER_INCOMING_ACTIVITY,-696,1
TXN250220GOMGYW,,NO_MATCH,,0
TXN250220LW5CXU,,NO_MATCH,,0
TXN250220QHR1V4,,NO_MATCH,,0
TXN250220LO85CM,,NO_MATCH,,0
TXN250220QOC687,,NO_MATCH,,0
TXN2502209RO6WD,,NO_MATCH,,0
TXN250220MWABKA,,NO_MATCH,,0
ATM250220V6HFJE,,NO_MATCH,,0
ATM250220JEW5NS,,NO_MATCH,,0
TXN250220K0IQ77,,NO_MATCH,,0
TXN2502203XHCPA,,NO_MATCH,,0
TXN250220O8KX3M,CDR202600033215,RECEIVER_INCOMING_ACTIVITY,812,1
TXN250220CDO7JE,CDR202600033215,RECEIVER_INCOMING_ACTIVITY,212,1
TXN25022051JEGX,CDR202600033215,RECEIVER_INCOMING_ACTIVITY,212,1
ATM250220668NMZ,,NO_MATCH,,0
ATM250220S8DBFM,,NO_MATCH,,0
ATM2502204TVMHQ,,NO_MATCH,,0
TXN250220P4U1G6,,NO_MATCH,,0
TXN250220SS0FFL,,NO_MATCH,,0
ATM250220EBZHHT,,NO_MATCH,,0
TXN250220NT9MXC,,NO_MATCH,,0
ATM2502204SBQ3T,,NO_MATCH,,0
TXN250220B4ZBIG,,NO_MATCH,,0
TXN250220ILI9RM,CDR202600033234,RECEIVER_OUTGOING_ACTIVITY,-685,1
TXN250220YII5O2,,NO_MATCH,,0
TXN250220LHAASF,,NO_MATCH,,0
TXN250220FCT1WW,CDR202600033244,RECEIVER_OUTGOING_ACTIVITY,-145,1
ATM250220MEHHL5,,NO_MATCH,,0
TXN2502203178ED,,NO_MATCH,,0
TXN250220XW0CJE,,NO_MATCH,,0
TXN2502205XR4GQ,,NO_MATCH,,0
ATM250220C0F5CS,,NO_MATCH,,0
TXN25022025J8GP,,NO_MATCH,,0
TXN250220MHVKSR,,NO_MATCH,,0
TXN250220N536ME,,NO_MATCH,,0
TXN250220LE26O6,,NO_MATCH,,0
ATM2502208EJ7X1,,NO_MATCH,,0
ATM250220JR19QL,,NO_MATCH,,0
TXN250220KY3BEG,,NO_MATCH,,0
ATM2502205BIJFD,,NO_MATCH,,0
ATM25022051U52E,,NO_MATCH,,0
TXN2502201PLLVF,CDR202600033288,RECEIVER_INCOMING_ACTIVITY,-387,1
TXN2502201JVJHY,,NO_MATCH,,0
TXN2502207B39NT,CDR202600033300,SENDER_INCOMING_ACTIVITY,292,1
TXN250220KX36E3,,NO_MATCH,,0
TXN250220EM40P6,CDR202600033298,RECEIVER_OUTGOING_ACTIVITY,-301,1
TXN250220TH3FSQ,CDR202600033305,RECEIVER_INCOMING_ACTIVITY,122,1
TXN250220HHTXUE,,NO_MATCH,,0
TXN2502208IP8TF,,NO_MATCH,,0
TXN250220D9GGXT,,NO_MATCH,,0
TXN2502201WGJ0B,,NO_MATCH,,0
TXN250220BFE7EO,,NO_MATCH,,0
TXN250220WU7R27,CDR202600033324,SENDER_OUTGOING_ACTIVITY,-402,1
TXN2502208ULEDV,CDR202600033330,SENDER_OUTGOING_ACTIVITY,5,1
ATM2502209DWN6E,,NO_MATCH,,0
ATM2502208U2DGZ,,NO_MATCH,,0
TXN250220KS4E76,,NO_MATCH,,0
TXN2502206RQHNS,,NO_MATCH,,0
ATM250220C2QJ5I,CDR202600033337,SENDER_OUTGOING_ACTIVITY,-819,1
ATM250220DBQQRP,CDR202600033344,SENDER_OUTGOING_ACTIVITY,-292,1
TXN2502206S14WW,,NO_MATCH,,0
ATM250220SHIIIH,,NO_MATCH,,0
TXN250220IRIBC8,,NO_MATCH,,0
TXN2502207VS1FT,,NO_MATCH,,0
ATM250220MKQJZ0,,NO_MATCH,,0
TXN250220JB6XK2,,NO_MATCH,,0
ATM25022040DEOP,,NO_MATCH,,0
TXN25022015R39T,,NO_MATCH,,0
TXN2502209P4F52,CDR202600033364,RECEIVER_INCOMING_ACTIVITY,-84,1
TXN2502206DEARY,,NO_MATCH,,0
ATM250220LA8YXQ,,NO_MATCH,,0
TXN250220YQLIHK,,NO_MATCH,,0
TXN2502208FRQSL,,NO_MATCH,,0
TXN250220YO8RH1,,NO_MATCH,,0
TXN250220XKB8AX,CDR202600033382,SENDER_INCOMING_ACTIVITY,621,1
TXN2502208AF4U6,,NO_MATCH,,0
TXN250220MZLL4B,,NO_MATCH,,0
TXN250220L2GRM6,CDR202600060365,RECEIVER_OUTGOING_ACTIVITY,-317,1
ATM250220HRHK94,CDR202600060365,SENDER_OUTGOING_ACTIVITY,-480,1
ATM250220I10YM2,,NO_MATCH,,0
ATM2502204DBL08,,NO_MATCH,,0
ATM2502203VX29G,,NO_MATCH,,0
ATM250220W3FQ01,,NO_MATCH,,0
TXN250220OI1R1N,,NO_MATCH,,0
TXN250220XJ87DA,,NO_MATCH,,0
ATM250220LKGYPX,CDR202600033408,SENDER_INCOMING_ACTIVITY,-92,1
TXN2502204EQAJ3,,NO_MATCH,,0
TXN250220C30ZF8,CDR202600033415,SENDER_INCOMING_ACTIVITY,551,1
ATM2502207KFQ6B,,NO_MATCH,,0
ATM250220D0TNQQ,,NO_MATCH,,0
ATM250220YYZ90U,,NO_MATCH,,0
ATM250220JTG9VX,,NO_MATCH,,0
TXN250220U9X82S,,NO_MATCH,,0
ATM250220GWEJWN,CDR202600033432,RECEIVER_INCOMING_ACTIVITY,500,1
TXN250220OOUORZ,,NO_MATCH,,0
ATM250220I8RSA1,,NO_MATCH,,0
TXN250220SYZJD1,,NO_MATCH,,0
ATM250220F1PJ42,,NO_MATCH,,0
TXN250220ZMRU54,,NO_MATCH,,0
TXN250220JE6KE0,,NO_MATCH,,0
ATM250220W5B50X,,NO_MATCH,,0
TXN250220MMTXYF,CDR202600033457,RECEIVER_INCOMING_ACTIVITY,34,1
TXN250220RGRIZK,,NO_MATCH,,0
TXN250220BMY7B5,,NO_MATCH,,0
TXN250220TGHC1M,CDR202600033474,SENDER_OUTGOING_ACTIVITY,559,1
TXN250220DQOKAR,CDR202600033476,SENDER_INCOMING_ACTIVITY,547,1
ATM2502202127ME,,NO_MATCH,,0
ATM2502209F424J,CDR202600033480,SENDER_INCOMING_ACTIVITY,473,1
TXN250220T2121S,CDR202600033487,RECEIVER_OUTGOING_ACTIVITY,200,1
TXN250220M0C7F7,,NO_MATCH,,0
ATM250220NH0N1C,,NO_MATCH,,0
TXN2502208DK5QH,,NO_MATCH,,0
TXN250220NWL8NS,,NO_MATCH,,0
TXN250220JFDG53,,NO_MATCH,,0
TXN250220NNKUGL,,NO_MATCH,,0
ATM250220MBGR86,CDR202600033518,RECEIVER_INCOMING_ACTIVITY,661,1
TXN25022092QQIT,,NO_MATCH,,0
ATM250220908KW2,,NO_MATCH,,0
TXN2502201L1RHX,,NO_MATCH,,0
ATM250220QO2PDX,,NO_MATCH,,0
TXN25022075UOOR,,NO_MATCH,,0
TXN2502203NFG97,CDR202600033518,SENDER_INCOMING_ACTIVITY,150,1
ATM250220S75KRO,,NO_MATCH,,0
ATM2502206859VC,,NO_MATCH,,0
TXN2502202YKNBE,CDR202600060012,SENDER_OUTGOING_ACTIVITY,-720,1
ATM250220NLBXUW,,NO_MATCH,,0
TXN250220BC1RZ0,CDR202600033533,RECEIVER_OUTGOING_ACTIVITY,459,1
ATM250220VZ3L4J,,NO_MATCH,,0
TXN2502206VUNG1,CDR202600033532,SENDER_INCOMING_ACTIVITY,160,1
ATM250220JJA6S8,CDR202600033549,RECEIVER_OUTGOING_ACTIVITY,883,1
ATM250220Y0K1M4,,NO_MATCH,,0
ATM250220FVW7P5,,NO_MATCH,,0
ATM2502205NSKDN,,NO_MATCH,,0
TXN250220WZA751,,NO_MATCH,,0
ATM250220FDH6YF,,NO_MATCH,,0
ATM250220A22UTO,,NO_MATCH,,0
ATM250220VQJASJ,CDR202600033546,SENDER_OUTGOING_ACTIVITY,-57,1
ATM250220FOXVJL,,NO_MATCH,,0
ATM250220MK6NS5,CDR202600033551,SENDER_OUTGOING_ACTIVITY,-174,1
ATM250220QK4V27,,NO_MATCH,,0
TXN2502203C37V8,,NO_MATCH,,0
TXN250220L0JFON,,NO_MATCH,,0
ATM25022084SXW7,,NO_MATCH,,0
TXN250220Z7JEAQ,CDR202600033563,RECEIVER_INCOMING_ACTIVITY,197,1
ATM250220IAKTY2,,NO_MATCH,,0
TXN250220HPFGHJ,,NO_MATCH,,0
TXN250220SEDZNB,,NO_MATCH,,0
ATM250220BPYWSC,,NO_MATCH,,0
ATM250220R6E0D5,,NO_MATCH,,0
ATM250220O64SOY,,NO_MATCH,,0
TXN250220WPU8KO,,NO_MATCH,,0
TXN250220P1P1V5,CDR202600033570,RECEIVER_INCOMING_ACTIVITY,163,1
TXN25022066QFXN,,NO_MATCH,,0
TXN250220IA39AY,,NO_MATCH,,0
ATM250220QRJBXL,,NO_MATCH,,0
TXN2502206HF02A,CDR202600033578,RECEIVER_INCOMING_ACTIVITY,-245,1
TXN250220I8SHQB,,NO_MATCH,,0
ATM250220WNU2RG,,NO_MATCH,,0
TXN250220WUIUL5,,NO_MATCH,,0
TXN250220WRL2U0,,NO_MATCH,,0
TXN250220I3298C,,NO_MATCH,,0
TXN25022028ZZPH,,NO_MATCH,,0
TXN250220V425YC,,NO_MATCH,,0
TXN250220V6HEDE,,NO_MATCH,,0
TXN2502208YAA00,CDR202600033600,RECEIVER_INCOMING_ACTIVITY,-371,1
TXN250220R4SWN1,CDR202600033596,SENDER_INCOMING_ACTIVITY,-881,1
TXN250220VKWRDL,,NO_MATCH,,0
ATM250220LKPPE8,,NO_MATCH,,0
TXN250220YN3YPJ,,NO_MATCH,,0
ATM250220BR37EC,CDR202600033612,SENDER_OUTGOING_ACTIVITY,-503,1
TXN250220MPA552,,NO_MATCH,,0
ATM250220VHPBN6,,NO_MATCH,,0
TXN2502206L3LU7,,NO_MATCH,,0
TXN250220G2UMG1,CDR202600033620,RECEIVER_INCOMING_ACTIVITY,-17,1
TXN2502201TKQ00,,NO_MATCH,,0
TXN250220L2BQFR,,NO_MATCH,,0
TXN250220S5MS9A,CDR202600033639,SENDER_OUTGOING_ACTIVITY,616,1
TXN2502205T331C,,NO_MATCH,,0
TXN25022061HK8J,,NO_MATCH,,0
ATM250220LKJFON,CDR202600033644,RECEIVER_INCOMING_ACTIVITY,-48,1
TXN250220HF82MB,,NO_MATCH,,0
ATM250220RVSKI0,,NO_MATCH,,0
TXN250220G85LT1,,NO_MATCH,,0
TXN2502207KW3HQ,,NO_MATCH,,0
TXN250220I7ARTI,,NO_MATCH,,0
TXN250220A1BW5Q,,NO_MATCH,,0
TXN2502205IPRXJ,,NO_MATCH,,0
TXN250220NGA6U8,,NO_MATCH,,0
ATM250220QV2KK2,,NO_MATCH,,0
TXN250220OGI9H6,,NO_MATCH,,0
TXN250220H4W2RX,,NO_MATCH,,0
ATM250220DQ3UI7,,NO_MATCH,,0
TXN250220HL7UOC,,NO_MATCH,,0
TXN2502200JR4Q1,,NO_MATCH,,0
ATM2502206UYJZ6,CDR202600033703,RECEIVER_OUTGOING_ACTIVITY,-253,1
ATM250220O9BKRA,,NO_MATCH,,0
ATM250220AEPM58,,NO_MATCH,,0
TXN250220G1FICD,,NO_MATCH,,0
TXN250220C91KJH,,NO_MATCH,,0
TXN2502209MLRUH,CDR202600033723,RECEIVER_INCOMING_ACTIVITY,393,1
TXN250220E8E97T,,NO_MATCH,,0
TXN250220MH6COL,,NO_MATCH,,0
ATM250220DHL49U,,NO_MATCH,,0
TXN250220B6H48L,,NO_MATCH,,0
ATM250220UH8UG4,,NO_MATCH,,0
ATM2502203INJ9S,,NO_MATCH,,0
TXN250220Z98TXM,,NO_MATCH,,0
TXN2502205WJP7X,,NO_MATCH,,0
ATM250220L6X3C6,,NO_MATCH,,0
TXN25022019R8MR,,NO_MATCH,,0
TXN250220MIOQ6E,,NO_MATCH,,0
TXN250220UWUZ55,,NO_MATCH,,0
ATM250220UM8OY8,CDR202600033741,SENDER_OUTGOING_ACTIVITY,39,1
TXN250220VFZ8AX,,NO_MATCH,,0
TXN250220EYG1I0,,NO_MATCH,,0
ATM2502205XTGF6,,NO_MATCH,,0
TXN250220YT7MWJ,,NO_MATCH,,0
TXN2502204L0D5K,,NO_MATCH,,0
TXN250220RHA9QD,,NO_MATCH,,0
TXN250220T3M6YF,,NO_MATCH,,0
TXN250220KG3B89,,NO_MATCH,,0
ATM2502200UHGJK,,NO_MATCH,,0
TXN250220RMNYK0,,NO_MATCH,,0
TXN250220MC5F4N,,NO_MATCH,,0
TXN2502204M7S78,,NO_MATCH,,0
ATM250220U5QKW7,,NO_MATCH,,0
TXN2502207JBPNC,,NO_MATCH,,0
TXN250220W58HLI,,NO_MATCH,,0
TXN250220G97FZZ,,NO_MATCH,,0
ATM250221O0T6N9,,NO_MATCH,,0
TXN25022190A75Y,,NO_MATCH,,0
TXN250221E24KIO,,NO_MATCH,,0
ATM2502216DDOJD,,NO_MATCH,,0
TXN250221O6S16X,,NO_MATCH,,0
ATM25022163U6EO,,NO_MATCH,,0
TXN250221XOUJAL,,NO_MATCH,,0
TXN2502217EF059,,NO_MATCH,,0
TXN250221FAZ237,CDR202600033838,RECEIVER_INCOMING_ACTIVITY,-464,1
TXN250221P4320H,,NO_MATCH,,0
TXN250221HF30SF,,NO_MATCH,,0
TXN2502215L4D46,,NO_MATCH,,0
TXN250221FL8QBB,,NO_MATCH,,0
TXN2502212O3SC6,,NO_MATCH,,0
TXN2502218WFZ7Q,CDR202600033857,SENDER_OUTGOING_ACTIVITY,838,1
ATM2502219KA3SO,CDR202600033849,RECEIVER_OUTGOING_ACTIVITY,-211,1
TXN250221XGA4L0,,NO_MATCH,,0
TXN250221Z1UJBI,,NO_MATCH,,0
TXN250221FSR7ID,,NO_MATCH,,0
TXN250221FD11B1,,NO_MATCH,,0
TXN2502210OTKJY,,NO_MATCH,,0
TXN25022191SFVG,,NO_MATCH,,0
TXN2502216L6MHU,,NO_MATCH,,0
TXN2502218MTAW5,,NO_MATCH,,0
TXN250221T4CTUV,,NO_MATCH,,0
TXN250221KQ6YD5,,NO_MATCH,,0
TXN25022129ZBJQ,,NO_MATCH,,0
TXN250221XOYXV3,,NO_MATCH,,0
TXN2502218626IG,CDR202600033885,RECEIVER_OUTGOING_ACTIVITY,788,1
TXN250221S3LHQB,,NO_MATCH,,0
TXN2502210SW68A,,NO_MATCH,,0
TXN250221U7J63D,,NO_MATCH,,0
TXN250221XN6EQB,,NO_MATCH,,0
TXN250221Y9RLBD,,NO_MATCH,,0
TXN25022177U8F6,,NO_MATCH,,0
TXN2502213H02LH,,NO_MATCH,,0
TXN2502218JNHWR,,NO_MATCH,,0
TXN250221K4OF0K,,NO_MATCH,,0
TXN250221Y0OCW0,CDR202600033901,SENDER_INCOMING_ACTIVITY,379,1
TXN250221802GUR,,NO_MATCH,,0
TXN250221KLRR28,,NO_MATCH,,0
ATM250221L5TYR6,,NO_MATCH,,0
ATM25022121O4CT,CDR202600060342,SENDER_OUTGOING_ACTIVITY,-360,1
TXN250221IVWXCL,,NO_MATCH,,0
ATM250221QXYZQN,,NO_MATCH,,0
TXN250221JEGJ1M,,NO_MATCH,,0
TXN250221S5WIBU,,NO_MATCH,,0
TXN250221AKE0M9,,NO_MATCH,,0
TXN2502217KX4PX,,NO_MATCH,,0
TXN2502212O0JJA,,NO_MATCH,,0
TXN250221P1V4QY,,NO_MATCH,,0
TXN2502215QHQFI,,NO_MATCH,,0
TXN25022195O060,,NO_MATCH,,0
ATM250221O2Q26B,,NO_MATCH,,0
TXN250221IKC4BQ,,NO_MATCH,,0
TXN250221LQB1X3,,NO_MATCH,,0
TXN250221B50OFL,,NO_MATCH,,0
ATM25022174ZHGX,,NO_MATCH,,0
TXN2502215Z4WRG,CDR202600033943,SENDER_OUTGOING_ACTIVITY,-309,1
ATM250221JXUCT1,CDR202600033937,RECEIVER_OUTGOING_ACTIVITY,-824,1
TXN2502211K2S5R,CDR202600033951,RECEIVER_OUTGOING_ACTIVITY,457,1
TXN250221C6KTF4,,NO_MATCH,,0
TXN2502216VV50Z,,NO_MATCH,,0
ATM2502219ICD6D,CDR202600060233,SENDER_OUTGOING_ACTIVITY,-360,1
TXN250221XWWPGA,CDR202600033964,RECEIVER_INCOMING_ACTIVITY,775,1
TXN250221OTY57B,,NO_MATCH,,0
ATM250221J1I9BY,,NO_MATCH,,0
TXN250221KK753H,,NO_MATCH,,0
ATM2502219GRTYG,,NO_MATCH,,0
TXN250221TM389E,CDR202600033997,SENDER_INCOMING_ACTIVITY,880,1
ATM250221PREZN9,CDR202600033978,SENDER_OUTGOING_ACTIVITY,-631,1
TXN2502211R5K4B,CDR202600033974,RECEIVER_INCOMING_ACTIVITY,-798,1
TXN25022114H0S5,CDR202600034004,RECEIVER_OUTGOING_ACTIVITY,573,1
TXN250221UCZYUH,CDR202600033986,SENDER_OUTGOING_ACTIVITY,-520,1
TXN250221FTZISG,,NO_MATCH,,0
TXN250221L9HEGW,CDR202600034004,SENDER_INCOMING_ACTIVITY,276,1
ATM25022158UFRA,,NO_MATCH,,0
TXN250221OBO3S1,,NO_MATCH,,0
TXN250221B0W03M,,NO_MATCH,,0
ATM2502217B3RC6,,NO_MATCH,,0
ATM2502211GOVNL,,NO_MATCH,,0
ATM250221U0VLKO,,NO_MATCH,,0
TXN2502218ECBGZ,,NO_MATCH,,0
TXN250221EHEBZ1,CDR202600034028,RECEIVER_OUTGOING_ACTIVITY,-66,1
ATM250221GG711M,,NO_MATCH,,0
TXN250221JVUJHM,,NO_MATCH,,0
TXN250221WBKKQ9,,NO_MATCH,,0
TXN2502211P8M6I,,NO_MATCH,,0
TXN250221HJBLT6,,NO_MATCH,,0
TXN250221ZJ0TIM,,NO_MATCH,,0
TXN250221TJ6TST,,NO_MATCH,,0
ATM25022115FRZJ,,NO_MATCH,,0
TXN250221OK7GA9,,NO_MATCH,,0
ATM250221F48GQF,,NO_MATCH,,0
TXN250221TSRWJT,,NO_MATCH,,0
ATM2502218PMOJZ,CDR202600060128,SENDER_OUTGOING_ACTIVITY,896,1
TXN250221TKPSZ0,,NO_MATCH,,0
ATM250221JEG8Y9,,NO_MATCH,,0
TXN250221AW2Y8K,,NO_MATCH,,0
TXN250221A1X5G7,,NO_MATCH,,0
TXN250221MIJP8O,,NO_MATCH,,0
ATM2502210FV3ZH,,NO_MATCH,,0
TXN250221U6WI82,,NO_MATCH,,0
TXN250221PWCI45,,NO_MATCH,,0
TXN250221RXQLN4,CDR202600034088,RECEIVER_OUTGOING_ACTIVITY,385,1
ATM250221M5CL63,,NO_MATCH,,0
TXN250221BOW0U9,,NO_MATCH,,0
TXN250221Y5EYUQ,,NO_MATCH,,0
TXN250221LVTU8F,,NO_MATCH,,0
ATM250221FU3QHQ,CDR202600034087,SENDER_OUTGOING_ACTIVITY,-283,1
TXN250221Q0PEKX,CDR202600034085,SENDER_OUTGOING_ACTIVITY,-561,1
TXN250221U63O8Q,,NO_MATCH,,0
TXN250221596AT0,,NO_MATCH,,0
TXN2502210SETJB,,NO_MATCH,,0
ATM250221XVOYC1,,NO_MATCH,,0
TXN2502214LDZZ3,,NO_MATCH,,0
TXN250221K8Y0C1,,NO_MATCH,,0
TXN250221HT9QPL,CDR202600034121,RECEIVER_OUTGOING_ACTIVITY,831,1
TXN250221ODO67A,,NO_MATCH,,0
TXN250221UCRAOC,CDR202600034112,RECEIVER_INCOMING_ACTIVITY,-241,1
ATM2502213B4FXW,,NO_MATCH,,0
TXN250221G8U9JJ,,NO_MATCH,,0
ATM250221N39B96,CDR202600034122,SENDER_OUTGOING_ACTIVITY,277,1
TXN250221QZJSFX,,NO_MATCH,,0
TXN2502218PNN1R,,NO_MATCH,,0
TXN250221TQ2RSD,,NO_MATCH,,0
ATM250221K0WNVN,,NO_MATCH,,0
TXN250221FIKSXK,CDR202600034131,SENDER_INCOMING_ACTIVITY,-66,1
ATM2502212B6A7N,,NO_MATCH,,0
ATM2502214WZZ3C,CDR202600034134,SENDER_OUTGOING_ACTIVITY,-64,1
TXN250221Y7QG2S,,NO_MATCH,,0
TXN250221ZKPQXL,CDR202600034133,RECEIVER_OUTGOING_ACTIVITY,-257,1
TXN250221ZHNVUC,,NO_MATCH,,0
TXN250221XHIF56,,NO_MATCH,,0
TXN2502218N2O12,CDR202600034153,RECEIVER_INCOMING_ACTIVITY,866,1
ATM250221OYGU5N,CDR202600034135,SENDER_OUTGOING_ACTIVITY,-688,1
TXN2502219X39O9,,NO_MATCH,,0
TXN250221L29NKE,,NO_MATCH,,0
TXN250221YLFWRY,CDR202600034149,RECEIVER_OUTGOING_ACTIVITY,148,1
TXN250221OA3265,,NO_MATCH,,0
TXN250221IC01XK,,NO_MATCH,,0
TXN25022196KDKE,,NO_MATCH,,0
TXN2502213KGISV,,NO_MATCH,,0
TXN250221Z6H45V,,NO_MATCH,,0
TXN2502216SF17B,,NO_MATCH,,0
TXN250221V74Z71,,NO_MATCH,,0
TXN250221NBDNUR,,NO_MATCH,,0
TXN25022182S2OO,,NO_MATCH,,0
TXN250221V5AZAO,,NO_MATCH,,0
TXN250221EWM978,,NO_MATCH,,0
ATM2502217S0DZ3,,NO_MATCH,,0
TXN2502211LGYJR,,NO_MATCH,,0
TXN2502214KYCNJ,,NO_MATCH,,0
ATM250221I39CKT,,NO_MATCH,,0
TXN250221ER2MNO,CDR202600034176,SENDER_OUTGOING_ACTIVITY,64,1
ATM250221H11POK,,NO_MATCH,,0
TXN250221LAEQ2V,CDR202600034187,RECEIVER_OUTGOING_ACTIVITY,685,1
TXN250221DGB8C9,,NO_MATCH,,0
TXN250221R3RUPW,,NO_MATCH,,0
ATM250221TX8M3K,,NO_MATCH,,0
TXN250221ZFGCSN,,NO_MATCH,,0
ATM250221XAB95T,CDR202600034212,SENDER_INCOMING_ACTIVITY,753,1
ATM250221QMSYT3,CDR202600034209,SENDER_INCOMING_ACTIVITY,-46,1
ATM250221HFNN7I,,NO_MATCH,,0
TXN250221OKNP28,CDR202600034204,SENDER_INCOMING_ACTIVITY,-281,1
TXN250221O2K5WW,,NO_MATCH,,0
ATM250221TF8O0H,,NO_MATCH,,0
TXN250221QJD183,,NO_MATCH,,0
TXN250221X35FZJ,CDR202600034216,RECEIVER_OUTGOING_ACTIVITY,-392,1
TXN250221O1UB7B,,NO_MATCH,,0
ATM250221SLQV6M,,NO_MATCH,,0
TXN2502212QFETA,,NO_MATCH,,0
TXN250221EMNI7V,,NO_MATCH,,0
TXN2502212FN1UN,,NO_MATCH,,0
TXN250221V1J1Z6,,NO_MATCH,,0
TXN25022121VV3X,,NO_MATCH,,0
ATM250221XHV3EL,,NO_MATCH,,0
TXN2502214FUI7I,CDR202600034259,RECEIVER_INCOMING_ACTIVITY,-78,1
TXN250221ER382J,CDR202600034251,SENDER_OUTGOING_ACTIVITY,-606,1
ATM250221G75RBD,,NO_MATCH,,0
TXN2502212WL8D1,,NO_MATCH,,0
TXN25022101CL3Z,CDR202600034269,RECEIVER_INCOMING_ACTIVITY,-415,1
ATM250221VJUM30,,NO_MATCH,,0
TXN250221G4G0YG,,NO_MATCH,,0
TXN250221D99VAF,,NO_MATCH,,0
TXN250221WK514X,,NO_MATCH,,0
TXN25022187181B,,NO_MATCH,,0
ATM250221ZWSGEW,,NO_MATCH,,0
TXN250221D19PZE,,NO_MATCH,,0
TXN250221BL0IIK,,NO_MATCH,,0
ATM25022194MP4U,,NO_MATCH,,0
TXN250221FPVZAK,,NO_MATCH,,0
ATM250221B4HO2S,,NO_MATCH,,0
ATM250221OODNGO,CDR202600034305,RECEIVER_OUTGOING_ACTIVITY,-494,1
TXN250221J3T7L6,,NO_MATCH,,0
ATM250221MZ3D6C,CDR202600034317,RECEIVER_OUTGOING_ACTIVITY,-591,1
TXN250221PM0SR5,,NO_MATCH,,0
TXN25022186Z007,,NO_MATCH,,0
TXN250221XNPIG4,,NO_MATCH,,0
ATM2502215FYABS,,NO_MATCH,,0
TXN2502219YI9EF,,NO_MATCH,,0
TXN2502217BWTT7,CDR202600034349,RECEIVER_INCOMING_ACTIVITY,681,1
TXN250221JXP2C6,,NO_MATCH,,0
TXN250221YS0GRI,,NO_MATCH,,0
TXN250221635KV8,CDR202600034352,RECEIVER_INCOMING_ACTIVITY,-443,1
TXN250221T9LVBJ,,NO_MATCH,,0
TXN2502215KS8KP,,NO_MATCH,,0
TXN250221B83QWL,,NO_MATCH,,0
TXN2502210BJMC6,,NO_MATCH,,0
ATM250221BBU5P2,,NO_MATCH,,0
ATM250221C0BG8C,,NO_MATCH,,0
ATM250221O35KPP,CDR202600060262,SENDER_OUTGOING_ACTIVITY,-660,1
ATM250221MDTU3I,CDR202600034394,RECEIVER_OUTGOING_ACTIVITY,469,1
TXN250221R19WB7,,NO_MATCH,,0
TXN250221KRLCPI,,NO_MATCH,,0
ATM250221XQZZA4,,NO_MATCH,,0
TXN250221YQOIV9,,NO_MATCH,,0
TXN2502210IRFKA,,NO_MATCH,,0
ATM2502213CCG81,,NO_MATCH,,0
TXN250221Q7UTG7,,NO_MATCH,,0
ATM250221ANJEHB,,NO_MATCH,,0
TXN250221PCFW3A,,NO_MATCH,,0
TXN250221FWAU60,,NO_MATCH,,0
TXN2502218Q48J0,,NO_MATCH,,0
TXN250221LFOOY3,,NO_MATCH,,0
TXN250221XBDAE3,,NO_MATCH,,0
TXN2502210690VH,,NO_MATCH,,0
ATM250221OM7I1F,,NO_MATCH,,0
ATM250221RTG7EI,,NO_MATCH,,0
ATM2502225MJ7JE,,NO_MATCH,,0
TXN250222XGIGYY,,NO_MATCH,,0
TXN25022220XVZB,,NO_MATCH,,0
TXN2502223KHOPD,CDR202600034469,RECEIVER_OUTGOING_ACTIVITY,889,1
ATM250222MFORU2,,NO_MATCH,,0
TXN250222UKBS1N,,NO_MATCH,,0
TXN250222BKKJ7Y,,NO_MATCH,,0
ATM2502229Q7M99,,NO_MATCH,,0
TXN250222COCSGJ,CDR202600034496,RECEIVER_OUTGOING_ACTIVITY,470,1
ATM250222H3ZOI8,,NO_MATCH,,0
TXN2502227NEB7O,,NO_MATCH,,0
TXN250222DUX76G,,NO_MATCH,,0
TXN2502228RCMGN,,NO_MATCH,,0
ATM2502225Q8JPR,,NO_MATCH,,0
ATM2502223GWXI0,,NO_MATCH,,0
ATM250222ZTXSMC,,NO_MATCH,,0
ATM250222BP3CZJ,CDR202600034528,RECEIVER_OUTGOING_ACTIVITY,-488,1
ATM250222LIX4W9,,NO_MATCH,,0
TXN250222ST7A8V,,NO_MATCH,,0
ATM250222PFAO8S,,NO_MATCH,,0
TXN250222UBAP3I,,NO_MATCH,,0
TXN250222CQL89J,CDR202600034542,SENDER_OUTGOING_ACTIVITY,-869,1
TXN25022243Z0V6,,NO_MATCH,,0
ATM250222WEZS5R,,NO_MATCH,,0
TXN250222X39GYB,,NO_MATCH,,0
TXN250222LOT4SA,CDR202600034571,RECEIVER_INCOMING_ACTIVITY,537,1
TXN250222GFQBRR,,NO_MATCH,,0
TXN250222KVKOEI,,NO_MATCH,,0
ATM2502226K2CH0,,NO_MATCH,,0
TXN250222UID7Z6,,NO_MATCH,,0
TXN250222BTRTQO,,NO_MATCH,,0
ATM250222GYRXJ2,,NO_MATCH,,0
ATM2502220PO3KS,CDR202600034574,RECEIVER_INCOMING_ACTIVITY,235,1
TXN2502221BH0T4,CDR202600034579,RECEIVER_OUTGOING_ACTIVITY,513,1
TXN2502227YTGAJ,CDR202600034572,RECEIVER_OUTGOING_ACTIVITY,-194,1
TXN250222SU00H2,,NO_MATCH,,0
TXN250222UKK9VO,,NO_MATCH,,0
TXN250222TVB44B,,NO_MATCH,,0
TXN250222Q4M2AM,CDR202600034584,SENDER_OUTGOING_ACTIVITY,386,1
TXN250222JMYVOC,,NO_MATCH,,0
TXN250222F7EMFP,CDR202600034587,RECEIVER_OUTGOING_ACTIVITY,282,1
TXN250222LWPSZ1,,NO_MATCH,,0
ATM250222Y8JF8P,,NO_MATCH,,0
ATM250222TOOX6K,,NO_MATCH,,0
TXN250222PPLWIY,,NO_MATCH,,0
TXN250222UTU0RC,,NO_MATCH,,0
ATM2502223B82KN,,NO_MATCH,,0
ATM250222UYZ00F,,NO_MATCH,,0
ATM2502229EQJVB,,NO_MATCH,,0
TXN250222F0IKCY,,NO_MATCH,,0
TXN250222224HN4,,NO_MATCH,,0
TXN2502224WGOCL,,NO_MATCH,,0
TXN250222VNVIY8,,NO_MATCH,,0
ATM2502226576TT,,NO_MATCH,,0
TXN250222B1WABM,,NO_MATCH,,0
TXN2502223IABTL,CDR202600034612,RECEIVER_INCOMING_ACTIVITY,308,1
TXN25022275S83V,CDR202600034621,RECEIVER_OUTGOING_ACTIVITY,858,1
TXN250222UW4A61,,NO_MATCH,,0
TXN250222KOXHPB,,NO_MATCH,,0
ATM250222SI4XGX,CDR202600034620,SENDER_INCOMING_ACTIVITY,-201,1
TXN250222QXIZNE,,NO_MATCH,,0
TXN2502221PN0VL,,NO_MATCH,,0
TXN250222XE8MXE,,NO_MATCH,,0
ATM2502224UUGUO,,NO_MATCH,,0
TXN2502226XBG4M,,NO_MATCH,,0
TXN250222LQA8EW,CDR202600034636,RECEIVER_OUTGOING_ACTIVITY,12,1
TXN250222BKF50G,CDR202600034642,RECEIVER_INCOMING_ACTIVITY,401,1
TXN250222Y4WN9N,,NO_MATCH,,0
ATM2502223SS96J,,NO_MATCH,,0
ATM250222ABMNYM,,NO_MATCH,,0
ATM250222D0X32O,,NO_MATCH,,0
TXN250222N61ZBV,CDR202600034642,SENDER_OUTGOING_ACTIVITY,-666,1
TXN2502229ZU8QF,,NO_MATCH,,0
TXN250222M11WH2,CDR202600034648,SENDER_INCOMING_ACTIVITY,-596,1
TXN250222X6N0OF,,NO_MATCH,,0
ATM250222IRFIEC,,NO_MATCH,,0
ATM250222XAYMTW,,NO_MATCH,,0
TXN250222YU8UC9,,NO_MATCH,,0
ATM2502221Q5U0V,,NO_MATCH,,0
ATM250222V5P8GU,CDR202600060529,SENDER_OUTGOING_ACTIVITY,-720,1
TXN250222DXQNER,,NO_MATCH,,0
ATM25022222OHPV,,NO_MATCH,,0
ATM2502223CNTCH,CDR202600034673,SENDER_INCOMING_ACTIVITY,-857,1
TXN250222FZTY25,,NO_MATCH,,0
TXN2502225Q4WR2,,NO_MATCH,,0
ATM250222JIB63K,,NO_MATCH,,0
TXN250222YAAE7T,,NO_MATCH,,0
TXN250222FKOLLC,,NO_MATCH,,0
ATM250222ZZWRVX,,NO_MATCH,,0
ATM2502228LSX57,,NO_MATCH,,0
TXN250222PXDQ2W,CDR202600034742,RECEIVER_INCOMING_ACTIVITY,804,1
ATM250222Y4K61G,,NO_MATCH,,0
TXN2502227RR6EL,,NO_MATCH,,0
TXN250222PNBFEW,,NO_MATCH,,0
ATM250222LXF6M6,,NO_MATCH,,0
TXN250222G4DQ0H,,NO_MATCH,,0
TXN250222H16IJ2,,NO_MATCH,,0
TXN2502221WUB1U,,NO_MATCH,,0
ATM250222G3119C,,NO_MATCH,,0
TXN250222KYBNX7,,NO_MATCH,,0
ATM250222D0A5U0,,NO_MATCH,,0
ATM250222CNIUTL,,NO_MATCH,,0
TXN2502224AH5KK,,NO_MATCH,,0
ATM250222VDYRTR,,NO_MATCH,,0
TXN250222KSWYAL,,NO_MATCH,,0
TXN250222O43MLG,,NO_MATCH,,0
TXN250222YFFT2J,CDR202600034764,SENDER_OUTGOING_ACTIVITY,549,1
ATM250222RZ7SY5,CDR202600034768,SENDER_INCOMING_ACTIVITY,544,1
ATM250222V8SSDJ,CDR202600034759,SENDER_INCOMING_ACTIVITY,-3,1
TXN250222111Y7O,,NO_MATCH,,0
TXN250222X47HOU,,NO_MATCH,,0
TXN250222W1XTUG,,NO_MATCH,,0
ATM250222ZWRW1L,,NO_MATCH,,0
TXN2502222IKVFQ,CDR202600034761,SENDER_OUTGOING_ACTIVITY,-659,1
ATM2502225ZTT4N,CDR202600034773,SENDER_OUTGOING_ACTIVITY,4,1
ATM250222QV4W4Y,,NO_MATCH,,0
TXN250222RCD0ZI,,NO_MATCH,,0
ATM250222FU8FIR,,NO_MATCH,,0
ATM250222RAI0MT,,NO_MATCH,,0
TXN250222YMZ7UV,,NO_MATCH,,0
TXN250222AO9N7Q,CDR202600034780,RECEIVER_INCOMING_ACTIVITY,-350,1
TXN250222ZC01Q8,,NO_MATCH,,0
ATM250222SXLVA0,,NO_MATCH,,0
ATM25022274LZD6,CDR202600034790,SENDER_INCOMING_ACTIVITY,-86,1
ATM250222BLWI86,,NO_MATCH,,0
TXN2502221INVVN,,NO_MATCH,,0
ATM250222WCXTIY,,NO_MATCH,,0
ATM2502227756UM,CDR202600034802,SENDER_OUTGOING_ACTIVITY,289,1
ATM250222VBTJLE,,NO_MATCH,,0
TXN25022290G6UG,,NO_MATCH,,0
TXN250222SOBVF6,,NO_MATCH,,0
TXN250222SYNTKI,,NO_MATCH,,0
TXN250222WMMZT3,,NO_MATCH,,0
ATM2502228H6C74,,NO_MATCH,,0
TXN250222MPI432,,NO_MATCH,,0
TXN2502222ZKJZC,,NO_MATCH,,0
ATM25022221C4RV,,NO_MATCH,,0
TXN250222QSJVHR,,NO_MATCH,,0
TXN25022271GLIC,CDR202600034838,RECEIVER_OUTGOING_ACTIVITY,-469,1
TXN2502220G54JL,,NO_MATCH,,0
TXN2502224QO360,,NO_MATCH,,0
TXN250222FDANF9,,NO_MATCH,,0
TXN250222PK1485,,NO_MATCH,,0
TXN250222G3DM2Y,CDR202600034887,SENDER_OUTGOING_ACTIVITY,473,1
TXN250222VRNMOU,,NO_MATCH,,0
ATM250222GSHB8O,CDR202600034881,RECEIVER_OUTGOING_ACTIVITY,-295,1
ATM250222C5JKVE,CDR202600034882,SENDER_OUTGOING_ACTIVITY,-797,1
TXN250222JET60G,,NO_MATCH,,0
TXN250222QS4CH6,,NO_MATCH,,0
TXN250222ADUGLR,,NO_MATCH,,0
TXN2502223U5M0B,,NO_MATCH,,0
TXN250222LAW02R,CDR202600034929,SENDER_INCOMING_ACTIVITY,331,1
ATM250222EUZIPH,,NO_MATCH,,0
TXN250222882CKV,,NO_MATCH,,0
TXN250222IJUFOC,,NO_MATCH,,0
ATM250222LMSASB,,NO_MATCH,,0
ATM250222QUQX68,,NO_MATCH,,0
TXN250222OB0YC4,,NO_MATCH,,0
ATM250222LTLYHP,,NO_MATCH,,0
ATM250222DVWXUE,,NO_MATCH,,0
TXN250222VXZKQ8,,NO_MATCH,,0
TXN25022252MX4X,,NO_MATCH,,0
TXN250222NE158E,,NO_MATCH,,0
TXN25022204FXXX,CDR202600034960,RECEIVER_OUTGOING_ACTIVITY,-317,1
ATM250222R22J8A,,NO_MATCH,,0
ATM2502220GEVLY,,NO_MATCH,,0
TXN250222D7E1U0,,NO_MATCH,,0
TXN250222QP1FIW,,NO_MATCH,,0
ATM250222JGY6M9,,NO_MATCH,,0
TXN250222D4RSJH,,NO_MATCH,,0
TXN250222L7LILE,,NO_MATCH,,0
ATM250222LSR4Y2,,NO_MATCH,,0
ATM2502220DEVCE,,NO_MATCH,,0
ATM250222JFA2NI,,NO_MATCH,,0
ATM25022289F709,,NO_MATCH,,0
ATM25022202TJ76,,NO_MATCH,,0
ATM250222WB1H91,CDR202600034989,RECEIVER_INCOMING_ACTIVITY,-355,1
ATM250222BSK16P,,NO_MATCH,,0
TXN250222G2XGVB,CDR202600034995,SENDER_INCOMING_ACTIVITY,-843,1
TXN250222P6EUAV,,NO_MATCH,,0
TXN250222119L6P,,NO_MATCH,,0
TXN250222RH1RW9,CDR202600035015,SENDER_INCOMING_ACTIVITY,620,1
ATM250222F2NOXG,,NO_MATCH,,0
TXN25022248P95W,,NO_MATCH,,0
ATM2502229M9Q89,,NO_MATCH,,0
TXN250222A9EM53,,NO_MATCH,,0
ATM250222W5MO82,,NO_MATCH,,0
TXN250222J652WB,CDR202600035019,SENDER_OUTGOING_ACTIVITY,460,1
ATM250222R1REE8,,NO_MATCH,,0
ATM250222V0UKGE,,NO_MATCH,,0
TXN250222JNKD49,,NO_MATCH,,0
TXN250222V29ODW,,NO_MATCH,,0
TXN2502228V8190,,NO_MATCH,,0
ATM250222U28AAS,CDR202600035027,SENDER_INCOMING_ACTIVITY,569,1
TXN25022283BJW5,,NO_MATCH,,0
ATM250222FES0BT,,NO_MATCH,,0
TXN250222ZR8TFP,,NO_MATCH,,0
TXN2502227WFA4Z,,NO_MATCH,,0
ATM250222IYNJ6P,,NO_MATCH,,0
TXN25022214J58M,,NO_MATCH,,0
TXN2502229VAPG2,,NO_MATCH,,0
TXN2502224PZCLA,,NO_MATCH,,0
TXN250222WE7XY0,,NO_MATCH,,0
ATM250222PNQ704,,NO_MATCH,,0
ATM250222U4ZNJA,,NO_MATCH,,0
TXN2502229TCGPP,,NO_MATCH,,0
TXN250222SX5ZXA,,NO_MATCH,,0
TXN250222KZCH9K,,NO_MATCH,,0
TXN250222OOMOO4,,NO_MATCH,,0
ATM25022240CUA0,,NO_MATCH,,0
TXN250222JQJBG3,,NO_MATCH,,0
ATM2502228L10CR,,NO_MATCH,,0
TXN250222VMPYYL,,NO_MATCH,,0
TXN250222WSLYKT,,NO_MATCH,,0
TXN2502222HE5S5,CDR202600060113,SENDER_OUTGOING_ACTIVITY,-60,1
TXN2502228Z23VS,,NO_MATCH,,0
ATM2502220OOR3V,,NO_MATCH,,0
TXN2502223O9INA,,NO_MATCH,,0
TXN250222YHDF61,,NO_MATCH,,0
ATM250222ZWY3TJ,,NO_MATCH,,0
ATM2502238LLW2Q,,NO_MATCH,,0
ATM2502235AEZN1,,NO_MATCH,,0
ATM250223DOORPY,,NO_MATCH,,0
ATM250223OD3KGF,,NO_MATCH,,0
TXN250223QKMTZZ,,NO_MATCH,,0
TXN250223IT8Y3G,,NO_MATCH,,0
ATM250223FABSQ5,,NO_MATCH,,0
TXN2502236E41S4,,NO_MATCH,,0
ATM25022360RR9D,,NO_MATCH,,0
TXN250223W0SENC,,NO_MATCH,,0
ATM250223DLYDZN,,NO_MATCH,,0
ATM2502237OKI5J,,NO_MATCH,,0
ATM250223CIMZFF,CDR202600035127,RECEIVER_OUTGOING_ACTIVITY,647,1
TXN250223J9DDX2,,NO_MATCH,,0
TXN250223IYKVDD,,NO_MATCH,,0
TXN250223OYJA1S,CDR202600060607,SENDER_OUTGOING_ACTIVITY,-360,1
ATM2502236L8SSN,,NO_MATCH,,0
TXN250223GQ7ZT2,CDR202600035132,SENDER_OUTGOING_ACTIVITY,-720,1
ATM250223633GOO,,NO_MATCH,,0
TXN250223NDHLLR,,NO_MATCH,,0
TXN2502235P50KV,CDR202600035136,RECEIVER_OUTGOING_ACTIVITY,-749,1
TXN250223P58I52,,NO_MATCH,,0
TXN250223OEYK3K,,NO_MATCH,,0
TXN250223G5UYLY,,NO_MATCH,,0
TXN250223SF8TWD,CDR202600035138,RECEIVER_OUTGOING_ACTIVITY,-848,1
ATM250223ZWNTFV,,NO_MATCH,,0
TXN250223XMLPQA,,NO_MATCH,,0
TXN250223911L9T,,NO_MATCH,,0
ATM250223I5S14X,,NO_MATCH,,0
TXN250223N4ARL5,CDR202600035148,SENDER_OUTGOING_ACTIVITY,41,1
ATM250223Q65JK4,,NO_MATCH,,0
ATM2502234TH9T6,,NO_MATCH,,0
TXN25022308LCIR,CDR202600035153,SENDER_INCOMING_ACTIVITY,-486,1
TXN250223X3RBE0,CDR202600035163,SENDER_OUTGOING_ACTIVITY,554,1
ATM250223P6SXBM,,NO_MATCH,,0
TXN250223GX9N1Y,,NO_MATCH,,0
ATM250223WZHWZ6,,NO_MATCH,,0
TXN250223UIQ6KU,,NO_MATCH,,0
TXN250223JVDAWC,,NO_MATCH,,0
TXN25022319S6UK,,NO_MATCH,,0
TXN250223L9S35S,,NO_MATCH,,0
TXN2502231PDRPF,,NO_MATCH,,0
TXN250223UKEAI7,CDR202600035195,RECEIVER_OUTGOING_ACTIVITY,-277,1
TXN250223KI88BJ,,NO_MATCH,,0
ATM250223YII34J,,NO_MATCH,,0
TXN250223RK4OXW,,NO_MATCH,,0
TXN2502239MYMM8,,NO_MATCH,,0
TXN250223DS0JV5,,NO_MATCH,,0
TXN250223ITFFUF,,NO_MATCH,,0
TXN250223RUEK7P,CDR202600060506,SENDER_OUTGOING_ACTIVITY,-900,1
TXN25022307GKYT,,NO_MATCH,,0
TXN250223HQMLED,,NO_MATCH,,0
TXN250223ZJBDRQ,,NO_MATCH,,0
ATM250223PHISS3,,NO_MATCH,,0
ATM2502236PGP0G,,NO_MATCH,,0
TXN250223FKZ2JJ,CDR202600035222,SENDER_INCOMING_ACTIVITY,-723,1
ATM250223GBX9U4,,NO_MATCH,,0
TXN2502234XCOI7,,NO_MATCH,,0
ATM250223B0BB4K,,NO_MATCH,,0
ATM25022359GN22,CDR202600035239,RECEIVER_INCOMING_ACTIVITY,283,1
TXN25022396H1GA,,NO_MATCH,,0
ATM2502230BJ43M,,NO_MATCH,,0
TXN250223R062X2,,NO_MATCH,,0
TXN250223JF389E,,NO_MATCH,,0
TXN2502231OTQD9,,NO_MATCH,,0
ATM250223FFTGGB,,NO_MATCH,,0
ATM250223ZF03FJ,CDR202600035266,SENDER_OUTGOING_ACTIVITY,662,1
TXN2502237NAPLS,,NO_MATCH,,0
ATM250223AT3W6L,,NO_MATCH,,0
ATM250223JF55PY,,NO_MATCH,,0
TXN2502230ARJSV,,NO_MATCH,,0
TXN250223T2VW38,,NO_MATCH,,0
TXN250223SMT4NB,CDR202600035276,SENDER_OUTGOING_ACTIVITY,356,1
TXN2502230YSNVC,,NO_MATCH,,0
TXN250223YHUW37,,NO_MATCH,,0
TXN250223752Z8J,,NO_MATCH,,0
TXN2502235Z52A0,,NO_MATCH,,0
TXN25022342HPAE,CDR202600035311,RECEIVER_OUTGOING_ACTIVITY,831,1
TXN250223WFN40V,,NO_MATCH,,0
ATM250223AOAX1G,CDR202600035289,SENDER_OUTGOING_ACTIVITY,-890,1
ATM250223QFZU58,,NO_MATCH,,0
ATM250223537NTC,CDR202600035320,SENDER_OUTGOING_ACTIVITY,343,1
TXN250223XJ43XL,CDR202600035328,RECEIVER_INCOMING_ACTIVITY,349,1
TXN250223PE1K0N,,NO_MATCH,,0
TXN250223XE9JSS,,NO_MATCH,,0
ATM250223FS6XQ0,,NO_MATCH,,0
ATM250223EZJFBQ,,NO_MATCH,,0
TXN25022389013Z,,NO_MATCH,,0
ATM250223Z72A0N,CDR202600035351,SENDER_OUTGOING_ACTIVITY,276,1
TXN25022369EPWS,,NO_MATCH,,0
TXN250223APP4GC,,NO_MATCH,,0
TXN2502230FSXZ3,CDR202600035338,SENDER_OUTGOING_ACTIVITY,-601,1
TXN250223KL7XAL,,NO_MATCH,,0
TXN250223Q7TRQ1,,NO_MATCH,,0
TXN250223A829QF,,NO_MATCH,,0
ATM2502236ZGSRJ,,NO_MATCH,,0
TXN250223N4JBXD,,NO_MATCH,,0
TXN250223ZOXU7T,,NO_MATCH,,0
TXN250223V5CZZK,,NO_MATCH,,0
ATM250223OMDKNQ,,NO_MATCH,,0
TXN250223L9A4E8,,NO_MATCH,,0
TXN250223STSZGN,,NO_MATCH,,0
TXN250223T0S5IY,,NO_MATCH,,0
TXN250223MUE7EY,,NO_MATCH,,0
TXN250223Y8X6L9,CDR202600035369,RECEIVER_OUTGOING_ACTIVITY,-125,1
TXN250223KA0FB0,,NO_MATCH,,0
TXN250223NLLW10,,NO_MATCH,,0
TXN250223G4861J,CDR202600035390,SENDER_OUTGOING_ACTIVITY,831,1
TXN2502231HLJ4Y,,NO_MATCH,,0
ATM250223ES4YJM,,NO_MATCH,,0
ATM250223D9QC6M,,NO_MATCH,,0
TXN250223JAA17H,CDR202600035390,SENDER_OUTGOING_ACTIVITY,111,1
TXN250223DSF9YB,,NO_MATCH,,0
TXN250223ORO0NA,CDR202600035390,SENDER_OUTGOING_ACTIVITY,-309,1
TXN250223KR4QA2,CDR202600035399,RECEIVER_OUTGOING_ACTIVITY,22,1
ATM250223T92KFA,,NO_MATCH,,0
TXN2502233AM76M,,NO_MATCH,,0
ATM250223NFH0E0,,NO_MATCH,,0
ATM250223SFDAG1,,NO_MATCH,,0
TXN250223YLLAIU,CDR202600035420,SENDER_OUTGOING_ACTIVITY,-9,1
TXN250223UHUBAW,,NO_MATCH,,0
TXN2502234D2ANH,,NO_MATCH,,0
TXN2502231XHEO3,CDR202600035416,RECEIVER_INCOMING_ACTIVITY,-312,1
ATM25022334WLS8,,NO_MATCH,,0
ATM250223KJKMH8,,NO_MATCH,,0
TXN250223815RFH,,NO_MATCH,,0
ATM25022320KFWH,CDR202600035413,SENDER_OUTGOING_ACTIVITY,-826,1
TXN250223KTF7IY,,NO_MATCH,,0
TXN2502233VDDG5,,NO_MATCH,,0
TXN2502236JRXVV,,NO_MATCH,,0
TXN250223T7CIJ2,,NO_MATCH,,0
TXN250223PKUFK1,,NO_MATCH,,0
TXN250223NEHQSQ,CDR202600035445,RECEIVER_OUTGOING_ACTIVITY,54,1
TXN250223RXOHL5,,NO_MATCH,,0
TXN2502237HCM6P,,NO_MATCH,,0
TXN250223T6NX3O,,NO_MATCH,,0
TXN250223RLJVRS,,NO_MATCH,,0
TXN2502232N6WR0,,NO_MATCH,,0
TXN2502232HS12S,,NO_MATCH,,0
TXN250223AP5AA6,,NO_MATCH,,0
TXN2502238I533U,,NO_MATCH,,0
TXN250223KYQTTQ,,NO_MATCH,,0
ATM2502236ALN8Y,,NO_MATCH,,0
TXN250223HZJS6I,CDR202600035458,SENDER_OUTGOING_ACTIVITY,-503,1
ATM250223I7N16M,CDR202600035478,SENDER_INCOMING_ACTIVITY,782,1
ATM250223B7OFCF,,NO_MATCH,,0
TXN250223OVA3TU,,NO_MATCH,,0
ATM250223INDDED,,NO_MATCH,,0
TXN250223ELDPDY,CDR202600035475,RECEIVER_INCOMING_ACTIVITY,-862,1
ATM250223GF0PTN,,NO_MATCH,,0
TXN250223NQCAMS,,NO_MATCH,,0
TXN250223FP9GW4,,NO_MATCH,,0
TXN250223WDAA55,CDR202600035514,RECEIVER_INCOMING_ACTIVITY,596,1
ATM250223TY1BNJ,,NO_MATCH,,0
TXN250223IQTOVN,,NO_MATCH,,0
TXN2502239JU4FS,,NO_MATCH,,0
TXN2502237X9TV2,,NO_MATCH,,0
TXN250223M408HQ,,NO_MATCH,,0
TXN2502239HHRGX,,NO_MATCH,,0
TXN2502237ZCV8B,,NO_MATCH,,0
ATM250223OZ4VAV,,NO_MATCH,,0
TXN250223MK76GY,,NO_MATCH,,0
TXN250223VJ4TI0,,NO_MATCH,,0
TXN250223K2XA7I,,NO_MATCH,,0
ATM2502234KQ6PE,,NO_MATCH,,0
TXN250223Y02DZ8,,NO_MATCH,,0
ATM250223INF6D8,,NO_MATCH,,0
TXN2502238E90RC,,NO_MATCH,,0
TXN250223YTKSFS,,NO_MATCH,,0
TXN250223OY46RT,,NO_MATCH,,0
TXN2502235A6Z6H,,NO_MATCH,,0
TXN2502232F742F,,NO_MATCH,,0
TXN250223KM7S06,,NO_MATCH,,0
TXN25022380P60N,,NO_MATCH,,0
ATM250223AS02ZH,,NO_MATCH,,0
TXN250223GQGKL8,,NO_MATCH,,0
ATM250223OE3GYX,,NO_MATCH,,0
TXN250223IZFKBZ,,NO_MATCH,,0
TXN250223K0PNT8,CDR202600035573,RECEIVER_INCOMING_ACTIVITY,455,1
TXN2502239KGWTJ,CDR202600035569,RECEIVER_INCOMING_ACTIVITY,-821,1
TXN250223GION17,,NO_MATCH,,0
TXN2502233JH3X8,,NO_MATCH,,0
TXN2502233XUL8D,,NO_MATCH,,0
TXN250223BNNLNH,,NO_MATCH,,0
TXN250223FYZDP6,,NO_MATCH,,0
TXN250223130VR4,,NO_MATCH,,0
TXN2502238KKXLF,,NO_MATCH,,0
TXN250223J2LS0Z,,NO_MATCH,,0
ATM250223I5H29Q,,NO_MATCH,,0
TXN250223S11BV7,,NO_MATCH,,0
ATM250223TNVPHB,,NO_MATCH,,0
TXN250223DYMRV7,,NO_MATCH,,0
TXN250223HUQUHV,,NO_MATCH,,0
ATM250223BEPNCM,,NO_MATCH,,0
TXN250223X4HHJF,,NO_MATCH,,0
ATM250223IVUTEO,,NO_MATCH,,0
TXN250223EYGIFK,,NO_MATCH,,0
TXN25022367OHMD,,NO_MATCH,,0
ATM250223OT3MCT,,NO_MATCH,,0
ATM250223KHO9US,,NO_MATCH,,0
TXN250223MRIQKA,,NO_MATCH,,0
ATM250223KE646R,,NO_MATCH,,0
TXN250223IS25A7,,NO_MATCH,,0
TXN250223SCJ0SO,,NO_MATCH,,0
TXN250223HB9KMS,,NO_MATCH,,0
TXN250223BODE88,,NO_MATCH,,0
ATM250223XZMF7I,CDR202600035657,SENDER_INCOMING_ACTIVITY,-670,1
TXN25022301D0JT,,NO_MATCH,,0
TXN25022322VKAJ,,NO_MATCH,,0
TXN250223XOJWXH,,NO_MATCH,,0
TXN250223FG84RK,,NO_MATCH,,0
ATM250223DC9HZF,,NO_MATCH,,0
TXN250223708DJU,,NO_MATCH,,0
ATM25022345HYZX,,NO_MATCH,,0
ATM2502233BNREY,,NO_MATCH,,0
ATM2502238LFHG7,,NO_MATCH,,0
TXN250223KJQ5CS,,NO_MATCH,,0
TXN250223MLVGOZ,,NO_MATCH,,0
TXN25022396H4NX,,NO_MATCH,,0
TXN2502239L8ZIZ,,NO_MATCH,,0
TXN2502238IYVPS,,NO_MATCH,,0
ATM250223MEZ2US,,NO_MATCH,,0
ATM250223ZX6XDO,CDR202600035688,SENDER_OUTGOING_ACTIVITY,755,1
ATM250223S96JF8,,NO_MATCH,,0
TXN250223VIWBRU,,NO_MATCH,,0
ATM2502230XVAQ5,,NO_MATCH,,0
TXN250223BAAX6E,,NO_MATCH,,0
ATM2502236U0B3J,,NO_MATCH,,0
ATM250223XWHN5S,,NO_MATCH,,0
TXN250223G5FR1N,,NO_MATCH,,0
TXN2502235L9ZDZ,,NO_MATCH,,0
ATM250223OPIDG2,,NO_MATCH,,0
TXN250223E34YG2,CDR202600035693,RECEIVER_INCOMING_ACTIVITY,-744,1
TXN250223ZIMNGA,,NO_MATCH,,0
TXN250223LFHOX7,CDR202600035707,RECEIVER_INCOMING_ACTIVITY,316,1
TXN250223Q8NYDP,,NO_MATCH,,0
ATM250223LM4HAQ,,NO_MATCH,,0
TXN250223JNXO10,,NO_MATCH,,0
TXN250223HQT3EV,,NO_MATCH,,0
TXN250223UK6D5X,,NO_MATCH,,0
TXN250223EZSEO8,,NO_MATCH,,0
ATM2502237EIQ7C,,NO_MATCH,,0
TXN2502230NPUQN,,NO_MATCH,,0
TXN25022398Z8MQ,,NO_MATCH,,0
TXN250223VPK53H,,NO_MATCH,,0
ATM250223BC7CIR,,NO_MATCH,,0
ATM250223WJ53VX,,NO_MATCH,,0
TXN250223OMTK6O,,NO_MATCH,,0
ATM250223NQZHA6,,NO_MATCH,,0
ATM250224FGHPL2,,NO_MATCH,,0
ATM250224K1MAD1,,NO_MATCH,,0
ATM250224XTKDS3,,NO_MATCH,,0
TXN250224ML0SPX,,NO_MATCH,,0
TXN250224IXFF4T,,NO_MATCH,,0
ATM250224CW3N9J,CDR202600035794,SENDER_INCOMING_ACTIVITY,819,1
TXN250224S0C04T,,NO_MATCH,,0
ATM250224BOFF8K,,NO_MATCH,,0
TXN250224VZVMDD,,NO_MATCH,,0
ATM250224F2LNNJ,,NO_MATCH,,0
TXN250224F8DXZY,,NO_MATCH,,0
TXN25022448DBKK,,NO_MATCH,,0
TXN250224DNDP4E,,NO_MATCH,,0
ATM250224XOF4GC,,NO_MATCH,,0
TXN2502248O1R5E,,NO_MATCH,,0
TXN2502242359H1,,NO_MATCH,,0
ATM250224L1Z98X,,NO_MATCH,,0
ATM250224BRZIY1,,NO_MATCH,,0
TXN250224QOL4R6,,NO_MATCH,,0
TXN250224J7A2H1,,NO_MATCH,,0
TXN250224YZIX15,,NO_MATCH,,0
TXN250224CMCW84,,NO_MATCH,,0
TXN2502245TLIVD,,NO_MATCH,,0
TXN2502243ACXYX,,NO_MATCH,,0
TXN250224TPCG2U,,NO_MATCH,,0
TXN250224U1VYVP,,NO_MATCH,,0
ATM250224EF7DJX,CDR202600035862,SENDER_OUTGOING_ACTIVITY,-294,1
TXN250224R4X3Y5,CDR202600035883,SENDER_OUTGOING_ACTIVITY,708,1
ATM2502242MEF9D,,NO_MATCH,,0
TXN250224NKFS6I,,NO_MATCH,,0
TXN25022492LA9A,,NO_MATCH,,0
ATM250224NEAKN0,,NO_MATCH,,0
TXN250224KR5TFI,,NO_MATCH,,0
ATM25022433F888,,NO_MATCH,,0
TXN250224KY86PX,,NO_MATCH,,0
TXN250224VBIPGL,,NO_MATCH,,0
ATM250224ISGMTZ,,NO_MATCH,,0
TXN250224LB3D6K,,NO_MATCH,,0
TXN250224E2QPQT,,NO_MATCH,,0
ATM250224N7OMD7,,NO_MATCH,,0
TXN250224QVQ00X,,NO_MATCH,,0
TXN2502249D3ESR,,NO_MATCH,,0
TXN250224KW3MX2,,NO_MATCH,,0
TXN250224BAPFAS,,NO_MATCH,,0
TXN250224LABDES,,NO_MATCH,,0
TXN250224B6JF3B,,NO_MATCH,,0
TXN250224YN5YW2,CDR202600035939,RECEIVER_OUTGOING_ACTIVITY,-426,1
ATM250224KK2AN8,,NO_MATCH,,0
TXN250224RVDWST,,NO_MATCH,,0
TXN250224P80P9Y,,NO_MATCH,,0
TXN2502245XWKP4,,NO_MATCH,,0
TXN2502248ZLZD9,,NO_MATCH,,0
TXN250224LE3X4L,,NO_MATCH,,0
TXN2502241NCG1U,,NO_MATCH,,0
TXN250224UODN0J,,NO_MATCH,,0
TXN2502245YOMSK,,NO_MATCH,,0
TXN250224A1M1NO,,NO_MATCH,,0
TXN250224DUYOX0,,NO_MATCH,,0
ATM2502243CO0YF,,NO_MATCH,,0
ATM2502240FUCPB,,NO_MATCH,,0
TXN250224BP0K63,,NO_MATCH,,0
TXN250224HDNQRZ,CDR202600035978,RECEIVER_INCOMING_ACTIVITY,621,1
TXN250224HW90XG,,NO_MATCH,,0
ATM250224NE2PVT,,NO_MATCH,,0
TXN250224J9YM9R,CDR202600035978,RECEIVER_INCOMING_ACTIVITY,321,1
TXN2502240TS0Q2,CDR202600035978,RECEIVER_INCOMING_ACTIVITY,21,1
TXN250224BJD1KI,CDR202600035998,RECEIVER_OUTGOING_ACTIVITY,898,1
TXN250224Q9VOJX,CDR202600035978,RECEIVER_INCOMING_ACTIVITY,-279,1
TXN2502244A9H5G,CDR202600035978,RECEIVER_INCOMING_ACTIVITY,-699,1
TXN2502247ULW0V,CDR202600036006,SENDER_OUTGOING_ACTIVITY,787,1
TXN250224T3JHJO,,NO_MATCH,,0
ATM250224Q4BV35,,NO_MATCH,,0
TXN2502249TDJG4,,NO_MATCH,,0
TXN250224K3BQQX,,NO_MATCH,,0
TXN250224AD678F,CDR202600036010,RECEIVER_OUTGOING_ACTIVITY,722,1
TXN250224Y0ZMXU,,NO_MATCH,,0
TXN250224Z1W2QE,,NO_MATCH,,0
ATM250224FU0CXN,CDR202600036000,RECEIVER_INCOMING_ACTIVITY,-653,1
TXN2502246Y4QWU,,NO_MATCH,,0
ATM250224UN83Q4,CDR202600036025,RECEIVER_OUTGOING_ACTIVITY,779,1
TXN250224YBWVKM,,NO_MATCH,,0
ATM25022441906H,CDR202600036007,SENDER_OUTGOING_ACTIVITY,-770,1
TXN2502243MV6WA,,NO_MATCH,,0
TXN250224TEYEG8,,NO_MATCH,,0
ATM250224WFWQKO,,NO_MATCH,,0
ATM2502246X69XH,CDR202600036058,SENDER_OUTGOING_ACTIVITY,293,1
ATM250224S2DXQU,,NO_MATCH,,0
TXN250224ZRABKH,,NO_MATCH,,0
ATM25022429DW9H,CDR202600036048,SENDER_INCOMING_ACTIVITY,-837,1
ATM250224OOTXUO,,NO_MATCH,,0
ATM250224KGYPT3,,NO_MATCH,,0
ATM25022466M5B1,,NO_MATCH,,0
TXN250224THRA7Z,,NO_MATCH,,0
TXN250224W7EB4F,CDR202600036083,SENDER_OUTGOING_ACTIVITY,-379,1
TXN250224H2T8RG,,NO_MATCH,,0
TXN250224RJXR3U,,NO_MATCH,,0
TXN250224FS8JOI,,NO_MATCH,,0
TXN2502248LQJCK,,NO_MATCH,,0
TXN250224WPBKAY,,NO_MATCH,,0
ATM2502247KOVQF,CDR202600036119,SENDER_OUTGOING_ACTIVITY,-76,1
TXN250224CT6EFY,CDR202600036115,RECEIVER_INCOMING_ACTIVITY,-723,1
TXN250224FMFIC0,,NO_MATCH,,0
ATM2502241Y03S6,CDR202600036127,RECEIVER_INCOMING_ACTIVITY,-407,1
ATM25022420RG15,,NO_MATCH,,0
ATM250224YITWTQ,,NO_MATCH,,0
TXN250224L2I48Z,CDR202600036137,SENDER_INCOMING_ACTIVITY,-431,1
ATM250224NOK4PK,,NO_MATCH,,0
TXN2502241O4KW5,,NO_MATCH,,0
TXN250224HKF1DW,,NO_MATCH,,0
TXN2502244X2WWW,,NO_MATCH,,0
ATM250224QFXBZO,CDR202600036161,SENDER_OUTGOING_ACTIVITY,-200,1
TXN250224FVEQGJ,,NO_MATCH,,0
TXN250224UCLG63,CDR202600036177,SENDER_OUTGOING_ACTIVITY,581,1
TXN250224M4MCKE,,NO_MATCH,,0
ATM250224OZM1Z9,,NO_MATCH,,0
TXN250224TS2U3S,CDR202600036178,RECEIVER_INCOMING_ACTIVITY,-201,1
ATM250224L236DO,CDR202600036167,SENDER_INCOMING_ACTIVITY,-899,1
TXN25022447NOZP,,NO_MATCH,,0
ATM250224SLHZE4,,NO_MATCH,,0
TXN25022441F2WT,,NO_MATCH,,0
TXN250224O2XHYO,,NO_MATCH,,0
TXN250224KN92XX,,NO_MATCH,,0
TXN250224NCML3P,,NO_MATCH,,0
TXN250224YAOQFS,,NO_MATCH,,0
ATM2502246D1VFX,,NO_MATCH,,0
TXN2502249FABK7,CDR202600036202,SENDER_OUTGOING_ACTIVITY,-813,1
ATM250224J5BM9Z,,NO_MATCH,,0
TXN250224MSUTTV,,NO_MATCH,,0
TXN250224WJJABW,CDR202600036218,SENDER_INCOMING_ACTIVITY,-615,1
ATM250224B8IUVG,,NO_MATCH,,0
TXN250224TFUFAK,CDR202600060100,SENDER_OUTGOING_ACTIVITY,-60,1
ATM250224DDZ7TR,CDR202600036224,SENDER_INCOMING_ACTIVITY,-603,1
TXN2502241TGVHI,CDR202600036242,RECEIVER_INCOMING_ACTIVITY,548,1
TXN250224TX1KN2,CDR202600036228,RECEIVER_OUTGOING_ACTIVITY,-603,1
TXN2502248QNWOU,,NO_MATCH,,0
TXN2502241LQP3F,,NO_MATCH,,0
TXN250224LPAQCJ,,NO_MATCH,,0
ATM250224T21BCO,CDR202600036243,SENDER_OUTGOING_ACTIVITY,-62,1
TXN250224IF9GQ7,,NO_MATCH,,0
TXN250224GTHUU3,,NO_MATCH,,0
ATM250224EK7VY7,CDR202600036253,SENDER_OUTGOING_ACTIVITY,419,1
ATM250224J6C3GI,,NO_MATCH,,0
ATM250224LRUMAW,CDR202600036277,SENDER_OUTGOING_ACTIVITY,226,1
ATM2502241M9DT8,,NO_MATCH,,0
TXN250224LY8SHE,,NO_MATCH,,0
ATM25022428ZXL4,,NO_MATCH,,0
ATM250224T3NURB,,NO_MATCH,,0
TXN250224PR6T0Y,CDR202600036273,SENDER_INCOMING_ACTIVITY,-496,1
ATM250224APRQSQ,CDR202600036271,RECEIVER_INCOMING_ACTIVITY,-625,1
TXN2502249GVJ8J,,NO_MATCH,,0
ATM250224UL1M02,,NO_MATCH,,0
TXN250224FA9UEP,,NO_MATCH,,0
TXN2502249Y1YYW,,NO_MATCH,,0
ATM25022402PT9U,CDR202600036295,SENDER_INCOMING_ACTIVITY,-166,1
TXN250224OV17RZ,CDR202600036308,SENDER_INCOMING_ACTIVITY,525,1
TXN250224LBPJ6M,,NO_MATCH,,0
ATM250224AGHNUF,,NO_MATCH,,0
TXN2502242QO60F,,NO_MATCH,,0
TXN25022454JIB6,CDR202600036326,SENDER_INCOMING_ACTIVITY,425,1
TXN250224RDXVJU,,NO_MATCH,,0
TXN250224ZP5M1T,,NO_MATCH,,0
TXN2502242POFJ0,CDR202600036329,SENDER_OUTGOING_ACTIVITY,-792,1
TXN250224YBW9FK,,NO_MATCH,,0
TXN250224SW02O6,,NO_MATCH,,0
TXN250224QDRDJ8,,NO_MATCH,,0
ATM250224BUBJRH,,NO_MATCH,,0
ATM2502242UNRR2,,NO_MATCH,,0
TXN250224CPH4NY,,NO_MATCH,,0
ATM250224OCMZ0W,,NO_MATCH,,0
ATM250224NAOU5Y,,NO_MATCH,,0
TXN2502246XYFOA,,NO_MATCH,,0
TXN25022492B1N4,,NO_MATCH,,0
TXN25022465NUFR,CDR202600060642,SENDER_OUTGOING_ACTIVITY,-360,1
TXN2502247NVQSF,,NO_MATCH,,0
TXN2502247XETWE,,NO_MATCH,,0
ATM250224B08JU6,CDR202600036381,RECEIVER_INCOMING_ACTIVITY,-199,1
ATM250224H2GSWJ,,NO_MATCH,,0
TXN250224UNI75A,,NO_MATCH,,0
TXN250224725V8A,CDR202600036387,RECEIVER_INCOMING_ACTIVITY,-793,1
ATM25022437S5X6,,NO_MATCH,,0
TXN250224YEM5AA,,NO_MATCH,,0
ATM250224V5W44U,,NO_MATCH,,0
TXN250224KWXL9I,,NO_MATCH,,0
TXN2502248LF3OI,,NO_MATCH,,0
ATM250224XMT8MD,,NO_MATCH,,0
ATM250224GQABQP,,NO_MATCH,,0
TXN2502248PGLPJ,,NO_MATCH,,0
ATM250224IDH5ZO,,NO_MATCH,,0
TXN2502244F7O4R,,NO_MATCH,,0
TXN250224UKAYJP,,NO_MATCH,,0
ATM250224M5NNIX,,NO_MATCH,,0
TXN250224HZ4DCY,,NO_MATCH,,0
ATM250224Q7688D,,NO_MATCH,,0
TXN250224BN81IP,,NO_MATCH,,0
TXN250224MRJW2R,,NO_MATCH,,0
TXN250224YMKUC8,,NO_MATCH,,0
ATM250225Z3GMLA,,NO_MATCH,,0
ATM250225Q0Z949,,NO_MATCH,,0
TXN250225V7XNZB,,NO_MATCH,,0
TXN250225PHU63W,,NO_MATCH,,0
ATM250225DRCYHY,,NO_MATCH,,0
TXN250225BKZZ0Z,,NO_MATCH,,0
ATM250225JVRVY9,CDR202600036513,RECEIVER_OUTGOING_ACTIVITY,95,1
TXN250225BP1VX2,,NO_MATCH,,0
ATM2502255MUU23,,NO_MATCH,,0
TXN250225CFG2CW,,NO_MATCH,,0
TXN2502253RAW6W,,NO_MATCH,,0
ATM250225U9R6L1,,NO_MATCH,,0
ATM250225FP3TWW,,NO_MATCH,,0
TXN250225G6WI26,,NO_MATCH,,0
ATM250225K9CH0W,,NO_MATCH,,0
TXN2502254GA36K,,NO_MATCH,,0
TXN250225TSDV2U,,NO_MATCH,,0
TXN250225L4C3HZ,,NO_MATCH,,0
ATM250225GPDAFF,,NO_MATCH,,0
TXN250225MLJU77,,NO_MATCH,,0
TXN250225Z6A9Y4,,NO_MATCH,,0
ATM2502259CA1BU,,NO_MATCH,,0
TXN250225E3QKI2,,NO_MATCH,,0
TXN2502258GMQUF,,NO_MATCH,,0
TXN250225RLOHY3,,NO_MATCH,,0
ATM250225Z2WP8J,,NO_MATCH,,0
ATM250225ZFE98W,CDR202600036565,RECEIVER_INCOMING_ACTIVITY,288,1
TXN250225XUYBRD,,NO_MATCH,,0
ATM25022558VU4B,CDR202600036568,RECEIVER_OUTGOING_ACTIVITY,124,1
ATM250225G9GN02,,NO_MATCH,,0
TXN2502252NTMQU,CDR202600036572,SENDER_OUTGOING_ACTIVITY,443,1
ATM250225N7CMAM,CDR202600036568,RECEIVER_OUTGOING_ACTIVITY,-56,1
TXN2502251EQYHK,CDR202600036574,SENDER_OUTGOING_ACTIVITY,658,1
ATM250225JN9KCI,,NO_MATCH,,0
ATM250225IYQU7T,,NO_MATCH,,0
ATM250225JJPAGJ,,NO_MATCH,,0
ATM250225V5HX8T,CDR202600036567,SENDER_OUTGOING_ACTIVITY,-800,1
ATM250225BV7UN0,,NO_MATCH,,0
ATM250225G2I8K2,CDR202600036568,RECEIVER_OUTGOING_ACTIVITY,-896,1
TXN25022548S0QK,,NO_MATCH,,0
TXN25022524AW4O,CDR202600036580,RECEIVER_INCOMING_ACTIVITY,0,1
TXN250225D25LCF,,NO_MATCH,,0
TXN250225DKXXN8,CDR202600036582,RECEIVER_INCOMING_ACTIVITY,10,1
ATM250225HXHWLX,,NO_MATCH,,0
ATM250225QTDHDF,,NO_MATCH,,0
ATM25022549EL2C,,NO_MATCH,,0
ATM250225LD1VJ2,,NO_MATCH,,0
TXN250225OA49S5,,NO_MATCH,,0
TXN2502257HO936,,NO_MATCH,,0
TXN250225ZJA7VS,,NO_MATCH,,0
ATM2502259HV9FK,,NO_MATCH,,0
ATM2502250WR9IM,,NO_MATCH,,0
TXN250225AZTY4Y,CDR202600036594,SENDER_INCOMING_ACTIVITY,-245,1
ATM2502253JY9YJ,CDR202600036607,RECEIVER_INCOMING_ACTIVITY,552,1
ATM250225KNZ1LL,,NO_MATCH,,0
TXN250225ZY3Q4L,,NO_MATCH,,0
TXN250225BLM9LC,,NO_MATCH,,0
ATM250225KJ0ESP,,NO_MATCH,,0
TXN250225PLLOX3,,NO_MATCH,,0
ATM250225TNCANF,,NO_MATCH,,0
ATM250225E21C8B,,NO_MATCH,,0
TXN250225AZS6XM,CDR202600036641,RECEIVER_OUTGOING_ACTIVITY,225,1
ATM250225QZGW7X,,NO_MATCH,,0
ATM250225G9N8JR,,NO_MATCH,,0
TXN2502252H8UM7,,NO_MATCH,,0
TXN25022586GA9W,CDR202600036651,RECEIVER_INCOMING_ACTIVITY,172,1
TXN2502259A3LWN,,NO_MATCH,,0
ATM250225IGI7WH,,NO_MATCH,,0
ATM250225RXZ9M3,,NO_MATCH,,0
TXN250225BU2K8W,,NO_MATCH,,0
TXN250225B35KK5,,NO_MATCH,,0
TXN250225Y4LP9D,,NO_MATCH,,0
ATM250225B3TN16,,NO_MATCH,,0
ATM250225C35BYL,,NO_MATCH,,0
TXN250225E2OAEO,,NO_MATCH,,0
TXN250225T3GWRB,,NO_MATCH,,0
TXN250225WQJOAP,,NO_MATCH,,0
TXN2502252UATNN,,NO_MATCH,,0
TXN250225DJEL7B,CDR202600036684,RECEIVER_OUTGOING_ACTIVITY,-152,1
TXN250225A9H8UN,,NO_MATCH,,0
TXN2502255DINJ5,,NO_MATCH,,0
TXN25022555X6KG,,NO_MATCH,,0
TXN250225456FNX,,NO_MATCH,,0
TXN250225QNPB3X,,NO_MATCH,,0
TXN250225LGOI3Q,,NO_MATCH,,0
TXN250225MK7LRU,,NO_MATCH,,0
TXN250225D8LA2Q,CDR202600036691,SENDER_OUTGOING_ACTIVITY,-257,1
TXN250225MKY3J1,,NO_MATCH,,0
ATM250225CHTJC9,CDR202600036692,RECEIVER_INCOMING_ACTIVITY,-596,1
TXN250225B89DQH,,NO_MATCH,,0
ATM250225K8WBHG,,NO_MATCH,,0
TXN250225WJBB8G,,NO_MATCH,,0
TXN250225CURMHL,,NO_MATCH,,0
TXN250225Y0UHWQ,,NO_MATCH,,0
TXN250225HG4UR5,,NO_MATCH,,0
TXN250225WW12ZM,CDR202600036712,RECEIVER_INCOMING_ACTIVITY,135,1
ATM250225TNOPFG,,NO_MATCH,,0
TXN250225XGUTEY,CDR202600036721,RECEIVER_INCOMING_ACTIVITY,496,1
TXN2502255OIXFS,,NO_MATCH,,0
TXN250225TSTLM8,,NO_MATCH,,0
TXN250225Z63KUS,,NO_MATCH,,0
TXN250225ANAQJ7,,NO_MATCH,,0
TXN250225G0O8M8,,NO_MATCH,,0
ATM250225EBHNF5,,NO_MATCH,,0
TXN250225WSLK5L,,NO_MATCH,,0
TXN250225CGVL6T,CDR202600036715,RECEIVER_OUTGOING_ACTIVITY,-662,1
ATM250225DV8ULF,,NO_MATCH,,0
ATM250225VPLKSO,,NO_MATCH,,0
TXN250225RE9YG1,CDR202600036738,RECEIVER_OUTGOING_ACTIVITY,110,1
ATM250225GIVLTI,,NO_MATCH,,0
TXN2502252X6ZO5,,NO_MATCH,,0
TXN250225OZ3KSR,,NO_MATCH,,0
TXN2502256XGBTJ,,NO_MATCH,,0
TXN250225B62H8H,,NO_MATCH,,0
ATM2502255U49DU,CDR202600036763,SENDER_OUTGOING_ACTIVITY,134,1
TXN250225171NO5,,NO_MATCH,,0
ATM250225ISR018,,NO_MATCH,,0
TXN250225YJRQ58,,NO_MATCH,,0
TXN250225SNLR8A,,NO_MATCH,,0
TXN250225U06GM3,,NO_MATCH,,0
ATM250225GE26UV,,NO_MATCH,,0
TXN250225NTSFKB,,NO_MATCH,,0
TXN25022515S67O,,NO_MATCH,,0
TXN250225F6QOJ8,,NO_MATCH,,0
TXN25022594T9LV,,NO_MATCH,,0
TXN250225TMAVI0,,NO_MATCH,,0
TXN25022531SD6W,,NO_MATCH,,0
ATM250225LSMJ2K,,NO_MATCH,,0
TXN2502250XFK9D,,NO_MATCH,,0
ATM250225BVTRLD,CDR202600036825,RECEIVER_OUTGOING_ACTIVITY,690,1
TXN2502250VAVOH,CDR202600036824,RECEIVER_INCOMING_ACTIVITY,455,1
TXN25022502TG01,,NO_MATCH,,0
TXN250225KCJWP5,,NO_MATCH,,0
TXN2502259SKJ23,CDR202600036841,SENDER_OUTGOING_ACTIVITY,623,1
TXN250225BK6PME,CDR202600036822,SENDER_OUTGOING_ACTIVITY,-590,1
ATM2502259SY4JS,,NO_MATCH,,0
TXN250225X2IFW4,CDR202600036850,SENDER_INCOMING_ACTIVITY,889,1
ATM250225MNYPVD,,NO_MATCH,,0
TXN25022531UVEZ,,NO_MATCH,,0
TXN250225D37CTM,CDR202600036845,SENDER_OUTGOING_ACTIVITY,-15,1
TXN250225T3EKYA,,NO_MATCH,,0
TXN250225HKZZZB,CDR202600036860,SENDER_OUTGOING_ACTIVITY,40,1
TXN250225YY7PYK,CDR202600036875,SENDER_OUTGOING_ACTIVITY,759,1
ATM250225RRJISZ,,NO_MATCH,,0
TXN250225DRR070,,NO_MATCH,,0
ATM250225XB7GF9,CDR202600036875,RECEIVER_OUTGOING_ACTIVITY,-285,1
TXN250225HVVSGZ,CDR202600060176,SENDER_OUTGOING_ACTIVITY,-420,1
TXN250225MBPF9O,,NO_MATCH,,0
ATM2502258WT8PX,,NO_MATCH,,0
TXN250225L426IY,,NO_MATCH,,0
ATM250225RO57YT,CDR202600036877,RECEIVER_INCOMING_ACTIVITY,-756,1
ATM250225DU2ZIN,,NO_MATCH,,0
TXN250225HHLFPQ,,NO_MATCH,,0
TXN250225WSA5P6,CDR202600036900,SENDER_INCOMING_ACTIVITY,707,1
TXN250225FNGXSU,,NO_MATCH,,0
ATM250225YAQUFS,,NO_MATCH,,0
TXN250225IFNQBK,,NO_MATCH,,0
TXN250225B0TK6M,,NO_MATCH,,0
ATM250225IUGQKY,CDR202600036897,SENDER_OUTGOING_ACTIVITY,-46,1
TXN250225FA244C,,NO_MATCH,,0
ATM2502258RK425,CDR202600036901,SENDER_OUTGOING_ACTIVITY,-103,1
TXN250225L3SBJQ,CDR202600036907,RECEIVER_INCOMING_ACTIVITY,522,1
ATM2502250FF851,,NO_MATCH,,0
ATM250225BD5P4B,CDR202600036910,RECEIVER_OUTGOING_ACTIVITY,379,1
TXN2502251DTMK1,,NO_MATCH,,0
TXN2502251K5HCZ,,NO_MATCH,,0
ATM250225PVI456,CDR202600036903,RECEIVER_OUTGOING_ACTIVITY,-731,1
TXN250225HT5FOT,,NO_MATCH,,0
TXN250225PU6ZXU,,NO_MATCH,,0
ATM250225COSOSH,,NO_MATCH,,0
ATM250225WX35KO,,NO_MATCH,,0
ATM250225QCSUFC,,NO_MATCH,,0
TXN2502257KX5SD,,NO_MATCH,,0
TXN250225595AYB,,NO_MATCH,,0
TXN250225V3UFSH,,NO_MATCH,,0
ATM250225X2320Y,,NO_MATCH,,0
TXN250225YFZNCU,,NO_MATCH,,0
TXN250225YSFHXZ,,NO_MATCH,,0
TXN250225BOGLU8,CDR202600036955,SENDER_INCOMING_ACTIVITY,293,1
TXN2502250EGL35,,NO_MATCH,,0
ATM250225H0UZI7,CDR202600036962,RECEIVER_INCOMING_ACTIVITY,743,1
ATM2502254LCNEI,,NO_MATCH,,0
TXN2502256KRZN4,CDR202600036942,SENDER_OUTGOING_ACTIVITY,-561,1
TXN250225G68ZAH,,NO_MATCH,,0
TXN2502257AQMZJ,,NO_MATCH,,0
ATM250225IU5STX,,NO_MATCH,,0
TXN250225RSC9NM,CDR202600036965,SENDER_OUTGOING_ACTIVITY,-374,1
TXN2502257YNN5N,,NO_MATCH,,0
TXN250225EW7ALJ,,NO_MATCH,,0
TXN250225SGQ13B,,NO_MATCH,,0
ATM2502256708R0,,NO_MATCH,,0
TXN250225CTF9ZG,,NO_MATCH,,0
ATM25022545OJFV,,NO_MATCH,,0
TXN250225XS9V0P,,NO_MATCH,,0
TXN250225U6DCFG,,NO_MATCH,,0
ATM250225MLFH0N,,NO_MATCH,,0
ATM250225M131PI,CDR202600037017,SENDER_INCOMING_ACTIVITY,155,1
TXN250225Q4PQGB,,NO_MATCH,,0
TXN250225EWJ14N,,NO_MATCH,,0
TXN250225XMBDUL,,NO_MATCH,,0
TXN250225G8UA9K,,NO_MATCH,,0
TXN250225F7ECFB,,NO_MATCH,,0
TXN250225O3W0ZF,,NO_MATCH,,0
TXN2502252K0GNX,,NO_MATCH,,0
TXN2502257U85UN,,NO_MATCH,,0
TXN250225UW677Y,,NO_MATCH,,0
TXN250225H7ZITV,,NO_MATCH,,0
TXN250225E6OHAS,,NO_MATCH,,0
ATM250225RK5RS4,CDR202600037059,SENDER_INCOMING_ACTIVITY,838,1
TXN250225JKEFJK,,NO_MATCH,,0
ATM250225TXXTR1,,NO_MATCH,,0
ATM2502254YZPK9,,NO_MATCH,,0
TXN2502251S07TN,,NO_MATCH,,0
TXN250225A2IJ7Y,,NO_MATCH,,0
TXN25022522ST6P,,NO_MATCH,,0
TXN250225SYP2P7,,NO_MATCH,,0
ATM250225U1R2I7,,NO_MATCH,,0
TXN250225BIFZA5,,NO_MATCH,,0
ATM2502251F6AA2,,NO_MATCH,,0
TXN2502258X735I,,NO_MATCH,,0
TXN2502251EFQ27,,NO_MATCH,,0
TXN2502257JR29J,CDR202600037108,RECEIVER_OUTGOING_ACTIVITY,448,1
TXN250225PX67D6,,NO_MATCH,,0
TXN250225XY6NEJ,,NO_MATCH,,0
TXN250225OFYFSV,,NO_MATCH,,0
TXN250225CMAGY8,,NO_MATCH,,0
TXN2502255SX2PN,,NO_MATCH,,0
TXN250225L8O3X5,,NO_MATCH,,0
ATM250225DJ5W13,,NO_MATCH,,0
TXN250225EN26CZ,,NO_MATCH,,0
TXN2502253UBUUG,,NO_MATCH,,0
TXN250225NWSRNZ,,NO_MATCH,,0
ATM250225YLCAZZ,,NO_MATCH,,0
ATM250225A1JM4J,,NO_MATCH,,0
TXN250225SEN0M5,,NO_MATCH,,0
TXN2502259XBPCT,CDR202600037136,RECEIVER_OUTGOING_ACTIVITY,-341,1
TXN250225MZYN44,CDR202600037134,SENDER_OUTGOING_ACTIVITY,-484,1
ATM250225C7YMGH,,NO_MATCH,,0
ATM250225ZFSQQ2,,NO_MATCH,,0
TXN250225S7I3BX,CDR202600037149,RECEIVER_OUTGOING_ACTIVITY,-877,1
ATM2502267FZ904,,NO_MATCH,,0
TXN250226S944PL,,NO_MATCH,,0
ATM250226RE11QZ,,NO_MATCH,,0
ATM2502261AFZY0,,NO_MATCH,,0
TXN250226SIDHV9,,NO_MATCH,,0
ATM250226VLBM63,,NO_MATCH,,0
TXN2502265UBIII,,NO_MATCH,,0
TXN250226KXAA6O,,NO_MATCH,,0
TXN250226KR94KN,,NO_MATCH,,0
TXN250226AP4NL1,,NO_MATCH,,0
TXN250226QRP3Y8,,NO_MATCH,,0
ATM250226L5Z66I,,NO_MATCH,,0
TXN250226VO8XGG,,NO_MATCH,,0
TXN250226418XMP,,NO_MATCH,,0
ATM250226G7PH8I,,NO_MATCH,,0
ATM250226CO3XTX,,NO_MATCH,,0
ATM250226H39J29,CDR202600037196,RECEIVER_OUTGOING_ACTIVITY,238,1
TXN250226SI77GY,,NO_MATCH,,0
TXN250226M59N7A,,NO_MATCH,,0
TXN250226BMH070,,NO_MATCH,,0
ATM250226C0J24K,,NO_MATCH,,0
ATM250226B8SSAY,CDR202600037212,SENDER_OUTGOING_ACTIVITY,72,1
TXN2502260V27HJ,,NO_MATCH,,0
ATM250226ES9IW9,CDR202600037215,RECEIVER_INCOMING_ACTIVITY,-814,1
TXN250226WO65MA,CDR202600037220,SENDER_INCOMING_ACTIVITY,-796,1
ATM250226NVK48F,,NO_MATCH,,0
TXN2502260MKYCC,,NO_MATCH,,0
TXN250226A2OC2U,,NO_MATCH,,0
ATM250226AI8UMO,,NO_MATCH,,0
TXN250226Y9B6BK,,NO_MATCH,,0
TXN250226QI0JR8,,NO_MATCH,,0
ATM250226ES604A,,NO_MATCH,,0
ATM25022636Q16N,,NO_MATCH,,0
TXN250226EB8H8P,,NO_MATCH,,0
TXN250226E95QTH,,NO_MATCH,,0
ATM25022630AZCL,,NO_MATCH,,0
TXN250226F65W46,,NO_MATCH,,0
TXN2502265B3BMZ,,NO_MATCH,,0
TXN250226135KVM,,NO_MATCH,,0
TXN250226R3IZ1Q,,NO_MATCH,,0
TXN250226RWZMDG,,NO_MATCH,,0
ATM250226Q5XARX,,NO_MATCH,,0
TXN250226P518BG,,NO_MATCH,,0
TXN250226X1BH48,,NO_MATCH,,0
ATM2502269EO9YF,,NO_MATCH,,0
ATM250226Q1KAX2,,NO_MATCH,,0
TXN25022661SA2I,CDR202600037272,RECEIVER_OUTGOING_ACTIVITY,584,1
TXN250226T3P7JD,,NO_MATCH,,0
TXN250226LQAXH7,CDR202600037268,SENDER_OUTGOING_ACTIVITY,-146,1
TXN250226UB1RJC,,NO_MATCH,,0
ATM250226DCXY62,,NO_MATCH,,0
TXN250226YW4HXD,,NO_MATCH,,0
TXN250226AMZVFY,,NO_MATCH,,0
TXN250226VJRHTE,,NO_MATCH,,0
ATM2502267P3PU8,,NO_MATCH,,0
TXN250226FGABA0,,NO_MATCH,,0
TXN250226074EXQ,,NO_MATCH,,0
ATM250226B9FIQW,,NO_MATCH,,0
ATM25022661S34B,CDR202600037291,RECEIVER_OUTGOING_ACTIVITY,-607,1
ATM250226L5T981,,NO_MATCH,,0
ATM250226GJUG31,,NO_MATCH,,0
ATM250226VRVR9I,,NO_MATCH,,0
TXN2502261CCISE,CDR202600037311,RECEIVER_OUTGOING_ACTIVITY,765,1
ATM250226L0X7DD,,NO_MATCH,,0
ATM2502261LHBCX,,NO_MATCH,,0
TXN250226IGNJ9M,,NO_MATCH,,0
TXN250226ZU0U86,,NO_MATCH,,0
TXN250226S0XOC2,,NO_MATCH,,0
ATM250226JBGM8O,,NO_MATCH,,0
TXN2502262UNUMD,,NO_MATCH,,0
TXN250226A7OJES,,NO_MATCH,,0
TXN250226U5IEGZ,,NO_MATCH,,0
TXN2502263LUEH6,,NO_MATCH,,0
TXN250226FOPWFU,,NO_MATCH,,0
TXN250226N0FGGG,,NO_MATCH,,0
TXN250226HXLC98,CDR202600037337,SENDER_INCOMING_ACTIVITY,-280,1
ATM250226RDLLVY,,NO_MATCH,,0
TXN250226PIP4UH,CDR202600037362,SENDER_OUTGOING_ACTIVITY,627,1
TXN2502260CT1TA,,NO_MATCH,,0
ATM2502267GBHS9,,NO_MATCH,,0
TXN250226UCCCYI,CDR202600060579,SENDER_OUTGOING_ACTIVITY,-300,1
TXN25022601NCSM,,NO_MATCH,,0
TXN250226N5XZTI,,NO_MATCH,,0
TXN2502264VEKQ2,,NO_MATCH,,0
ATM250226NF63AN,,NO_MATCH,,0
TXN250226VVUT2R,CDR202600037359,RECEIVER_OUTGOING_ACTIVITY,-870,1
ATM250226KMD1YW,CDR202600037375,RECEIVER_OUTGOING_ACTIVITY,-205,1
TXN250226XSKTWC,CDR202600037382,SENDER_OUTGOING_ACTIVITY,-17,1
TXN250226JB2BKX,,NO_MATCH,,0
TXN250226JEKVPE,CDR202600037423,RECEIVER_OUTGOING_ACTIVITY,679,1
TXN2502260L4PZ8,,NO_MATCH,,0
TXN250226MZZHIM,,NO_MATCH,,0
ATM250226R2SWOI,,NO_MATCH,,0
TXN250226WJ35XV,,NO_MATCH,,0
TXN250226NJR48G,CDR202600037425,SENDER_OUTGOING_ACTIVITY,-451,1
TXN250226PWLNMC,CDR202600037444,RECEIVER_OUTGOING_ACTIVITY,413,1
ATM250226ILJNXY,,NO_MATCH,,0
TXN250226DJLIUZ,,NO_MATCH,,0
TXN250226UNPYL3,,NO_MATCH,,0
TXN250226A9HFGT,,NO_MATCH,,0
TXN250226XECRXD,,NO_MATCH,,0
TXN250226476Q3D,,NO_MATCH,,0
TXN2502269LW69R,,NO_MATCH,,0
ATM250226O9SI4C,,NO_MATCH,,0
TXN250226LLNZZB,,NO_MATCH,,0
TXN25022661B96M,CDR202600037494,RECEIVER_INCOMING_ACTIVITY,896,1
ATM250226QG4JWM,,NO_MATCH,,0
ATM250226LCVMK6,,NO_MATCH,,0
ATM250226291B4T,CDR202600037491,RECEIVER_INCOMING_ACTIVITY,-323,1
TXN250226KRJ6KG,CDR202600037504,SENDER_OUTGOING_ACTIVITY,20,1
TXN250226L2XTGB,CDR202600037522,RECEIVER_INCOMING_ACTIVITY,544,1
ATM250226UXAIYV,CDR202600037507,RECEIVER_OUTGOING_ACTIVITY,-294,1
TXN250226VERC5P,,NO_MATCH,,0
TXN250226NBEU2X,,NO_MATCH,,0
TXN250226OPN9WK,,NO_MATCH,,0
TXN250226Z633DE,,NO_MATCH,,0
ATM2502260FQXFQ,,NO_MATCH,,0
TXN250226PHMPJE,,NO_MATCH,,0
TXN250226IP0MSE,CDR202600037547,SENDER_OUTGOING_ACTIVITY,85,1
TXN250226CH9VKJ,,NO_MATCH,,0
ATM250226IOMUNZ,,NO_MATCH,,0
ATM250226KPCS5S,,NO_MATCH,,0
TXN25022655TB6I,,NO_MATCH,,0
TXN250226DT7SM0,,NO_MATCH,,0
TXN250226A21Z59,,NO_MATCH,,0
TXN250226HPKZ0X,,NO_MATCH,,0
TXN250226SFMRG3,,NO_MATCH,,0
TXN250226SAB4MG,,NO_MATCH,,0
TXN2502266RWUFP,,NO_MATCH,,0
TXN2502263XQBUV,CDR202600037583,RECEIVER_OUTGOING_ACTIVITY,-184,1
TXN2502267PRMU1,,NO_MATCH,,0
TXN250226C07BCB,,NO_MATCH,,0
ATM250226ABDD9K,,NO_MATCH,,0
TXN2502261V9LGN,CDR202600037601,RECEIVER_INCOMING_ACTIVITY,-446,1
ATM25022659S866,CDR202600037606,SENDER_INCOMING_ACTIVITY,-172,1
ATM250226W1EY72,,NO_MATCH,,0
TXN250226O2BRY5,CDR202600037611,SENDER_INCOMING_ACTIVITY,288,1
ATM250226470T20,,NO_MATCH,,0
TXN250226K15TAQ,CDR202600037619,SENDER_OUTGOING_ACTIVITY,802,1
ATM25022658N5OZ,,NO_MATCH,,0
TXN250226RGUD1O,CDR202600037606,SENDER_OUTGOING_ACTIVITY,-763,1
ATM250226I17D4B,,NO_MATCH,,0
TXN250226IQ30F5,CDR202600037617,RECEIVER_INCOMING_ACTIVITY,-34,1
ATM2502263SDYW0,CDR202600037629,SENDER_INCOMING_ACTIVITY,512,1
TXN250226IHX4KA,,NO_MATCH,,0
ATM250226UC8V1Z,CDR202600037619,SENDER_OUTGOING_ACTIVITY,-738,1
TXN250226OE9I90,,NO_MATCH,,0
TXN250226P57F6O,CDR202600037630,RECEIVER_INCOMING_ACTIVITY,-812,1
TXN250226DH3E42,CDR202600037652,SENDER_OUTGOING_ACTIVITY,497,1
TXN250226P9HSYL,,NO_MATCH,,0
ATM250226XF4JUK,CDR202600037651,RECEIVER_INCOMING_ACTIVITY,45,1
ATM250226SMFDXV,,NO_MATCH,,0
TXN250226TK5J9F,,NO_MATCH,,0
TXN250226F1PDLR,,NO_MATCH,,0
TXN250226Y7VQ6W,CDR202600037662,RECEIVER_OUTGOING_ACTIVITY,233,1
TXN250226FC9Z6K,CDR202600037657,RECEIVER_OUTGOING_ACTIVITY,-637,1
TXN250226GSQMB0,,NO_MATCH,,0
ATM2502265S1LQ1,,NO_MATCH,,0
ATM250226RCV3CJ,,NO_MATCH,,0
ATM250226W261ED,,NO_MATCH,,0
ATM250226EC2I24,CDR202600037683,SENDER_OUTGOING_ACTIVITY,215,1
ATM250226OEBN1B,,NO_MATCH,,0
ATM250226E8I6BO,CDR202600037685,RECEIVER_OUTGOING_ACTIVITY,285,1
ATM250226KNO9GZ,,NO_MATCH,,0
TXN250226S4QO4J,,NO_MATCH,,0
TXN250226EZ33LF,,NO_MATCH,,0
TXN250226SHS7R8,,NO_MATCH,,0
TXN250226S7IM6N,,NO_MATCH,,0
TXN250226HAI6XC,,NO_MATCH,,0
ATM250226NZMCG8,CDR202600037703,SENDER_OUTGOING_ACTIVITY,162,1
ATM250226ERK41J,CDR202600037708,RECEIVER_OUTGOING_ACTIVITY,767,1
TXN250226W4I3BG,,NO_MATCH,,0
ATM250226ZVF4CI,,NO_MATCH,,0
ATM250226WGLTUA,,NO_MATCH,,0
TXN250226PZTII9,,NO_MATCH,,0
TXN25022620T5DI,,NO_MATCH,,0
ATM250226WB1CSS,,NO_MATCH,,0
TXN250226GH8JIV,,NO_MATCH,,0
ATM2502261EC6QZ,,NO_MATCH,,0
TXN250226TEAHES,,NO_MATCH,,0
TXN2502262VAJ09,,NO_MATCH,,0
TXN250226FSK58W,,NO_MATCH,,0
TXN250226T7FH67,,NO_MATCH,,0
ATM250226OU8MMC,,NO_MATCH,,0
TXN250226DN1TNT,,NO_MATCH,,0
TXN25022643QAQ3,,NO_MATCH,,0
ATM250226EYFWWA,,NO_MATCH,,0
TXN250226DUM2YO,,NO_MATCH,,0
TXN2502269NO3OU,,NO_MATCH,,0
TXN250226CZWQK7,,NO_MATCH,,0
TXN250226SHJ944,,NO_MATCH,,0
TXN250226A6RFL1,,NO_MATCH,,0
TXN250226DWX9W8,,NO_MATCH,,0
TXN2502268CZD1I,,NO_MATCH,,0
TXN2502263W4ZPB,,NO_MATCH,,0
TXN250226ZQRMTI,,NO_MATCH,,0
TXN2502267NDRV1,CDR202600037758,SENDER_OUTGOING_ACTIVITY,718,1
ATM250226RUWO72,,NO_MATCH,,0
TXN250226V32N6K,,NO_MATCH,,0
TXN250226Y45DKV,,NO_MATCH,,0
TXN2502260U1SHF,,NO_MATCH,,0
TXN250226TL7M4L,,NO_MATCH,,0
TXN250226Q0WAFB,,NO_MATCH,,0
TXN250226CPSDN3,,NO_MATCH,,0
TXN2502267XHLO0,,NO_MATCH,,0
TXN250226B7CH3D,,NO_MATCH,,0
TXN250226KD23LA,,NO_MATCH,,0
ATM250226BJMO9L,,NO_MATCH,,0
TXN250226ZZGZBQ,,NO_MATCH,,0
ATM250226733RJE,,NO_MATCH,,0
ATM250226CWBPXO,,NO_MATCH,,0
TXN250226S5202C,,NO_MATCH,,0
ATM2502273DE4YP,,NO_MATCH,,0
TXN250227TZEBZR,,NO_MATCH,,0
ATM250227S4TYBZ,,NO_MATCH,,0
ATM250227HPL3NE,,NO_MATCH,,0
TXN2502276HAXF6,,NO_MATCH,,0
ATM250227OEGJG6,,NO_MATCH,,0
TXN250227UC9OKD,,NO_MATCH,,0
TXN250227N5RN2O,,NO_MATCH,,0
TXN250227MDSMRK,,NO_MATCH,,0
ATM2502279HHWCW,,NO_MATCH,,0
ATM250227OLJS09,,NO_MATCH,,0
ATM250227JK4Q06,,NO_MATCH,,0
ATM250227FWHCAJ,,NO_MATCH,,0
TXN250227IBHPXT,,NO_MATCH,,0
TXN250227L0KHID,,NO_MATCH,,0
ATM250227ZW54SU,,NO_MATCH,,0
TXN250227JS07R5,,NO_MATCH,,0
ATM250227X5YPAC,CDR202600037881,SENDER_OUTGOING_ACTIVITY,151,1
ATM250227112RTT,CDR202600037882,RECEIVER_OUTGOING_ACTIVITY,28,1
TXN250227RNDFLB,CDR202600037882,RECEIVER_OUTGOING_ACTIVITY,-201,1
TXN250227JEJWVK,,NO_MATCH,,0
TXN250227Z2COJQ,,NO_MATCH,,0
ATM250227MOY72S,,NO_MATCH,,0
TXN250227VBPFLH,,NO_MATCH,,0
TXN25022790XHQV,,NO_MATCH,,0
TXN250227X8U1ZW,,NO_MATCH,,0
TXN250227EX7TQC,,NO_MATCH,,0
TXN250227N6ESVZ,,NO_MATCH,,0
TXN2502275NDG98,,NO_MATCH,,0
ATM250227CUYXES,,NO_MATCH,,0
ATM250227IS6XKU,,NO_MATCH,,0
ATM25022777TH1H,,NO_MATCH,,0
TXN250227M4LRWO,,NO_MATCH,,0
ATM250227PJ3CL7,CDR202600037930,SENDER_OUTGOING_ACTIVITY,610,1
TXN250227T6Z48C,CDR202600037929,SENDER_OUTGOING_ACTIVITY,-124,1
TXN2502270HF0IJ,CDR202600037924,RECEIVER_INCOMING_ACTIVITY,-510,1
TXN250227FO5UO7,,NO_MATCH,,0
TXN250227UYUHJ9,CDR202600037932,RECEIVER_INCOMING_ACTIVITY,-482,1
TXN2502279YW1GR,,NO_MATCH,,0
ATM2502271JCZW5,,NO_MATCH,,0
TXN250227P31IFO,,NO_MATCH,,0
ATM250227E9553M,,NO_MATCH,,0
ATM2502279A47P1,,NO_MATCH,,0
TXN250227GQ1RX8,,NO_MATCH,,0
TXN250227QVU900,CDR202600037960,RECEIVER_OUTGOING_ACTIVITY,513,1
TXN250227L23C4F,,NO_MATCH,,0
TXN250227IKNALB,CDR202600037951,RECEIVER_OUTGOING_ACTIVITY,-550,1
TXN250227MC48A2,,NO_MATCH,,0
TXN250227OULCSE,CDR202600037959,SENDER_OUTGOING_ACTIVITY,-455,1
TXN250227ILO1VB,,NO_MATCH,,0
TXN250227IXP1PI,,NO_MATCH,,0
ATM250227VR1FIY,,NO_MATCH,,0
TXN250227LZ0AG6,,NO_MATCH,,0
TXN2502274AHCT4,,NO_MATCH,,0
TXN250227Y8HO56,,NO_MATCH,,0
TXN2502272Y3YM8,,NO_MATCH,,0
ATM25022761FKMK,,NO_MATCH,,0
TXN2502279HWCVZ,,NO_MATCH,,0
TXN2502278R8EZR,,NO_MATCH,,0
TXN250227OOUA9K,CDR202600037987,RECEIVER_INCOMING_ACTIVITY,166,1
TXN250227DX6BDD,,NO_MATCH,,0
TXN2502279LN57M,,NO_MATCH,,0
ATM2502279055TC,CDR202600038007,SENDER_OUTGOING_ACTIVITY,-48,1
TXN250227SB87CZ,CDR202600038007,RECEIVER_INCOMING_ACTIVITY,-193,1
TXN250227UOTONE,CDR202600038012,SENDER_OUTGOING_ACTIVITY,-217,1
TXN25022797A9AY,,NO_MATCH,,0
TXN2502278JG92J,,NO_MATCH,,0
TXN250227OSN09W,,NO_MATCH,,0
TXN250227IKK70K,,NO_MATCH,,0
ATM250227LNFJUZ,CDR202600038043,SENDER_INCOMING_ACTIVITY,890,1
ATM250227HHUYN4,CDR202600038043,SENDER_OUTGOING_ACTIVITY,828,1
ATM250227Q9R0CE,,NO_MATCH,,0
ATM250227D5S9U6,CDR202600038031,SENDER_OUTGOING_ACTIVITY,1,1
TXN250227SF7802,CDR202600038045,RECEIVER_OUTGOING_ACTIVITY,456,1
TXN2502279PTVP7,CDR202600038051,SENDER_OUTGOING_ACTIVITY,520,1
ATM2502276L1F23,,NO_MATCH,,0
TXN2502277Y95NP,,NO_MATCH,,0
ATM250227G123YL,CDR202600038044,RECEIVER_INCOMING_ACTIVITY,-221,1
ATM250227CN3FIT,CDR202600038039,RECEIVER_OUTGOING_ACTIVITY,-442,1
TXN250227VB9LMQ,,NO_MATCH,,0
TXN250227K35N7Q,,NO_MATCH,,0
TXN250227L09H0U,,NO_MATCH,,0
ATM250227HBW4DY,,NO_MATCH,,0
ATM250227SULP1C,,NO_MATCH,,0
TXN25022702QEOM,CDR202600038086,SENDER_OUTGOING_ACTIVITY,39,1
TXN250227VJEI8U,,NO_MATCH,,0
TXN250227V1IINN,,NO_MATCH,,0
ATM250227SZYF9M,,NO_MATCH,,0
TXN250227S28QEK,,NO_MATCH,,0
TXN25022752YCLI,,NO_MATCH,,0
TXN250227NTVFIY,,NO_MATCH,,0
ATM250227Q9474Y,CDR202600060502,SENDER_OUTGOING_ACTIVITY,-540,1
ATM2502274BRZBT,CDR202600038099,SENDER_INCOMING_ACTIVITY,-380,1
ATM2502278SMR17,CDR202600038095,SENDER_OUTGOING_ACTIVITY,-656,1
TXN2502272IAOW0,,NO_MATCH,,0
TXN250227T8JIM8,,NO_MATCH,,0
ATM250227AV2K4W,CDR202600038148,RECEIVER_OUTGOING_ACTIVITY,367,1
ATM250227QU4SPL,,NO_MATCH,,0
TXN250227PY1QPN,,NO_MATCH,,0
ATM250227C0LI8O,,NO_MATCH,,0
ATM2502279DWO59,,NO_MATCH,,0
ATM250227IAVRAZ,,NO_MATCH,,0
TXN250227VFF5Z7,,NO_MATCH,,0
ATM250227QGPFJ4,CDR202600038162,SENDER_OUTGOING_ACTIVITY,-78,1
TXN250227ALGF19,CDR202600038152,SENDER_OUTGOING_ACTIVITY,-674,1
TXN2502271L4ZCP,,NO_MATCH,,0
ATM2502272S9I4H,,NO_MATCH,,0
TXN250227NRBMBW,,NO_MATCH,,0
TXN2502279AQQV9,,NO_MATCH,,0
ATM25022798PX1P,,NO_MATCH,,0
TXN25022799L8VJ,,NO_MATCH,,0
TXN250227BJL9Z2,,NO_MATCH,,0
ATM2502272ZT1WY,CDR202600038185,SENDER_OUTGOING_ACTIVITY,243,1
TXN25022772V0TV,,NO_MATCH,,0
TXN250227IR9B4M,CDR202600038195,SENDER_INCOMING_ACTIVITY,290,1
TXN250227Y4R2UM,,NO_MATCH,,0
ATM25022774H2GN,CDR202600038203,RECEIVER_OUTGOING_ACTIVITY,508,1
ATM250227OON6DM,CDR202600038191,SENDER_OUTGOING_ACTIVITY,-678,1
TXN250227EI3FNS,,NO_MATCH,,0
TXN250227NOX5F7,,NO_MATCH,,0
TXN25022716GPLA,,NO_MATCH,,0
TXN250227PHFO9D,,NO_MATCH,,0
TXN2502271KU1HV,CDR202600038248,RECEIVER_OUTGOING_ACTIVITY,741,1
ATM250227HEMKHZ,,NO_MATCH,,0
TXN250227QZXCP5,CDR202600038238,SENDER_OUTGOING_ACTIVITY,-216,1
TXN250227GTWQ7Q,,NO_MATCH,,0
TXN250227GFFAWU,,NO_MATCH,,0
ATM250227DUSDBG,,NO_MATCH,,0
ATM25022739DN3T,,NO_MATCH,,0
TXN25022788U32L,CDR202600038247,RECEIVER_INCOMING_ACTIVITY,-749,1
TXN250227X03WMX,,NO_MATCH,,0
ATM250227FE9KM4,,NO_MATCH,,0
ATM2502276UKB4X,,NO_MATCH,,0
ATM250227XJJEYN,,NO_MATCH,,0
TXN250227KDD76V,,NO_MATCH,,0
TXN250227RHGSUY,,NO_MATCH,,0
TXN250227GWMPYQ,,NO_MATCH,,0
TXN250227O20XGW,CDR202600038291,RECEIVER_OUTGOING_ACTIVITY,535,1
ATM250227FJ7IGL,,NO_MATCH,,0
TXN250227W4G89B,,NO_MATCH,,0
TXN250227VR9SMW,,NO_MATCH,,0
TXN250227OMOJER,,NO_MATCH,,0
ATM2502275WST3M,,NO_MATCH,,0
ATM250227KR8JLW,,NO_MATCH,,0
ATM250227R7059M,,NO_MATCH,,0
TXN250227JJB5E7,,NO_MATCH,,0
TXN250227H4USWU,,NO_MATCH,,0
ATM250227XY9EMN,CDR202600038299,RECEIVER_OUTGOING_ACTIVITY,-620,1
ATM250227RGKRYI,CDR202600038304,RECEIVER_OUTGOING_ACTIVITY,-746,1
ATM250227QOU9GH,,NO_MATCH,,0
TXN250227YI449N,,NO_MATCH,,0
TXN25022730FILC,,NO_MATCH,,0
TXN25022700W3XF,,NO_MATCH,,0
TXN2502273UTL8B,,NO_MATCH,,0
TXN250227D103EY,,NO_MATCH,,0
ATM250227EDB9AV,,NO_MATCH,,0
TXN25022727J9D8,,NO_MATCH,,0
ATM250227FVDH9Q,,NO_MATCH,,0
TXN250227OUCVF3,,NO_MATCH,,0
TXN250227Y1OARD,CDR202600038350,RECEIVER_INCOMING_ACTIVITY,484,1
TXN250227K8CE1Y,,NO_MATCH,,0
TXN250227P6Z502,,NO_MATCH,,0
ATM250227LCILB1,,NO_MATCH,,0
ATM25022787U671,,NO_MATCH,,0
TXN2502279AHTRV,,NO_MATCH,,0
TXN250227GMNUHI,,NO_MATCH,,0
TXN250227ZR154U,,NO_MATCH,,0
TXN250227VXRRNW,,NO_MATCH,,0
TXN250227BOEN9U,,NO_MATCH,,0
TXN250227BEO8RN,,NO_MATCH,,0
TXN250227ZHHKGP,CDR202600038374,SENDER_INCOMING_ACTIVITY,-63,1
TXN250227GZDX2Y,,NO_MATCH,,0
ATM250227V8UNAQ,,NO_MATCH,,0
ATM25022705GUHP,,NO_MATCH,,0
ATM2502271RR109,CDR202600038377,SENDER_OUTGOING_ACTIVITY,-403,1
TXN2502279NLGAV,,NO_MATCH,,0
TXN250227TVI1H9,CDR202600038384,RECEIVER_INCOMING_ACTIVITY,-558,1
ATM250227Z7CLQD,,NO_MATCH,,0
TXN250227KOTQTB,,NO_MATCH,,0
TXN25022757CPTJ,,NO_MATCH,,0
ATM2502271XG2A9,,NO_MATCH,,0
TXN250227UUN0I7,,NO_MATCH,,0
TXN250227WUGEHU,,NO_MATCH,,0
TXN2502272SPHBQ,,NO_MATCH,,0
TXN250227XBLYH6,,NO_MATCH,,0
TXN250227G7LHF9,,NO_MATCH,,0
TXN250227C6T9D6,,NO_MATCH,,0
TXN250227JIKKVI,,NO_MATCH,,0
TXN250227DWMCH1,,NO_MATCH,,0
TXN250227Q5Q5WI,,NO_MATCH,,0
TXN250227AJ8WOT,,NO_MATCH,,0
TXN2502272HJO6M,,NO_MATCH,,0
TXN250227GMYIE8,,NO_MATCH,,0
ATM250227AIZNQR,,NO_MATCH,,0
TXN250227VARNT5,CDR202600038430,SENDER_OUTGOING_ACTIVITY,80,1
TXN250227K1NM96,CDR202600038427,RECEIVER_INCOMING_ACTIVITY,-167,1
TXN250227G6E5QU,,NO_MATCH,,0
TXN250227S4SJ9N,,NO_MATCH,,0
TXN250227CGEXD3,,NO_MATCH,,0
ATM250227JC7LYZ,,NO_MATCH,,0
ATM2502272KYF7Z,,NO_MATCH,,0
TXN2502272NDR7E,,NO_MATCH,,0
TXN250227GSKO23,CDR202600038439,SENDER_INCOMING_ACTIVITY,-128,1
ATM250227X4QBFK,,NO_MATCH,,0
ATM2502275KJJ45,,NO_MATCH,,0
ATM250227256KMS,,NO_MATCH,,0
ATM250227G4ME4M,,NO_MATCH,,0
ATM25022793EFQL,,NO_MATCH,,0
TXN2502279FGOMB,,NO_MATCH,,0
TXN250228ZTM5QK,,NO_MATCH,,0
TXN250228RK6Q4V,,NO_MATCH,,0
TXN250228I4E1TW,,NO_MATCH,,0
ATM250228DRQ0FN,,NO_MATCH,,0
TXN250228K61KZL,,NO_MATCH,,0
TXN250228AKV2V9,,NO_MATCH,,0
ATM2502287JWKHA,,NO_MATCH,,0
ATM25022871E0UL,,NO_MATCH,,0
TXN250228NWS9OL,,NO_MATCH,,0
TXN250228FRLC5U,,NO_MATCH,,0
TXN250228LTCRRX,,NO_MATCH,,0
TXN25022825LAWN,,NO_MATCH,,0
ATM250228CCFMJ7,,NO_MATCH,,0
ATM250228DMBULO,,NO_MATCH,,0
TXN2502289HR7CS,,NO_MATCH,,0
TXN250228GHPTSF,CDR202600060523,SENDER_OUTGOING_ACTIVITY,-180,1
TXN250228Q7STFA,,NO_MATCH,,0
ATM250228QGZHA8,,NO_MATCH,,0
TXN250228KK6EHM,,NO_MATCH,,0
TXN250228WR9RAJ,,NO_MATCH,,0
TXN250228I2R7ET,,NO_MATCH,,0
TXN250228HMN2CF,,NO_MATCH,,0
TXN2502286Z8R7R,,NO_MATCH,,0
TXN250228MLF0FB,,NO_MATCH,,0
ATM25022841DCIZ,,NO_MATCH,,0
TXN250228FA8YKR,,NO_MATCH,,0
TXN250228USWK74,,NO_MATCH,,0
TXN250228PC86BL,CDR202600038541,RECEIVER_OUTGOING_ACTIVITY,773,1
TXN250228R2TM36,,NO_MATCH,,0
TXN2502283D8OJG,,NO_MATCH,,0
TXN250228O45IAG,,NO_MATCH,,0
ATM250228AHNO31,,NO_MATCH,,0
TXN250228XDDBAM,CDR202600038533,RECEIVER_OUTGOING_ACTIVITY,-195,1
TXN250228543ZG5,,NO_MATCH,,0
TXN250228RURE0O,,NO_MATCH,,0
ATM250228L2XAY7,,NO_MATCH,,0
ATM250228FD1VBK,,NO_MATCH,,0
TXN25022861CFAG,,NO_MATCH,,0
TXN2502283WHIER,,NO_MATCH,,0
ATM250228BE2XHW,,NO_MATCH,,0
TXN2502286KIULR,CDR202600038561,RECEIVER_OUTGOING_ACTIVITY,-377,1
TXN25022828TA2F,,NO_MATCH,,0
TXN250228ANDFUC,,NO_MATCH,,0
TXN2502282KL3SG,,NO_MATCH,,0
TXN250228RHMK5G,,NO_MATCH,,0
TXN250228C1LTM3,,NO_MATCH,,0
ATM250228QSMU7K,,NO_MATCH,,0
TXN250228U1EHS4,,NO_MATCH,,0
TXN250228P39GQX,CDR202600038577,SENDER_INCOMING_ACTIVITY,-877,1
TXN250228QPH6TH,CDR202600038610,SENDER_OUTGOING_ACTIVITY,854,1
TXN250228H9R8W6,,NO_MATCH,,0
TXN250228YLZ94U,CDR202600038593,RECEIVER_OUTGOING_ACTIVITY,-419,1
ATM250228XZSOK3,,NO_MATCH,,0
TXN250228SHWKIA,,NO_MATCH,,0
ATM250228M80NHB,,NO_MATCH,,0
TXN2502285MLQG5,CDR202600038599,RECEIVER_OUTGOING_ACTIVITY,-497,1
ATM250228ANQFKS,,NO_MATCH,,0
ATM250228NTY4PM,,NO_MATCH,,0
ATM2502281UBAC3,,NO_MATCH,,0
ATM250228308TN6,,NO_MATCH,,0
ATM2502287DZIVY,,NO_MATCH,,0
TXN250228BGKXII,,NO_MATCH,,0
TXN250228BJSZGM,,NO_MATCH,,0
TXN250228ERA9VA,,NO_MATCH,,0
TXN250228DOIH54,,NO_MATCH,,0
ATM250228J0C0CZ,CDR202600038627,SENDER_INCOMING_ACTIVITY,-832,1
TXN250228384XBM,CDR202600038648,SENDER_OUTGOING_ACTIVITY,564,1
TXN250228PULXWS,,NO_MATCH,,0
TXN250228ASJ0CG,,NO_MATCH,,0
TXN250228E4A9QD,CDR202600038639,RECEIVER_INCOMING_ACTIVITY,-895,1
TXN2502287X7TXH,,NO_MATCH,,0
ATM250228152NG6,CDR202600038669,SENDER_OUTGOING_ACTIVITY,517,1
ATM250228M9IMVU,,NO_MATCH,,0
ATM250228RFZIPE,,NO_MATCH,,0
ATM250228QAEMZN,,NO_MATCH,,0
TXN250228MEJ150,,NO_MATCH,,0
TXN250228GKLL9E,,NO_MATCH,,0
TXN250228ZMFI0X,CDR202600038675,RECEIVER_INCOMING_ACTIVITY,-419,1
TXN250228PHGWS5,,NO_MATCH,,0
ATM2502281XXXCN,,NO_MATCH,,0
ATM2502287H2MM0,CDR202600038678,RECEIVER_INCOMING_ACTIVITY,-592,1
TXN250228K8GABP,,NO_MATCH,,0
TXN2502286M3MAD,,NO_MATCH,,0
TXN2502283EGSBX,,NO_MATCH,,0
TXN250228KMA2ZJ,,NO_MATCH,,0
TXN250228UG11L8,,NO_MATCH,,0
ATM250228RZ6ZIL,,NO_MATCH,,0
TXN250228AWMPF3,CDR202600038717,SENDER_OUTGOING_ACTIVITY,35,1
TXN250228ADPE3J,,NO_MATCH,,0
ATM250228Y067NR,,NO_MATCH,,0
TXN250228C04C57,CDR202600038710,SENDER_OUTGOING_ACTIVITY,-815,1
TXN25022881V885,CDR202600038730,SENDER_OUTGOING_ACTIVITY,428,1
ATM250228NHBCTG,,NO_MATCH,,0
TXN250228VYSG60,,NO_MATCH,,0
TXN25022859A2UZ,CDR202600038732,SENDER_OUTGOING_ACTIVITY,272,1
TXN250228NA406U,,NO_MATCH,,0
ATM25022843T0V6,CDR202600038733,SENDER_INCOMING_ACTIVITY,-46,1
ATM250228L6IXK8,,NO_MATCH,,0
TXN2502286TKSQY,CDR202600038734,SENDER_INCOMING_ACTIVITY,-133,1
ATM250228GHWBMX,,NO_MATCH,,0
ATM2502280901XC,,NO_MATCH,,0
TXN250228D42KSH,CDR202600038731,SENDER_OUTGOING_ACTIVITY,-792,1
TXN250228488JJJ,,NO_MATCH,,0
TXN250228ONKKZE,,NO_MATCH,,0
ATM250228SYGZ7P,,NO_MATCH,,0
TXN250228J64EFU,,NO_MATCH,,0
ATM250228061F3A,,NO_MATCH,,0
ATM250228WGZOCQ,,NO_MATCH,,0
ATM250228G135D3,,NO_MATCH,,0
TXN250228UV3JT2,,NO_MATCH,,0
ATM2502282XSJKA,,NO_MATCH,,0
TXN250228YO6BHJ,,NO_MATCH,,0
TXN250228UKNKPQ,,NO_MATCH,,0
TXN2502283W4JC0,CDR202600038756,SENDER_OUTGOING_ACTIVITY,-555,1
TXN250228TEZRR1,CDR202600038767,SENDER_INCOMING_ACTIVITY,183,1
TXN2502282YIF4A,,NO_MATCH,,0
TXN250228S2IPQ4,CDR202600038761,SENDER_OUTGOING_ACTIVITY,-593,1
TXN2502282F9S4R,,NO_MATCH,,0
TXN250228BTVFWW,,NO_MATCH,,0
ATM250228EWP4XM,CDR202600038784,RECEIVER_OUTGOING_ACTIVITY,856,1
TXN250228JZOIYQ,,NO_MATCH,,0
TXN250228S2I03A,,NO_MATCH,,0
TXN250228UYO7KT,,NO_MATCH,,0
TXN250228ANXEBJ,,NO_MATCH,,0
ATM250228UYWBI3,,NO_MATCH,,0
ATM250228KJ69ZN,,NO_MATCH,,0
TXN2502286FCDIV,,NO_MATCH,,0
TXN250228RW2IK4,CDR202600038795,RECEIVER_INCOMING_ACTIVITY,385,1
TXN250228O1B389,,NO_MATCH,,0
TXN250228ZMKLUK,,NO_MATCH,,0
TXN250228Q258U6,CDR202600038798,SENDER_OUTGOING_ACTIVITY,119,1
ATM250228Q9MWXX,,NO_MATCH,,0
TXN250228TU2FL3,,NO_MATCH,,0
TXN250228R13IEX,,NO_MATCH,,0
TXN250228XNC4S8,,NO_MATCH,,0
TXN250228HH44RV,CDR202600038827,RECEIVER_OUTGOING_ACTIVITY,236,1
TXN250228OCG85Q,CDR202600038814,RECEIVER_OUTGOING_ACTIVITY,-429,1
TXN250228ECTKVA,CDR202600038809,RECEIVER_OUTGOING_ACTIVITY,-721,1
TXN25022850HHB2,,NO_MATCH,,0
ATM250228QCYDXW,,NO_MATCH,,0
TXN250228ANMAJW,CDR202600038830,SENDER_OUTGOING_ACTIVITY,-621,1
TXN250228FQS9AQ,,NO_MATCH,,0
ATM250228W4LT0U,,NO_MATCH,,0
TXN250228E4XTDO,CDR202600038839,RECEIVER_OUTGOING_ACTIVITY,-823,1
ATM250228U4D6CE,CDR202600038856,RECEIVER_INCOMING_ACTIVITY,-114,1
ATM250228EDINZP,,NO_MATCH,,0
ATM2502285G4MPD,,NO_MATCH,,0
TXN250228FOA545,,NO_MATCH,,0
TXN2502287MW6IG,,NO_MATCH,,0
TXN2502287FDYOR,,NO_MATCH,,0
TXN250228Q8NEZH,,NO_MATCH,,0
TXN250228P97JTQ,CDR202600038874,SENDER_OUTGOING_ACTIVITY,159,1
ATM2502285A6Z8S,CDR202600038885,SENDER_OUTGOING_ACTIVITY,543,1
TXN250228PW14EP,,NO_MATCH,,0
TXN2502287REFIJ,CDR202600038873,SENDER_INCOMING_ACTIVITY,-464,1
ATM250228GQ1BLH,CDR202600038885,RECEIVER_INCOMING_ACTIVITY,206,1
ATM2502282FREV9,,NO_MATCH,,0
TXN25022898JXCJ,CDR202600038884,RECEIVER_OUTGOING_ACTIVITY,-61,1
ATM250228IY3P8B,CDR202600038891,SENDER_INCOMING_ACTIVITY,286,1
TXN250228JMA5AX,CDR202600038901,SENDER_INCOMING_ACTIVITY,789,1
TXN250228WDHNOX,CDR202600038909,SENDER_OUTGOING_ACTIVITY,878,1
ATM2502287ZFJ4S,CDR202600038896,SENDER_INCOMING_ACTIVITY,217,1
TXN250228D6Z76X,,NO_MATCH,,0
ATM250228U4H6JK,,NO_MATCH,,0
TXN2502289H5F58,CDR202600038898,RECEIVER_INCOMING_ACTIVITY,-253,1
ATM250228U3YRHG,CDR202600038907,SENDER_INCOMING_ACTIVITY,-179,1
ATM250228ZF4Y61,CDR202600038915,SENDER_OUTGOING_ACTIVITY,73,1
ATM250228SKYMF9,,NO_MATCH,,0
TXN2502284PE1J6,CDR202600038901,RECEIVER_INCOMING_ACTIVITY,-815,1
TXN250228425X7Q,,NO_MATCH,,0
TXN250228PEBHLL,,NO_MATCH,,0
TXN250228X61FF9,CDR202600038937,SENDER_OUTGOING_ACTIVITY,604,1
ATM250228EVZXHJ,,NO_MATCH,,0
ATM250228ACVAEN,,NO_MATCH,,0
ATM25022880AFE8,CDR202600038944,RECEIVER_OUTGOING_ACTIVITY,436,1
TXN250228KMAZV8,CDR202600038942,SENDER_OUTGOING_ACTIVITY,128,1
ATM250228T173KD,CDR202600038941,SENDER_OUTGOING_ACTIVITY,-49,1
TXN250228YPZPKF,,NO_MATCH,,0
ATM2502285ZXSLY,,NO_MATCH,,0
TXN250228LHT5VC,,NO_MATCH,,0
TXN250228TGBX0N,,NO_MATCH,,0
TXN250228Z76QW5,,NO_MATCH,,0
TXN250228IZSIRE,,NO_MATCH,,0
ATM250228Z8LCBY,,NO_MATCH,,0
ATM250228LM2TDE,,NO_MATCH,,0
ATM250228N2V3TE,,NO_MATCH,,0
ATM250228QHAFLH,,NO_MATCH,,0
TXN250228VWTEK2,,NO_MATCH,,0
ATM250228G3QKS8,,NO_MATCH,,0
TXN250228COVDSZ,,NO_MATCH,,0
ATM250228810QWV,,NO_MATCH,,0
TXN250228RGLDK9,CDR202600038983,SENDER_OUTGOING_ACTIVITY,404,1
ATM250228DI74ZM,CDR202600038982,SENDER_OUTGOING_ACTIVITY,-54,1
TXN2502288XM5N5,,NO_MATCH,,0
ATM250228VNEBWU,,NO_MATCH,,0
TXN250228FNEF6Y,,NO_MATCH,,0
ATM250228MLAODD,,NO_MATCH,,0
TXN250228NERED0,,NO_MATCH,,0
TXN250228L0LMCS,,NO_MATCH,,0
TXN250228PIASYG,,NO_MATCH,,0
ATM250228MCHWJL,,NO_MATCH,,0
TXN250228WYY3CG,,NO_MATCH,,0
TXN250228U036WI,,NO_MATCH,,0
ATM250228SQ0ZCM,,NO_MATCH,,0
ATM2502288TC0Y7,,NO_MATCH,,0
TXN250228PWEMBP,,NO_MATCH,,0
ATM250228Z9GPSU,CDR202600039019,SENDER_INCOMING_ACTIVITY,-796,1
TXN250228YFGQCY,,NO_MATCH,,0
TXN250228FK5858,,NO_MATCH,,0
TXN250228X31KED,,NO_MATCH,,0
ATM250228UNZTTL,,NO_MATCH,,0
ATM250228RZKP33,,NO_MATCH,,0
TXN250228Z34UYD,,NO_MATCH,,0
ATM25022816I4MT,,NO_MATCH,,0
TXN2502281PTUKL,,NO_MATCH,,0
TXN250228PECLN9,,NO_MATCH,,0
TXN250228IZ2KRM,,NO_MATCH,,0
ATM250228FZU9EY,,NO_MATCH,,0
TXN250228CFPTHH,CDR202600039063,RECEIVER_OUTGOING_ACTIVITY,-832,1
ATM250228UL31PX,,NO_MATCH,,0
ATM250228I87BXW,,NO_MATCH,,0
TXN250228E2ZHVU,CDR202600039090,SENDER_INCOMING_ACTIVITY,177,1
TXN250228SM57J3,,NO_MATCH,,0
TXN250228QVAGJK,,NO_MATCH,,0
TXN250228ZCIX18,,NO_MATCH,,0
ATM250228BLKNIL,,NO_MATCH,,0
TXN250228LICM5M,CDR202600039101,RECEIVER_OUTGOING_ACTIVITY,-782,1
TXN250228K0KB6R,,NO_MATCH,,0
TXN250228MEUSMS,,NO_MATCH,,0
ATM250228J386MY,,NO_MATCH,,0
TXN250228UR487W,,NO_MATCH,,0
ATM2502284WBW8S,,NO_MATCH,,0
ATM250228A99AT0,,NO_MATCH,,0
TXN250228RDE2LA,CDR202600039123,SENDER_OUTGOING_ACTIVITY,866,1
ATM2502287EWE2Z,,NO_MATCH,,0
TXN250228VLTINU,,NO_MATCH,,0
TXN250228AAG5QO,,NO_MATCH,,0
ATM250228S8MYU0,,NO_MATCH,,0
TXN2502287ZIOZZ,,NO_MATCH,,0
TXN2502281MUPLT,,NO_MATCH,,0
ATM250228WAC50D,,NO_MATCH,,0
ATM250228KZZI8Q,,NO_MATCH,,0
TXN250228QYX9U9,,NO_MATCH,,0
ATM250301OOZA6S,,NO_MATCH,,0
TXN250301MZ89UD,,NO_MATCH,,0
TXN250301YV6ZMS,CDR202600039151,RECEIVER_OUTGOING_ACTIVITY,849,1
ATM250301FG5FI0,,NO_MATCH,,0
TXN250301QTGR99,,NO_MATCH,,0
ATM250301SMGG1U,,NO_MATCH,,0
TXN250301NKCBVG,,NO_MATCH,,0
TXN250301MMEUZ3,,NO_MATCH,,0
TXN2503015ALAWL,,NO_MATCH,,0
ATM250301IO0Q9G,,NO_MATCH,,0
TXN250301NZ9FK0,,NO_MATCH,,0
TXN250301YGZ3YU,,NO_MATCH,,0
TXN2503010SVIUM,,NO_MATCH,,0
TXN25030134T0NI,,NO_MATCH,,0
TXN250301TWGSYN,,NO_MATCH,,0
TXN2503019RKMI8,,NO_MATCH,,0
TXN250301ALD4P7,CDR202600039176,RECEIVER_INCOMING_ACTIVITY,-700,1
ATM250301OCZS6L,,NO_MATCH,,0
ATM250301H3TVX0,CDR202600039180,SENDER_INCOMING_ACTIVITY,-709,1
TXN250301FDC0EK,,NO_MATCH,,0
ATM250301JKF8EI,,NO_MATCH,,0
TXN250301SDQWX6,,NO_MATCH,,0
TXN250301R8VPGS,,NO_MATCH,,0
TXN2503012SUGSC,,NO_MATCH,,0
TXN250301JWOMZW,,NO_MATCH,,0
TXN250301LJQQ23,CDR202600039199,SENDER_OUTGOING_ACTIVITY,-746,1
TXN2503012ZBCB7,,NO_MATCH,,0
TXN250301TZORM6,,NO_MATCH,,0
TXN250301UV77J5,,NO_MATCH,,0
ATM250301RXJ3BS,,NO_MATCH,,0
TXN2503019UWOTK,CDR202600039227,SENDER_INCOMING_ACTIVITY,717,1
TXN250301D0MWGQ,,NO_MATCH,,0
TXN250301N2O5UX,,NO_MATCH,,0
TXN2503011B0K6K,,NO_MATCH,,0
TXN250301ZOXM0L,,NO_MATCH,,0
TXN250301M4UR6X,CDR202600039249,RECEIVER_OUTGOING_ACTIVITY,582,1
TXN250301FPECW7,,NO_MATCH,,0
ATM25030156YGMR,,NO_MATCH,,0
TXN250301LD9RWX,,NO_MATCH,,0
ATM250301NDD0Z5,CDR202600039244,RECEIVER_INCOMING_ACTIVITY,-481,1
ATM250301GFJ92W,,NO_MATCH,,0
TXN250301T9SM05,,NO_MATCH,,0
TXN2503017SI4EM,,NO_MATCH,,0
TXN250301795OUX,,NO_MATCH,,0
TXN2503015TLCAO,CDR202600039274,RECEIVER_OUTGOING_ACTIVITY,469,1
ATM250301OL2VCM,,NO_MATCH,,0
TXN250301HCKOSE,,NO_MATCH,,0
TXN250301W2UVPL,CDR202600039274,SENDER_INCOMING_ACTIVITY,81,1
ATM2503014CA4RP,,NO_MATCH,,0
ATM250301ZVNFYR,,NO_MATCH,,0
TXN250301SDB457,CDR202600039277,SENDER_OUTGOING_ACTIVITY,-306,1
TXN250301LXE3AA,,NO_MATCH,,0
TXN250301QXB1SA,,NO_MATCH,,0
ATM250301C4RXQ3,CDR202600039289,RECEIVER_INCOMING_ACTIVITY,539,1
TXN250301RMO0TE,,NO_MATCH,,0
TXN250301OXK5OK,,NO_MATCH,,0
TXN2503014DO3MC,CDR202600039296,SENDER_INCOMING_ACTIVITY,-593,1
ATM250301H81Z9I,CDR202600039298,RECEIVER_OUTGOING_ACTIVITY,-665,1
TXN250301DTWVZ8,,NO_MATCH,,0
TXN2503012MZARH,,NO_MATCH,,0
TXN2503018JUOGQ,,NO_MATCH,,0
TXN250301AYOHWP,,NO_MATCH,,0
TXN250301BHMNGP,,NO_MATCH,,0
TXN250301KXZ3NB,,NO_MATCH,,0
TXN250301T8T923,,NO_MATCH,,0
TXN2503011Z1ZBS,,NO_MATCH,,0
TXN250301T30LDD,,NO_MATCH,,0
TXN250301KTG3QK,,NO_MATCH,,0
TXN250301L2U52Y,,NO_MATCH,,0
ATM2503012H833Q,,NO_MATCH,,0
TXN250301ZUNVSY,,NO_MATCH,,0
ATM250301RRSVPC,,NO_MATCH,,0
TXN250301LC58AV,,NO_MATCH,,0
TXN250301MSP2OH,,NO_MATCH,,0
TXN2503010QZZTM,,NO_MATCH,,0
ATM250301EH88A4,,NO_MATCH,,0
ATM250301J4YRP8,,NO_MATCH,,0
TXN250301E5ZXGL,,NO_MATCH,,0
TXN2503019PGHQ3,,NO_MATCH,,0
ATM250301VWFCIG,,NO_MATCH,,0
ATM250301PCRNN6,CDR202600039342,RECEIVER_INCOMING_ACTIVITY,-141,1
ATM250301XUHZ7Y,,NO_MATCH,,0
TXN2503012M6L3T,,NO_MATCH,,0
TXN2503012SROYN,CDR202600039359,SENDER_INCOMING_ACTIVITY,76,1
TXN250301LN4ZEK,CDR202600039365,SENDER_INCOMING_ACTIVITY,-129,1
TXN250301U2W64D,,NO_MATCH,,0
TXN2503011WLH8C,,NO_MATCH,,0
TXN250301K4Y5QA,CDR202600039389,SENDER_OUTGOING_ACTIVITY,592,1
TXN250301DXOCKT,,NO_MATCH,,0
TXN250301VG2IPI,,NO_MATCH,,0
TXN250301R9OZMG,CDR202600039379,RECEIVER_INCOMING_ACTIVITY,-431,1
TXN250301UEQ5NX,,NO_MATCH,,0
TXN2503015M4EQ5,CDR202600039378,RECEIVER_OUTGOING_ACTIVITY,-651,1
ATM250301NU7Q1Z,CDR202600039384,RECEIVER_INCOMING_ACTIVITY,-353,1
TXN250301KNJ436,CDR202600039409,RECEIVER_INCOMING_ACTIVITY,600,1
TXN250301PF84VK,CDR202600039408,RECEIVER_INCOMING_ACTIVITY,560,1
TXN250301I7KUSZ,,NO_MATCH,,0
ATM2503011L0TWS,,NO_MATCH,,0
ATM250301CMUR7D,,NO_MATCH,,0
TXN250301PH0937,,NO_MATCH,,0
ATM250301WTVU6C,,NO_MATCH,,0
TXN2503013R76KZ,CDR202600039416,RECEIVER_INCOMING_ACTIVITY,-341,1
ATM250301S197RY,,NO_MATCH,,0
TXN2503019KXR8G,,NO_MATCH,,0
TXN250301KC1J9Y,,NO_MATCH,,0
ATM250301708R7O,,NO_MATCH,,0
ATM250301SNDS5K,,NO_MATCH,,0
ATM250301BVFSQK,,NO_MATCH,,0
ATM250301EV1UNM,CDR202600039442,RECEIVER_INCOMING_ACTIVITY,591,1
ATM250301MRCY9X,CDR202600039445,RECEIVER_OUTGOING_ACTIVITY,797,1
ATM250301OAWIQ3,CDR202600039445,RECEIVER_OUTGOING_ACTIVITY,677,1
TXN2503016UJKL1,CDR202600039445,SENDER_OUTGOING_ACTIVITY,451,1
ATM250301PMY0PO,,NO_MATCH,,0
TXN2503015MMQT9,CDR202600039455,RECEIVER_INCOMING_ACTIVITY,710,1
ATM250301CCMW97,CDR202600039445,RECEIVER_OUTGOING_ACTIVITY,17,1
TXN250301BWPSKY,,NO_MATCH,,0
ATM250301UPWOWW,CDR202600039445,RECEIVER_OUTGOING_ACTIVITY,-163,1
ATM250301F73J4M,,NO_MATCH,,0
ATM250301RMC0KX,CDR202600039440,SENDER_OUTGOING_ACTIVITY,-662,1
TXN250301GXDA6A,,NO_MATCH,,0
ATM250301G9ZLZM,CDR202600039445,RECEIVER_OUTGOING_ACTIVITY,-403,1
ATM250301CT59FX,,NO_MATCH,,0
TXN250301ECDE6L,,NO_MATCH,,0
ATM250301TNI81C,,NO_MATCH,,0
TXN250301KNDJOA,,NO_MATCH,,0
ATM250301DU4PS9,CDR202600039445,RECEIVER_OUTGOING_ACTIVITY,-643,1
ATM250301Y6CIKH,CDR202600039445,RECEIVER_OUTGOING_ACTIVITY,-703,1
ATM250301M4BYRC,,NO_MATCH,,0
ATM250301LAVMS6,,NO_MATCH,,0
TXN250301ACAWJV,,NO_MATCH,,0
TXN250301TWG45S,,NO_MATCH,,0
TXN250301UYAOMM,,NO_MATCH,,0
TXN250301INSDVR,CDR202600039479,RECEIVER_OUTGOING_ACTIVITY,575,1
ATM25030145BF9X,,NO_MATCH,,0
TXN250301M69IGP,,NO_MATCH,,0
TXN250301F86D47,,NO_MATCH,,0
TXN250301G1IC21,,NO_MATCH,,0
TXN250301P5G69W,CDR202600039477,RECEIVER_OUTGOING_ACTIVITY,-97,1
TXN250301OLWKCX,,NO_MATCH,,0
TXN2503011WQ0Y5,CDR202600039473,SENDER_INCOMING_ACTIVITY,-557,1
TXN250301W2C7GN,,NO_MATCH,,0
TXN250301UL7QO7,,NO_MATCH,,0
ATM250301T1JMI4,CDR202600039500,RECEIVER_OUTGOING_ACTIVITY,721,1
ATM2503011Q379I,,NO_MATCH,,0
TXN250301643IDH,,NO_MATCH,,0
TXN250301NDHNAW,,NO_MATCH,,0
TXN250301WX3WSN,CDR202600039506,RECEIVER_INCOMING_ACTIVITY,241,1
ATM250301Z2O5MG,,NO_MATCH,,0
TXN250301YWDDHC,,NO_MATCH,,0
TXN250301I8CPXC,,NO_MATCH,,0
ATM250301S5D7LJ,,NO_MATCH,,0
TXN250301GX2B9O,CDR202600039502,RECEIVER_OUTGOING_ACTIVITY,-599,1
ATM250301EQAE07,,NO_MATCH,,0
ATM250301B6WT5I,,NO_MATCH,,0
TXN2503011WW85E,CDR202600039530,SENDER_OUTGOING_ACTIVITY,520,1
TXN2503016097SA,CDR202600039528,RECEIVER_INCOMING_ACTIVITY,210,1
TXN2503019TR1NI,,NO_MATCH,,0
TXN250301LZG6FF,,NO_MATCH,,0
ATM250301WQCFCC,,NO_MATCH,,0
ATM250301FJIPE6,,NO_MATCH,,0
ATM250301Z2YJ6G,,NO_MATCH,,0
ATM250301OJZ2NV,,NO_MATCH,,0
ATM250301CF73BN,,NO_MATCH,,0
TXN250301MIFVXB,,NO_MATCH,,0
ATM250301MWIOJN,,NO_MATCH,,0
TXN250301SFBMXV,,NO_MATCH,,0
TXN250301MV7DWB,CDR202600039553,RECEIVER_OUTGOING_ACTIVITY,-792,1
TXN2503019F2S7Q,,NO_MATCH,,0
ATM250301F1O28A,,NO_MATCH,,0
ATM250301SXLDL8,,NO_MATCH,,0
ATM25030147G4OZ,,NO_MATCH,,0
ATM250301J81EEH,CDR202600039568,RECEIVER_OUTGOING_ACTIVITY,-221,1
TXN250301CT7Z8T,,NO_MATCH,,0
TXN250301KR19R0,,NO_MATCH,,0
TXN250301G2WE93,,NO_MATCH,,0
TXN250301RKU1PK,CDR202600039597,RECEIVER_INCOMING_ACTIVITY,775,1
ATM2503017JIQ6U,CDR202600039591,SENDER_INCOMING_ACTIVITY,342,1
ATM2503013Z5DLH,CDR202600039597,RECEIVER_INCOMING_ACTIVITY,403,1
TXN250301UQTUGJ,,NO_MATCH,,0
ATM25030103Q2W0,,NO_MATCH,,0
TXN250301RCTWYR,,NO_MATCH,,0
TXN2503014VZWGC,,NO_MATCH,,0
TXN250301D8I7JR,CDR202600039613,RECEIVER_OUTGOING_ACTIVITY,666,1
TXN250301VXBCTB,,NO_MATCH,,0
TXN250301HXMWX6,,NO_MATCH,,0
ATM250301I0FHYH,,NO_MATCH,,0
TXN250301Q09CTN,,NO_MATCH,,0
TXN250301QCFJLU,CDR202600039627,RECEIVER_OUTGOING_ACTIVITY,-429,1
ATM250301DFMQPB,CDR202600039621,SENDER_OUTGOING_ACTIVITY,-666,1
TXN250301L9MTKY,,NO_MATCH,,0
ATM250301AV2RVZ,,NO_MATCH,,0
ATM250301H6FVQI,CDR202600039641,SENDER_OUTGOING_ACTIVITY,-87,1
ATM25030147U2JR,,NO_MATCH,,0
ATM250301NQIWHM,,NO_MATCH,,0
TXN250301UP6WQC,CDR202600039649,SENDER_INCOMING_ACTIVITY,-535,1
TXN250301ERGS4L,,NO_MATCH,,0
TXN2503017UCRKN,,NO_MATCH,,0
ATM250301ER2D41,,NO_MATCH,,0
TXN250301VILRE9,,NO_MATCH,,0
TXN250301FEJDZ6,,NO_MATCH,,0
TXN2503017PJVVV,,NO_MATCH,,0
TXN250301B65X4R,,NO_MATCH,,0
TXN250301O6M9RH,CDR202600039680,SENDER_OUTGOING_ACTIVITY,679,1
TXN250301AB9QDS,,NO_MATCH,,0
TXN250301TNF645,,NO_MATCH,,0
ATM250301EXD0OL,CDR202600039690,RECEIVER_INCOMING_ACTIVITY,584,1
TXN250301H44D99,,NO_MATCH,,0
TXN2503013QFZ9T,,NO_MATCH,,0
TXN250301H136P5,CDR202600039694,SENDER_OUTGOING_ACTIVITY,193,1
TXN250301X9TVJP,,NO_MATCH,,0
TXN250301B7UBZX,,NO_MATCH,,0
ATM250301UNJF7M,,NO_MATCH,,0
TXN2503014LH57M,,NO_MATCH,,0
ATM250301JP0Y6F,,NO_MATCH,,0
TXN250301O4S89L,,NO_MATCH,,0
TXN250301X5ZNVJ,,NO_MATCH,,0
TXN250301TNTQQJ,,NO_MATCH,,0
ATM250301DITRIZ,,NO_MATCH,,0
TXN250301JKJQS5,,NO_MATCH,,0
TXN250301EE07RW,,NO_MATCH,,0
TXN250301RAWTVZ,,NO_MATCH,,0
TXN2503011QYKF3,,NO_MATCH,,0
TXN25030105O8AE,,NO_MATCH,,0
ATM250301H66R0C,,NO_MATCH,,0
ATM250301YSLA72,,NO_MATCH,,0
TXN2503014KAR5N,,NO_MATCH,,0
TXN2503013D94HP,,NO_MATCH,,0
ATM250301AGURQ9,,NO_MATCH,,0
TXN250301F0F7SA,,NO_MATCH,,0
ATM250301RD1LV1,,NO_MATCH,,0
ATM250301RYZ8E2,,NO_MATCH,,0
ATM250301D3U24Q,,NO_MATCH,,0
ATM250301Y966OZ,,NO_MATCH,,0
ATM250301FOCOV5,,NO_MATCH,,0
TXN250301ZGSAJR,,NO_MATCH,,0
ATM250301JB8LVI,,NO_MATCH,,0
ATM250301R5M9BY,,NO_MATCH,,0
TXN250301P8BUNI,,NO_MATCH,,0
ATM250301SAP2HP,,NO_MATCH,,0
TXN250301815SG1,,NO_MATCH,,0
TXN250301YKS36O,,NO_MATCH,,0
TXN250301USBHWM,,NO_MATCH,,0
TXN250301N8CDHZ,,NO_MATCH,,0
ATM250301FDH3W9,,NO_MATCH,,0
TXN2503017R84QJ,,NO_MATCH,,0
TXN2503018XYFRI,CDR202600039793,RECEIVER_OUTGOING_ACTIVITY,-750,1
TXN250301YADQCW,,NO_MATCH,,0
ATM25030128OZ89,,NO_MATCH,,0
TXN250301ABRNRA,,NO_MATCH,,0
TXN250301DR1710,,NO_MATCH,,0
TXN2503014BG1RA,,NO_MATCH,,0
ATM250301M1H0GF,,NO_MATCH,,0
TXN250301ID5BWY,,NO_MATCH,,0
TXN250301QP1YQV,,NO_MATCH,,0
ATM250301DM6Q4O,,NO_MATCH,,0
TXN25030193J5TW,,NO_MATCH,,0
TXN250301PRQGNS,,NO_MATCH,,0
TXN250301ZU0T5D,,NO_MATCH,,0
ATM250301U5T3O1,,NO_MATCH,,0
TXN250301H2BQ0H,,NO_MATCH,,0
TXN250301EFXSGN,,NO_MATCH,,0
TXN250301916RFC,,NO_MATCH,,0
TXN250301YZMSU6,,NO_MATCH,,0
TXN250301W2P7SC,,NO_MATCH,,0
TXN250302UUKX3D,,NO_MATCH,,0
TXN250302A72P6O,,NO_MATCH,,0
TXN250302ABS3MB,,NO_MATCH,,0
TXN250302OZPCKX,,NO_MATCH,,0
TXN250302UE9HTL,,NO_MATCH,,0
TXN250302G5YHNU,,NO_MATCH,,0
ATM250302IJOHSZ,,NO_MATCH,,0
ATM250302XHMI5W,,NO_MATCH,,0
ATM25030208XOPY,,NO_MATCH,,0
TXN250302GYSGZX,,NO_MATCH,,0
TXN250302RLLQ1G,,NO_MATCH,,0
ATM250302PLR8S3,,NO_MATCH,,0
ATM250302TTQF1Z,,NO_MATCH,,0
TXN250302LNSVSS,,NO_MATCH,,0
TXN250302L9F4IO,,NO_MATCH,,0
TXN250302CVFH4W,,NO_MATCH,,0
TXN250302A9200Z,,NO_MATCH,,0
TXN250302UQVTNH,,NO_MATCH,,0
TXN250302WS367E,,NO_MATCH,,0
TXN250302LLCBRA,,NO_MATCH,,0
TXN250302N5S4FQ,,NO_MATCH,,0
ATM250302M0VWNT,,NO_MATCH,,0
TXN250302BPLDSM,,NO_MATCH,,0
TXN250302PLVGJ2,,NO_MATCH,,0
TXN25030204L88P,,NO_MATCH,,0
TXN250302S0PYPO,,NO_MATCH,,0
ATM250302V2VHBH,,NO_MATCH,,0
TXN250302BOCZKP,,NO_MATCH,,0
TXN250302P6COS4,,NO_MATCH,,0
TXN2503025V07RL,,NO_MATCH,,0
TXN250302IFC8W5,,NO_MATCH,,0
TXN250302K1PP8I,CDR202600039883,RECEIVER_INCOMING_ACTIVITY,-891,1
TXN2503025GTECS,,NO_MATCH,,0
TXN250302M3WEKF,,NO_MATCH,,0
TXN250302U0N22N,,NO_MATCH,,0
TXN250302EMWDHS,CDR202600039889,SENDER_OUTGOING_ACTIVITY,-669,1
TXN250302FWM2N3,,NO_MATCH,,0
TXN250302KLPNRQ,,NO_MATCH,,0
ATM250302OL6K2K,,NO_MATCH,,0
TXN250302U1A307,,NO_MATCH,,0
TXN250302OZCFOF,,NO_MATCH,,0
TXN250302JQ4DSZ,,NO_MATCH,,0
TXN250302RKBYL8,,NO_MATCH,,0
ATM250302JCS47L,CDR202600039922,RECEIVER_INCOMING_ACTIVITY,170,1
TXN250302FYT2J2,,NO_MATCH,,0
TXN25030233IROV,,NO_MATCH,,0
ATM25030205SZW0,,NO_MATCH,,0
ATM250302Z4B250,,NO_MATCH,,0
TXN250302TM73T0,,NO_MATCH,,0
ATM250302N3HYTN,,NO_MATCH,,0
TXN25030262OVEU,,NO_MATCH,,0
TXN250302AXPT6J,,NO_MATCH,,0
TXN250302EYY1Z5,,NO_MATCH,,0
TXN250302SC4Y74,,NO_MATCH,,0
TXN250302DF0FGD,,NO_MATCH,,0
ATM250302L8D09H,,NO_MATCH,,0
TXN250302RTCSZ3,,NO_MATCH,,0
ATM250302QVGPXR,,NO_MATCH,,0
ATM250302UZA2Z4,,NO_MATCH,,0
TXN250302NEGGGP,,NO_MATCH,,0
TXN2503027RUM2C,CDR202600039971,SENDER_INCOMING_ACTIVITY,-262,1
TXN250302VD2MHD,,NO_MATCH,,0
TXN250302IFFA99,,NO_MATCH,,0
ATM250302L6W54K,,NO_MATCH,,0
TXN250302F7575N,CDR202600039978,SENDER_INCOMING_ACTIVITY,-372,1
TXN2503025FKIML,,NO_MATCH,,0
TXN250302AFC6GZ,CDR202600039978,SENDER_INCOMING_ACTIVITY,-432,1
TXN250302WU7MVB,CDR202600039978,SENDER_INCOMING_ACTIVITY,-492,1
TXN250302QLT3W6,,NO_MATCH,,0
TXN250302TNPUTL,,NO_MATCH,,0
ATM250302QA4UHZ,,NO_MATCH,,0
TXN250302K4EO6D,,NO_MATCH,,0
TXN250302O680ZG,,NO_MATCH,,0
TXN2503022HU8SW,,NO_MATCH,,0
ATM250302E3KP7C,,NO_MATCH,,0
TXN25030203ZF8L,,NO_MATCH,,0
TXN250302MNTP9M,CDR202600060061,RECEIVER_OUTGOING_ACTIVITY,410,1
ATM2503027881L6,CDR202600040009,SENDER_INCOMING_ACTIVITY,288,1
TXN250302X1A2KE,,NO_MATCH,,0
ATM250302L24II3,,NO_MATCH,,0
TXN2503027K4OZS,CDR202600040018,RECEIVER_OUTGOING_ACTIVITY,439,1
TXN25030215D6WQ,,NO_MATCH,,0
TXN2503021PBJ40,,NO_MATCH,,0
TXN2503027TID0B,,NO_MATCH,,0
TXN250302RT9OXC,,NO_MATCH,,0
TXN250302SCOXTE,,NO_MATCH,,0
ATM250302EL9NT9,,NO_MATCH,,0
TXN25030238FCI4,,NO_MATCH,,0
TXN250302W5ZRGK,,NO_MATCH,,0
TXN2503025HKQF1,CDR202600060391,SENDER_OUTGOING_ACTIVITY,-240,1
ATM2503023RI0NL,,NO_MATCH,,0
ATM250302KP6ENG,,NO_MATCH,,0
TXN2503026CPPSK,,NO_MATCH,,0
TXN250302K6O203,,NO_MATCH,,0
TXN250302D22AFN,,NO_MATCH,,0
TXN250302EV1C1V,,NO_MATCH,,0
TXN2503028831RI,CDR202600040069,RECEIVER_OUTGOING_ACTIVITY,-1,1
TXN250302QQL7DZ,,NO_MATCH,,0
TXN25030208A9IZ,,NO_MATCH,,0
ATM250302EB4HPE,,NO_MATCH,,0
TXN250302J92581,CDR202600040065,SENDER_OUTGOING_ACTIVITY,-487,1
ATM250302SVOL1W,,NO_MATCH,,0
TXN250302B9FE1J,,NO_MATCH,,0
ATM250302OOBUM4,,NO_MATCH,,0
ATM250302QSORCA,CDR202600040083,RECEIVER_INCOMING_ACTIVITY,-119,1
ATM250302LKBAME,,NO_MATCH,,0
TXN250302OJEJFG,CDR202600040091,SENDER_OUTGOING_ACTIVITY,104,1
ATM250302RQYA7R,,NO_MATCH,,0
ATM250302JMY772,,NO_MATCH,,0
TXN250302YYVSUH,,NO_MATCH,,0
ATM250302KT9A3U,CDR202600040098,RECEIVER_INCOMING_ACTIVITY,-856,1
TXN250302Z5LMKL,CDR202600040118,RECEIVER_OUTGOING_ACTIVITY,-52,1
TXN250302GCYK7J,,NO_MATCH,,0
ATM250302335H4G,,NO_MATCH,,0
ATM250302WFWVGP,,NO_MATCH,,0
ATM250302YSTHTS,,NO_MATCH,,0
TXN2503026YT2EB,CDR202600040118,RECEIVER_INCOMING_ACTIVITY,-700,1
ATM250302110O9Z,,NO_MATCH,,0
TXN250302PTQUC0,CDR202600040154,SENDER_OUTGOING_ACTIVITY,776,1
TXN250302VLS54O,,NO_MATCH,,0
ATM250302EAI0B5,CDR202600040157,SENDER_OUTGOING_ACTIVITY,387,1
ATM25030291HVV8,,NO_MATCH,,0
TXN25030242LT7R,CDR202600040164,SENDER_INCOMING_ACTIVITY,456,1
ATM250302KRDWTW,,NO_MATCH,,0
TXN250302D65C99,CDR202600040147,RECEIVER_INCOMING_ACTIVITY,-867,1
ATM2503027NS96D,CDR202600040168,RECEIVER_OUTGOING_ACTIVITY,98,1
ATM250302FGHLH7,,NO_MATCH,,0
TXN250302WJS2XK,,NO_MATCH,,0
TXN250302P364AA,CDR202600040193,SENDER_OUTGOING_ACTIVITY,468,1
ATM25030266YNET,,NO_MATCH,,0
ATM250302JD5OTF,,NO_MATCH,,0
ATM25030280L09E,,NO_MATCH,,0
ATM250302XWEEN6,,NO_MATCH,,0
TXN2503021BUAHN,,NO_MATCH,,0
ATM250302Z6EDM5,,NO_MATCH,,0
TXN250302MB4069,CDR202600040213,SENDER_INCOMING_ACTIVITY,-861,1
ATM250302FPREZI,CDR202600040240,RECEIVER_OUTGOING_ACTIVITY,669,1
TXN250302HW79JI,,NO_MATCH,,0
ATM250302LH9P51,,NO_MATCH,,0
TXN2503023DHBYD,,NO_MATCH,,0
TXN250302RN536X,CDR202600040227,RECEIVER_OUTGOING_ACTIVITY,-833,1
TXN250302PLTL79,CDR202600040231,SENDER_INCOMING_ACTIVITY,-576,1
TXN250302WYSUIE,,NO_MATCH,,0
TXN250302DK77D0,,NO_MATCH,,0
ATM2503020JXN6I,CDR202600040247,RECEIVER_OUTGOING_ACTIVITY,481,1
ATM250302S2OMW9,CDR202600040247,RECEIVER_OUTGOING_ACTIVITY,361,1
ATM250302C1XOSM,CDR202600040247,RECEIVER_OUTGOING_ACTIVITY,301,1
TXN250302GAB44V,,NO_MATCH,,0
TXN2503029O9KG4,,NO_MATCH,,0
ATM250302PCMVR4,CDR202600040247,RECEIVER_OUTGOING_ACTIVITY,-239,1
TXN250302N9B43Z,,NO_MATCH,,0
ATM250302A36XHP,CDR202600040268,RECEIVER_INCOMING_ACTIVITY,409,1
ATM250302NGRGOW,CDR202600040268,RECEIVER_INCOMING_ACTIVITY,289,1
ATM250302XW59X7,CDR202600040268,RECEIVER_INCOMING_ACTIVITY,49,1
ATM250302C0FPV0,,NO_MATCH,,0
TXN250302WHLSAN,,NO_MATCH,,0
ATM2503022VWD6B,,NO_MATCH,,0
TXN250302ZFGMO9,,NO_MATCH,,0
ATM2503028RHUAH,CDR202600040272,SENDER_OUTGOING_ACTIVITY,-267,1
TXN2503028VUVVU,,NO_MATCH,,0
ATM250302X6FSWD,,NO_MATCH,,0
TXN250302CXY6DN,,NO_MATCH,,0
ATM250302QBGG22,,NO_MATCH,,0
TXN2503023B48X4,,NO_MATCH,,0
ATM2503029ZVJ8U,,NO_MATCH,,0
ATM2503024CXUVL,,NO_MATCH,,0
ATM250302W7CMQC,,NO_MATCH,,0
ATM2503028I0YQ8,CDR202600040304,RECEIVER_INCOMING_ACTIVITY,-13,1
TXN250302CTXIW3,,NO_MATCH,,0
TXN250302H4ORBP,,NO_MATCH,,0
ATM250302V1ADCX,CDR202600040314,RECEIVER_OUTGOING_ACTIVITY,-724,1
TXN250302CA1CAP,,NO_MATCH,,0
TXN250302YTCR9F,,NO_MATCH,,0
TXN2503024MIBI0,CDR202600040345,RECEIVER_INCOMING_ACTIVITY,179,1
TXN2503029DDMH7,,NO_MATCH,,0
TXN2503021QEC87,,NO_MATCH,,0
ATM25030231W5AF,,NO_MATCH,,0
ATM250302Q233I9,,NO_MATCH,,0
ATM250302SWYHQZ,CDR202600040355,SENDER_OUTGOING_ACTIVITY,-40,1
ATM250302OE6CLI,,NO_MATCH,,0
TXN250302JKHN3X,,NO_MATCH,,0
TXN250302WXZWTA,,NO_MATCH,,0
TXN250302E4DMLV,,NO_MATCH,,0
TXN250302B8QPNT,CDR202600040358,SENDER_INCOMING_ACTIVITY,-371,1
TXN2503026ALWE1,,NO_MATCH,,0
ATM2503027KZBE4,,NO_MATCH,,0
ATM25030248OET0,,NO_MATCH,,0
TXN250302L1SWCF,,NO_MATCH,,0
TXN250302VK16NP,CDR202600040384,SENDER_INCOMING_ACTIVITY,541,1
TXN250302H04SFM,,NO_MATCH,,0
TXN250302BQ2UK2,,NO_MATCH,,0
TXN250302YZDPOY,CDR202600040373,RECEIVER_INCOMING_ACTIVITY,-462,1
TXN2503021DA2PD,,NO_MATCH,,0
TXN250302NNMUK2,CDR202600060581,SENDER_OUTGOING_ACTIVITY,-240,1
TXN250302FDCV0T,CDR202600040400,RECEIVER_INCOMING_ACTIVITY,325,1
TXN250302QMX81T,,NO_MATCH,,0
ATM250302EBW68V,,NO_MATCH,,0
TXN250302GP1X8R,,NO_MATCH,,0
TXN250302RCFQ6N,CDR202600040403,SENDER_OUTGOING_ACTIVITY,-361,1
TXN250302COQHVP,,NO_MATCH,,0
TXN2503028AJ399,CDR202600040413,RECEIVER_INCOMING_ACTIVITY,-267,1
TXN250302GB169E,,NO_MATCH,,0
TXN250302HPIKG4,,NO_MATCH,,0
TXN250302HW8HR0,,NO_MATCH,,0
TXN250302YAZYIO,,NO_MATCH,,0
TXN250302NIZEBM,,NO_MATCH,,0
ATM250302S22P8O,,NO_MATCH,,0
ATM250302RK6TDZ,,NO_MATCH,,0
TXN250302PIGPXG,CDR202600060157,SENDER_OUTGOING_ACTIVITY,-240,1
TXN250302YZHT33,,NO_MATCH,,0
ATM2503021MRFDL,,NO_MATCH,,0
TXN250302V07XFE,,NO_MATCH,,0
TXN250302DPCMU4,CDR202600040456,SENDER_INCOMING_ACTIVITY,-308,1
TXN250302EFW8I1,,NO_MATCH,,0
TXN250302IALPIX,,NO_MATCH,,0
TXN250302G5YMIM,,NO_MATCH,,0
ATM250302F7SS6R,,NO_MATCH,,0
ATM250302PFCZN5,,NO_MATCH,,0
TXN2503021TQD1L,,NO_MATCH,,0
TXN250302B6BFSQ,,NO_MATCH,,0
TXN250302SI18ZO,,NO_MATCH,,0
TXN250302DXEYLG,,NO_MATCH,,0
ATM250302Y2KO97,,NO_MATCH,,0
ATM2503028ZD5VX,,NO_MATCH,,0
ATM250302Y3XRC5,,NO_MATCH,,0
TXN25030236T2KW,,NO_MATCH,,0
ATM250302DCGK2J,CDR202600040495,SENDER_OUTGOING_ACTIVITY,781,1
TXN2503028F15UH,,NO_MATCH,,0
ATM250302JA2CD0,,NO_MATCH,,0
ATM250302Y4HDLV,,NO_MATCH,,0
TXN2503029ZZI7O,,NO_MATCH,,0
TXN25030293CCDG,CDR202600060442,SENDER_OUTGOING_ACTIVITY,-60,1
TXN250302YJIJ3H,,NO_MATCH,,0
ATM250302095A6J,,NO_MATCH,,0
ATM250302MGDKWD,,NO_MATCH,,0
TXN2503020HR60Y,,NO_MATCH,,0
TXN250302KL204F,,NO_MATCH,,0
TXN250302J0ZTTM,,NO_MATCH,,0
TXN250302JLI5QH,,NO_MATCH,,0
ATM2503022JIQWH,CDR202600040521,RECEIVER_INCOMING_ACTIVITY,-435,1
ATM250302133ZQT,,NO_MATCH,,0
TXN250302JN56JP,CDR202600040528,SENDER_INCOMING_ACTIVITY,-467,1
ATM250302VZSHI2,,NO_MATCH,,0
TXN250302QLRSS2,,NO_MATCH,,0
ATM250303SFTUGM,,NO_MATCH,,0
TXN250303AUAC55,,NO_MATCH,,0
TXN250303P8T0WG,,NO_MATCH,,0
TXN2503032GHSR1,,NO_MATCH,,0
TXN2503035UL7BD,,NO_MATCH,,0
TXN250303MGWWXP,,NO_MATCH,,0
ATM250303A2AL52,CDR202600040546,RECEIVER_OUTGOING_ACTIVITY,538,1
TXN2503033GQ54A,,NO_MATCH,,0
ATM250303ZF8SF4,,NO_MATCH,,0
TXN2503036FGCWZ,,NO_MATCH,,0
ATM250303YT63C9,,NO_MATCH,,0
TXN250303YI3PZH,,NO_MATCH,,0
TXN250303EGOMEB,,NO_MATCH,,0
TXN250303RI11JR,,NO_MATCH,,0
TXN2503039X8C1V,,NO_MATCH,,0
TXN250303A34WHP,,NO_MATCH,,0
TXN2503036ICG29,,NO_MATCH,,0
TXN250303PMJAX5,,NO_MATCH,,0
TXN250303CD6OVB,CDR202600040598,RECEIVER_OUTGOING_ACTIVITY,891,1
ATM2503039E1TMD,,NO_MATCH,,0
ATM250303WUAS1U,,NO_MATCH,,0
TXN250303JXOFJO,,NO_MATCH,,0
ATM250303OOOPUO,CDR202600040615,SENDER_OUTGOING_ACTIVITY,752,1
ATM250303LJ8W2G,CDR202600040603,SENDER_INCOMING_ACTIVITY,-568,1
TXN250303548VI5,,NO_MATCH,,0
ATM250303TWZ0B6,,NO_MATCH,,0
TXN250303L1MBO2,,NO_MATCH,,0
TXN250303QATBES,CDR202600040630,RECEIVER_OUTGOING_ACTIVITY,280,1
TXN250303LYJK70,CDR202600040644,SENDER_INCOMING_ACTIVITY,606,1
TXN250303KCK8DW,CDR202600040637,RECEIVER_OUTGOING_ACTIVITY,-361,1
TXN2503037XD6S5,,NO_MATCH,,0
TXN250303HK9LMX,,NO_MATCH,,0
TXN250303ZK45SY,,NO_MATCH,,0
TXN2503032IK9CV,CDR202600040648,SENDER_INCOMING_ACTIVITY,-63,1
TXN25030371LYPB,CDR202600040642,RECEIVER_INCOMING_ACTIVITY,-732,1
TXN250303NF4IQ5,,NO_MATCH,,0
ATM250303LE9C43,CDR202600040674,SENDER_INCOMING_ACTIVITY,668,1
ATM250303JAKHC4,,NO_MATCH,,0
TXN250303O9JY5E,,NO_MATCH,,0
ATM250303SD2LU2,CDR202600040664,RECEIVER_INCOMING_ACTIVITY,-260,1
TXN2503036UMVJ0,,NO_MATCH,,0
TXN250303ETU0GN,,NO_MATCH,,0
ATM250303GS2BPH,,NO_MATCH,,0
TXN25030334D0Y8,CDR202600040685,SENDER_OUTGOING_ACTIVITY,514,1
TXN250303PI5J3E,,NO_MATCH,,0
TXN250303X0THMI,CDR202600040678,SENDER_OUTGOING_ACTIVITY,-161,1
ATM250303SV97YF,,NO_MATCH,,0
ATM250303N5YB3L,,NO_MATCH,,0
TXN250303ZJWXZ7,,NO_MATCH,,0
ATM250303VAPNUW,,NO_MATCH,,0
TXN250303IYPVFR,,NO_MATCH,,0
ATM2503036S929S,CDR202600040690,SENDER_OUTGOING_ACTIVITY,-81,1
ATM250303XO165F,,NO_MATCH,,0
TXN250303RFEQYN,CDR202600040703,SENDER_INCOMING_ACTIVITY,177,1
ATM250303V5SO10,CDR202600040705,RECEIVER_OUTGOING_ACTIVITY,149,1
ATM250303Q0VZQN,CDR202600040709,SENDER_OUTGOING_ACTIVITY,162,1
TXN250303GUIV37,CDR202600040712,RECEIVER_INCOMING_ACTIVITY,292,1
ATM250303WN2PHW,,NO_MATCH,,0
TXN250303MGZINY,,NO_MATCH,,0
TXN250303FFM3WG,,NO_MATCH,,0
TXN250303CLQV7M,CDR202600040730,SENDER_INCOMING_ACTIVITY,605,1
TXN25030317P2QD,,NO_MATCH,,0
ATM2503031WZQFW,CDR202600040728,RECEIVER_OUTGOING_ACTIVITY,33,1
TXN250303PEFBB1,,NO_MATCH,,0
ATM250303W66MBY,,NO_MATCH,,0
ATM250303A1HZZB,,NO_MATCH,,0
TXN250303ZPPGCI,CDR202600040735,RECEIVER_INCOMING_ACTIVITY,-102,1
TXN250303EVU0PU,,NO_MATCH,,0
TXN2503039CFEVX,CDR202600040761,RECEIVER_INCOMING_ACTIVITY,710,1
ATM250303YQEW1B,,NO_MATCH,,0
ATM2503036QWTW2,CDR202600040743,RECEIVER_OUTGOING_ACTIVITY,-547,1
TXN250303U9RYRT,,NO_MATCH,,0
ATM2503036ND0OT,,NO_MATCH,,0
ATM250303OR9GA1,CDR202600040780,RECEIVER_OUTGOING_ACTIVITY,-151,1
ATM2503036KWVG4,,NO_MATCH,,0
ATM250303L4WB76,,NO_MATCH,,0
TXN2503036BXNJA,CDR202600040789,SENDER_OUTGOING_ACTIVITY,188,1
TXN2503031UHSEP,,NO_MATCH,,0
ATM2503034R7TH8,,NO_MATCH,,0
TXN250303U6SJLO,CDR202600040790,SENDER_INCOMING_ACTIVITY,-20,1
ATM2503032FCVOD,,NO_MATCH,,0
ATM2503033IRDR4,CDR202600040834,SENDER_OUTGOING_ACTIVITY,829,1
ATM2503039Y2AY0,,NO_MATCH,,0
TXN250303XFJEZL,,NO_MATCH,,0
ATM250303R70FKW,,NO_MATCH,,0
TXN250303BW0ALP,,NO_MATCH,,0
ATM250303DA27XU,,NO_MATCH,,0
TXN250303G3U6N8,,NO_MATCH,,0
TXN250303KMBFID,,NO_MATCH,,0
ATM250303CJHU1B,CDR202600040820,SENDER_OUTGOING_ACTIVITY,-821,1
TXN250303O2PV39,,NO_MATCH,,0
TXN2503033TORW9,CDR202600040842,SENDER_OUTGOING_ACTIVITY,-426,1
TXN250303A9GW9U,,NO_MATCH,,0
TXN250303SDUZ3B,CDR202600040860,SENDER_INCOMING_ACTIVITY,332,1
ATM250303L3ZFHV,CDR202600040858,SENDER_OUTGOING_ACTIVITY,-187,1
ATM2503036M0LK0,,NO_MATCH,,0
TXN250303EP5GNS,,NO_MATCH,,0
ATM25030366HTQW,,NO_MATCH,,0
ATM250303QUPE27,,NO_MATCH,,0
ATM250303T8U1U1,,NO_MATCH,,0
TXN250303KXB07H,,NO_MATCH,,0
ATM250303GB5HIX,,NO_MATCH,,0
ATM250303KBSWCS,,NO_MATCH,,0
TXN250303GA1NZI,,NO_MATCH,,0
TXN2503034FXZH5,,NO_MATCH,,0
TXN2503036HL1PP,,NO_MATCH,,0
ATM250303H5VSVW,,NO_MATCH,,0
TXN250303IONVME,,NO_MATCH,,0
ATM2503035QT4O4,,NO_MATCH,,0
ATM250303I1AGHD,,NO_MATCH,,0
TXN250303K8F40S,,NO_MATCH,,0
TXN250303RYK083,,NO_MATCH,,0
TXN2503030LV2H8,,NO_MATCH,,0
TXN250303S4NJJ0,,NO_MATCH,,0
TXN2503039QXVWV,,NO_MATCH,,0
TXN250303E4D6QK,,NO_MATCH,,0
TXN2503035UJTK8,,NO_MATCH,,0
TXN250303IIFLKM,,NO_MATCH,,0
TXN2503036M15Z7,,NO_MATCH,,0
TXN250303DHCRLW,,NO_MATCH,,0
TXN250303DJQQAC,,NO_MATCH,,0
TXN25030349K96Q,CDR202600040952,SENDER_INCOMING_ACTIVITY,232,1
TXN250303FNK6TN,,NO_MATCH,,0
ATM250303JPVIUI,CDR202600040938,RECEIVER_OUTGOING_ACTIVITY,-789,1
ATM250303KVASEE,,NO_MATCH,,0
ATM250303TA7LX0,,NO_MATCH,,0
ATM250303ZTYWOF,CDR202600040956,RECEIVER_OUTGOING_ACTIVITY,46,1
ATM250303V2SVUH,,NO_MATCH,,0
TXN250303NTVPO2,,NO_MATCH,,0
TXN250303693T3J,,NO_MATCH,,0
TXN250303IQBZHI,,NO_MATCH,,0
TXN250303UTRQO6,,NO_MATCH,,0
ATM25030315IG3C,,NO_MATCH,,0
TXN25030345NVRR,,NO_MATCH,,0
TXN250303DR3UMT,,NO_MATCH,,0
ATM2503039AAXG9,,NO_MATCH,,0
TXN250303MA2XUS,,NO_MATCH,,0
TXN250303GX3AAA,,NO_MATCH,,0
TXN25030353B0TT,,NO_MATCH,,0
TXN2503039IYSUF,,NO_MATCH,,0
ATM250303U114R7,CDR202600041017,SENDER_INCOMING_ACTIVITY,862,1
TXN250303AASZTG,,NO_MATCH,,0
ATM2503032TEMYZ,CDR202600041016,RECEIVER_INCOMING_ACTIVITY,737,1
ATM250303JZI745,,NO_MATCH,,0
TXN250303IOWQ5R,,NO_MATCH,,0
TXN250303LR820V,,NO_MATCH,,0
ATM250303CCGL1V,,NO_MATCH,,0
TXN2503035GBDMV,,NO_MATCH,,0
TXN250303W46J5P,CDR202600041020,RECEIVER_INCOMING_ACTIVITY,-379,1
TXN250303R9K18Z,,NO_MATCH,,0
TXN250303V1MB13,,NO_MATCH,,0
TXN250303LYP22A,,NO_MATCH,,0
ATM250303CO4SJR,,NO_MATCH,,0
ATM250303G7B112,,NO_MATCH,,0
ATM2503035T35QJ,,NO_MATCH,,0
TXN250303U1H4CC,CDR202600041047,SENDER_INCOMING_ACTIVITY,-295,1
TXN250303HKGZA3,,NO_MATCH,,0
ATM250303J9SQ87,,NO_MATCH,,0
TXN250303O0ZAAV,,NO_MATCH,,0
ATM250303WNC6WI,,NO_MATCH,,0
TXN250303SWGXWG,CDR202600041075,RECEIVER_OUTGOING_ACTIVITY,860,1
TXN250303JV78P5,,NO_MATCH,,0
TXN2503036HTCPW,,NO_MATCH,,0
TXN2503033HF2L4,,NO_MATCH,,0
ATM250303UCROZK,CDR202600041115,RECEIVER_INCOMING_ACTIVITY,452,1
TXN250303JBHUM4,,NO_MATCH,,0
TXN250303VUZ27Z,,NO_MATCH,,0
TXN25030329I8TL,,NO_MATCH,,0
TXN250303ZJ2U9R,,NO_MATCH,,0
TXN250303GW5TNL,,NO_MATCH,,0
TXN250303LQ4A7O,,NO_MATCH,,0
ATM250303FRVQ2H,,NO_MATCH,,0
TXN250303DEVKU6,,NO_MATCH,,0
ATM250303WLGYW1,,NO_MATCH,,0
TXN250303D9IB6O,,NO_MATCH,,0
TXN2503035ZDLTD,,NO_MATCH,,0
ATM2503033ME8G0,,NO_MATCH,,0
TXN250303OHHEP8,,NO_MATCH,,0
TXN250303SKYEXR,,NO_MATCH,,0
TXN250303QSTJEF,,NO_MATCH,,0
TXN250303ZQMGI4,,NO_MATCH,,0
TXN250303I9VM8A,,NO_MATCH,,0
TXN250303FH9I3L,,NO_MATCH,,0
TXN250303CDMBD4,,NO_MATCH,,0
TXN2503037NJ1XS,,NO_MATCH,,0
TXN250303H828UI,,NO_MATCH,,0
TXN250303CZS3JH,,NO_MATCH,,0
TXN2503033URW46,CDR202600041159,SENDER_OUTGOING_ACTIVITY,206,1
TXN250303TMDVE5,CDR202600041159,SENDER_OUTGOING_ACTIVITY,86,1
TXN25030367A09K,,NO_MATCH,,0
ATM250303KDGHMB,CDR202600060288,SENDER_OUTGOING_ACTIVITY,-600,1
ATM250303SGYZE5,,NO_MATCH,,0
TXN250303XN0Q6G,,NO_MATCH,,0
TXN250303F8GQ5P,,NO_MATCH,,0
TXN250303R7Q8P4,,NO_MATCH,,0
TXN2503039W45HH,,NO_MATCH,,0
ATM25030305IJHZ,,NO_MATCH,,0
TXN250303BSYHCD,CDR202600041167,RECEIVER_INCOMING_ACTIVITY,97,1
TXN250303HQHDUI,,NO_MATCH,,0
TXN250303UNKQLC,CDR202600041176,SENDER_OUTGOING_ACTIVITY,-356,1
ATM250303M9LGK3,CDR202600041187,RECEIVER_INCOMING_ACTIVITY,822,1
TXN250303VPUMPZ,,NO_MATCH,,0
TXN250303UOFCLG,,NO_MATCH,,0
ATM2503037CCE5I,,NO_MATCH,,0
TXN250303WIYCVU,CDR202600041194,SENDER_INCOMING_ACTIVITY,511,1
TXN250303DQ54NG,,NO_MATCH,,0
TXN2503033IYGUK,,NO_MATCH,,0
TXN250303YA5NN3,,NO_MATCH,,0
TXN250303FIOQCG,,NO_MATCH,,0
ATM250303TCQGDN,,NO_MATCH,,0
ATM250303R59468,,NO_MATCH,,0
TXN250303XCGXW2,,NO_MATCH,,0
TXN250303AMK85K,,NO_MATCH,,0
TXN250303L94VC3,,NO_MATCH,,0
TXN250303JY6SNU,CDR202600041227,RECEIVER_OUTGOING_ACTIVITY,765,1
TXN250303R0M9XM,,NO_MATCH,,0
TXN250303XC2110,,NO_MATCH,,0
TXN2503038N3SZP,,NO_MATCH,,0
TXN250303O2WDJ3,,NO_MATCH,,0
ATM250304E52BPA,,NO_MATCH,,0
TXN250304TZOL27,,NO_MATCH,,0
TXN25030428P93J,,NO_MATCH,,0
TXN250304XXVWDT,,NO_MATCH,,0
ATM250304EPO7UL,,NO_MATCH,,0
TXN250304T08ZS9,,NO_MATCH,,0
ATM250304YKHT0S,,NO_MATCH,,0
TXN250304XVNZ7C,,NO_MATCH,,0
ATM2503044NV1FY,,NO_MATCH,,0
ATM250304V2OT2B,,NO_MATCH,,0
TXN25030451RMOE,,NO_MATCH,,0
ATM250304DG8JY1,,NO_MATCH,,0
TXN250304GN8ZWG,,NO_MATCH,,0
TXN250304M7A2Z7,,NO_MATCH,,0
ATM250304ASRIXU,,NO_MATCH,,0
ATM250304HJ8PYS,,NO_MATCH,,0
TXN250304FT77VV,,NO_MATCH,,0
TXN250304C2BVQO,,NO_MATCH,,0
TXN2503043LPC33,CDR202600041287,SENDER_INCOMING_ACTIVITY,-566,1
ATM250304GOM61I,,NO_MATCH,,0
TXN250304OE6531,,NO_MATCH,,0
TXN250304AKDLVI,,NO_MATCH,,0
TXN250304OX3AM4,,NO_MATCH,,0
TXN250304WK1U3O,,NO_MATCH,,0
TXN2503041SYJ5O,CDR202600041332,SENDER_OUTGOING_ACTIVITY,598,1
ATM250304476HH3,,NO_MATCH,,0
TXN250304QF0BEC,CDR202600041344,SENDER_OUTGOING_ACTIVITY,22,1
TXN250304Y6IJH4,,NO_MATCH,,0
TXN250304Y8LYQC,,NO_MATCH,,0
TXN250304AT0G45,CDR202600041345,SENDER_INCOMING_ACTIVITY,50,1
ATM250304CBJKUZ,,NO_MATCH,,0
TXN250304EZYMMK,CDR202600041345,SENDER_INCOMING_ACTIVITY,-409,1
TXN250304LDJSQJ,,NO_MATCH,,0
ATM2503045YM6AS,CDR202600041348,RECEIVER_OUTGOING_ACTIVITY,94,1
TXN2503042VLH81,CDR202600041353,SENDER_OUTGOING_ACTIVITY,869,1
TXN250304YTKVWZ,,NO_MATCH,,0
ATM250304EPPUNN,,NO_MATCH,,0
TXN250304NBFJGY,CDR202600041358,SENDER_OUTGOING_ACTIVITY,710,1
ATM250304KEQ39L,,NO_MATCH,,0
ATM250304UAPOV0,CDR202600041359,RECEIVER_INCOMING_ACTIVITY,289,1
TXN250304B9MK5O,,NO_MATCH,,0
TXN250304FFWFYJ,,NO_MATCH,,0
ATM250304AGYO7M,CDR202600041361,RECEIVER_INCOMING_ACTIVITY,-248,1
TXN250304WPH63B,,NO_MATCH,,0
ATM2503043P0YZA,,NO_MATCH,,0
TXN250304NYGRZC,,NO_MATCH,,0
ATM250304SXO7H4,,NO_MATCH,,0
ATM2503040PT11X,CDR202600041380,SENDER_OUTGOING_ACTIVITY,-283,1
TXN250304Y9X97E,,NO_MATCH,,0
ATM250304EIKT22,,NO_MATCH,,0
TXN250304SCXR9S,,NO_MATCH,,0
ATM250304E2HJ52,,NO_MATCH,,0
TXN250304IY0L9J,,NO_MATCH,,0
TXN25030440P5I2,,NO_MATCH,,0
ATM250304PQV3QJ,,NO_MATCH,,0
TXN250304SKRWPP,,NO_MATCH,,0
TXN2503044TWC9G,,NO_MATCH,,0
TXN250304HOO89X,,NO_MATCH,,0
ATM250304VKN0F6,,NO_MATCH,,0
TXN2503044PHNDB,,NO_MATCH,,0
TXN250304Z6UZXS,CDR202600041427,RECEIVER_INCOMING_ACTIVITY,685,1
ATM25030468UM8O,,NO_MATCH,,0
TXN250304L8P86F,,NO_MATCH,,0
ATM25030411UVYJ,,NO_MATCH,,0
ATM2503043MZJ33,,NO_MATCH,,0
ATM250304OBVFRG,CDR202600041441,RECEIVER_OUTGOING_ACTIVITY,555,1
ATM25030418REYG,,NO_MATCH,,0
ATM250304ZPIUJQ,,NO_MATCH,,0
TXN2503047K4EXC,,NO_MATCH,,0
TXN2503046J6DYW,CDR202600041443,SENDER_OUTGOING_ACTIVITY,554,1
ATM250304VQWH5C,,NO_MATCH,,0
TXN250304MQ0SHN,,NO_MATCH,,0
ATM250304KEQYN4,,NO_MATCH,,0
ATM2503045KD8E7,,NO_MATCH,,0
TXN250304XQQGNV,,NO_MATCH,,0
TXN250304M3SX59,,NO_MATCH,,0
ATM250304QZYEJK,,NO_MATCH,,0
TXN250304Z8ZRXO,,NO_MATCH,,0
TXN2503040SZDG6,CDR202600041499,RECEIVER_INCOMING_ACTIVITY,432,1
TXN250304ORH52C,,NO_MATCH,,0
TXN250304OR2F4M,,NO_MATCH,,0
ATM250304TYERK5,CDR202600041521,RECEIVER_OUTGOING_ACTIVITY,816,1
TXN250304SN399S,,NO_MATCH,,0
TXN250304SEBNZR,,NO_MATCH,,0
TXN2503041BSTE3,,NO_MATCH,,0
ATM250304TUPULU,CDR202600041512,RECEIVER_INCOMING_ACTIVITY,-303,1
ATM250304SF7Q8I,,NO_MATCH,,0
TXN250304KJ6CAA,CDR202600041541,SENDER_OUTGOING_ACTIVITY,682,1
TXN2503040EK5H3,,NO_MATCH,,0
TXN25030464B3BP,,NO_MATCH,,0
ATM250304WQ5BO9,CDR202600041528,RECEIVER_OUTGOING_ACTIVITY,-353,1
TXN250304NTQOQY,,NO_MATCH,,0
TXN250304ZW4PRN,,NO_MATCH,,0
TXN2503048B9T52,,NO_MATCH,,0
ATM250304NCUWRV,CDR202600041543,SENDER_OUTGOING_ACTIVITY,-434,1
TXN250304ZP6IZQ,CDR202600041552,RECEIVER_OUTGOING_ACTIVITY,2,1
TXN250304XCL2AH,,NO_MATCH,,0
TXN2503043VX0YJ,,NO_MATCH,,0
ATM25030401IRU8,,NO_MATCH,,0
TXN25030474KTYY,CDR202600041559,SENDER_OUTGOING_ACTIVITY,63,1
TXN2503043NVWL5,CDR202600041565,SENDER_OUTGOING_ACTIVITY,273,1
TXN250304JP6ECZ,,NO_MATCH,,0
ATM250304D15UYO,,NO_MATCH,,0
TXN250304F8PYXP,,NO_MATCH,,0
TXN2503047WNE2J,,NO_MATCH,,0
TXN250304BVVUA1,,NO_MATCH,,0
TXN250304TUJPKU,,NO_MATCH,,0
TXN250304EMH7DD,,NO_MATCH,,0
TXN250304MFXYZQ,CDR202600041590,RECEIVER_OUTGOING_ACTIVITY,852,1
ATM250304Z3HC2H,,NO_MATCH,,0
TXN250304P7YPGR,,NO_MATCH,,0
TXN250304XVGGY4,,NO_MATCH,,0
ATM2503044TW0VP,CDR202600041599,RECEIVER_INCOMING_ACTIVITY,112,1
TXN250304ILMHJC,CDR202600041604,RECEIVER_INCOMING_ACTIVITY,367,1
TXN250304BEQ496,,NO_MATCH,,0
TXN2503047651JJ,,NO_MATCH,,0
TXN250304G2ZLN2,CDR202600041601,SENDER_INCOMING_ACTIVITY,7,1
ATM250304FPC5CW,,NO_MATCH,,0
TXN2503049D4F5A,,NO_MATCH,,0
ATM25030474RVTB,,NO_MATCH,,0
TXN2503046NOY8D,CDR202600041617,SENDER_OUTGOING_ACTIVITY,558,1
TXN25030420Y4NX,CDR202600041616,RECEIVER_OUTGOING_ACTIVITY,-7,1
TXN250304OWJ3FU,,NO_MATCH,,0
TXN25030418904U,,NO_MATCH,,0
TXN250304EU9XYV,CDR202600041624,SENDER_OUTGOING_ACTIVITY,-30,1
ATM250304EBZ5R3,CDR202600041637,SENDER_OUTGOING_ACTIVITY,842,1
ATM250304Y8OYPY,,NO_MATCH,,0
ATM250304GL96BN,,NO_MATCH,,0
TXN250304IVTDKP,,NO_MATCH,,0
ATM250304TSK1IQ,,NO_MATCH,,0
TXN25030467AY5I,,NO_MATCH,,0
ATM250304KBVXIX,,NO_MATCH,,0
TXN250304CMNMGY,,NO_MATCH,,0
ATM2503041N1E01,,NO_MATCH,,0
TXN250304Z4Y3YL,,NO_MATCH,,0
TXN250304L56LKV,,NO_MATCH,,0
ATM250304NZSV5E,,NO_MATCH,,0
TXN250304JQ5YLP,CDR202600041650,RECEIVER_OUTGOING_ACTIVITY,-60,1
TXN2503046LWI51,,NO_MATCH,,0
TXN250304VD0TUN,,NO_MATCH,,0
TXN250304XXI8UG,CDR202600041674,RECEIVER_INCOMING_ACTIVITY,888,1
TXN250304S0F1M8,,NO_MATCH,,0
ATM2503047K84HY,,NO_MATCH,,0
ATM250304992R2S,,NO_MATCH,,0
ATM2503045TE7RJ,,NO_MATCH,,0
TXN250304GIOJKC,,NO_MATCH,,0
ATM250304VX10PX,,NO_MATCH,,0
TXN2503047G3QZZ,,NO_MATCH,,0
TXN250304W408ET,,NO_MATCH,,0
ATM250304MM0QMS,CDR202600041704,SENDER_OUTGOING_ACTIVITY,148,1
ATM250304VN336A,,NO_MATCH,,0
TXN2503041XB0IY,CDR202600041713,RECEIVER_INCOMING_ACTIVITY,528,1
ATM25030459NLAT,CDR202600041715,SENDER_INCOMING_ACTIVITY,519,1
TXN2503040641R4,CDR202600041716,SENDER_INCOMING_ACTIVITY,129,1
TXN2503046B5NIM,,NO_MATCH,,0
TXN250304ZENSHV,,NO_MATCH,,0
TXN250304SBJQPX,,NO_MATCH,,0
ATM250304ZMR8O6,CDR202600041718,RECEIVER_INCOMING_ACTIVITY,-577,1
TXN250304ZRH3Q1,,NO_MATCH,,0
TXN250304D9ERDZ,,NO_MATCH,,0
TXN2503041Q82Q2,,NO_MATCH,,0
TXN25030488833P,CDR202600041744,RECEIVER_OUTGOING_ACTIVITY,456,1
ATM250304N4G4BP,,NO_MATCH,,0
TXN2503042R2OXB,CDR202600041738,SENDER_OUTGOING_ACTIVITY,-19,1
ATM250304LQAL1L,,NO_MATCH,,0
ATM250304TUZFUN,,NO_MATCH,,0
ATM2503040I2ODK,,NO_MATCH,,0
TXN250304XFMWEM,CDR202600041758,RECEIVER_OUTGOING_ACTIVITY,670,1
TXN250304OTRDOD,CDR202600041747,RECEIVER_INCOMING_ACTIVITY,-38,1
TXN25030491EQHA,,NO_MATCH,,0
ATM250304MXN0AB,,NO_MATCH,,0
TXN2503041MCXQK,,NO_MATCH,,0
ATM250304KSRQSF,,NO_MATCH,,0
TXN250304TM072W,,NO_MATCH,,0
TXN250304KXB1S4,,NO_MATCH,,0
ATM2503047PVP6U,,NO_MATCH,,0
ATM250304SFRLA9,CDR202600041772,SENDER_OUTGOING_ACTIVITY,331,1
TXN250304GENK51,CDR202600041762,RECEIVER_INCOMING_ACTIVITY,-732,1
ATM250304I6AUNI,,NO_MATCH,,0
ATM250304PJ4NG6,,NO_MATCH,,0
ATM250304N2Y1BN,,NO_MATCH,,0
ATM250304FWGGUY,,NO_MATCH,,0
ATM250304QV4S6X,,NO_MATCH,,0
ATM250304GKTWAM,,NO_MATCH,,0
ATM250304OHV26B,,NO_MATCH,,0
ATM250304SHNMYS,,NO_MATCH,,0
ATM250304QT3Z98,,NO_MATCH,,0
TXN250304NX6DXF,,NO_MATCH,,0
TXN25030431XXM5,,NO_MATCH,,0
TXN250304JFQN17,,NO_MATCH,,0
TXN25030425FMO2,,NO_MATCH,,0
TXN2503042TJHZ1,CDR202600060214,SENDER_OUTGOING_ACTIVITY,-60,1
TXN250304PH3WOC,,NO_MATCH,,0
TXN2503047DRC6M,,NO_MATCH,,0
ATM250304O7KF1J,,NO_MATCH,,0
ATM2503042V7QA0,,NO_MATCH,,0
TXN250304NCSL6P,,NO_MATCH,,0
ATM25030488XGXP,CDR202600041833,SENDER_OUTGOING_ACTIVITY,843,1
ATM2503047BXPLU,CDR202600041836,SENDER_OUTGOING_ACTIVITY,814,1
ATM250304YO6D5F,,NO_MATCH,,0
ATM2503041BOMO1,CDR202600060097,SENDER_OUTGOING_ACTIVITY,-900,1
TXN250304V1RMBL,,NO_MATCH,,0
TXN250304GOHF4M,,NO_MATCH,,0
ATM250304V0RPLX,,NO_MATCH,,0
TXN250304BY8XQK,,NO_MATCH,,0
ATM250304HTH09E,,NO_MATCH,,0
ATM250304V35T70,CDR202600041857,RECEIVER_INCOMING_ACTIVITY,-775,1
ATM250304L6Q2YW,,NO_MATCH,,0
TXN250304VEAXF4,,NO_MATCH,,0
TXN250304ZF21AW,CDR202600041860,SENDER_OUTGOING_ACTIVITY,-400,1
ATM2503049SDWRA,,NO_MATCH,,0
TXN2503040WZG5E,,NO_MATCH,,0
TXN250304T5C3VQ,,NO_MATCH,,0
ATM250304ZCONDB,,NO_MATCH,,0
ATM250304LQDOWX,,NO_MATCH,,0
TXN250304N6NSKN,,NO_MATCH,,0
TXN250304DJ5VTU,,NO_MATCH,,0
TXN250304PW2S5R,,NO_MATCH,,0
TXN250304FS6EB7,,NO_MATCH,,0
ATM2503048AI2ER,CDR202600041916,SENDER_OUTGOING_ACTIVITY,607,1
ATM250304O8CLHZ,,NO_MATCH,,0
TXN2503048ZS5F9,,NO_MATCH,,0
TXN250304H9SF85,,NO_MATCH,,0
ATM250304YS3NYU,,NO_MATCH,,0
TXN250304PT6270,,NO_MATCH,,0
TXN250304U7DL36,,NO_MATCH,,0
ATM2503045RTZOD,,NO_MATCH,,0
TXN250304A61Z58,,NO_MATCH,,0
ATM250304T3D7KH,,NO_MATCH,,0
TXN250304LQRHV2,,NO_MATCH,,0
ATM250304RDG5R8,,NO_MATCH,,0
TXN250305Q0JJTF,,NO_MATCH,,0
ATM250305ADE74H,,NO_MATCH,,0
ATM250305XP26NZ,,NO_MATCH,,0
TXN250305RZ058W,,NO_MATCH,,0
ATM250305DE53AM,,NO_MATCH,,0
TXN250305SLWM58,,NO_MATCH,,0
ATM250305NXFY93,,NO_MATCH,,0
TXN250305M1TOCL,,NO_MATCH,,0
TXN2503051OI74G,,NO_MATCH,,0
ATM250305L0MICL,,NO_MATCH,,0
TXN250305EWBS8E,,NO_MATCH,,0
ATM250305BAY1TB,,NO_MATCH,,0
ATM250305XZZL4Z,,NO_MATCH,,0
TXN250305DUGIX6,CDR202600041986,SENDER_OUTGOING_ACTIVITY,-457,1
TXN250305C8JJZ0,CDR202600041999,RECEIVER_INCOMING_ACTIVITY,838,1
ATM2503059FVQ6F,,NO_MATCH,,0
ATM250305PRIS6A,,NO_MATCH,,0
TXN250305QQ6UIX,,NO_MATCH,,0
TXN250305RHAL1U,,NO_MATCH,,0
ATM2503050IC6P3,CDR202600041999,SENDER_OUTGOING_ACTIVITY,-753,1
ATM250305KQDCJT,CDR202600042014,RECEIVER_INCOMING_ACTIVITY,203,1
ATM250305HIWJEO,CDR202600060397,SENDER_OUTGOING_ACTIVITY,-240,1
ATM25030534S45P,,NO_MATCH,,0
ATM250305SZECUH,CDR202600042018,SENDER_INCOMING_ACTIVITY,-618,1
ATM2503052KZAEZ,,NO_MATCH,,0
TXN250305E6BUVC,,NO_MATCH,,0
TXN2503056UD118,,NO_MATCH,,0
TXN250305NQUEME,,NO_MATCH,,0
ATM250305U6IOJE,,NO_MATCH,,0
TXN250305YL6Q5W,,NO_MATCH,,0
ATM250305GXQCZG,,NO_MATCH,,0
ATM250305V9XP74,,NO_MATCH,,0
TXN250305YEBGKK,CDR202600042055,SENDER_INCOMING_ACTIVITY,-129,1
TXN250305R8Q5E6,,NO_MATCH,,0
TXN250305CFT0IL,,NO_MATCH,,0
TXN250305KF32Y0,,NO_MATCH,,0
TXN250305BBQDS6,,NO_MATCH,,0
TXN250305HYV3KV,,NO_MATCH,,0
TXN250305NRNF1S,,NO_MATCH,,0
TXN2503055O9W8U,,NO_MATCH,,0
ATM2503053ZIN02,,NO_MATCH,,0
TXN25030511J1DQ,CDR202600042086,SENDER_OUTGOING_ACTIVITY,610,1
TXN2503059OI378,CDR202600042084,RECEIVER_INCOMING_ACTIVITY,155,1
TXN250305AVT5TS,,NO_MATCH,,0
TXN2503056229RD,,NO_MATCH,,0
ATM250305L1NLCI,,NO_MATCH,,0
ATM250305PD7NST,,NO_MATCH,,0
TXN250305N62OZA,,NO_MATCH,,0
TXN250305XOB2RI,,NO_MATCH,,0
TXN25030570A5UH,,NO_MATCH,,0
TXN250305330D4C,,NO_MATCH,,0
TXN25030587G1TX,CDR202600042090,SENDER_INCOMING_ACTIVITY,-724,1
ATM250305T8ENKB,,NO_MATCH,,0
TXN250305AJRC3O,,NO_MATCH,,0
TXN250305I8FVPE,,NO_MATCH,,0
ATM250305YOGJPB,,NO_MATCH,,0
ATM250305E0IV5L,,NO_MATCH,,0
TXN250305T2GT4H,,NO_MATCH,,0
TXN250305C4PJ23,,NO_MATCH,,0
TXN250305UIM7PP,,NO_MATCH,,0
TXN250305VG69QR,,NO_MATCH,,0
ATM250305LIFBCA,,NO_MATCH,,0
TXN25030594OCPY,,NO_MATCH,,0
ATM2503053MGTH5,CDR202600042133,SENDER_OUTGOING_ACTIVITY,473,1
TXN250305GSTWB7,CDR202600042133,RECEIVER_OUTGOING_ACTIVITY,425,1
TXN2503058NW2G4,,NO_MATCH,,0
TXN2503054XL6L4,,NO_MATCH,,0
ATM25030572QDRL,,NO_MATCH,,0
ATM250305MXDRBX,CDR202600042135,RECEIVER_OUTGOING_ACTIVITY,16,1
TXN250305LM36VU,CDR202600042132,RECEIVER_INCOMING_ACTIVITY,-279,1
ATM250305OO2HF6,CDR202600042134,RECEIVER_OUTGOING_ACTIVITY,-694,1
ATM250305CGT0PV,,NO_MATCH,,0
TXN250305X4AGFB,,NO_MATCH,,0
TXN250305N4GT30,,NO_MATCH,,0
ATM250305AU4XJF,,NO_MATCH,,0
TXN250305K78P2W,,NO_MATCH,,0
TXN250305PBLC6T,,NO_MATCH,,0
ATM250305PUEDM7,,NO_MATCH,,0
ATM250305E3K1R0,,NO_MATCH,,0
TXN250305VRRG5P,,NO_MATCH,,0
TXN250305WVBI2G,,NO_MATCH,,0
TXN2503056C2QUI,,NO_MATCH,,0
TXN2503055D1QK5,,NO_MATCH,,0
TXN250305YSBK3B,,NO_MATCH,,0
ATM250305Q5UB92,,NO_MATCH,,0
ATM250305P0FCF2,,NO_MATCH,,0
ATM250305LVTNH9,CDR202600060274,SENDER_OUTGOING_ACTIVITY,-360,1
TXN250305QVJY64,,NO_MATCH,,0
TXN250305Z62YCZ,,NO_MATCH,,0
TXN250305VJ65DC,,NO_MATCH,,0
TXN250305B9L9XE,,NO_MATCH,,0
TXN2503051ZXW8Y,,NO_MATCH,,0
TXN250305QWPHWQ,,NO_MATCH,,0
TXN250305PKV743,,NO_MATCH,,0
TXN2503056BVZQL,,NO_MATCH,,0
TXN250305RX0WCP,,NO_MATCH,,0
TXN250305FSOSNG,CDR202600042235,SENDER_OUTGOING_ACTIVITY,392,1
TXN250305DCQMJ0,,NO_MATCH,,0
TXN2503053JZ4AP,,NO_MATCH,,0
TXN250305OWCJKV,,NO_MATCH,,0
TXN2503051DNQN4,,NO_MATCH,,0
TXN250305KSQ5SE,,NO_MATCH,,0
ATM2503050N9E4M,,NO_MATCH,,0
TXN250305H63PZ6,CDR202600042231,SENDER_OUTGOING_ACTIVITY,-871,1
TXN250305RJ1FPT,,NO_MATCH,,0
TXN250305LB7RDH,,NO_MATCH,,0
ATM250305FIQIXA,,NO_MATCH,,0
TXN250305YQ4W9G,,NO_MATCH,,0
ATM2503052FQTTB,,NO_MATCH,,0
TXN250305H9UKFU,,NO_MATCH,,0
ATM250305H9WFA1,CDR202600042250,SENDER_OUTGOING_ACTIVITY,-480,1
ATM250305YKQEUO,,NO_MATCH,,0
TXN250305JZE9OT,,NO_MATCH,,0
ATM250305Q5FUS4,,NO_MATCH,,0
ATM250305RTEIYH,,NO_MATCH,,0
ATM2503050YBYX1,CDR202600042258,SENDER_INCOMING_ACTIVITY,-816,1
ATM250305QCSOWW,,NO_MATCH,,0
ATM250305M03BKF,,NO_MATCH,,0
TXN250305FECYD9,,NO_MATCH,,0
ATM2503054PAI7N,,NO_MATCH,,0
ATM2503059ZPX6C,,NO_MATCH,,0
ATM250305991HF4,,NO_MATCH,,0
TXN250305IJYBJ6,,NO_MATCH,,0
TXN25030535YU0U,,NO_MATCH,,0
TXN25030560C6YT,CDR202600042278,RECEIVER_OUTGOING_ACTIVITY,-476,1
TXN250305XNY5OQ,,NO_MATCH,,0
ATM250305TL3VJH,,NO_MATCH,,0
TXN250305RNNSYV,CDR202600042293,SENDER_INCOMING_ACTIVITY,149,1
TXN250305FED86B,,NO_MATCH,,0
TXN250305HD1JA2,,NO_MATCH,,0
TXN250305OS7YBQ,CDR202600042297,SENDER_OUTGOING_ACTIVITY,312,1
TXN250305S9SZ59,,NO_MATCH,,0
TXN250305XSEW5R,CDR202600042323,SENDER_INCOMING_ACTIVITY,892,1
TXN250305HL5V0H,,NO_MATCH,,0
TXN250305M16MYV,,NO_MATCH,,0
TXN250305KG4QIS,,NO_MATCH,,0
TXN2503053FLFMF,,NO_MATCH,,0
ATM250305IBRGBF,,NO_MATCH,,0
TXN2503051MGD0S,CDR202600060425,SENDER_OUTGOING_ACTIVITY,-360,1
ATM2503052I679E,,NO_MATCH,,0
TXN250305PNSYZK,CDR202600042335,SENDER_INCOMING_ACTIVITY,672,1
ATM250305DMQQSQ,,NO_MATCH,,0
ATM2503051TIBI6,,NO_MATCH,,0
ATM250305XDS3XY,CDR202600042319,RECEIVER_INCOMING_ACTIVITY,-616,1
ATM2503054FBYNM,CDR202600042343,RECEIVER_OUTGOING_ACTIVITY,406,1
TXN2503053CVIZV,,NO_MATCH,,0
ATM250305YXJJVX,CDR202600042336,RECEIVER_OUTGOING_ACTIVITY,-475,1
TXN250305XD7HF8,,NO_MATCH,,0
ATM250305VJZQTN,,NO_MATCH,,0
TXN250305XSDVNT,,NO_MATCH,,0
TXN250305HZLTMR,,NO_MATCH,,0
ATM250305RUFB14,,NO_MATCH,,0
TXN250305HI1Z01,,NO_MATCH,,0
TXN2503054FXVNC,,NO_MATCH,,0
TXN25030517QUJ5,,NO_MATCH,,0
ATM250305NNEQ8N,CDR202600042382,RECEIVER_INCOMING_ACTIVITY,828,1
ATM250305E4X4IS,,NO_MATCH,,0
TXN25030562SMJM,,NO_MATCH,,0
TXN250305V4W6P0,,NO_MATCH,,0
ATM250305CW8ZJ3,,NO_MATCH,,0
ATM25030515YDA6,CDR202600042382,RECEIVER_INCOMING_ACTIVITY,286,1
TXN250305Z960P5,,NO_MATCH,,0
TXN250305MAGPOJ,,NO_MATCH,,0
TXN250305NYMFQF,,NO_MATCH,,0
TXN250305LIYPD3,,NO_MATCH,,0
TXN2503053PYVH0,,NO_MATCH,,0
ATM250305CR4AIE,,NO_MATCH,,0
ATM250305VWZ91P,,NO_MATCH,,0
TXN250305IEHMQE,,NO_MATCH,,0
TXN2503057HF79H,,NO_MATCH,,0
TXN250305Z5ZO9H,CDR202600042400,SENDER_OUTGOING_ACTIVITY,89,1
ATM250305UFFGTC,,NO_MATCH,,0
ATM2503056OPEX6,,NO_MATCH,,0
TXN250305EAYXL7,,NO_MATCH,,0
TXN250305OT5FQR,,NO_MATCH,,0
TXN2503051MTN92,CDR202600042409,SENDER_OUTGOING_ACTIVITY,-2,1
TXN250305D153S7,CDR202600042426,SENDER_OUTGOING_ACTIVITY,887,1
TXN250305BV52H3,,NO_MATCH,,0
TXN2503056UJYVI,,NO_MATCH,,0
TXN250305WG9WSF,,NO_MATCH,,0
TXN250305UX552X,,NO_MATCH,,0
TXN250305ML15CI,CDR202600042427,RECEIVER_INCOMING_ACTIVITY,-327,1
TXN250305UGL2YP,,NO_MATCH,,0
TXN250305XADDXD,,NO_MATCH,,0
TXN25030587H3QR,,NO_MATCH,,0
TXN250305QW8Y96,,NO_MATCH,,0
TXN250305LMQ4LI,,NO_MATCH,,0
ATM250305OGINZY,,NO_MATCH,,0
TXN250305OY9JTZ,,NO_MATCH,,0
TXN250305DM80Z3,CDR202600042442,SENDER_INCOMING_ACTIVITY,-825,1
ATM2503055HR59G,,NO_MATCH,,0
ATM250305MXX0HP,,NO_MATCH,,0
ATM2503053NO97N,,NO_MATCH,,0
TXN250305GD3EHV,,NO_MATCH,,0
TXN250305SBDGGZ,,NO_MATCH,,0
TXN250305XNPWIU,CDR202600042484,SENDER_OUTGOING_ACTIVITY,-552,1
TXN250305RZ4SXP,CDR202600042498,SENDER_OUTGOING_ACTIVITY,184,1
TXN250305PKWDO6,,NO_MATCH,,0
TXN250305Q84ZIA,,NO_MATCH,,0
TXN250305E3IZTE,,NO_MATCH,,0
TXN250305D9HL55,CDR202600042507,RECEIVER_INCOMING_ACTIVITY,768,1
TXN250305WNNRFE,,NO_MATCH,,0
TXN250305GHR8SE,CDR202600042508,SENDER_INCOMING_ACTIVITY,758,1
ATM250305SX9K2V,,NO_MATCH,,0
ATM250305104A6T,,NO_MATCH,,0
TXN250305KW43GP,,NO_MATCH,,0
TXN250305KZL7SY,,NO_MATCH,,0
TXN250305KJSW6L,,NO_MATCH,,0
TXN2503056DUNFJ,,NO_MATCH,,0
TXN250305ML3OT2,,NO_MATCH,,0
ATM250305YXACD6,,NO_MATCH,,0
ATM2503055YHJ9K,,NO_MATCH,,0
ATM25030590EJM1,,NO_MATCH,,0
TXN250305IMQLOA,,NO_MATCH,,0
ATM2503051QGFGV,,NO_MATCH,,0
ATM250305KXDW0Q,CDR202600042529,SENDER_OUTGOING_ACTIVITY,-472,1
TXN250305XMZF75,,NO_MATCH,,0
TXN250305DI6L3C,CDR202600042544,RECEIVER_OUTGOING_ACTIVITY,733,1
ATM25030589SH6H,,NO_MATCH,,0
ATM250305O3PBC4,,NO_MATCH,,0
TXN250305VOUWVJ,CDR202600042550,SENDER_INCOMING_ACTIVITY,373,1
ATM25030588HZBT,,NO_MATCH,,0
ATM2503057NBKF9,,NO_MATCH,,0
ATM250305P9AL4Y,,NO_MATCH,,0
TXN250305JWOD6N,,NO_MATCH,,0
ATM25030512FSXG,,NO_MATCH,,0
ATM250305XH1MKQ,,NO_MATCH,,0
TXN250305JSPSAF,,NO_MATCH,,0
TXN250305UFH5RL,,NO_MATCH,,0
ATM250305M7Z40V,,NO_MATCH,,0
TXN250305OL4N2C,,NO_MATCH,,0
TXN2503055SR2TR,,NO_MATCH,,0
ATM250305WWP01L,,NO_MATCH,,0
TXN250305WYJEOT,,NO_MATCH,,0
ATM250305NZ1NNT,CDR202600042588,SENDER_OUTGOING_ACTIVITY,-106,1
ATM250305FGJSRY,,NO_MATCH,,0
ATM2503052QTY02,,NO_MATCH,,0
ATM250305U7STZN,,NO_MATCH,,0
ATM250305PNAYQW,,NO_MATCH,,0
TXN2503051CKK12,,NO_MATCH,,0
ATM250305G0ADIV,,NO_MATCH,,0
TXN250305KCCWOO,,NO_MATCH,,0
TXN250305I8GQEQ,,NO_MATCH,,0
TXN25030595PKJU,,NO_MATCH,,0
TXN250305C9K6FL,,NO_MATCH,,0
TXN2503051Q3ABW,,NO_MATCH,,0
TXN250306UJ84GJ,,NO_MATCH,,0
TXN250306KERIFU,,NO_MATCH,,0
TXN250306JOW2JH,,NO_MATCH,,0
ATM250306JTAHVY,,NO_MATCH,,0
TXN250306IZY942,,NO_MATCH,,0
TXN250306FEQ0SQ,,NO_MATCH,,0
TXN2503069LIEC7,,NO_MATCH,,0
ATM250306F6QG6O,,NO_MATCH,,0
TXN250306G4ULBO,,NO_MATCH,,0
ATM250306K0NAMD,,NO_MATCH,,0
ATM250306LZNT7B,,NO_MATCH,,0
TXN2503062T03RM,,NO_MATCH,,0
TXN250306HEVRH2,,NO_MATCH,,0
ATM250306QT12K0,,NO_MATCH,,0
TXN250306YW0ZB0,,NO_MATCH,,0
TXN250306M257CL,,NO_MATCH,,0
TXN250306NSNJ0H,,NO_MATCH,,0
ATM2503061OOHYX,,NO_MATCH,,0
ATM2503060GT6EX,CDR202600042659,RECEIVER_INCOMING_ACTIVITY,-280,1
TXN2503063Z4VTO,,NO_MATCH,,0
TXN25030693A6FJ,,NO_MATCH,,0
ATM25030671YK2N,,NO_MATCH,,0
ATM250306FEY5K0,,NO_MATCH,,0
TXN250306KRP56M,,NO_MATCH,,0
TXN2503069FBQZR,,NO_MATCH,,0
ATM250306A458T2,,NO_MATCH,,0
TXN250306YQGGD1,,NO_MATCH,,0
ATM2503068PNC42,CDR202600042681,SENDER_OUTGOING_ACTIVITY,-177,1
ATM250306O95KNL,,NO_MATCH,,0
ATM250306X9LIYE,,NO_MATCH,,0
ATM25030663G3E8,,NO_MATCH,,0
ATM250306R1YUYR,CDR202600042701,RECEIVER_INCOMING_ACTIVITY,646,1
TXN250306M4J7DR,,NO_MATCH,,0
TXN250306UM4V3G,,NO_MATCH,,0
ATM250306LV9GP4,CDR202600042699,RECEIVER_INCOMING_ACTIVITY,208,1
TXN250306IOSAAP,CDR202600042716,SENDER_INCOMING_ACTIVITY,330,1
TXN250306F7O05A,,NO_MATCH,,0
TXN2503067K8XNM,,NO_MATCH,,0
TXN250306MPBAXH,,NO_MATCH,,0
ATM250306CRWMMB,,NO_MATCH,,0
TXN250306BKUHBV,,NO_MATCH,,0
TXN250306BOCAC2,,NO_MATCH,,0
ATM25030684OXZD,CDR202600042741,RECEIVER_INCOMING_ACTIVITY,-473,1
ATM250306Q5U5KJ,,NO_MATCH,,0
TXN2503061CHAZQ,,NO_MATCH,,0
TXN250306FFYH2J,,NO_MATCH,,0
TXN250306QN4CUJ,,NO_MATCH,,0
ATM25030623AG4S,,NO_MATCH,,0
TXN250306BPMK4E,,NO_MATCH,,0
TXN2503067RTCHM,,NO_MATCH,,0
TXN2503065L384I,,NO_MATCH,,0
ATM2503062V7U68,,NO_MATCH,,0
ATM250306A977K1,,NO_MATCH,,0
ATM250306FPQM39,,NO_MATCH,,0
ATM2503069I2OGM,,NO_MATCH,,0
TXN2503062WF7DC,,NO_MATCH,,0
ATM250306C8I5PV,,NO_MATCH,,0
TXN250306KZ3SBK,,NO_MATCH,,0
ATM250306WUF33F,,NO_MATCH,,0
ATM250306QIBTI3,,NO_MATCH,,0
ATM250306ZQMGTD,CDR202600042780,SENDER_INCOMING_ACTIVITY,145,1
TXN250306T01VR8,CDR202600042784,SENDER_OUTGOING_ACTIVITY,330,1
TXN2503067TS3IR,,NO_MATCH,,0
ATM250306Y5U0HG,CDR202600042788,RECEIVER_OUTGOING_ACTIVITY,835,1
ATM2503069JW0YR,CDR202600042785,RECEIVER_OUTGOING_ACTIVITY,664,1
ATM2503062DUX4T,CDR202600042788,RECEIVER_OUTGOING_ACTIVITY,655,1
TXN2503063NLWLN,,NO_MATCH,,0
TXN25030640TNTJ,,NO_MATCH,,0
TXN2503060AERVZ,CDR202600042778,RECEIVER_INCOMING_ACTIVITY,-511,1
TXN250306FZHABU,,NO_MATCH,,0
TXN250306EGTMA8,,NO_MATCH,,0
TXN2503066CORZ7,,NO_MATCH,,0
TXN250306A4M2GL,,NO_MATCH,,0
ATM250306I6RE2Q,,NO_MATCH,,0
TXN2503069H87DY,CDR202600042816,SENDER_OUTGOING_ACTIVITY,817,1
TXN250306CWUHV2,,NO_MATCH,,0
TXN2503064T4WTS,,NO_MATCH,,0
ATM250306HWPC0E,CDR202600042823,SENDER_INCOMING_ACTIVITY,344,1
ATM2503067FWUWG,CDR202600042813,RECEIVER_OUTGOING_ACTIVITY,-585,1
TXN250306HA1A8T,,NO_MATCH,,0
TXN250306AL0EYG,,NO_MATCH,,0
TXN250306ABHJ6O,,NO_MATCH,,0
TXN250306Y9ZMYN,,NO_MATCH,,0
TXN250306L4UITD,,NO_MATCH,,0
TXN2503064PB757,,NO_MATCH,,0
ATM2503060LHXEM,,NO_MATCH,,0
TXN250306X72V9H,,NO_MATCH,,0
TXN250306KCAC6W,,NO_MATCH,,0
TXN250306GSNSXR,,NO_MATCH,,0
TXN250306PY7QTZ,,NO_MATCH,,0
TXN250306TRPU6R,,NO_MATCH,,0
TXN250306TCT2KO,CDR202600060624,SENDER_OUTGOING_ACTIVITY,-240,1
ATM250306QNRQNB,,NO_MATCH,,0
TXN250306V4D1SU,,NO_MATCH,,0
ATM250306W6OPM5,,NO_MATCH,,0
TXN250306VKKPGS,CDR202600060605,RECEIVER_OUTGOING_ACTIVITY,-183,1
TXN250306GX7FQ6,CDR202600060605,SENDER_OUTGOING_ACTIVITY,-360,1
TXN250306K71EFM,,NO_MATCH,,0
TXN2503062SZM1W,,NO_MATCH,,0
ATM2503069NTGHA,CDR202600042864,SENDER_INCOMING_ACTIVITY,-409,1
TXN250306OLZ7D7,,NO_MATCH,,0
TXN250306HA3YGE,CDR202600042880,RECEIVER_OUTGOING_ACTIVITY,751,1
TXN250306K1VJ6Q,,NO_MATCH,,0
TXN250306XUE598,CDR202600042898,SENDER_OUTGOING_ACTIVITY,885,1
TXN250306F7LYW2,CDR202600042880,RECEIVER_OUTGOING_ACTIVITY,-29,1
ATM250306OZR0QE,,NO_MATCH,,0
ATM2503066NQNEN,,NO_MATCH,,0
TXN250306I8R055,CDR202600042896,SENDER_INCOMING_ACTIVITY,121,1
TXN2503065N4VFK,,NO_MATCH,,0
ATM250306YG5WTA,CDR202600042888,RECEIVER_OUTGOING_ACTIVITY,-765,1
ATM2503067XGE6U,CDR202600042921,SENDER_INCOMING_ACTIVITY,437,1
ATM250306MS5UJK,,NO_MATCH,,0
TXN2503069Z33EN,,NO_MATCH,,0
ATM2503061QYGSX,,NO_MATCH,,0
ATM2503064Q7M00,,NO_MATCH,,0
ATM250306N5J2WF,,NO_MATCH,,0
ATM250306338YZS,CDR202600042951,SENDER_OUTGOING_ACTIVITY,689,1
ATM250306I9XFAB,,NO_MATCH,,0
ATM250306GRU94Y,CDR202600042955,RECEIVER_INCOMING_ACTIVITY,458,1
ATM250306QYQPTC,,NO_MATCH,,0
TXN250306ZLKB6K,CDR202600042939,SENDER_OUTGOING_ACTIVITY,-144,1
ATM2503065NI37T,,NO_MATCH,,0
TXN2503069LYIPL,,NO_MATCH,,0
ATM250306VJQI7B,CDR202600042966,SENDER_INCOMING_ACTIVITY,319,1
TXN250306SVCICG,,NO_MATCH,,0
ATM250306QU3J3F,,NO_MATCH,,0
ATM250306C2RC1Z,,NO_MATCH,,0
TXN250306KWJBN7,,NO_MATCH,,0
ATM250306GWDE58,,NO_MATCH,,0
TXN250306JIGD2T,,NO_MATCH,,0
ATM250306ICK9SZ,,NO_MATCH,,0
ATM250306OJB6N9,,NO_MATCH,,0
TXN250306DAZDP4,,NO_MATCH,,0
ATM2503065HQW8M,,NO_MATCH,,0
TXN250306C21O7P,CDR202600042978,SENDER_OUTGOING_ACTIVITY,-888,1
ATM250306S048C9,,NO_MATCH,,0
ATM250306UEDXEW,,NO_MATCH,,0
TXN250306ZW9XGH,,NO_MATCH,,0
TXN250306EZFRBK,CDR202600043003,SENDER_OUTGOING_ACTIVITY,172,1
ATM250306064NMM,CDR202600043010,SENDER_OUTGOING_ACTIVITY,548,1
ATM2503063LR1QP,,NO_MATCH,,0
TXN250306941X7B,CDR202600043006,SENDER_INCOMING_ACTIVITY,144,1
TXN250306YFXVRW,,NO_MATCH,,0
TXN2503063UM0G0,,NO_MATCH,,0
TXN250306C60PMX,CDR202600043011,RECEIVER_OUTGOING_ACTIVITY,-720,1
ATM250306C5K4RS,,NO_MATCH,,0
TXN250306WMDD91,,NO_MATCH,,0
TXN250306O4MJCD,,NO_MATCH,,0
TXN250306TXIH4H,,NO_MATCH,,0
TXN250306LJPTJU,CDR202600043034,SENDER_INCOMING_ACTIVITY,-481,1
ATM250306R9F7VZ,CDR202600043042,SENDER_OUTGOING_ACTIVITY,381,1
TXN25030671QJWW,,NO_MATCH,,0
TXN250306MZOMPL,,NO_MATCH,,0
TXN2503062VCFLJ,,NO_MATCH,,0
TXN250306TWZPLI,,NO_MATCH,,0
ATM250306MMNOC2,CDR202600043046,SENDER_OUTGOING_ACTIVITY,75,1
TXN250306Y2I3F0,CDR202600043070,RECEIVER_OUTGOING_ACTIVITY,758,1
ATM25030639KI35,,NO_MATCH,,0
TXN25030655WZ1D,CDR202600043064,RECEIVER_INCOMING_ACTIVITY,437,1
ATM250306CI1WK7,CDR202600043054,RECEIVER_INCOMING_ACTIVITY,-32,1
TXN2503069XSPNF,,NO_MATCH,,0
ATM2503060F7QJ6,CDR202600043047,RECEIVER_INCOMING_ACTIVITY,-528,1
TXN250306JEU1J8,,NO_MATCH,,0
TXN250306P3TQES,CDR202600043080,RECEIVER_INCOMING_ACTIVITY,411,1
TXN2503061TT6YU,,NO_MATCH,,0
TXN250306OXWPV1,,NO_MATCH,,0
TXN250306TE67JC,,NO_MATCH,,0
TXN250306AXRDWD,CDR202600043084,SENDER_INCOMING_ACTIVITY,56,1
ATM250306O9DXD7,,NO_MATCH,,0
TXN250306NOKLML,,NO_MATCH,,0
TXN250306GDWDSU,CDR202600043091,RECEIVER_INCOMING_ACTIVITY,316,1
TXN250306HZDWSA,,NO_MATCH,,0
TXN250306JTI687,,NO_MATCH,,0
TXN250306BJUM0J,,NO_MATCH,,0
TXN250306HAJPXJ,,NO_MATCH,,0
TXN25030657360N,,NO_MATCH,,0
ATM250306OBCR3V,,NO_MATCH,,0
ATM2503066GZ8J0,CDR202600043106,RECEIVER_OUTGOING_ACTIVITY,-305,1
ATM2503060H5BKZ,,NO_MATCH,,0
TXN250306OBG0XJ,,NO_MATCH,,0
TXN250306T66YJW,,NO_MATCH,,0
TXN250306O9Y9NH,,NO_MATCH,,0
TXN2503065O5SQI,CDR202600043119,RECEIVER_INCOMING_ACTIVITY,172,1
TXN2503062KRZ8S,,NO_MATCH,,0
TXN250306H7ZGX7,CDR202600043134,RECEIVER_OUTGOING_ACTIVITY,660,1
TXN250306XGZ2B5,,NO_MATCH,,0
ATM250306AISV0N,,NO_MATCH,,0
TXN250306BCANYP,,NO_MATCH,,0
TXN250306CA6SYH,,NO_MATCH,,0
ATM2503067EHLOM,,NO_MATCH,,0
TXN250306OP03FW,,NO_MATCH,,0
ATM250306PGB6GT,,NO_MATCH,,0
TXN250306AZ1GHI,,NO_MATCH,,0
ATM250306WKQK53,,NO_MATCH,,0
TXN2503062RAEEU,,NO_MATCH,,0
TXN250306U0SO5H,,NO_MATCH,,0
TXN250306P4CJSB,,NO_MATCH,,0
TXN2503061VWCIM,,NO_MATCH,,0
TXN250306EKRDHV,CDR202600043170,SENDER_OUTGOING_ACTIVITY,660,1
TXN250306HZMHOA,,NO_MATCH,,0
ATM250306LVVEUC,,NO_MATCH,,0
ATM250306FSQIE8,,NO_MATCH,,0
TXN250306C7A4VW,CDR202600043170,SENDER_OUTGOING_ACTIVITY,120,1
TXN2503063X4TXS,,NO_MATCH,,0
TXN2503062PI2GC,CDR202600043170,SENDER_OUTGOING_ACTIVITY,0,1
TXN250306XHF9O8,CDR202600043170,SENDER_OUTGOING_ACTIVITY,-240,1
TXN2503065XLUVN,CDR202600043170,SENDER_OUTGOING_ACTIVITY,-300,1
TXN2503064R74C5,CDR202600043170,SENDER_OUTGOING_ACTIVITY,-420,1
ATM2503060PSX2N,,NO_MATCH,,0
TXN250306VNBHXQ,,NO_MATCH,,0
TXN250306KRX6JD,,NO_MATCH,,0
TXN250306P0Z1P2,,NO_MATCH,,0
TXN250306O7FG1M,,NO_MATCH,,0
TXN2503067SB32V,,NO_MATCH,,0
TXN250306AKT42I,,NO_MATCH,,0
TXN250306Y99QTQ,,NO_MATCH,,0
TXN2503061ZCWZ8,,NO_MATCH,,0
TXN250306ULHEBO,,NO_MATCH,,0
TXN250306DFJX3I,CDR202600043187,RECEIVER_INCOMING_ACTIVITY,91,1
TXN250306SO6ZND,,NO_MATCH,,0
TXN250306H9I9SL,,NO_MATCH,,0
ATM250306HEKKUX,,NO_MATCH,,0
TXN250306IE9JJD,,NO_MATCH,,0
TXN25030613TU39,,NO_MATCH,,0
ATM250306YMEDOP,CDR202600043201,SENDER_INCOMING_ACTIVITY,-148,1
TXN2503062QO9EU,CDR202600043206,SENDER_OUTGOING_ACTIVITY,168,1
TXN250306ZC60EP,,NO_MATCH,,0
TXN250306E0N816,,NO_MATCH,,0
TXN250306J0G9BY,,NO_MATCH,,0
TXN250306ZS8BHZ,,NO_MATCH,,0
TXN250306CPRHCM,,NO_MATCH,,0
TXN250306ZZZG8V,,NO_MATCH,,0
TXN2503066I9BZ7,,NO_MATCH,,0
TXN2503064XANHE,,NO_MATCH,,0
TXN250306FN0XCH,CDR202600043235,RECEIVER_INCOMING_ACTIVITY,-15,1
TXN2503064YXTEX,,NO_MATCH,,0
ATM250306U6BYXQ,,NO_MATCH,,0
TXN250306A9F6BZ,,NO_MATCH,,0
ATM250306XOPA0R,,NO_MATCH,,0
TXN2503065VP2KT,,NO_MATCH,,0
TXN250306WQ0YYB,,NO_MATCH,,0
TXN250306D9HMN5,,NO_MATCH,,0
TXN250306IGR04I,,NO_MATCH,,0
TXN250306IM3EA9,,NO_MATCH,,0
TXN250306TMHCUH,CDR202600043250,RECEIVER_INCOMING_ACTIVITY,-362,1
TXN250306KIFUOH,,NO_MATCH,,0
TXN250306Q7TA4L,,NO_MATCH,,0
TXN250306PMEAFO,CDR202600043254,RECEIVER_OUTGOING_ACTIVITY,-495,1
TXN2503068F5E4C,,NO_MATCH,,0
ATM250306B0AEAW,,NO_MATCH,,0
ATM250306O82E51,,NO_MATCH,,0
TXN2503060TIHHK,,NO_MATCH,,0
ATM2503064A3RBC,CDR202600043274,RECEIVER_OUTGOING_ACTIVITY,-49,1
TXN2503065RHL8S,,NO_MATCH,,0
TXN250306FBPIDV,,NO_MATCH,,0
ATM250306K830QX,,NO_MATCH,,0
TXN250306GXOKM4,,NO_MATCH,,0
ATM2503060CJNHI,,NO_MATCH,,0
TXN250306AU1BQU,,NO_MATCH,,0
TXN250306M1BH2S,CDR202600043294,SENDER_OUTGOING_ACTIVITY,463,1
TXN250307NJRU6F,,NO_MATCH,,0
ATM250307ILO8H6,,NO_MATCH,,0
TXN250307SUW2PS,,NO_MATCH,,0
ATM250307MZ2XZ6,,NO_MATCH,,0
TXN250307Y3U2XF,,NO_MATCH,,0
TXN2503070PZJFG,,NO_MATCH,,0
TXN250307ILGN2Q,,NO_MATCH,,0
TXN250307BR8ECG,,NO_MATCH,,0
TXN250307LQA3LN,,NO_MATCH,,0
TXN250307OGELFR,,NO_MATCH,,0
TXN250307H9MBBD,,NO_MATCH,,0
TXN250307WGAV2A,,NO_MATCH,,0
TXN250307UN12IM,,NO_MATCH,,0
TXN2503072IDPU6,,NO_MATCH,,0
TXN2503077IUVIF,,NO_MATCH,,0
TXN250307T9ABOT,,NO_MATCH,,0
TXN250307XG4ZER,,NO_MATCH,,0
TXN250307HGBCVX,,NO_MATCH,,0
TXN250307YOH3EK,,NO_MATCH,,0
ATM25030748DBE1,,NO_MATCH,,0
TXN250307PSIRDX,,NO_MATCH,,0
TXN250307YO5MC7,,NO_MATCH,,0
ATM2503079LGENG,,NO_MATCH,,0
TXN250307M39VSM,CDR202600043377,RECEIVER_INCOMING_ACTIVITY,756,1
TXN2503073G58TI,,NO_MATCH,,0
ATM25030707Z80K,CDR202600043381,SENDER_INCOMING_ACTIVITY,340,1
TXN250307KVZYCA,,NO_MATCH,,0
ATM250307B0JQ95,CDR202600043369,RECEIVER_INCOMING_ACTIVITY,-874,1
TXN250307HL4FYU,,NO_MATCH,,0
TXN2503079BCNIF,,NO_MATCH,,0
TXN250307Q2DV4R,,NO_MATCH,,0
TXN250307AHNP6I,,NO_MATCH,,0
TXN250307TEGTX3,,NO_MATCH,,0
TXN2503076NE72K,,NO_MATCH,,0
TXN250307VB40UN,,NO_MATCH,,0
ATM250307H1DAYP,,NO_MATCH,,0
ATM2503079EHNT2,CDR202600043416,SENDER_INCOMING_ACTIVITY,-101,1
ATM250307D14X0S,CDR202600043436,RECEIVER_OUTGOING_ACTIVITY,844,1
TXN250307Z6WEDA,,NO_MATCH,,0
ATM250307VUG5X2,,NO_MATCH,,0
TXN250307C7C0SH,,NO_MATCH,,0
ATM250307N3S37G,CDR202600043427,RECEIVER_OUTGOING_ACTIVITY,-292,1
ATM250307DWE2WP,,NO_MATCH,,0
TXN250307VDPA11,CDR202600043434,RECEIVER_INCOMING_ACTIVITY,-536,1
TXN2503070JHOCY,,NO_MATCH,,0
TXN250307HHIXAW,,NO_MATCH,,0
TXN2503072K8CYK,,NO_MATCH,,0
TXN25030772L2EO,CDR202600043446,SENDER_OUTGOING_ACTIVITY,-1,1
TXN250307PGSDMK,CDR202600043448,SENDER_OUTGOING_ACTIVITY,205,1
ATM250307HYBY6E,CDR202600043439,SENDER_OUTGOING_ACTIVITY,-801,1
TXN250307MVHF9Q,,NO_MATCH,,0
TXN25030799E3LX,,NO_MATCH,,0
TXN250307LTO2GT,,NO_MATCH,,0
TXN250307AODBU9,,NO_MATCH,,0
TXN250307QOGQJD,,NO_MATCH,,0
ATM2503073Z5SWG,,NO_MATCH,,0
TXN2503073N84AY,,NO_MATCH,,0
TXN250307BM8JSX,,NO_MATCH,,0
TXN2503073NNPTK,,NO_MATCH,,0
ATM25030716LNHK,CDR202600043451,SENDER_OUTGOING_ACTIVITY,-688,1
TXN250307HMF9FR,,NO_MATCH,,0
TXN250307TNE7GW,,NO_MATCH,,0
TXN2503076OLWXD,,NO_MATCH,,0
ATM250307G8SMAB,,NO_MATCH,,0
TXN250307O612G8,,NO_MATCH,,0
ATM250307KNHL5N,,NO_MATCH,,0
ATM250307WR24LZ,,NO_MATCH,,0
TXN250307OO3I85,,NO_MATCH,,0
TXN250307YGVHXG,,NO_MATCH,,0
TXN2503071R2WJ9,,NO_MATCH,,0
TXN2503079JLIZW,,NO_MATCH,,0
TXN250307DBP8BA,,NO_MATCH,,0
TXN250307USQRSG,,NO_MATCH,,0
TXN25030752I531,,NO_MATCH,,0
ATM250307TMV1SW,,NO_MATCH,,0
ATM250307K0C2UB,,NO_MATCH,,0
TXN250307FIORYW,,NO_MATCH,,0
TXN250307S3H79P,,NO_MATCH,,0
ATM2503075FF6WM,CDR202600043476,RECEIVER_OUTGOING_ACTIVITY,172,1
TXN250307V8DBAA,,NO_MATCH,,0
TXN250307P94PNS,,NO_MATCH,,0
TXN250307SOW2Y9,,NO_MATCH,,0
TXN250307D9WWHQ,,NO_MATCH,,0
ATM250307L0H23A,,NO_MATCH,,0
TXN250307FMRG9J,,NO_MATCH,,0
ATM250307Z3XKV9,,NO_MATCH,,0
TXN250307QFXO3U,CDR202600043495,RECEIVER_OUTGOING_ACTIVITY,126,1
TXN250307SS140Y,,NO_MATCH,,0
TXN250307RW93U8,CDR202600043489,SENDER_INCOMING_ACTIVITY,-598,1
ATM250307ZPMV01,CDR202600060276,SENDER_OUTGOING_ACTIVITY,-60,1
TXN250307YVNBMQ,,NO_MATCH,,0
TXN250307EYSW5Y,,NO_MATCH,,0
TXN2503071RGZDF,,NO_MATCH,,0
TXN250307DW5YIB,CDR202600043505,RECEIVER_OUTGOING_ACTIVITY,-63,1
TXN250307594FGJ,,NO_MATCH,,0
ATM250307O3GR88,,NO_MATCH,,0
ATM25030769DCLF,CDR202600043520,SENDER_INCOMING_ACTIVITY,647,1
TXN250307YFALGN,CDR202600043507,RECEIVER_INCOMING_ACTIVITY,-191,1
TXN250307WYN5NJ,,NO_MATCH,,0
ATM2503072MKMVR,,NO_MATCH,,0
ATM250307BLJ9W6,,NO_MATCH,,0
TXN250307F3FUXH,CDR202600060454,SENDER_OUTGOING_ACTIVITY,-240,1
TXN250307XJQ9HE,CDR202600043535,SENDER_OUTGOING_ACTIVITY,419,1
TXN2503079PLXDG,,NO_MATCH,,0
TXN250307ZUJN7L,,NO_MATCH,,0
TXN2503071MDCBY,CDR202600043531,SENDER_OUTGOING_ACTIVITY,-234,1
ATM250307MUWPYN,CDR202600043533,RECEIVER_INCOMING_ACTIVITY,-67,1
ATM2503071OX1QC,,NO_MATCH,,0
TXN250307SOLJFG,,NO_MATCH,,0
TXN250307KRLK77,,NO_MATCH,,0
TXN250307V58CZ1,,NO_MATCH,,0
ATM250307D7JEU9,,NO_MATCH,,0
TXN250307Y2P557,CDR202600043546,RECEIVER_INCOMING_ACTIVITY,-494,1
TXN250307AB1RYZ,,NO_MATCH,,0
TXN2503073XJGZF,,NO_MATCH,,0
TXN250307IQ2ZBU,,NO_MATCH,,0
ATM2503079FR3HP,,NO_MATCH,,0
TXN250307ENI1S3,,NO_MATCH,,0
ATM250307S5D4DI,,NO_MATCH,,0
TXN250307LUSYCQ,,NO_MATCH,,0
ATM250307UQPXJO,,NO_MATCH,,0
TXN2503071Y1OZ3,CDR202600043592,SENDER_OUTGOING_ACTIVITY,784,1
TXN250307VUUJB3,,NO_MATCH,,0
TXN2503076WQOEJ,,NO_MATCH,,0
ATM250307JMU4K2,,NO_MATCH,,0
TXN250307UTUWI7,,NO_MATCH,,0
ATM250307RVOV4N,,NO_MATCH,,0
TXN250307KAKJY5,,NO_MATCH,,0
ATM250307BW62E3,,NO_MATCH,,0
TXN250307YLZP5P,,NO_MATCH,,0
TXN2503072RYURB,,NO_MATCH,,0
ATM250307K1F1UL,,NO_MATCH,,0
TXN250307Z5VT9D,,NO_MATCH,,0
ATM2503079R8TL6,,NO_MATCH,,0
TXN250307Q9SKX3,,NO_MATCH,,0
ATM250307QKIIDZ,,NO_MATCH,,0
TXN250307JQ5Z0N,CDR202600043618,SENDER_OUTGOING_ACTIVITY,-445,1
TXN2503072MXWF5,,NO_MATCH,,0
TXN250307ZGSHON,CDR202600043630,RECEIVER_OUTGOING_ACTIVITY,-96,1
TXN2503077NG7D0,,NO_MATCH,,0
TXN250307ZLXGF4,CDR202600043664,SENDER_INCOMING_ACTIVITY,549,1
ATM2503077EBIRG,CDR202600043653,SENDER_INCOMING_ACTIVITY,132,1
ATM250307B95EQ6,CDR202600043661,SENDER_INCOMING_ACTIVITY,371,1
TXN250307TLHUBC,CDR202600043659,RECEIVER_OUTGOING_ACTIVITY,269,1
ATM250307744GXF,,NO_MATCH,,0
TXN250307TGPVV5,,NO_MATCH,,0
TXN250307I8EDKE,CDR202600043666,RECEIVER_INCOMING_ACTIVITY,319,1
TXN25030779CKWG,,NO_MATCH,,0
TXN2503079KV2KC,,NO_MATCH,,0
TXN250307ML4E72,,NO_MATCH,,0
ATM250307ZV2SU9,,NO_MATCH,,0
TXN250307EUCZZ4,,NO_MATCH,,0
ATM250307U3L3BL,,NO_MATCH,,0
ATM250307Z0UI76,,NO_MATCH,,0
TXN250307ATOD26,,NO_MATCH,,0
TXN250307MZQ14H,,NO_MATCH,,0
TXN250307JHYPNX,,NO_MATCH,,0
TXN250307H1LYBR,,NO_MATCH,,0
ATM250307YJ01SY,CDR202600043714,RECEIVER_OUTGOING_ACTIVITY,852,1
ATM250307O3LDA3,,NO_MATCH,,0
ATM250307AKD26X,,NO_MATCH,,0
TXN250307R7QQQ7,,NO_MATCH,,0
TXN2503070551JO,,NO_MATCH,,0
ATM250307NOLYOX,,NO_MATCH,,0
TXN250307062PT0,,NO_MATCH,,0
TXN250307SKU6Q1,,NO_MATCH,,0
TXN250307F82C59,CDR202600043740,RECEIVER_OUTGOING_ACTIVITY,-183,1
TXN25030794T550,,NO_MATCH,,0
TXN25030791TZ97,,NO_MATCH,,0
TXN250307N3TSXT,,NO_MATCH,,0
ATM250307EDQE4I,,NO_MATCH,,0
ATM250307YT0XN9,,NO_MATCH,,0
ATM2503075RL9FF,,NO_MATCH,,0
TXN250307K3BCR9,,NO_MATCH,,0
TXN2503071TJBMO,,NO_MATCH,,0
TXN25030774AGI6,,NO_MATCH,,0
TXN250307QY4QB1,,NO_MATCH,,0
TXN250307XIODRS,,NO_MATCH,,0
TXN250307ICZ3O8,,NO_MATCH,,0
TXN250307YEH9EP,,NO_MATCH,,0
TXN250307FVMHVJ,,NO_MATCH,,0
TXN250307ZBZ09P,,NO_MATCH,,0
TXN2503073FADW2,,NO_MATCH,,0
TXN250307NV6OGL,,NO_MATCH,,0
ATM250307FQF8KL,,NO_MATCH,,0
ATM2503078FSPCF,,NO_MATCH,,0
TXN250307JQXL4N,,NO_MATCH,,0
TXN2503070OTD16,,NO_MATCH,,0
ATM250307RSHE2S,,NO_MATCH,,0
TXN250307YZPRB0,CDR202600043808,SENDER_INCOMING_ACTIVITY,-582,1
TXN2503070W97C1,,NO_MATCH,,0
TXN250307NAU33H,,NO_MATCH,,0
ATM250307X3PEPL,,NO_MATCH,,0
TXN250307MQ33SG,,NO_MATCH,,0
TXN250307LK699J,,NO_MATCH,,0
TXN250307L4GK0U,,NO_MATCH,,0
TXN250307ZW2RK0,,NO_MATCH,,0
ATM250307CK1AEH,CDR202600043844,SENDER_INCOMING_ACTIVITY,736,1
ATM250307GDZPLF,,NO_MATCH,,0
ATM250307731K9Y,,NO_MATCH,,0
TXN2503072CQ2GV,,NO_MATCH,,0
TXN250307PWJHU7,CDR202600043864,RECEIVER_OUTGOING_ACTIVITY,573,1
ATM2503079Z593G,,NO_MATCH,,0
ATM250307BKNEQF,,NO_MATCH,,0
TXN2503072Y0IV5,,NO_MATCH,,0
TXN2503075FWPZX,,NO_MATCH,,0
TXN250307QQC7PG,,NO_MATCH,,0
TXN250307EH3T44,CDR202600043877,RECEIVER_OUTGOING_ACTIVITY,857,1
ATM250307O1J664,CDR202600043874,RECEIVER_OUTGOING_ACTIVITY,406,1
TXN250307HZ30O9,,NO_MATCH,,0
TXN2503078GTZEH,,NO_MATCH,,0
TXN25030712T68T,,NO_MATCH,,0
TXN250307AKBDBU,CDR202600043882,RECEIVER_INCOMING_ACTIVITY,-87,1
ATM250307YRXX5M,CDR202600060148,SENDER_OUTGOING_ACTIVITY,-360,1
TXN250307QUMIND,CDR202600043881,RECEIVER_INCOMING_ACTIVITY,-661,1
TXN250307OCHJPT,,NO_MATCH,,0
TXN250307OHWI50,,NO_MATCH,,0
ATM250307N0H4TF,CDR202600043899,RECEIVER_INCOMING_ACTIVITY,525,1
TXN250307NZ9220,CDR202600043906,SENDER_OUTGOING_ACTIVITY,565,1
ATM250307O26HUZ,,NO_MATCH,,0
ATM250307RTM64U,CDR202600043916,RECEIVER_INCOMING_ACTIVITY,578,1
TXN250307O9JSLB,,NO_MATCH,,0
ATM2503078W6K2B,,NO_MATCH,,0
TXN250307Z0UEMY,,NO_MATCH,,0
TXN25030734SHJ0,,NO_MATCH,,0
TXN25030733HOJP,,NO_MATCH,,0
ATM250307IX71I7,,NO_MATCH,,0
TXN250307A12ADH,,NO_MATCH,,0
TXN25030781RA2A,,NO_MATCH,,0
TXN250307IVEJW6,,NO_MATCH,,0
TXN2503076HZI0C,,NO_MATCH,,0
TXN250307FLD4XH,,NO_MATCH,,0
TXN250307E2BUHL,,NO_MATCH,,0
TXN250307EWCIXT,,NO_MATCH,,0
TXN2503081BQVOX,,NO_MATCH,,0
TXN2503087C0PTK,,NO_MATCH,,0
ATM250308Y04AIW,,NO_MATCH,,0
TXN250308Y2DMP8,,NO_MATCH,,0
ATM250308I4B0PW,,NO_MATCH,,0
TXN250308MPPVDN,,NO_MATCH,,0
TXN2503080QF64O,,NO_MATCH,,0
TXN250308WWKYWD,,NO_MATCH,,0
TXN250308RAUOU5,,NO_MATCH,,0
TXN250308P4KZRQ,,NO_MATCH,,0
TXN250308OXK6T5,,NO_MATCH,,0
TXN250308KAIYKR,,NO_MATCH,,0
TXN250308YCPICA,,NO_MATCH,,0
ATM250308Q8FZAX,,NO_MATCH,,0
TXN250308CQ2Z2J,,NO_MATCH,,0
TXN250308KGQ5G1,,NO_MATCH,,0
ATM25030816YSRV,,NO_MATCH,,0
TXN250308CGTWT9,,NO_MATCH,,0
TXN250308XK0WXD,,NO_MATCH,,0
ATM250308RWS9FB,,NO_MATCH,,0
TXN250308XITCJQ,CDR202600044015,SENDER_INCOMING_ACTIVITY,60,1
TXN2503080B1G3E,,NO_MATCH,,0
TXN250308G07ELN,,NO_MATCH,,0
ATM250308VRY3TW,,NO_MATCH,,0
ATM2503088KUZ4K,,NO_MATCH,,0
TXN2503085906UL,,NO_MATCH,,0
TXN250308UXCORU,,NO_MATCH,,0
ATM250308NQO0QZ,,NO_MATCH,,0
TXN2503082DOU4H,,NO_MATCH,,0
TXN250308FOG7LL,,NO_MATCH,,0
TXN250308T07V2J,,NO_MATCH,,0
TXN250308KAKMIJ,,NO_MATCH,,0
ATM250308YK59DL,,NO_MATCH,,0
TXN250308PBVSN0,,NO_MATCH,,0
TXN250308D2KS45,,NO_MATCH,,0
TXN250308KGRFWD,,NO_MATCH,,0
ATM250308PAR1OS,,NO_MATCH,,0
TXN250308L4CUPB,CDR202600044034,SENDER_INCOMING_ACTIVITY,-759,1
TXN250308QJXBZ2,,NO_MATCH,,0
TXN250308LNFX7G,,NO_MATCH,,0
TXN2503086VCEMM,,NO_MATCH,,0
TXN250308X3GP3M,,NO_MATCH,,0
ATM250308CN67OD,,NO_MATCH,,0
TXN250308DKZW6U,,NO_MATCH,,0
TXN2503082OWXU8,,NO_MATCH,,0
TXN250308E4CK8Y,CDR202600044049,RECEIVER_OUTGOING_ACTIVITY,-439,1
TXN25030817ZM2E,,NO_MATCH,,0
ATM250308TSLH8L,,NO_MATCH,,0
TXN250308LLZKJG,,NO_MATCH,,0
ATM250308U04T2X,,NO_MATCH,,0
TXN250308RG3IQY,,NO_MATCH,,0
TXN250308WB7012,,NO_MATCH,,0
ATM250308S19DCD,,NO_MATCH,,0
TXN2503084X3ZEP,CDR202600044087,SENDER_OUTGOING_ACTIVITY,315,1
ATM250308IA3M2D,,NO_MATCH,,0
TXN2503082CDVKJ,,NO_MATCH,,0
ATM250308W3EAKH,,NO_MATCH,,0
ATM2503086360O5,CDR202600044123,RECEIVER_OUTGOING_ACTIVITY,784,1
TXN250308NGN9ZQ,,NO_MATCH,,0
ATM250308VJJC3H,,NO_MATCH,,0
TXN2503080IJRXY,,NO_MATCH,,0
TXN250308UOVUST,,NO_MATCH,,0
TXN2503085DGKXT,,NO_MATCH,,0
ATM250308TH3PW7,CDR202600044135,SENDER_INCOMING_ACTIVITY,665,1
TXN2503085JPRAW,,NO_MATCH,,0
TXN250308BMTBR6,CDR202600044127,RECEIVER_OUTGOING_ACTIVITY,-313,1
ATM25030896ZQ0L,,NO_MATCH,,0
TXN250308FPGCS5,,NO_MATCH,,0
ATM250308H9QK80,CDR202600044127,SENDER_INCOMING_ACTIVITY,-601,1
TXN250308LALGG4,,NO_MATCH,,0
TXN250308EJ9FXH,,NO_MATCH,,0
ATM250308BA31D7,,NO_MATCH,,0
TXN250308O0VGJ3,,NO_MATCH,,0
TXN250308PDJB8I,CDR202600044144,SENDER_OUTGOING_ACTIVITY,454,1
ATM250308I7JHBV,,NO_MATCH,,0
TXN250308LSOVRC,,NO_MATCH,,0
TXN2503087V51AL,,NO_MATCH,,0
TXN250308YYHY8G,,NO_MATCH,,0
ATM25030865UYXP,,NO_MATCH,,0
ATM250308PGEKUF,,NO_MATCH,,0
TXN250308ANZ880,CDR202600044162,SENDER_OUTGOING_ACTIVITY,234,1
TXN250308TEVKX9,,NO_MATCH,,0
TXN2503084TIFLX,,NO_MATCH,,0
TXN250308TXAYFM,,NO_MATCH,,0
ATM250308DB2AS3,,NO_MATCH,,0
TXN250308C4L472,CDR202600044161,SENDER_INCOMING_ACTIVITY,-503,1
ATM250308H0YOGL,,NO_MATCH,,0
TXN250308PLK52J,,NO_MATCH,,0
ATM250308Z78JVR,,NO_MATCH,,0
TXN250308RU816T,,NO_MATCH,,0
ATM250308DCB9TZ,,NO_MATCH,,0
TXN2503085OWI7X,,NO_MATCH,,0
ATM250308WIXEC4,,NO_MATCH,,0
TXN250308WIGGAT,,NO_MATCH,,0
TXN250308P7PZHB,,NO_MATCH,,0
TXN250308T63P3Z,,NO_MATCH,,0
ATM2503085I8LF8,,NO_MATCH,,0
TXN250308NOFIZZ,CDR202600044216,RECEIVER_INCOMING_ACTIVITY,805,1
TXN250308KPW4N1,,NO_MATCH,,0
ATM25030878T406,,NO_MATCH,,0
TXN250308S9WJWU,CDR202600044226,SENDER_INCOMING_ACTIVITY,603,1
ATM250308W45E3R,,NO_MATCH,,0
TXN250308JUR9JE,CDR202600044218,RECEIVER_INCOMING_ACTIVITY,352,1
TXN250308PXYOFK,CDR202600044209,SENDER_OUTGOING_ACTIVITY,-119,1
ATM2503085GEYZ0,,NO_MATCH,,0
TXN25030810WPKB,,NO_MATCH,,0
ATM250308QPGQVR,,NO_MATCH,,0
TXN2503086GL6KK,,NO_MATCH,,0
TXN250308BWHSS4,,NO_MATCH,,0
TXN25030847OGKR,,NO_MATCH,,0
TXN250308AYJ2YF,,NO_MATCH,,0
TXN250308PQBNL6,CDR202600044264,SENDER_INCOMING_ACTIVITY,91,1
TXN25030834MWW0,,NO_MATCH,,0
TXN250308M5A29A,CDR202600044268,SENDER_INCOMING_ACTIVITY,-147,1
TXN250308EYD4RZ,CDR202600044287,SENDER_OUTGOING_ACTIVITY,578,1
ATM250308SA9RFB,,NO_MATCH,,0
TXN2503084YCZYM,CDR202600044276,SENDER_INCOMING_ACTIVITY,86,1
TXN250308HEP23T,,NO_MATCH,,0
TXN2503083QBDO9,,NO_MATCH,,0
TXN25030829J87A,,NO_MATCH,,0
ATM250308GLC6JE,CDR202600044289,RECEIVER_INCOMING_ACTIVITY,-38,1
TXN2503084XSODT,CDR202600044304,RECEIVER_INCOMING_ACTIVITY,716,1
TXN250308K033U7,,NO_MATCH,,0
TXN2503084RQMON,,NO_MATCH,,0
TXN250308ZTWNRV,,NO_MATCH,,0
ATM250308D3ARH2,,NO_MATCH,,0
TXN250308CG2RWO,CDR202600044306,RECEIVER_INCOMING_ACTIVITY,279,1
TXN250308SARSR0,,NO_MATCH,,0
ATM250308OD1S35,CDR202600044319,RECEIVER_OUTGOING_ACTIVITY,563,1
TXN250308C3B3OI,,NO_MATCH,,0
ATM250308JZ6E6E,,NO_MATCH,,0
ATM250308KRRHOQ,,NO_MATCH,,0
TXN250308MYT5KN,,NO_MATCH,,0
TXN250308P6J351,,NO_MATCH,,0
TXN2503081AQDHH,,NO_MATCH,,0
TXN250308E5PN7B,,NO_MATCH,,0
ATM250308L2VHV3,,NO_MATCH,,0
ATM250308R3JC8U,,NO_MATCH,,0
TXN2503084AMQRM,,NO_MATCH,,0
TXN250308ALWPDR,,NO_MATCH,,0
TXN250308OUO4VJ,,NO_MATCH,,0
ATM2503085WJRHA,CDR202600044360,RECEIVER_INCOMING_ACTIVITY,271,1
TXN25030847LBSB,,NO_MATCH,,0
TXN250308GTQ1NG,,NO_MATCH,,0
TXN250308WN6EN2,CDR202600044345,RECEIVER_INCOMING_ACTIVITY,-731,1
TXN250308XAZZ0C,,NO_MATCH,,0
TXN250308S21HAQ,CDR202600044368,RECEIVER_OUTGOING_ACTIVITY,279,1
TXN2503085MJO4Z,,NO_MATCH,,0
TXN250308ON9U9Q,,NO_MATCH,,0
TXN250308LGD7BQ,,NO_MATCH,,0
TXN250308TD8LMI,,NO_MATCH,,0
TXN250308RCQFFF,,NO_MATCH,,0
TXN250308PEUFPL,CDR202600044366,SENDER_OUTGOING_ACTIVITY,-872,1
TXN2503083FABV1,,NO_MATCH,,0
TXN250308YXNHG4,,NO_MATCH,,0
ATM250308ASARUH,CDR202600044388,SENDER_INCOMING_ACTIVITY,320,1
TXN250308XAZ6X5,,NO_MATCH,,0
ATM25030855AGRM,,NO_MATCH,,0
TXN250308UT2SXV,CDR202600044395,RECEIVER_INCOMING_ACTIVITY,-371,1
TXN250308GXP32S,,NO_MATCH,,0
TXN250308J1C72W,,NO_MATCH,,0
ATM250308IJO5XJ,,NO_MATCH,,0
TXN250308EIDU0A,,NO_MATCH,,0
TXN250308NE0T3X,,NO_MATCH,,0
TXN250308H4QGZC,,NO_MATCH,,0
TXN250308HHMTCX,,NO_MATCH,,0
TXN25030812DYHF,,NO_MATCH,,0
TXN250308SBK97N,,NO_MATCH,,0
TXN250308JVXGIQ,,NO_MATCH,,0
TXN2503085ULDBG,,NO_MATCH,,0
TXN250308QXKRW6,,NO_MATCH,,0
TXN250308OS297O,,NO_MATCH,,0
TXN250308LU0A04,,NO_MATCH,,0
TXN250308HOF0CQ,,NO_MATCH,,0
TXN250308ZMG1DD,,NO_MATCH,,0
TXN250308G6WRUV,,NO_MATCH,,0
TXN250308HZQGCZ,,NO_MATCH,,0
TXN250308H807BU,,NO_MATCH,,0
TXN250308Y7OQHW,,NO_MATCH,,0
TXN250308DA202Y,CDR202600044448,SENDER_OUTGOING_ACTIVITY,759,1
TXN250308QI7T3T,,NO_MATCH,,0
TXN250308TSGUCU,,NO_MATCH,,0
ATM250308KBIMX8,,NO_MATCH,,0
TXN250308MEEXSY,,NO_MATCH,,0
ATM250308F44I0I,,NO_MATCH,,0
ATM250308JPTIV9,,NO_MATCH,,0
TXN250308KICC3T,CDR202600044455,RECEIVER_INCOMING_ACTIVITY,324,1
TXN250308TUEQ46,,NO_MATCH,,0
ATM250308AJOQAA,,NO_MATCH,,0
TXN2503086R2VER,,NO_MATCH,,0
ATM2503081906JG,,NO_MATCH,,0
TXN250308FXZ9SI,,NO_MATCH,,0
TXN250308Z57SLP,,NO_MATCH,,0
TXN250308DV7M36,,NO_MATCH,,0
TXN250308CTFIZX,,NO_MATCH,,0
TXN250308UIQS9U,CDR202600044492,RECEIVER_OUTGOING_ACTIVITY,-215,1
ATM250308Y1WASZ,,NO_MATCH,,0
TXN2503086FU2PU,,NO_MATCH,,0
TXN250308IW9LV6,,NO_MATCH,,0
TXN250308MBUZJ4,,NO_MATCH,,0
TXN250308VHVVZH,,NO_MATCH,,0
TXN250308M5ERHX,,NO_MATCH,,0
ATM250308YPG30E,CDR202600044503,RECEIVER_OUTGOING_ACTIVITY,503,1
TXN250308K8YCS2,,NO_MATCH,,0
ATM250308EQOG2Y,,NO_MATCH,,0
ATM250308W7F4AT,CDR202600044513,SENDER_OUTGOING_ACTIVITY,443,1
ATM250308L2E8XP,,NO_MATCH,,0
ATM2503088MZ11E,CDR202600044518,RECEIVER_INCOMING_ACTIVITY,600,1
TXN250308TN4UJ8,CDR202600044511,SENDER_INCOMING_ACTIVITY,-285,1
ATM2503082FNQFC,,NO_MATCH,,0
TXN25030802H4FL,,NO_MATCH,,0
ATM250308E7PY1L,CDR202600044521,RECEIVER_OUTGOING_ACTIVITY,-296,1
ATM250308C6Q3HW,,NO_MATCH,,0
TXN250308V14I5G,,NO_MATCH,,0
TXN250308JZJBSP,,NO_MATCH,,0
TXN250308888GWK,,NO_MATCH,,0
TXN250308NIZV1H,,NO_MATCH,,0
TXN250308RPF2T2,,NO_MATCH,,0
TXN250308AMPK4Z,,NO_MATCH,,0
ATM250308BK080E,,NO_MATCH,,0
TXN250308M1YM83,,NO_MATCH,,0
TXN250308FQGMGF,,NO_MATCH,,0
TXN250308BBEVK7,,NO_MATCH,,0
TXN250308GQYW90,CDR202600060413,SENDER_OUTGOING_ACTIVITY,-300,1
TXN250308XCK2D2,,NO_MATCH,,0
TXN250308BYIO36,,NO_MATCH,,0
TXN2503084Z7TD0,CDR202600044550,RECEIVER_OUTGOING_ACTIVITY,251,1
TXN250308Z29FO7,CDR202600044553,RECEIVER_OUTGOING_ACTIVITY,282,1
TXN250308QA2WJG,,NO_MATCH,,0
ATM250308SXKPV2,,NO_MATCH,,0
TXN250308JAV8ZA,,NO_MATCH,,0
TXN250308X1T70Y,,NO_MATCH,,0
ATM2503089BVVX5,,NO_MATCH,,0
ATM2503082TSHC0,,NO_MATCH,,0
TXN25030824SZ1R,,NO_MATCH,,0
ATM250308G6APQN,,NO_MATCH,,0
ATM250308OUI3CW,,NO_MATCH,,0
TXN250308VFEI07,,NO_MATCH,,0
ATM2503082KX4CE,,NO_MATCH,,0
ATM250308XGZ0M5,,NO_MATCH,,0
TXN250308CJEYTY,,NO_MATCH,,0
TXN2503083MM19E,,NO_MATCH,,0
TXN250308AN3I3L,,NO_MATCH,,0
ATM250308LK7TIW,,NO_MATCH,,0
TXN250308HWBX3V,,NO_MATCH,,0
TXN250308RH6D2D,,NO_MATCH,,0
ATM250308XTWON7,,NO_MATCH,,0
ATM250308EKY2W0,,NO_MATCH,,0
TXN250308FYH8C4,,NO_MATCH,,0
ATM250308E8MYPM,,NO_MATCH,,0
ATM2503085CHMWW,,NO_MATCH,,0
ATM250308I17NOX,,NO_MATCH,,0
ATM2503085TFF7K,,NO_MATCH,,0
ATM250308J0L15O,,NO_MATCH,,0
ATM250308LUE4Q2,,NO_MATCH,,0
ATM250308T5TVZ6,,NO_MATCH,,0
TXN250308294Y13,,NO_MATCH,,0
TXN250308U8GAQ0,,NO_MATCH,,0
TXN2503088E8ERD,,NO_MATCH,,0
TXN250308U38XBF,,NO_MATCH,,0
TXN250309ICDHZK,,NO_MATCH,,0
TXN250309QFJX7Q,,NO_MATCH,,0
TXN250309XXEY50,,NO_MATCH,,0
ATM250309IGOMXC,,NO_MATCH,,0
ATM250309RZCMRP,,NO_MATCH,,0
ATM250309WTOCXT,,NO_MATCH,,0
ATM250309AX2P00,CDR202600044644,RECEIVER_OUTGOING_ACTIVITY,254,1
TXN250309YQEEQM,,NO_MATCH,,0
TXN250309FUW8DF,,NO_MATCH,,0
ATM250309HCFSAE,,NO_MATCH,,0
TXN250309J5MBPJ,,NO_MATCH,,0
ATM250309W0CQPR,,NO_MATCH,,0
TXN250309R9SPS4,,NO_MATCH,,0
TXN250309RXI80H,,NO_MATCH,,0
ATM250309FUMGBH,,NO_MATCH,,0
TXN2503091IC9E8,,NO_MATCH,,0
TXN250309K6DOY3,CDR202600044680,RECEIVER_OUTGOING_ACTIVITY,-515,1
TXN250309GA0VUO,,NO_MATCH,,0
TXN250309183KK6,,NO_MATCH,,0
ATM250309P9L9H8,,NO_MATCH,,0
TXN250309W2AHKV,,NO_MATCH,,0
TXN250309XUS6LJ,,NO_MATCH,,0
TXN250309VBNU2L,,NO_MATCH,,0
ATM250309FZJERW,,NO_MATCH,,0
TXN250309T01IGC,,NO_MATCH,,0
ATM250309PQH6W6,,NO_MATCH,,0
TXN2503091HBGUN,,NO_MATCH,,0
TXN250309ZICX5X,,NO_MATCH,,0
ATM2503097E7TKM,,NO_MATCH,,0
TXN2503095IOGXN,,NO_MATCH,,0
TXN250309PENKQW,,NO_MATCH,,0
TXN250309OD2PQ7,,NO_MATCH,,0
TXN2503092T3YIX,,NO_MATCH,,0
TXN250309UU4QJT,,NO_MATCH,,0
TXN250309RW8Q8H,,NO_MATCH,,0
TXN250309YIVHX0,,NO_MATCH,,0
TXN250309DRODIP,,NO_MATCH,,0
ATM250309NGN6OP,,NO_MATCH,,0
ATM250309NHNEGX,,NO_MATCH,,0
TXN25030993UFY5,,NO_MATCH,,0
ATM2503099RBRS1,,NO_MATCH,,0
TXN250309XUCWQ2,,NO_MATCH,,0
TXN2503090F3ANU,,NO_MATCH,,0
ATM25030960IYTL,,NO_MATCH,,0
ATM2503099F2AV5,,NO_MATCH,,0
ATM2503092H4LVP,,NO_MATCH,,0
TXN250309DP9I4Z,,NO_MATCH,,0
ATM250309MQX5VO,,NO_MATCH,,0
ATM25030989E6ZN,,NO_MATCH,,0
TXN2503090J6TBW,,NO_MATCH,,0
ATM250309YLVLNK,,NO_MATCH,,0
ATM250309LZ03X6,,NO_MATCH,,0
ATM250309HNDK3J,,NO_MATCH,,0
ATM250309270I8B,CDR202600044772,SENDER_OUTGOING_ACTIVITY,-478,1
TXN250309QAEMWI,CDR202600044769,SENDER_OUTGOING_ACTIVITY,-880,1
TXN2503098CF2V8,,NO_MATCH,,0
TXN250309Q5HVCR,,NO_MATCH,,0
TXN2503090GQPVH,,NO_MATCH,,0
ATM2503091HF6A1,,NO_MATCH,,0
TXN2503091CVF9W,,NO_MATCH,,0
ATM2503094H7DHK,,NO_MATCH,,0
TXN2503098XIKTK,,NO_MATCH,,0
TXN250309HH0ASY,,NO_MATCH,,0
ATM250309ORGI0P,,NO_MATCH,,0
TXN250309UQLPSL,CDR202600044802,RECEIVER_INCOMING_ACTIVITY,359,1
TXN2503097H4S3H,,NO_MATCH,,0
TXN2503095XR189,,NO_MATCH,,0
TXN250309MEG140,,NO_MATCH,,0
TXN250309A1OA7P,CDR202600044799,SENDER_OUTGOING_ACTIVITY,-237,1
ATM250309YXWJBY,,NO_MATCH,,0
TXN250309LS2EGB,,NO_MATCH,,0
ATM250309VCSY3D,,NO_MATCH,,0
ATM250309DMIKQR,CDR202600044812,SENDER_INCOMING_ACTIVITY,174,1
ATM250309GME0RQ,,NO_MATCH,,0
TXN250309F0BZXU,,NO_MATCH,,0
TXN250309NLXD4P,,NO_MATCH,,0
TXN250309UPM4JS,,NO_MATCH,,0
ATM250309EBSWTZ,,NO_MATCH,,0
TXN250309PIMJU9,,NO_MATCH,,0
TXN250309AX00KR,,NO_MATCH,,0
TXN2503091L6B76,,NO_MATCH,,0
TXN250309E3MXRG,,NO_MATCH,,0
ATM250309E2FHVB,,NO_MATCH,,0
ATM2503090UQFB3,CDR202600044835,RECEIVER_INCOMING_ACTIVITY,-562,1
TXN250309XRGJQW,,NO_MATCH,,0
ATM25030917M8L2,,NO_MATCH,,0
ATM25030984UQSA,,NO_MATCH,,0
TXN2503095UWJ5F,CDR202600044857,RECEIVER_INCOMING_ACTIVITY,338,1
ATM2503096N0CD3,,NO_MATCH,,0
TXN250309WWSHWD,CDR202600044853,RECEIVER_INCOMING_ACTIVITY,-231,1
ATM250309KR686K,CDR202600044864,SENDER_OUTGOING_ACTIVITY,410,1
TXN2503095PDN1Q,,NO_MATCH,,0
TXN250309KJUV9U,,NO_MATCH,,0
ATM2503099OL609,CDR202600044874,SENDER_OUTGOING_ACTIVITY,708,1
TXN250309W608VU,,NO_MATCH,,0
ATM250309DXGKWS,,NO_MATCH,,0
ATM250309LXKVB0,,NO_MATCH,,0
ATM250309ZGTAJ3,CDR202600044888,RECEIVER_OUTGOING_ACTIVITY,56,1
TXN25030994YPIV,,NO_MATCH,,0
ATM25030954WCHP,,NO_MATCH,,0
TXN250309MBQ216,,NO_MATCH,,0
ATM2503090ZIBG0,,NO_MATCH,,0
ATM2503095MA42R,,NO_MATCH,,0
ATM250309QFK50T,,NO_MATCH,,0
ATM2503097FRZFV,,NO_MATCH,,0
ATM250309LCRLH1,,NO_MATCH,,0
TXN250309NJYLUW,,NO_MATCH,,0
TXN250309OTHO7Y,,NO_MATCH,,0
ATM250309TOPTB8,,NO_MATCH,,0
TXN250309P7E39U,,NO_MATCH,,0
TXN2503093OHSK5,,NO_MATCH,,0
ATM250309HXUUB1,,NO_MATCH,,0
TXN25030904NI24,CDR202600044913,SENDER_INCOMING_ACTIVITY,-649,1
TXN250309IB81C4,CDR202600044916,SENDER_INCOMING_ACTIVITY,-847,1
TXN2503094DF4JE,CDR202600044929,RECEIVER_OUTGOING_ACTIVITY,-256,1
TXN250309NGJUXT,,NO_MATCH,,0
TXN2503091A19YB,,NO_MATCH,,0
ATM2503096MEUT5,,NO_MATCH,,0
ATM250309F9N7HF,CDR202600044941,SENDER_OUTGOING_ACTIVITY,-60,1
TXN250309RRJLK0,,NO_MATCH,,0
TXN2503092OIU52,,NO_MATCH,,0
ATM25030934RMI8,,NO_MATCH,,0
ATM250309L3UH40,,NO_MATCH,,0
ATM2503097GJ6HE,,NO_MATCH,,0
ATM250309Z3ZIPG,,NO_MATCH,,0
ATM250309MAHBBW,CDR202600044978,RECEIVER_INCOMING_ACTIVITY,-188,1
ATM2503099REET9,,NO_MATCH,,0
TXN250309QNWJJD,,NO_MATCH,,0
ATM250309OSADGB,,NO_MATCH,,0
ATM250309YK7AKF,CDR202600044990,RECEIVER_INCOMING_ACTIVITY,-859,1
TXN2503092A0OOX,,NO_MATCH,,0
TXN2503099P1071,,NO_MATCH,,0
TXN250309WIPOO4,CDR202600044998,RECEIVER_OUTGOING_ACTIVITY,-565,1
TXN250309BSXT5H,,NO_MATCH,,0
TXN25030905B099,,NO_MATCH,,0
TXN25030976YO80,,NO_MATCH,,0
TXN2503098DBLHN,CDR202600060368,SENDER_OUTGOING_ACTIVITY,-180,1
TXN250309MFDT7B,,NO_MATCH,,0
TXN250309DC49J2,,NO_MATCH,,0
ATM250309TE80S0,,NO_MATCH,,0
ATM250309UHJMP9,,NO_MATCH,,0
ATM250309JDYLGP,,NO_MATCH,,0
TXN250309K7L9AN,CDR202600045046,SENDER_OUTGOING_ACTIVITY,-14,1
ATM2503095GZDF4,CDR202600045046,RECEIVER_INCOMING_ACTIVITY,-39,1
ATM250309C14EQC,,NO_MATCH,,0
ATM250309DV1OFR,,NO_MATCH,,0
TXN25030975VRYE,,NO_MATCH,,0
TXN250309QT3VQ5,,NO_MATCH,,0
TXN250309TC64NN,,NO_MATCH,,0
TXN250309T7JYPN,,NO_MATCH,,0
TXN250309TEF0ZU,,NO_MATCH,,0
TXN250309PW5RE9,CDR202600045074,RECEIVER_OUTGOING_ACTIVITY,153,1
ATM2503092UV967,,NO_MATCH,,0
TXN250309VKUORV,,NO_MATCH,,0
TXN250309XNM1N7,,NO_MATCH,,0
ATM250309K7WXST,,NO_MATCH,,0
TXN250309SQB2KT,,NO_MATCH,,0
TXN250309MFR1CM,CDR202600045097,SENDER_OUTGOING_ACTIVITY,-134,1
TXN250309TQGPBU,,NO_MATCH,,0
TXN2503090QQTB9,,NO_MATCH,,0
TXN250309YK4F06,,NO_MATCH,,0
TXN250309YKDLKO,,NO_MATCH,,0
TXN2503097XP543,,NO_MATCH,,0
ATM250309VQMQL4,,NO_MATCH,,0
TXN250309D7U8XB,,NO_MATCH,,0
TXN250309NNVYAI,,NO_MATCH,,0
TXN250309SA4WRU,,NO_MATCH,,0
ATM250309N2A9W5,,NO_MATCH,,0
ATM250309DRBFRT,,NO_MATCH,,0
ATM2503098EFKH5,,NO_MATCH,,0
TXN250309XY64UQ,,NO_MATCH,,0
TXN250309G16DOH,CDR202600045122,RECEIVER_OUTGOING_ACTIVITY,-712,1
TXN250309IFU4PK,,NO_MATCH,,0
ATM2503095JVYZO,,NO_MATCH,,0
ATM250309DOZ5RD,,NO_MATCH,,0
TXN250309WBUGZP,,NO_MATCH,,0
TXN250309XEO3KV,CDR202600045133,SENDER_INCOMING_ACTIVITY,-823,1
ATM250309H1696J,,NO_MATCH,,0
ATM250309KYSNAG,,NO_MATCH,,0
TXN2503097A4EN8,,NO_MATCH,,0
TXN250309GJAQQS,,NO_MATCH,,0
TXN250309G1MO24,,NO_MATCH,,0
ATM250309BZQOGX,CDR202600045174,RECEIVER_INCOMING_ACTIVITY,235,1
TXN250309RJA28L,,NO_MATCH,,0
ATM250309VJAFOM,,NO_MATCH,,0
TXN250309ASGQRR,,NO_MATCH,,0
TXN250309I1JMX0,,NO_MATCH,,0
TXN250309QOP155,CDR202600045193,RECEIVER_OUTGOING_ACTIVITY,-561,1
TXN250309ZBIRLH,CDR202600045206,RECEIVER_INCOMING_ACTIVITY,875,1
TXN250309N3CFP8,,NO_MATCH,,0
ATM250309I2EHVE,,NO_MATCH,,0
ATM250309UD3J4R,,NO_MATCH,,0
TXN250309REZXVH,,NO_MATCH,,0
TXN250309XM8H4H,,NO_MATCH,,0
ATM250309EKBN7S,,NO_MATCH,,0
ATM25030955GOMW,,NO_MATCH,,0
TXN250309UX083S,,NO_MATCH,,0
ATM2503097D34UI,,NO_MATCH,,0
ATM250309BJMIBM,,NO_MATCH,,0
ATM250309X2JBS4,,NO_MATCH,,0
TXN250309ECWBAC,,NO_MATCH,,0
TXN250309EQ4WA1,,NO_MATCH,,0
ATM250309XDE721,,NO_MATCH,,0
TXN2503091WNXBA,,NO_MATCH,,0
TXN250309GSOCIG,CDR202600045257,RECEIVER_INCOMING_ACTIVITY,292,1
ATM2503097II1KL,,NO_MATCH,,0
TXN25030965T3SV,,NO_MATCH,,0
TXN250309UI9QQ9,,NO_MATCH,,0
TXN250309FM412U,,NO_MATCH,,0
TXN250309IC077P,,NO_MATCH,,0
TXN2503098Y26GG,,NO_MATCH,,0
TXN250309QY2KPT,,NO_MATCH,,0
ATM250309TO433W,,NO_MATCH,,0
TXN250309ECNYLO,,NO_MATCH,,0
TXN250309RB0RT4,,NO_MATCH,,0
ATM250309SORHZ1,,NO_MATCH,,0
ATM250310OI1TLU,,NO_MATCH,,0
ATM250310M6LPTQ,,NO_MATCH,,0
ATM25031058B1YR,,NO_MATCH,,0
TXN2503105RDWOG,,NO_MATCH,,0
TXN2503103SXX8E,,NO_MATCH,,0
TXN250310MIDHDO,CDR202600045311,SENDER_OUTGOING_ACTIVITY,-188,1
ATM2503104VC2D5,,NO_MATCH,,0
TXN2503104I0H1R,,NO_MATCH,,0
ATM250310UZ442E,CDR202600045318,SENDER_OUTGOING_ACTIVITY,-153,1
TXN250310TFI089,,NO_MATCH,,0
TXN250310WRDZ3N,,NO_MATCH,,0
TXN250310OB0XF2,,NO_MATCH,,0
ATM2503103SXP4L,,NO_MATCH,,0
TXN250310M6E3Y4,,NO_MATCH,,0
TXN250310IV9MI5,,NO_MATCH,,0
TXN2503102C8FPJ,,NO_MATCH,,0
TXN250310A1P0ZE,,NO_MATCH,,0
ATM250310XNACZC,,NO_MATCH,,0
ATM250310GAPM1R,,NO_MATCH,,0
TXN250310T61UD5,CDR202600045363,SENDER_INCOMING_ACTIVITY,-405,1
TXN2503104SYJIM,,NO_MATCH,,0
TXN250310FSI2L0,,NO_MATCH,,0
TXN250310TSFJ0E,,NO_MATCH,,0
TXN250310AR4S3Z,,NO_MATCH,,0
ATM2503105YGXEO,,NO_MATCH,,0
TXN250310ADW2ZX,,NO_MATCH,,0
TXN2503103WNX68,,NO_MATCH,,0
ATM250310SCUPD9,CDR202600045385,RECEIVER_INCOMING_ACTIVITY,-146,1
TXN250310KDMJPB,,NO_MATCH,,0
ATM250310OEWE4C,,NO_MATCH,,0
TXN250310V0G6L3,,NO_MATCH,,0
TXN250310BX9T90,,NO_MATCH,,0
TXN25031073BJYJ,,NO_MATCH,,0
TXN250310XXFM6T,,NO_MATCH,,0
ATM250310CPLBKH,,NO_MATCH,,0
TXN250310FDWW90,,NO_MATCH,,0
TXN2503100QMIWB,,NO_MATCH,,0
ATM250310P95G7F,,NO_MATCH,,0
TXN25031006KUV3,,NO_MATCH,,0
TXN250310TOAR51,,NO_MATCH,,0
TXN250310MNJV2J,,NO_MATCH,,0
TXN25031060WX76,,NO_MATCH,,0
TXN250310882NHJ,,NO_MATCH,,0
TXN250310OGO01A,,NO_MATCH,,0
ATM2503108E3OEB,CDR202600045426,RECEIVER_INCOMING_ACTIVITY,1,1
TXN250310MM2HQV,CDR202600045425,RECEIVER_INCOMING_ACTIVITY,-24,1
ATM250310LU46IO,,NO_MATCH,,0
TXN250310IJ3QQN,,NO_MATCH,,0
TXN250310J6SAWL,,NO_MATCH,,0
TXN250310J4LIYW,,NO_MATCH,,0
TXN250310QTMD8N,,NO_MATCH,,0
TXN250310SPEX7I,,NO_MATCH,,0
TXN250310HT16VK,,NO_MATCH,,0
TXN250310YPBTFM,,NO_MATCH,,0
TXN2503109PQ0VW,,NO_MATCH,,0
ATM2503106ISML1,,NO_MATCH,,0
TXN250310KFB0H4,,NO_MATCH,,0
TXN250310VIO6QS,,NO_MATCH,,0
ATM250310G4PGVW,,NO_MATCH,,0
ATM250310GWCRAD,,NO_MATCH,,0
TXN250310CXOPV3,CDR202600045467,SENDER_OUTGOING_ACTIVITY,-762,1
TXN250310MW6801,,NO_MATCH,,0
ATM250310ICAWP4,,NO_MATCH,,0
TXN250310GP6ME0,CDR202600045471,SENDER_OUTGOING_ACTIVITY,-862,1
TXN250310WAGBI8,,NO_MATCH,,0
TXN25031080BIW2,,NO_MATCH,,0
ATM2503109TEP5H,,NO_MATCH,,0
ATM250310YGMIGF,,NO_MATCH,,0
TXN250310UHTVJH,CDR202600045500,SENDER_OUTGOING_ACTIVITY,10,1
ATM250310Z6RO42,,NO_MATCH,,0
TXN2503106BVLNL,CDR202600045496,SENDER_OUTGOING_ACTIVITY,-485,1
TXN2503106X8HSP,CDR202600045496,RECEIVER_OUTGOING_ACTIVITY,-693,1
ATM250310IDOGPS,,NO_MATCH,,0
ATM250310HAKQHY,,NO_MATCH,,0
TXN250310L09397,,NO_MATCH,,0
TXN250310PJ9UO0,,NO_MATCH,,0
ATM250310FOZ13X,CDR202600045538,RECEIVER_OUTGOING_ACTIVITY,849,1
ATM2503100RMEPT,CDR202600045532,SENDER_OUTGOING_ACTIVITY,316,1
ATM25031076ECZG,,NO_MATCH,,0
TXN250310H4XT4T,CDR202600045535,RECEIVER_OUTGOING_ACTIVITY,-692,1
TXN2503107XC7DH,,NO_MATCH,,0
ATM25031070Y017,,NO_MATCH,,0
TXN250310W1GWNU,,NO_MATCH,,0
TXN250310S3K75H,,NO_MATCH,,0
TXN250310GI9BUE,CDR202600045549,RECEIVER_OUTGOING_ACTIVITY,-204,1
TXN250310ME429W,CDR202600045556,SENDER_OUTGOING_ACTIVITY,-81,1
TXN250310Z8QX8D,,NO_MATCH,,0
TXN250310EAK7Z5,CDR202600045566,RECEIVER_INCOMING_ACTIVITY,463,1
ATM250310RAR9WG,,NO_MATCH,,0
TXN250310JC1Y61,,NO_MATCH,,0
ATM250310ZNB4AK,CDR202600045580,RECEIVER_OUTGOING_ACTIVITY,770,1
TXN250310UL8VKR,,NO_MATCH,,0
TXN250310U4NCLB,,NO_MATCH,,0
TXN250310N5RQB2,CDR202600045565,SENDER_OUTGOING_ACTIVITY,-720,1
TXN250310MNAHTT,,NO_MATCH,,0
TXN250310HATZHO,,NO_MATCH,,0
TXN250310XA5X30,,NO_MATCH,,0
TXN250310DZGZUO,,NO_MATCH,,0
TXN25031066IGYJ,CDR202600045579,RECEIVER_OUTGOING_ACTIVITY,-840,1
TXN250310JC9CGE,,NO_MATCH,,0
ATM2503102PWLZZ,CDR202600045602,SENDER_OUTGOING_ACTIVITY,897,1
ATM250310YXEWJW,,NO_MATCH,,0
ATM250310FHTOBW,,NO_MATCH,,0
ATM250310ET4JTB,,NO_MATCH,,0
TXN2503101AAB7S,,NO_MATCH,,0
ATM250310QSHTLD,,NO_MATCH,,0
TXN250310MG5OYE,,NO_MATCH,,0
ATM250310MBRHLU,CDR202600045608,RECEIVER_OUTGOING_ACTIVITY,140,1
ATM250310KCF5JD,CDR202600045620,RECEIVER_OUTGOING_ACTIVITY,616,1
ATM250310UQBQ6A,,NO_MATCH,,0
ATM250310GT6763,CDR202600045626,SENDER_INCOMING_ACTIVITY,801,1
TXN250310D6PDT0,,NO_MATCH,,0
ATM250310YUG0OJ,,NO_MATCH,,0
TXN250310Y15I8P,,NO_MATCH,,0
ATM250310YTOVA4,,NO_MATCH,,0
TXN250310S9OSWU,,NO_MATCH,,0
ATM250310GTUQ0L,,NO_MATCH,,0
ATM250310XZOKKO,,NO_MATCH,,0
TXN2503107QF7RR,CDR202600045620,SENDER_OUTGOING_ACTIVITY,-831,1
TXN25031036D2R1,,NO_MATCH,,0
ATM2503102PJYJ1,,NO_MATCH,,0
ATM250310Y5F10Q,,NO_MATCH,,0
ATM250310D02RAL,,NO_MATCH,,0
TXN2503104SBXEL,,NO_MATCH,,0
ATM2503108NJGQU,CDR202600060267,SENDER_OUTGOING_ACTIVITY,-180,1
TXN250310ZH668D,CDR202600045646,RECEIVER_INCOMING_ACTIVITY,-710,1
ATM250310WGCIWB,,NO_MATCH,,0
TXN2503100MF9BV,,NO_MATCH,,0
ATM2503106AVGDY,,NO_MATCH,,0
TXN25031087QP45,,NO_MATCH,,0
ATM250310V85BWC,,NO_MATCH,,0
TXN250310GHJKOU,CDR202600045667,SENDER_INCOMING_ACTIVITY,-675,1
ATM250310ZUBTFP,,NO_MATCH,,0
ATM2503100GD3O4,,NO_MATCH,,0
ATM2503108W247H,CDR202600045705,SENDER_INCOMING_ACTIVITY,53,1
ATM250310MO6CVI,,NO_MATCH,,0
TXN250310J8V1UQ,,NO_MATCH,,0
ATM250310YU64GW,,NO_MATCH,,0
ATM250310BQTOSC,,NO_MATCH,,0
TXN250310UN7ZLD,,NO_MATCH,,0
TXN250310IHH5WG,,NO_MATCH,,0
TXN250310244M6D,,NO_MATCH,,0
TXN250310FGSL6D,,NO_MATCH,,0
TXN25031073G6EA,,NO_MATCH,,0
ATM250310P0EPI3,CDR202600045743,SENDER_OUTGOING_ACTIVITY,239,1
TXN250310TT0YWY,,NO_MATCH,,0
TXN250310RL8Q57,CDR202600045761,SENDER_OUTGOING_ACTIVITY,805,1
TXN250310C2SAUA,,NO_MATCH,,0
ATM250310WXDAVX,CDR202600045759,SENDER_INCOMING_ACTIVITY,419,1
TXN250310EJ0C5C,CDR202600045757,RECEIVER_OUTGOING_ACTIVITY,55,1
TXN250310K1C98S,,NO_MATCH,,0
TXN250310HU94H7,,NO_MATCH,,0
ATM25031081B7QG,,NO_MATCH,,0
ATM2503107I67PE,,NO_MATCH,,0
ATM250310G6WDD0,CDR202600045770,RECEIVER_OUTGOING_ACTIVITY,-96,1
TXN250310IX3YBN,,NO_MATCH,,0
TXN2503108WY3Z7,,NO_MATCH,,0
ATM2503106ASLMJ,,NO_MATCH,,0
ATM250310PF97D2,CDR202600045782,SENDER_INCOMING_ACTIVITY,412,1
TXN250310C7FCTW,,NO_MATCH,,0
TXN250310VHNU8M,,NO_MATCH,,0
TXN250310C5WWZ0,,NO_MATCH,,0
ATM25031099ZX1G,,NO_MATCH,,0
TXN250310JF6R3U,,NO_MATCH,,0
TXN250310VXHQH6,,NO_MATCH,,0
TXN25031028AC57,CDR202600045786,SENDER_OUTGOING_ACTIVITY,-366,1
TXN250310R62H8F,,NO_MATCH,,0
TXN2503103W2LHB,,NO_MATCH,,0
ATM2503109S80ZX,,NO_MATCH,,0
ATM2503108EWPKT,,NO_MATCH,,0
TXN250310UVW8AS,,NO_MATCH,,0
ATM250310BR1D9T,,NO_MATCH,,0
TXN250310TAFI8E,,NO_MATCH,,0
TXN250310LVGBQ5,,NO_MATCH,,0
ATM250310GNIN39,CDR202600045816,SENDER_OUTGOING_ACTIVITY,-125,1
TXN250310QVYZVX,,NO_MATCH,,0
TXN250310100GZY,CDR202600045833,RECEIVER_OUTGOING_ACTIVITY,746,1
ATM250310KYHI97,,NO_MATCH,,0
TXN2503102SRBXL,,NO_MATCH,,0
TXN250310ZQUZRO,CDR202600045838,SENDER_OUTGOING_ACTIVITY,-120,1
TXN250310FWIS4K,,NO_MATCH,,0
ATM250310FRNNX6,,NO_MATCH,,0
ATM250310S8WWSB,CDR202600045832,RECEIVER_OUTGOING_ACTIVITY,-774,1
ATM2503106E7JPH,CDR202600045830,RECEIVER_INCOMING_ACTIVITY,-810,1
TXN250310G3XAIL,,NO_MATCH,,0
TXN250310JTB83L,,NO_MATCH,,0
TXN250310XULNTZ,,NO_MATCH,,0
TXN250310R4LGZR,,NO_MATCH,,0
ATM250310SOJZR0,,NO_MATCH,,0
TXN250310LMLXC3,,NO_MATCH,,0
TXN250310KYSVO1,,NO_MATCH,,0
ATM250310CYVYG5,,NO_MATCH,,0
TXN2503106WKKHK,,NO_MATCH,,0
ATM250310ZP7CTN,,NO_MATCH,,0
ATM250310KN4HWT,,NO_MATCH,,0
TXN2503103AY7LG,,NO_MATCH,,0
ATM2503100UQU1U,CDR202600045905,SENDER_INCOMING_ACTIVITY,867,1
TXN250310GO6U13,CDR202600045910,SENDER_INCOMING_ACTIVITY,881,1
TXN250310LIE543,,NO_MATCH,,0
TXN250310R6BSO6,,NO_MATCH,,0
ATM250310E384ZW,,NO_MATCH,,0
ATM250310EZSEXB,,NO_MATCH,,0
ATM250310K4M3EF,,NO_MATCH,,0
TXN250310HIHIFW,,NO_MATCH,,0
TXN250310YWXFOP,,NO_MATCH,,0
TXN250310RPNYO6,,NO_MATCH,,0
TXN250310T0B4FF,,NO_MATCH,,0
TXN250310NLYS7N,,NO_MATCH,,0
TXN25031003CRA0,CDR202600045930,SENDER_OUTGOING_ACTIVITY,-673,1
TXN2503101OFEBM,,NO_MATCH,,0
ATM2503105133VA,,NO_MATCH,,0
ATM2503103MBRPY,,NO_MATCH,,0
ATM250310QGQ7AG,,NO_MATCH,,0
ATM2503102NTWHV,,NO_MATCH,,0
ATM2503104UPFA8,,NO_MATCH,,0
ATM250310S8DI7V,CDR202600045950,RECEIVER_INCOMING_ACTIVITY,-554,1
TXN250310LL7YJF,,NO_MATCH,,0
TXN250310B6BMD3,,NO_MATCH,,0
TXN250310UA36V7,,NO_MATCH,,0
ATM250310M1MXHA,,NO_MATCH,,0
TXN250310VKWTTH,,NO_MATCH,,0
ATM250310YB8XXD,,NO_MATCH,,0
TXN250310GUM7UN,,NO_MATCH,,0
TXN2503104HDCJW,,NO_MATCH,,0
TXN250310O7LWWH,,NO_MATCH,,0
TXN250310Y1PQ2X,,NO_MATCH,,0
TXN250310O7KYVY,,NO_MATCH,,0
TXN25031163UUL7,,NO_MATCH,,0
TXN250311AR2OU5,,NO_MATCH,,0
TXN250311OXJAAL,,NO_MATCH,,0
TXN250311NN20QB,,NO_MATCH,,0
TXN250311E187GQ,,NO_MATCH,,0
ATM250311STKTRM,,NO_MATCH,,0
TXN250311IXOSRV,,NO_MATCH,,0
TXN250311PL0FH3,CDR202600046001,SENDER_OUTGOING_ACTIVITY,580,1
ATM250311LMCQY0,,NO_MATCH,,0
TXN250311P3V13M,,NO_MATCH,,0
ATM250311SDCTH0,,NO_MATCH,,0
TXN2503113UEFOF,,NO_MATCH,,0
ATM2503111P1PUM,,NO_MATCH,,0
ATM250311D094IQ,,NO_MATCH,,0
TXN25031127Q9UX,,NO_MATCH,,0
ATM250311UP02MC,,NO_MATCH,,0
TXN250311AK54DO,,NO_MATCH,,0
TXN2503110808E0,,NO_MATCH,,0
ATM250311652DZS,CDR202600046041,RECEIVER_OUTGOING_ACTIVITY,888,1
ATM25031106GQGZ,,NO_MATCH,,0
TXN250311WCN8VL,,NO_MATCH,,0
TXN250311SZC3KG,,NO_MATCH,,0
TXN250311ALCG3M,,NO_MATCH,,0
ATM25031135GA7E,,NO_MATCH,,0
ATM250311BXNYKZ,,NO_MATCH,,0
TXN250311WCGT9Y,CDR202600046066,SENDER_OUTGOING_ACTIVITY,770,1
TXN2503110FGIRE,,NO_MATCH,,0
TXN250311ZX8DHF,,NO_MATCH,,0
ATM2503112YA7R3,,NO_MATCH,,0
ATM250311D5HKA8,,NO_MATCH,,0
TXN250311JDKD8S,CDR202600046081,SENDER_INCOMING_ACTIVITY,634,1
ATM250311IK1W7M,,NO_MATCH,,0
ATM250311UBU031,,NO_MATCH,,0
TXN250311RZZPQC,,NO_MATCH,,0
TXN250311ELAN7K,,NO_MATCH,,0
ATM250311TBK6BV,,NO_MATCH,,0
ATM250311B0VRBD,,NO_MATCH,,0
TXN250311KZDMRB,,NO_MATCH,,0
ATM2503115YK1AC,,NO_MATCH,,0
TXN250311KIV6LF,,NO_MATCH,,0
TXN250311RFX94H,,NO_MATCH,,0
ATM250311JTKHGN,,NO_MATCH,,0
ATM250311OTL9ZF,,NO_MATCH,,0
ATM250311H0A88N,,NO_MATCH,,0
ATM2503110YX1IF,,NO_MATCH,,0
TXN2503117GV3ZL,,NO_MATCH,,0
TXN25031128MUBP,,NO_MATCH,,0
TXN250311KPALXK,,NO_MATCH,,0
TXN250311THMUI8,,NO_MATCH,,0
ATM25031115TX11,,NO_MATCH,,0
TXN250311LDW6QZ,,NO_MATCH,,0
TXN2503114IBJFK,,NO_MATCH,,0
TXN250311F5ZQ0C,,NO_MATCH,,0
TXN250311VIMR9P,,NO_MATCH,,0
ATM250311AXX9HC,,NO_MATCH,,0
ATM250311KO1K67,,NO_MATCH,,0
ATM250311I7WO6E,CDR202600046137,SENDER_OUTGOING_ACTIVITY,871,1
TXN2503112RZ05O,CDR202600046137,SENDER_OUTGOING_ACTIVITY,590,1
ATM250311MHMK1A,CDR202600046137,RECEIVER_INCOMING_ACTIVITY,274,1
TXN2503110WRGE9,,NO_MATCH,,0
TXN250311QMG087,,NO_MATCH,,0
TXN2503113F4MD1,,NO_MATCH,,0
TXN2503118RL2DX,,NO_MATCH,,0
ATM250311DDSXG2,,NO_MATCH,,0
ATM250311JRRW21,CDR202600046134,RECEIVER_OUTGOING_ACTIVITY,-669,1
TXN2503117N1OKL,CDR202600046146,RECEIVER_INCOMING_ACTIVITY,309,1
TXN250311SI6Y5F,,NO_MATCH,,0
ATM250311OYLA6X,,NO_MATCH,,0
TXN250311XET1O0,,NO_MATCH,,0
TXN250311JP4I9P,,NO_MATCH,,0
TXN250311XHD936,,NO_MATCH,,0
ATM250311DYGB60,,NO_MATCH,,0
TXN250311J2M5G5,,NO_MATCH,,0
TXN250311YJ85NN,,NO_MATCH,,0
ATM250311PMFYRX,CDR202600046170,SENDER_INCOMING_ACTIVITY,-348,1
TXN250311S38FWH,,NO_MATCH,,0
ATM250311OYRCVI,,NO_MATCH,,0
TXN250311CDN50C,,NO_MATCH,,0
TXN250311TJYGFV,CDR202600046186,SENDER_INCOMING_ACTIVITY,272,1
TXN250311R4D9WO,,NO_MATCH,,0
TXN2503113H40OE,CDR202600046191,RECEIVER_OUTGOING_ACTIVITY,314,1
TXN2503111Y8I5X,,NO_MATCH,,0
TXN250311YHD09L,,NO_MATCH,,0
TXN250311N0ZCZZ,,NO_MATCH,,0
ATM25031146LRXI,,NO_MATCH,,0
ATM2503113HC3BL,,NO_MATCH,,0
TXN250311XSI1B5,CDR202600046195,RECEIVER_INCOMING_ACTIVITY,-82,1
TXN250311TKJWKV,,NO_MATCH,,0
TXN250311JR5PGR,,NO_MATCH,,0
TXN250311H224WG,,NO_MATCH,,0
TXN250311LSWPU3,,NO_MATCH,,0
ATM250311CHC2N7,CDR202600046212,SENDER_INCOMING_ACTIVITY,42,1
ATM250311X5TXTQ,CDR202600046215,RECEIVER_OUTGOING_ACTIVITY,187,1
TXN250311V4968G,,NO_MATCH,,0
TXN2503114RMBUF,CDR202600046219,SENDER_OUTGOING_ACTIVITY,281,1
ATM250311WUSWEE,,NO_MATCH,,0
TXN2503115CL7VB,CDR202600046212,RECEIVER_OUTGOING_ACTIVITY,-536,1
TXN250311JIXUIU,,NO_MATCH,,0
ATM250311GB4M1S,,NO_MATCH,,0
ATM250311N94TAY,,NO_MATCH,,0
TXN250311NGYRCH,,NO_MATCH,,0
ATM250311T14L5Y,,NO_MATCH,,0
ATM250311Y07PWX,CDR202600046250,RECEIVER_OUTGOING_ACTIVITY,241,1
TXN25031151OWRM,,NO_MATCH,,0
TXN250311DPPBI5,,NO_MATCH,,0
ATM250311ELQ7DK,CDR202600046242,SENDER_OUTGOING_ACTIVITY,-214,1
TXN250311Z9UG9J,,NO_MATCH,,0
ATM250311S7DTDP,,NO_MATCH,,0
ATM250311I7FVZ3,CDR202600046274,RECEIVER_OUTGOING_ACTIVITY,373,1
TXN250311K94JK8,,NO_MATCH,,0
ATM2503113TRZEE,,NO_MATCH,,0
ATM2503110RX4CQ,,NO_MATCH,,0
TXN250311BV7TGY,,NO_MATCH,,0
ATM250311WXQ9CY,,NO_MATCH,,0
ATM250311FNR3PJ,CDR202600046272,RECEIVER_INCOMING_ACTIVITY,-889,1
TXN25031112VXVS,,NO_MATCH,,0
TXN250311U3Y9NA,,NO_MATCH,,0
TXN250311SLU2PW,,NO_MATCH,,0
TXN2503110UV8GS,,NO_MATCH,,0
TXN250311GS3KU8,,NO_MATCH,,0
ATM250311V1LURT,CDR202600046291,SENDER_OUTGOING_ACTIVITY,-469,1
TXN250311MP3RC3,,NO_MATCH,,0
TXN250311C9K8LR,CDR202600046299,SENDER_OUTGOING_ACTIVITY,-67,1
TXN250311H1EZ8K,,NO_MATCH,,0
TXN250311940ITG,,NO_MATCH,,0
ATM250311PD29L2,,NO_MATCH,,0
TXN250311I1TVQJ,,NO_MATCH,,0
TXN250311VTMLLM,,NO_MATCH,,0
TXN2503112YHV25,,NO_MATCH,,0
ATM25031151YFUA,CDR202600046324,RECEIVER_INCOMING_ACTIVITY,-639,1
ATM250311S7HY4V,,NO_MATCH,,0
TXN250311JV1W1W,,NO_MATCH,,0
TXN250311MFWA1C,CDR202600046342,SENDER_INCOMING_ACTIVITY,-275,1
ATM250311FNBQSC,,NO_MATCH,,0
TXN250311S7DR3J,,NO_MATCH,,0
ATM250311BKCC6F,,NO_MATCH,,0
TXN2503113D92XZ,CDR202600046349,RECEIVER_OUTGOING_ACTIVITY,-314,1
TXN250311I0RIKN,CDR202600046372,SENDER_OUTGOING_ACTIVITY,437,1
ATM250311PBVBDE,,NO_MATCH,,0
ATM250311IZRQFB,,NO_MATCH,,0
ATM250311OHZSLR,,NO_MATCH,,0
TXN250311R306WN,CDR202600046387,RECEIVER_INCOMING_ACTIVITY,164,1
TXN25031108QDVL,CDR202600046385,RECEIVER_OUTGOING_ACTIVITY,100,1
TXN250311FB9CGK,,NO_MATCH,,0
TXN250311ZYFOCO,,NO_MATCH,,0
TXN250311MZKW87,,NO_MATCH,,0
ATM250311WMV7LV,,NO_MATCH,,0
TXN250311ED3ZOX,,NO_MATCH,,0
ATM2503119X6I97,,NO_MATCH,,0
TXN250311U2SJ83,CDR202600046389,SENDER_INCOMING_ACTIVITY,-341,1
TXN250311AKPK7R,,NO_MATCH,,0
TXN250311QGL4O4,,NO_MATCH,,0
ATM25031100Q2VO,CDR202600046388,SENDER_OUTGOING_ACTIVITY,-749,1
ATM250311JJS9ZJ,,NO_MATCH,,0
TXN250311UII3K1,,NO_MATCH,,0
ATM25031169NOZU,,NO_MATCH,,0
TXN250311MLGVWB,CDR202600046409,SENDER_INCOMING_ACTIVITY,152,1
TXN250311JWMN3S,,NO_MATCH,,0
TXN25031132G7LS,,NO_MATCH,,0
ATM25031170W1NE,,NO_MATCH,,0
TXN250311ADY9Y0,CDR202600046427,SENDER_INCOMING_ACTIVITY,110,1
TXN250311GM6O7H,,NO_MATCH,,0
TXN250311J9FVWF,,NO_MATCH,,0
ATM250311DRQ2R3,,NO_MATCH,,0
TXN250311QKCO3C,,NO_MATCH,,0
TXN250311NAERAY,,NO_MATCH,,0
ATM250311OR015Z,,NO_MATCH,,0
TXN250311L6XU4I,,NO_MATCH,,0
TXN250311G6KOSU,CDR202600046441,RECEIVER_OUTGOING_ACTIVITY,161,1
TXN250311IF50LA,,NO_MATCH,,0
TXN25031168JCUR,,NO_MATCH,,0
TXN25031174YCHH,,NO_MATCH,,0
ATM250311VNK2SW,,NO_MATCH,,0
ATM250311T34WYC,,NO_MATCH,,0
TXN250311MPX84N,,NO_MATCH,,0
TXN250311N4U3AR,CDR202600046469,SENDER_OUTGOING_ACTIVITY,489,1
ATM250311EK0CVY,,NO_MATCH,,0
TXN250311P0CCAH,,NO_MATCH,,0
TXN250311K2ERN4,,NO_MATCH,,0
TXN2503117H6288,,NO_MATCH,,0
TXN2503112O108I,,NO_MATCH,,0
ATM250311Q701K6,,NO_MATCH,,0
ATM250311A4IHKZ,,NO_MATCH,,0
TXN250311SZQ7F4,,NO_MATCH,,0
ATM2503113R2MBO,,NO_MATCH,,0
TXN250311FWDYOL,,NO_MATCH,,0
TXN250311BMBFZL,,NO_MATCH,,0
TXN250311G4XPVS,,NO_MATCH,,0
ATM250311GPU9OF,,NO_MATCH,,0
ATM250311JS7LBN,,NO_MATCH,,0
TXN2503110B2OJP,,NO_MATCH,,0
ATM250311NY32EU,,NO_MATCH,,0
TXN250311191MHW,,NO_MATCH,,0
ATM250311FY0YJQ,CDR202600046476,SENDER_OUTGOING_ACTIVITY,-826,1
TXN250311H8ANI4,,NO_MATCH,,0
TXN25031177X76D,CDR202600046491,SENDER_INCOMING_ACTIVITY,308,1
TXN250311W5O6TT,,NO_MATCH,,0
ATM2503112Y07CT,,NO_MATCH,,0
ATM2503113N7IN6,,NO_MATCH,,0
TXN2503114IYCNJ,,NO_MATCH,,0
ATM250311V8CSNK,,NO_MATCH,,0
TXN250311ZQB7MD,CDR202600046508,SENDER_OUTGOING_ACTIVITY,862,1
TXN250311WM9NBE,,NO_MATCH,,0
ATM250311AEBKJQ,,NO_MATCH,,0
ATM250311ZDICA6,,NO_MATCH,,0
ATM250311WDH8PJ,CDR202600046513,SENDER_OUTGOING_ACTIVITY,110,1
TXN250311GZJ0N7,,NO_MATCH,,0
TXN250311B3B735,CDR202600046514,SENDER_OUTGOING_ACTIVITY,10,1
ATM25031113PIEM,,NO_MATCH,,0
TXN250311S74317,CDR202600046519,SENDER_OUTGOING_ACTIVITY,400,1
TXN250311X139SW,,NO_MATCH,,0
ATM2503115JVPUB,CDR202600046513,SENDER_INCOMING_ACTIVITY,-369,1
ATM250311CVSNKQ,CDR202600046518,RECEIVER_OUTGOING_ACTIVITY,-616,1
TXN250311G84ZSU,,NO_MATCH,,0
ATM250311RTQMKV,CDR202600046541,RECEIVER_OUTGOING_ACTIVITY,33,1
ATM250311WEJB1U,,NO_MATCH,,0
TXN250311NSZGZZ,CDR202600046549,RECEIVER_OUTGOING_ACTIVITY,703,1
ATM250311GUHRO2,,NO_MATCH,,0
TXN250311NFMR3A,,NO_MATCH,,0
TXN250311Y6N0XZ,,NO_MATCH,,0
ATM25031187973X,,NO_MATCH,,0
ATM250311U1CGN1,,NO_MATCH,,0
TXN2503119ZTZ7B,,NO_MATCH,,0
TXN250311P1LYGI,,NO_MATCH,,0
TXN250311U80X11,,NO_MATCH,,0
ATM250311X0VEVU,,NO_MATCH,,0
TXN2503115PMT6V,,NO_MATCH,,0
TXN250311JWE5XR,,NO_MATCH,,0
TXN250311YV7GAI,,NO_MATCH,,0
ATM250311490B0L,,NO_MATCH,,0
TXN250311UXGH4D,,NO_MATCH,,0
TXN2503119XNKQ5,,NO_MATCH,,0
TXN250311QVEMZD,,NO_MATCH,,0
TXN250311W0V71N,CDR202600046579,RECEIVER_INCOMING_ACTIVITY,760,1
ATM250311MXF7WZ,,NO_MATCH,,0
TXN250311CPYSQZ,,NO_MATCH,,0
TXN250311OFI18N,CDR202600046584,SENDER_INCOMING_ACTIVITY,229,1
ATM2503118WA6A3,CDR202600046584,SENDER_OUTGOING_ACTIVITY,-219,1
ATM250311VJDGHP,,NO_MATCH,,0
TXN250311FX3CZ9,,NO_MATCH,,0
TXN25031187WEJB,,NO_MATCH,,0
ATM250311L3FBTC,CDR202600046597,RECEIVER_INCOMING_ACTIVITY,-610,1
TXN250311MU4FNX,,NO_MATCH,,0
TXN2503112S6OKH,,NO_MATCH,,0
ATM250311WCA5IY,CDR202600046602,RECEIVER_INCOMING_ACTIVITY,-184,1
TXN250311DQU0CW,,NO_MATCH,,0
ATM250311JL51WX,,NO_MATCH,,0
TXN2503113A5CEZ,,NO_MATCH,,0
TXN250311239Q5D,,NO_MATCH,,0
TXN250311L5ZYO6,,NO_MATCH,,0
TXN25031122QXAD,,NO_MATCH,,0
TXN250311YEZEIL,,NO_MATCH,,0
ATM250312AVYQL4,,NO_MATCH,,0
TXN250312BWS0VH,,NO_MATCH,,0
TXN250312MNW9W4,,NO_MATCH,,0
ATM250312ZH12CN,,NO_MATCH,,0
TXN25031215N92E,,NO_MATCH,,0
TXN250312VFCCYQ,,NO_MATCH,,0
TXN250312PRJ0ZT,,NO_MATCH,,0
ATM250312CG5BNI,,NO_MATCH,,0
TXN2503122AWQYR,,NO_MATCH,,0
TXN250312WTIO4J,CDR202600046660,RECEIVER_OUTGOING_ACTIVITY,2,1
ATM2503126GF7HV,,NO_MATCH,,0
ATM2503125DPW37,CDR202600046665,SENDER_OUTGOING_ACTIVITY,702,1
TXN250312IRF1AU,,NO_MATCH,,0
ATM25031266NZHJ,,NO_MATCH,,0
TXN2503129GM1H5,,NO_MATCH,,0
TXN250312GPXIQQ,,NO_MATCH,,0
ATM250312L058FX,,NO_MATCH,,0
TXN250312DPXQIL,,NO_MATCH,,0
TXN250312I8CZZ5,,NO_MATCH,,0
ATM250312FMFRRL,,NO_MATCH,,0
TXN250312QMM0W6,,NO_MATCH,,0
TXN250312Q4SVSJ,,NO_MATCH,,0
TXN250312S6JENC,CDR202600046716,SENDER_INCOMING_ACTIVITY,217,1
ATM250312KLUFLQ,,NO_MATCH,,0
TXN250312NPOLOL,,NO_MATCH,,0
TXN250312R8HCKX,CDR202600046722,SENDER_OUTGOING_ACTIVITY,-750,1
TXN250312HSFRH1,,NO_MATCH,,0
TXN250312PC4PDQ,,NO_MATCH,,0
ATM250312LI6XY7,CDR202600046749,SENDER_OUTGOING_ACTIVITY,398,1
TXN250312IYUZFC,,NO_MATCH,,0
TXN250312KBP5SW,,NO_MATCH,,0
TXN250312L7KSEL,,NO_MATCH,,0
TXN2503123IOL2N,,NO_MATCH,,0
ATM250312LEFT5V,,NO_MATCH,,0
TXN250312LB1MYN,,NO_MATCH,,0
ATM250312XYL5RT,CDR202600046740,SENDER_OUTGOING_ACTIVITY,-822,1
TXN2503128F3VZC,CDR202600046748,SENDER_OUTGOING_ACTIVITY,-256,1
TXN250312LQP1N0,,NO_MATCH,,0
TXN2503123DTDT6,,NO_MATCH,,0
TXN2503123FM2IE,,NO_MATCH,,0
TXN250312TPLCHU,,NO_MATCH,,0
TXN250312XFVK6T,,NO_MATCH,,0
TXN250312B7XIO8,,NO_MATCH,,0
ATM250312Q5QRO7,,NO_MATCH,,0
ATM250312M5Q5AY,,NO_MATCH,,0
TXN2503120DW82M,,NO_MATCH,,0
ATM250312PAY4EE,CDR202600046778,SENDER_INCOMING_ACTIVITY,-146,1
TXN250312XUR18X,CDR202600046776,SENDER_OUTGOING_ACTIVITY,-836,1
TXN250312JE9AE1,,NO_MATCH,,0
ATM250312797XPG,,NO_MATCH,,0
TXN250312EI7VPX,,NO_MATCH,,0
TXN250312T7YDS0,,NO_MATCH,,0
ATM250312LT1GAO,,NO_MATCH,,0
TXN250312C13JCH,,NO_MATCH,,0
TXN250312AYBN11,,NO_MATCH,,0
TXN250312T5P8QY,,NO_MATCH,,0
ATM250312L5X1PG,,NO_MATCH,,0
TXN250312O8IGAM,,NO_MATCH,,0
TXN250312VG7OGL,,NO_MATCH,,0
TXN250312DO8PJX,,NO_MATCH,,0
TXN250312OBR5EE,CDR202600046845,RECEIVER_OUTGOING_ACTIVITY,590,1
TXN2503128RNJAE,,NO_MATCH,,0
TXN250312J5SVL7,,NO_MATCH,,0
TXN250312VKRY1J,,NO_MATCH,,0
TXN2503127S9HPD,,NO_MATCH,,0
TXN250312CZ0DXE,,NO_MATCH,,0
TXN25031240PHTJ,CDR202600046852,RECEIVER_OUTGOING_ACTIVITY,320,1
TXN250312H614D4,,NO_MATCH,,0
ATM2503124GJ9LE,,NO_MATCH,,0
ATM250312QN2UBA,,NO_MATCH,,0
TXN250312GHGCVR,CDR202600046862,SENDER_INCOMING_ACTIVITY,-37,1
TXN250312TKK3EZ,,NO_MATCH,,0
TXN25031277WN64,,NO_MATCH,,0
TXN250312FV6OT4,,NO_MATCH,,0
ATM250312B4Q8QM,,NO_MATCH,,0
TXN250312SRVVY5,CDR202600046871,RECEIVER_INCOMING_ACTIVITY,-214,1
ATM250312H4NT2Q,CDR202600046875,SENDER_INCOMING_ACTIVITY,-99,1
TXN250312MOOB7U,,NO_MATCH,,0
TXN250312B6WQ4Q,,NO_MATCH,,0
TXN25031221RCBP,CDR202600046875,RECEIVER_INCOMING_ACTIVITY,-718,1
TXN250312QXAWVA,CDR202600046902,RECEIVER_OUTGOING_ACTIVITY,461,1
TXN250312I4HG9F,CDR202600046885,RECEIVER_INCOMING_ACTIVITY,-620,1
ATM250312JUNIXH,CDR202600046914,RECEIVER_OUTGOING_ACTIVITY,733,1
ATM250312I9L8CK,,NO_MATCH,,0
ATM250312HEA520,CDR202600046918,RECEIVER_OUTGOING_ACTIVITY,670,1
TXN250312T1WYB3,,NO_MATCH,,0
TXN2503126PLWR5,,NO_MATCH,,0
TXN2503126E3TJO,,NO_MATCH,,0
ATM250312AP3KN5,CDR202600046933,SENDER_OUTGOING_ACTIVITY,-282,1
ATM2503127THDH4,,NO_MATCH,,0
TXN250312Z1VWKB,CDR202600046954,SENDER_OUTGOING_ACTIVITY,545,1
TXN250312JTGLQK,,NO_MATCH,,0
ATM2503127AASKJ,,NO_MATCH,,0
TXN250312USGI67,,NO_MATCH,,0
ATM250312MD8DQ5,CDR202600046946,RECEIVER_OUTGOING_ACTIVITY,-406,1
ATM250312XICZ1Q,,NO_MATCH,,0
TXN250312P30MRR,,NO_MATCH,,0
TXN250312G0XI77,,NO_MATCH,,0
TXN250312GBV7M2,,NO_MATCH,,0
ATM250312446CTY,CDR202600046962,RECEIVER_INCOMING_ACTIVITY,-171,1
TXN250312FGB0B1,,NO_MATCH,,0
TXN2503120E2U3N,CDR202600046975,RECEIVER_OUTGOING_ACTIVITY,175,1
ATM25031203PB0A,,NO_MATCH,,0
ATM250312T50603,,NO_MATCH,,0
TXN25031243HJ0M,,NO_MATCH,,0
TXN250312MX5VPQ,,NO_MATCH,,0
TXN250312OZZXPK,CDR202600046996,SENDER_OUTGOING_ACTIVITY,798,1
TXN250312YN2XB8,CDR202600060122,SENDER_OUTGOING_ACTIVITY,-420,1
ATM250312SPG1S6,,NO_MATCH,,0
TXN250312S2WQWV,,NO_MATCH,,0
ATM2503126MEDK5,CDR202600060122,RECEIVER_OUTGOING_ACTIVITY,-820,1
TXN2503123DLV5H,CDR202600046989,RECEIVER_OUTGOING_ACTIVITY,-225,1
TXN250312O6RA4U,,NO_MATCH,,0
ATM250312CLM9MZ,,NO_MATCH,,0
TXN2503122HZLRR,,NO_MATCH,,0
ATM2503121IG1BG,,NO_MATCH,,0
TXN25031204BKWV,,NO_MATCH,,0
TXN250312PABGUG,,NO_MATCH,,0
TXN250312CWHGER,,NO_MATCH,,0
ATM250312CT642D,,NO_MATCH,,0
ATM250312DOX3KY,,NO_MATCH,,0
ATM250312B60FQT,,NO_MATCH,,0
TXN250312XH52HI,,NO_MATCH,,0
TXN250312BMHQFZ,CDR202600047044,SENDER_OUTGOING_ACTIVITY,577,1
TXN250312PLXOLF,,NO_MATCH,,0
TXN250312Z9XJ37,,NO_MATCH,,0
TXN250312FSW51Z,,NO_MATCH,,0
ATM250312LEK8RG,CDR202600047056,RECEIVER_OUTGOING_ACTIVITY,557,1
TXN250312QT69JZ,CDR202600047047,RECEIVER_INCOMING_ACTIVITY,-271,1
TXN250312NYFFFY,CDR202600047057,SENDER_OUTGOING_ACTIVITY,138,1
TXN250312TXBR2Y,,NO_MATCH,,0
TXN250312AT0TC8,CDR202600047053,SENDER_OUTGOING_ACTIVITY,-197,1
ATM250312XAXBPC,CDR202600047065,SENDER_INCOMING_ACTIVITY,40,1
TXN2503123J85ES,,NO_MATCH,,0
TXN250312GPB1ZI,CDR202600047057,SENDER_OUTGOING_ACTIVITY,-736,1
TXN250312CXLIJO,,NO_MATCH,,0
TXN2503127X9HVL,,NO_MATCH,,0
TXN250312WSFHOC,,NO_MATCH,,0
ATM250312395H5V,,NO_MATCH,,0
TXN2503121P3MHK,,NO_MATCH,,0
TXN2503127GDITK,,NO_MATCH,,0
TXN250312AHA9CG,,NO_MATCH,,0
ATM250312BUT0XZ,CDR202600047081,SENDER_OUTGOING_ACTIVITY,-741,1
TXN250312AAG2I3,,NO_MATCH,,0
TXN250312YZDJ1J,,NO_MATCH,,0
TXN250312A1DJAN,,NO_MATCH,,0
ATM2503126WZ6OT,,NO_MATCH,,0
TXN250312QN47V9,,NO_MATCH,,0
ATM250312QZE0AU,,NO_MATCH,,0
ATM250312KG5DE6,,NO_MATCH,,0
ATM2503122XZXUE,,NO_MATCH,,0
TXN250312UZ9HFU,,NO_MATCH,,0
ATM250312DTGG4O,,NO_MATCH,,0
ATM250312MV1VW8,,NO_MATCH,,0
ATM250312AWSYOP,,NO_MATCH,,0
ATM2503121VBQGZ,,NO_MATCH,,0
ATM250312K14ZWQ,,NO_MATCH,,0
TXN250312D0DC27,,NO_MATCH,,0
TXN2503121ZWWDZ,CDR202600047116,SENDER_INCOMING_ACTIVITY,-762,1
TXN250312YS8YM5,,NO_MATCH,,0
TXN250312Q2TXNP,CDR202600047130,RECEIVER_OUTGOING_ACTIVITY,15,1
ATM2503125IMSD1,,NO_MATCH,,0
ATM250312ICM2K8,,NO_MATCH,,0
TXN250312S3RNJ0,,NO_MATCH,,0
TXN250312AMB0EG,,NO_MATCH,,0
ATM250312SD26ZV,,NO_MATCH,,0
TXN250312PL6RA3,,NO_MATCH,,0
ATM250312C9O0RY,,NO_MATCH,,0
ATM250312K8ZQQ5,,NO_MATCH,,0
TXN2503120MWL3Z,,NO_MATCH,,0
TXN250312YTFKKA,,NO_MATCH,,0
ATM250312KSDATJ,,NO_MATCH,,0
TXN250312AMO293,,NO_MATCH,,0
TXN250312PH29K7,,NO_MATCH,,0
TXN250312G8MTKS,,NO_MATCH,,0
TXN2503124HOBQ8,,NO_MATCH,,0
ATM250312U7H8TX,,NO_MATCH,,0
TXN250312RI5TQ0,,NO_MATCH,,0
TXN2503124MWGU4,,NO_MATCH,,0
ATM250312U3EK9Y,CDR202600060494,SENDER_OUTGOING_ACTIVITY,-71,1
TXN250312EQU8JI,,NO_MATCH,,0
TXN2503120UA1WH,,NO_MATCH,,0
TXN250312CAMQ0E,,NO_MATCH,,0
TXN250312ZN8HA7,CDR202600047157,SENDER_OUTGOING_ACTIVITY,-797,1
TXN250312GRR80Y,,NO_MATCH,,0
ATM250312MQRU50,,NO_MATCH,,0
TXN250312D6NNSH,,NO_MATCH,,0
TXN2503126NKHR0,CDR202600060211,SENDER_OUTGOING_ACTIVITY,-660,1
TXN250312LSTFD4,CDR202600047178,RECEIVER_OUTGOING_ACTIVITY,344,1
ATM250312GV5L1T,,NO_MATCH,,0
TXN250312IQZKZS,CDR202600047178,RECEIVER_OUTGOING_ACTIVITY,224,1
TXN250312BGVPMG,CDR202600047178,RECEIVER_OUTGOING_ACTIVITY,164,1
ATM250312821J9I,,NO_MATCH,,0
ATM2503120DCLEG,CDR202600047180,SENDER_OUTGOING_ACTIVITY,115,1
TXN250312PMR44B,CDR202600047178,RECEIVER_OUTGOING_ACTIVITY,-316,1
ATM250312226OHC,,NO_MATCH,,0
TXN2503126K84SQ,,NO_MATCH,,0
TXN2503127T1ZUT,,NO_MATCH,,0
TXN250312807OMF,,NO_MATCH,,0
TXN250312P0LTX2,CDR202600047198,SENDER_INCOMING_ACTIVITY,697,1
TXN250312831TH8,,NO_MATCH,,0
TXN250312CPBYUP,CDR202600047189,RECEIVER_OUTGOING_ACTIVITY,-390,1
TXN2503127G0IMA,,NO_MATCH,,0
ATM250312QAYEBN,CDR202600047194,SENDER_OUTGOING_ACTIVITY,-478,1
TXN250312QRZDAB,,NO_MATCH,,0
ATM25031216UI5J,,NO_MATCH,,0
ATM250312WQHJBV,,NO_MATCH,,0
TXN2503123RWWQF,,NO_MATCH,,0
TXN250312IYRKVI,,NO_MATCH,,0
ATM2503121B4I6F,,NO_MATCH,,0
ATM250312FG164I,,NO_MATCH,,0
ATM250312T5FRIG,,NO_MATCH,,0
ATM250312VF3V5C,,NO_MATCH,,0
ATM250312LAE0KR,,NO_MATCH,,0
ATM250312WC0XTW,,NO_MATCH,,0
ATM2503128T968S,CDR202600047237,SENDER_OUTGOING_ACTIVITY,723,1
ATM250312NBICHN,,NO_MATCH,,0
TXN250312T7Y40I,CDR202600047236,RECEIVER_INCOMING_ACTIVITY,149,1
TXN250312TI73XU,,NO_MATCH,,0
TXN2503124UKXPL,,NO_MATCH,,0
TXN2503128FZKA0,,NO_MATCH,,0
TXN250312438Y22,CDR202600047265,SENDER_OUTGOING_ACTIVITY,187,1
TXN250312YW02IG,,NO_MATCH,,0
TXN25031249ZH4R,,NO_MATCH,,0
TXN2503127AY1MC,,NO_MATCH,,0
ATM250312VFB8WI,,NO_MATCH,,0
TXN250312T7RLEI,,NO_MATCH,,0
TXN2503127N79BQ,,NO_MATCH,,0
TXN250312PRV85A,CDR202600060344,SENDER_OUTGOING_ACTIVITY,-60,1
TXN2503123JT97S,,NO_MATCH,,0
TXN250312T3CLCJ,,NO_MATCH,,0
TXN250312N14N8C,,NO_MATCH,,0
TXN250312TT4UKH,,NO_MATCH,,0
TXN250312Z1NPFJ,,NO_MATCH,,0
ATM250312Q3YOOA,,NO_MATCH,,0
ATM250312IQD3E0,,NO_MATCH,,0
TXN250313R1FVD2,,NO_MATCH,,0
TXN250313BJPUZF,,NO_MATCH,,0
TXN250313EOUUTA,,NO_MATCH,,0
TXN250313OH18QU,,NO_MATCH,,0
TXN250313D69MEL,,NO_MATCH,,0
ATM250313PQOI4V,,NO_MATCH,,0
TXN250313CYV41V,,NO_MATCH,,0
TXN250313G0NZN7,CDR202600047331,RECEIVER_INCOMING_ACTIVITY,-451,1
ATM2503136DDX53,,NO_MATCH,,0
TXN250313Z95UYV,,NO_MATCH,,0
TXN250313WK8ROG,,NO_MATCH,,0
TXN2503130LEENE,,NO_MATCH,,0
TXN250313NKK4LU,,NO_MATCH,,0
TXN2503139NSHQH,,NO_MATCH,,0
ATM25031333SGRX,,NO_MATCH,,0
TXN250313SP9HOL,,NO_MATCH,,0
TXN250313X2MEPC,,NO_MATCH,,0
TXN2503133BYOAY,,NO_MATCH,,0
TXN25031379THH8,,NO_MATCH,,0
TXN250313ODNEI1,,NO_MATCH,,0
ATM250313A6A4JD,,NO_MATCH,,0
ATM250313G6DVMP,,NO_MATCH,,0
ATM250313EJMOY5,,NO_MATCH,,0
ATM250313M095ZY,,NO_MATCH,,0
ATM250313ZHBN5C,,NO_MATCH,,0
ATM250313KQV9J8,,NO_MATCH,,0
TXN250313DDP4MH,,NO_MATCH,,0
ATM250313OQPZUO,,NO_MATCH,,0
ATM250313VOYPY3,,NO_MATCH,,0
ATM250313EYVPTX,,NO_MATCH,,0
ATM250313J0Q9A9,,NO_MATCH,,0
ATM250313OOSX9Y,,NO_MATCH,,0
ATM250313U2AY6I,,NO_MATCH,,0
TXN2503132HVZFS,,NO_MATCH,,0
TXN250313I4SSXQ,,NO_MATCH,,0
ATM250313NDZSX1,,NO_MATCH,,0
ATM250313GTS21R,,NO_MATCH,,0
ATM25031314H0FN,,NO_MATCH,,0
TXN250313L5PONH,,NO_MATCH,,0
TXN250313AV7JYB,,NO_MATCH,,0
ATM2503136YTXQ9,,NO_MATCH,,0
ATM250313XRQNUQ,,NO_MATCH,,0
TXN2503133I1OO8,,NO_MATCH,,0
TXN250313ZOFRPG,,NO_MATCH,,0
ATM250313047J1Y,,NO_MATCH,,0
ATM250313QKA7KG,,NO_MATCH,,0
ATM250313J8QJNF,,NO_MATCH,,0
ATM2503132T8QJ5,,NO_MATCH,,0
ATM250313QMTWKE,,NO_MATCH,,0
ATM250313TG6NYD,,NO_MATCH,,0
ATM250313YFBD8S,,NO_MATCH,,0
ATM250313B5P766,,NO_MATCH,,0
TXN250313B9B7TX,,NO_MATCH,,0
TXN250313RMD682,,NO_MATCH,,0
TXN250313QCE6C0,CDR202600047421,RECEIVER_INCOMING_ACTIVITY,-183,1
TXN250313BXTLCW,,NO_MATCH,,0
TXN250313XEUII8,,NO_MATCH,,0
ATM25031379J7VP,CDR202600047423,RECEIVER_OUTGOING_ACTIVITY,-148,1
TXN250313YSJ3BU,,NO_MATCH,,0
ATM25031346V7KL,,NO_MATCH,,0
ATM2503130Q502I,,NO_MATCH,,0
TXN250313IAZYLM,CDR202600047436,SENDER_OUTGOING_ACTIVITY,10,1
TXN250313KJF3SZ,,NO_MATCH,,0
ATM250313BPO4TY,CDR202600047452,SENDER_OUTGOING_ACTIVITY,731,1
ATM250313CNLK3M,,NO_MATCH,,0
ATM2503136VI4Y8,,NO_MATCH,,0
TXN250313MEV7BH,CDR202600047458,RECEIVER_OUTGOING_ACTIVITY,530,1
TXN250313C8UREQ,,NO_MATCH,,0
TXN2503137DP2T3,,NO_MATCH,,0
TXN250313PLTYNT,,NO_MATCH,,0
TXN2503139G7DEC,,NO_MATCH,,0
TXN25031368OQWX,,NO_MATCH,,0
TXN250313ZBI27W,CDR202600047457,SENDER_OUTGOING_ACTIVITY,-644,1
TXN250313IFDZGW,,NO_MATCH,,0
TXN2503135MAQRJ,,NO_MATCH,,0
ATM250313LOQ7Y6,CDR202600047468,SENDER_OUTGOING_ACTIVITY,249,1
TXN250313PCHRXC,,NO_MATCH,,0
TXN25031315KU12,,NO_MATCH,,0
TXN250313JNGRQT,,NO_MATCH,,0
ATM250313GA78TI,,NO_MATCH,,0
ATM250313UN6TXF,,NO_MATCH,,0
TXN250313ZPJMLK,,NO_MATCH,,0
TXN250313ZPK60E,,NO_MATCH,,0
TXN250313M22SMR,,NO_MATCH,,0
TXN250313Z31I6O,CDR202600047479,RECEIVER_OUTGOING_ACTIVITY,90,1
TXN25031320880H,,NO_MATCH,,0
ATM250313G59NW3,,NO_MATCH,,0
TXN250313PLNI4G,,NO_MATCH,,0
TXN250313XOQDOT,,NO_MATCH,,0
ATM2503132KUICQ,,NO_MATCH,,0
TXN2503131VAANS,,NO_MATCH,,0
TXN2503134JE6TQ,,NO_MATCH,,0
TXN2503138H1IGE,,NO_MATCH,,0
TXN2503136IML6N,,NO_MATCH,,0
TXN250313SCS1ZT,,NO_MATCH,,0
TXN250313LGV9SN,,NO_MATCH,,0
TXN250313BDJQMF,,NO_MATCH,,0
TXN250313UGWDUT,CDR202600060360,SENDER_OUTGOING_ACTIVITY,-180,1
TXN250313T4086J,,NO_MATCH,,0
ATM250313EH1GIX,CDR202600047519,SENDER_OUTGOING_ACTIVITY,221,1
TXN250313SGL97U,,NO_MATCH,,0
ATM250313SZRSMM,,NO_MATCH,,0
TXN2503130JCJUR,,NO_MATCH,,0
TXN2503138IFYGG,CDR202600047511,RECEIVER_INCOMING_ACTIVITY,-636,1
ATM25031378O1PN,,NO_MATCH,,0
TXN250313FAQX6B,,NO_MATCH,,0
TXN250313EQ9VX6,,NO_MATCH,,0
TXN250313NQVE5P,CDR202600047534,RECEIVER_INCOMING_ACTIVITY,-55,1
ATM250313IB02KH,,NO_MATCH,,0
TXN250313YAFKK5,,NO_MATCH,,0
TXN250313HCFFFY,,NO_MATCH,,0
TXN2503131IADCZ,,NO_MATCH,,0
ATM250313OIRGDN,,NO_MATCH,,0
ATM250313RC6WTI,CDR202600047564,RECEIVER_INCOMING_ACTIVITY,177,1
TXN250313S4S773,,NO_MATCH,,0
TXN250313NPBMV2,,NO_MATCH,,0
ATM250313D26Y8U,,NO_MATCH,,0
TXN250313THZI8P,CDR202600047571,RECEIVER_INCOMING_ACTIVITY,-401,1
TXN250313SS0UDC,,NO_MATCH,,0
ATM250313DH9BDQ,,NO_MATCH,,0
ATM250313PLU8C5,,NO_MATCH,,0
ATM250313TPDTXB,CDR202600047587,RECEIVER_INCOMING_ACTIVITY,331,1
TXN250313G13PCD,CDR202600047599,SENDER_OUTGOING_ACTIVITY,895,1
TXN250313C0KMA1,,NO_MATCH,,0
TXN2503134FKJ3G,,NO_MATCH,,0
TXN250313JR26C7,,NO_MATCH,,0
TXN250313OZCFGO,,NO_MATCH,,0
ATM2503132L24E3,,NO_MATCH,,0
TXN250313J5HKPX,CDR202600047616,SENDER_OUTGOING_ACTIVITY,746,1
ATM25031317Q3CX,CDR202600047623,SENDER_OUTGOING_ACTIVITY,472,1
TXN250313EPSOZ6,,NO_MATCH,,0
TXN250313S4TTE7,CDR202600047610,RECEIVER_OUTGOING_ACTIVITY,-329,1
ATM250313LGCBW8,CDR202600047625,RECEIVER_INCOMING_ACTIVITY,-59,1
TXN250313HCGK3G,CDR202600047629,SENDER_OUTGOING_ACTIVITY,114,1
TXN250313DALQ0L,,NO_MATCH,,0
TXN250313JZ1YJO,CDR202600047630,SENDER_INCOMING_ACTIVITY,10,1
TXN2503139MB9ZE,,NO_MATCH,,0
TXN250313YY6CYR,CDR202600047636,RECEIVER_OUTGOING_ACTIVITY,77,1
ATM2503137R6880,,NO_MATCH,,0
TXN250313GGH0UB,CDR202600047645,RECEIVER_INCOMING_ACTIVITY,494,1
ATM2503132F2EDY,,NO_MATCH,,0
TXN250313DQEU44,,NO_MATCH,,0
TXN250313FFKW8I,,NO_MATCH,,0
TXN2503131D5A1H,CDR202600047664,RECEIVER_INCOMING_ACTIVITY,603,1
TXN250313O19CMV,,NO_MATCH,,0
TXN250313SW0POS,,NO_MATCH,,0
ATM2503131XK03N,,NO_MATCH,,0
ATM250313N0K0ZC,,NO_MATCH,,0
TXN250313XRKXEK,CDR202600047679,SENDER_INCOMING_ACTIVITY,897,1
ATM250313IM6ZW3,,NO_MATCH,,0
ATM25031300XWR8,,NO_MATCH,,0
TXN2503139XVYXZ,,NO_MATCH,,0
TXN2503138IQV8I,CDR202600047673,RECEIVER_INCOMING_ACTIVITY,-301,1
TXN250313WPASI3,,NO_MATCH,,0
TXN2503135WQ024,CDR202600047666,SENDER_OUTGOING_ACTIVITY,-868,1
ATM250313QKI01E,,NO_MATCH,,0
TXN250313H8ZA7O,,NO_MATCH,,0
ATM250313MGT7XF,,NO_MATCH,,0
TXN2503137T9H94,,NO_MATCH,,0
TXN25031372DGG7,,NO_MATCH,,0
TXN2503138IV9JE,CDR202600047695,SENDER_OUTGOING_ACTIVITY,168,1
ATM2503135Q7RP2,,NO_MATCH,,0
TXN250313N9E8OP,CDR202600047699,SENDER_OUTGOING_ACTIVITY,-232,1
ATM250313ERUI6P,,NO_MATCH,,0
ATM250313U187L6,,NO_MATCH,,0
TXN250313JXVOQ7,,NO_MATCH,,0
TXN2503135QQ198,CDR202600047723,SENDER_OUTGOING_ACTIVITY,664,1
TXN2503134B0HSF,,NO_MATCH,,0
TXN250313A7JO4O,CDR202600047712,SENDER_INCOMING_ACTIVITY,-542,1
TXN250313ASLXOF,,NO_MATCH,,0
TXN250313L3854O,,NO_MATCH,,0
ATM250313TUOXPE,,NO_MATCH,,0
ATM250313B92DDU,,NO_MATCH,,0
TXN250313ZHEU6K,,NO_MATCH,,0
TXN2503131VODSQ,,NO_MATCH,,0
ATM250313B6EZP7,CDR202600047743,RECEIVER_OUTGOING_ACTIVITY,-138,1
ATM2503134SWUF4,,NO_MATCH,,0
ATM250313SW4P1G,CDR202600047750,RECEIVER_INCOMING_ACTIVITY,29,1
TXN250313QNGVEU,,NO_MATCH,,0
ATM250313OFF6VT,,NO_MATCH,,0
TXN250313WR7L39,,NO_MATCH,,0
TXN250313JQZN59,,NO_MATCH,,0
TXN250313H3QRHR,,NO_MATCH,,0
TXN2503132H76CI,,NO_MATCH,,0
ATM250313QC4SEC,CDR202600047779,RECEIVER_INCOMING_ACTIVITY,544,1
ATM25031302M1DT,,NO_MATCH,,0
TXN2503136B4T8R,,NO_MATCH,,0
TXN25031374GXP8,,NO_MATCH,,0
TXN250313OAKD15,,NO_MATCH,,0
TXN2503134MTYN6,,NO_MATCH,,0
TXN250313ZARZLV,CDR202600047782,SENDER_OUTGOING_ACTIVITY,-822,1
TXN2503132SYFTE,CDR202600047787,RECEIVER_OUTGOING_ACTIVITY,-479,1
TXN250313606AVJ,,NO_MATCH,,0
ATM250313SRLFTJ,CDR202600047828,RECEIVER_INCOMING_ACTIVITY,712,1
TXN250313SC5KQL,,NO_MATCH,,0
TXN250313RMJZRJ,,NO_MATCH,,0
TXN250313NXXXNB,CDR202600047827,SENDER_INCOMING_ACTIVITY,-608,1
TXN250313275J94,,NO_MATCH,,0
TXN2503130BNCEY,,NO_MATCH,,0
TXN250313I4YI0T,,NO_MATCH,,0
TXN2503138MZS7E,,NO_MATCH,,0
TXN250313UYY3KO,,NO_MATCH,,0
TXN250313VZ5RYS,,NO_MATCH,,0
ATM2503134LPQBR,,NO_MATCH,,0
TXN250313F8PFZB,CDR202600047846,SENDER_OUTGOING_ACTIVITY,68,1
TXN250313O2OQ4U,,NO_MATCH,,0
TXN25031346NJJT,,NO_MATCH,,0
ATM250313FECDNC,,NO_MATCH,,0
ATM25031350Y2KA,,NO_MATCH,,0
TXN2503134MKZ0C,,NO_MATCH,,0
TXN2503138WJUH9,CDR202600047865,SENDER_OUTGOING_ACTIVITY,147,1
ATM250313SP7G4B,,NO_MATCH,,0
TXN250313FTPRRB,,NO_MATCH,,0
TXN2503138RAWHB,,NO_MATCH,,0
TXN250313KCYASY,,NO_MATCH,,0
ATM250313YKYQTZ,CDR202600047874,SENDER_OUTGOING_ACTIVITY,677,1
ATM250313DF93NZ,,NO_MATCH,,0
ATM250313YBH3RN,,NO_MATCH,,0
TXN250313WB9H16,,NO_MATCH,,0
TXN250313C5DASC,CDR202600047880,RECEIVER_OUTGOING_ACTIVITY,700,1
TXN2503135L71HQ,,NO_MATCH,,0
TXN2503131I61CW,,NO_MATCH,,0
TXN250313CG8WK1,,NO_MATCH,,0
TXN250313ME85S0,,NO_MATCH,,0
ATM250313IT7MIZ,,NO_MATCH,,0
TXN250313EIJWQS,,NO_MATCH,,0
ATM2503133Z2KS9,,NO_MATCH,,0
TXN250313PJV2DS,,NO_MATCH,,0
TXN2503136OX6H2,,NO_MATCH,,0
TXN250313N2D5RO,,NO_MATCH,,0
TXN250313ZKXLDP,,NO_MATCH,,0
ATM250313EUFUPD,,NO_MATCH,,0
TXN250313LLBNON,,NO_MATCH,,0
TXN250313MZE798,,NO_MATCH,,0
TXN250313PDK101,,NO_MATCH,,0
TXN250313GMAOXL,,NO_MATCH,,0
TXN250313PZ0M7H,,NO_MATCH,,0
ATM2503135SCE93,,NO_MATCH,,0
ATM25031339N0PS,,NO_MATCH,,0
TXN250313MAYD2Y,,NO_MATCH,,0
ATM25031351NB0H,,NO_MATCH,,0
ATM250313GX8H28,,NO_MATCH,,0
ATM2503130CSI9I,,NO_MATCH,,0
ATM250313S778ON,,NO_MATCH,,0
ATM250313ZTM0OF,,NO_MATCH,,0
TXN2503136WG7WT,,NO_MATCH,,0
TXN250313ONU9S9,,NO_MATCH,,0
ATM250313VL2LKK,CDR202600047949,SENDER_OUTGOING_ACTIVITY,433,1
ATM25031335WWJF,,NO_MATCH,,0
TXN250313IMZ9QP,,NO_MATCH,,0
TXN250313UMCL5V,,NO_MATCH,,0
TXN250313902E79,,NO_MATCH,,0
TXN250313UBACVP,,NO_MATCH,,0
TXN250313UJMO7C,,NO_MATCH,,0
TXN2503135QH3ED,,NO_MATCH,,0
TXN250313OTRTIZ,,NO_MATCH,,0
ATM250313YIJPOR,,NO_MATCH,,0
ATM2503130QJ2MJ,,NO_MATCH,,0
TXN250313D6A9BT,,NO_MATCH,,0
TXN250313ZIGG30,,NO_MATCH,,0
ATM2503136ROJ3Y,,NO_MATCH,,0
TXN25031361N1JH,CDR202600047984,RECEIVER_OUTGOING_ACTIVITY,214,1
ATM250314S6IFWY,,NO_MATCH,,0
ATM250314PZC32E,,NO_MATCH,,0
TXN250314SNKQXP,,NO_MATCH,,0
TXN250314OVPW7L,,NO_MATCH,,0
TXN2503145W8NBX,,NO_MATCH,,0
TXN250314QDIGF8,,NO_MATCH,,0
TXN250314OPKVDF,,NO_MATCH,,0
ATM2503143W313A,,NO_MATCH,,0
TXN250314SYNTHQ,,NO_MATCH,,0
TXN250314NP7AYI,,NO_MATCH,,0
TXN2503143PEL22,,NO_MATCH,,0
ATM250314G6RYS9,,NO_MATCH,,0
TXN2503144HVT85,,NO_MATCH,,0
ATM250314TP8D9N,,NO_MATCH,,0
TXN2503141L8F8F,,NO_MATCH,,0
TXN250314M8NKUJ,,NO_MATCH,,0
TXN250314OZZT25,,NO_MATCH,,0
TXN250314PU94YQ,,NO_MATCH,,0
ATM250314OXAQ6M,,NO_MATCH,,0
ATM250314P3C8JJ,,NO_MATCH,,0
TXN25031418YG7E,,NO_MATCH,,0
TXN250314MQI2PY,,NO_MATCH,,0
ATM25031476AEIG,CDR202600048047,RECEIVER_OUTGOING_ACTIVITY,-345,1
ATM2503148NYCJR,CDR202600048049,RECEIVER_INCOMING_ACTIVITY,-322,1
TXN2503143OY298,,NO_MATCH,,0
ATM2503146TN5KM,,NO_MATCH,,0
TXN250314DW8NAY,,NO_MATCH,,0
TXN250314T156C3,CDR202600048055,SENDER_INCOMING_ACTIVITY,-216,1
TXN250314A1F26S,CDR202600048077,SENDER_OUTGOING_ACTIVITY,869,1
TXN250314O6DVGO,,NO_MATCH,,0
TXN2503145OJ9FK,CDR202600048065,SENDER_OUTGOING_ACTIVITY,-717,1
TXN2503145Q711A,,NO_MATCH,,0
TXN250314Y7XSHC,,NO_MATCH,,0
ATM250314YZQWHD,,NO_MATCH,,0
ATM250314Y1AJ9B,,NO_MATCH,,0
ATM2503149JJ1EM,,NO_MATCH,,0
TXN250314T6H3VK,,NO_MATCH,,0
TXN250314NOBR57,CDR202600048099,RECEIVER_INCOMING_ACTIVITY,872,1
TXN250314RVSRVK,,NO_MATCH,,0
ATM250314JYRRIW,,NO_MATCH,,0
TXN250314ZK3H5Y,,NO_MATCH,,0
ATM250314VIIISQ,,NO_MATCH,,0
TXN250314ZB65GO,,NO_MATCH,,0
TXN250314ZYM716,CDR202600048119,SENDER_INCOMING_ACTIVITY,39,1
ATM250314TUOVK2,,NO_MATCH,,0
TXN250314RF46AY,,NO_MATCH,,0
TXN250314J2KVON,,NO_MATCH,,0
ATM250314QT3E3Z,,NO_MATCH,,0
TXN250314HRX1WO,CDR202600048144,SENDER_OUTGOING_ACTIVITY,-270,1
ATM250314I4S4A8,,NO_MATCH,,0
ATM250314N1N6MQ,CDR202600048152,RECEIVER_INCOMING_ACTIVITY,-84,1
TXN250314TGZ20W,,NO_MATCH,,0
TXN25031460P86Y,,NO_MATCH,,0
ATM250314KCR9XD,,NO_MATCH,,0
ATM250314H3Q9W9,,NO_MATCH,,0
ATM250314QIE6O8,CDR202600048175,SENDER_OUTGOING_ACTIVITY,597,1
TXN2503144G45H7,,NO_MATCH,,0
TXN250314QNNI4Z,,NO_MATCH,,0
TXN250314LMHSDK,,NO_MATCH,,0
ATM250314R9J0BQ,CDR202600060564,SENDER_OUTGOING_ACTIVITY,-480,1
TXN250314W9P8BI,,NO_MATCH,,0
ATM250314HJ6BYD,,NO_MATCH,,0
TXN2503145Q7YCP,,NO_MATCH,,0
ATM250314PU62DN,,NO_MATCH,,0
TXN250314F2PCN4,,NO_MATCH,,0
TXN250314PDNGX7,,NO_MATCH,,0
TXN250314DFK02N,,NO_MATCH,,0
TXN250314V682J9,,NO_MATCH,,0
TXN2503146IBK0D,CDR202600048207,RECEIVER_INCOMING_ACTIVITY,785,1
TXN250314X56A37,CDR202600048207,RECEIVER_INCOMING_ACTIVITY,665,1
ATM2503148B51AH,,NO_MATCH,,0
TXN250314AR90RT,CDR202600048207,RECEIVER_INCOMING_ACTIVITY,485,1
TXN250314ZG2EEL,CDR202600048207,RECEIVER_INCOMING_ACTIVITY,-115,1
TXN2503148KAR48,,NO_MATCH,,0
ATM250314J10IBS,CDR202600048207,SENDER_OUTGOING_ACTIVITY,-534,1
TXN2503140MEQMX,CDR202600048207,RECEIVER_INCOMING_ACTIVITY,-595,1
ATM2503145G4ZFW,,NO_MATCH,,0
TXN250314U0SCS6,CDR202600048220,SENDER_INCOMING_ACTIVITY,630,1
TXN25031487LC8O,,NO_MATCH,,0
ATM2503149BKD82,,NO_MATCH,,0
TXN25031406YTR5,,NO_MATCH,,0
TXN2503147XB1LV,,NO_MATCH,,0
TXN2503140ELV8M,CDR202600048228,RECEIVER_OUTGOING_ACTIVITY,778,1
ATM250314I0TMTP,,NO_MATCH,,0
TXN250314U3MO3O,,NO_MATCH,,0
ATM25031417LKZV,,NO_MATCH,,0
TXN250314S9AD62,CDR202600048226,RECEIVER_OUTGOING_ACTIVITY,283,1
TXN250314VCN3SG,CDR202600048226,RECEIVER_OUTGOING_ACTIVITY,223,1
TXN250314BGI3R9,CDR202600048233,SENDER_INCOMING_ACTIVITY,389,1
TXN250314HVNN5P,,NO_MATCH,,0
TXN250314OX8GCB,,NO_MATCH,,0
ATM25031497LY7M,,NO_MATCH,,0
ATM250314QTX7YC,CDR202600048247,RECEIVER_INCOMING_ACTIVITY,559,1
ATM250314Z1LD8M,,NO_MATCH,,0
ATM2503141VPXPB,,NO_MATCH,,0
ATM2503141B3TCR,,NO_MATCH,,0
TXN2503146HZN9D,,NO_MATCH,,0
ATM250314N976AM,,NO_MATCH,,0
TXN250314XTRW1D,,NO_MATCH,,0
TXN250314I4SX77,,NO_MATCH,,0
TXN2503147MX77H,,NO_MATCH,,0
ATM250314FSJV8Z,CDR202600048263,RECEIVER_INCOMING_ACTIVITY,732,1
TXN250314C92CGU,,NO_MATCH,,0
TXN250314AUDBMQ,,NO_MATCH,,0
TXN250314FYYME2,,NO_MATCH,,0
TXN25031487VK9M,,NO_MATCH,,0
ATM250314NBG35Y,CDR202600048275,SENDER_INCOMING_ACTIVITY,872,1
TXN2503146YR8JA,,NO_MATCH,,0
TXN250314JV5458,,NO_MATCH,,0
ATM250314SNK2T1,CDR202600048279,RECEIVER_INCOMING_ACTIVITY,-303,1
TXN2503148SBQDY,CDR202600048275,RECEIVER_OUTGOING_ACTIVITY,-501,1
TXN250314ACG08E,CDR202600048286,SENDER_INCOMING_ACTIVITY,-313,1
TXN250314566XTW,CDR202600048292,RECEIVER_INCOMING_ACTIVITY,-477,1
ATM250314MARBLU,,NO_MATCH,,0
ATM2503145VGMKF,,NO_MATCH,,0
TXN2503146X5K4T,,NO_MATCH,,0
TXN250314Z7VXVU,,NO_MATCH,,0
TXN250314WNHATX,,NO_MATCH,,0
TXN250314CE41CU,,NO_MATCH,,0
TXN250314BDLYLJ,,NO_MATCH,,0
TXN2503140RZG3Z,,NO_MATCH,,0
TXN250314MJJ0NQ,,NO_MATCH,,0
TXN250314AHUU1W,,NO_MATCH,,0
TXN250314NJ9EO7,,NO_MATCH,,0
TXN250314ZDVBIM,,NO_MATCH,,0
TXN250314R0V10U,CDR202600048316,SENDER_INCOMING_ACTIVITY,95,1
TXN250314MUKWKA,,NO_MATCH,,0
TXN250314YUDZ9F,CDR202600048341,RECEIVER_INCOMING_ACTIVITY,46,1
TXN250314OJKHNH,,NO_MATCH,,0
ATM250314CRH5SO,,NO_MATCH,,0
TXN250314SXJ2CR,,NO_MATCH,,0
TXN2503140E7TTJ,,NO_MATCH,,0
TXN2503142XOZKE,,NO_MATCH,,0
TXN250314Y6WBUR,CDR202600048349,RECEIVER_OUTGOING_ACTIVITY,119,1
ATM250314TQ24AO,,NO_MATCH,,0
ATM250314JKSFAF,,NO_MATCH,,0
ATM250314AAR2LQ,,NO_MATCH,,0
TXN250314ZGXJ0K,CDR202600048361,SENDER_OUTGOING_ACTIVITY,-220,1
ATM250314DI99NG,,NO_MATCH,,0
TXN2503143H84Q9,CDR202600048365,RECEIVER_OUTGOING_ACTIVITY,-465,1
ATM250314XP0KU9,,NO_MATCH,,0
TXN2503144WJ1XQ,,NO_MATCH,,0
TXN250314947RGL,,NO_MATCH,,0
ATM250314SWRG16,,NO_MATCH,,0
ATM250314NV6EWN,,NO_MATCH,,0
ATM250314QRTLDV,,NO_MATCH,,0
TXN250314YW0OX6,,NO_MATCH,,0
ATM250314NWTS54,,NO_MATCH,,0
ATM250314BZLF98,,NO_MATCH,,0
ATM2503144PE7G1,,NO_MATCH,,0
ATM250314BHOUT2,CDR202600048405,SENDER_OUTGOING_ACTIVITY,-70,1
TXN250314UQFAE5,,NO_MATCH,,0
ATM250314IOG356,,NO_MATCH,,0
ATM250314OOI3FC,,NO_MATCH,,0
ATM2503142MNVZS,,NO_MATCH,,0
TXN250314ONZ1JZ,CDR202600048406,RECEIVER_INCOMING_ACTIVITY,-756,1
ATM250314XMQBWJ,,NO_MATCH,,0
TXN250314J3W2NF,CDR202600048428,SENDER_INCOMING_ACTIVITY,359,1
TXN250314SRBRHZ,,NO_MATCH,,0
TXN250314XE27DE,,NO_MATCH,,0
ATM2503147WYXDX,,NO_MATCH,,0
TXN250314Z0RS9L,,NO_MATCH,,0
ATM2503147WN2B5,,NO_MATCH,,0
TXN250314HUUI0G,,NO_MATCH,,0
ATM250314UF7I4S,,NO_MATCH,,0
ATM25031432X798,,NO_MATCH,,0
ATM2503147JWKBL,,NO_MATCH,,0
ATM250314SXDS5B,,NO_MATCH,,0
TXN250314J484RF,,NO_MATCH,,0
ATM250314H3KTU7,,NO_MATCH,,0
TXN250314LG7828,,NO_MATCH,,0
TXN250314F1PX7J,,NO_MATCH,,0
TXN250314DZDJPU,,NO_MATCH,,0
TXN250314JOZV59,,NO_MATCH,,0
ATM25031464QPIS,,NO_MATCH,,0
TXN2503149BG7G9,,NO_MATCH,,0
TXN2503145ATBZX,,NO_MATCH,,0
TXN2503141FSNG1,,NO_MATCH,,0
TXN250314OJ3JFA,,NO_MATCH,,0
TXN250314Q9K9I3,,NO_MATCH,,0
TXN250314BIUC6V,,NO_MATCH,,0
TXN250314VJOF9Q,,NO_MATCH,,0
ATM250314T8BCST,CDR202600048478,SENDER_OUTGOING_ACTIVITY,-224,1
TXN250314E1UEKU,,NO_MATCH,,0
ATM2503145OURDR,,NO_MATCH,,0
ATM250314O8VAPL,,NO_MATCH,,0
TXN250314YPOVG5,,NO_MATCH,,0
TXN250314YAW920,,NO_MATCH,,0
TXN2503146MKNNU,,NO_MATCH,,0
ATM2503144E6OJV,,NO_MATCH,,0
ATM250314HN8DFS,,NO_MATCH,,0
ATM250314OYUIJ9,,NO_MATCH,,0
TXN250314HP86JR,,NO_MATCH,,0
TXN250314XRN21R,,NO_MATCH,,0
TXN250314PXA56D,CDR202600048495,RECEIVER_OUTGOING_ACTIVITY,-759,1
TXN250314ZVP859,CDR202600048515,SENDER_OUTGOING_ACTIVITY,672,1
ATM250314D8PSSJ,,NO_MATCH,,0
TXN250314FE18OJ,,NO_MATCH,,0
TXN2503141SW4E5,,NO_MATCH,,0
TXN250314C8OMAP,,NO_MATCH,,0
ATM250314WPC56L,,NO_MATCH,,0
TXN250314RIABPH,,NO_MATCH,,0
TXN250314AVX2O7,,NO_MATCH,,0
TXN250314WNX2GF,,NO_MATCH,,0
TXN250314OKPQY3,,NO_MATCH,,0
TXN2503140DUY4G,,NO_MATCH,,0
TXN2503144HACE2,,NO_MATCH,,0
TXN250314OFC3ZJ,,NO_MATCH,,0
TXN250314YFRQLH,,NO_MATCH,,0
TXN250314ABVWSO,,NO_MATCH,,0
ATM250314YKYB4I,,NO_MATCH,,0
TXN250314JAMUSA,,NO_MATCH,,0
ATM250314NG2DFM,,NO_MATCH,,0
TXN250314I85254,,NO_MATCH,,0
ATM2503145B7LZT,,NO_MATCH,,0
ATM250314B9AD3P,,NO_MATCH,,0
ATM250314SYHN1E,,NO_MATCH,,0
TXN250314PEUA0H,,NO_MATCH,,0
TXN250314ODM8FA,,NO_MATCH,,0
TXN250314KUP3QA,,NO_MATCH,,0
ATM250314PZZB09,CDR202600048577,SENDER_OUTGOING_ACTIVITY,779,1
TXN2503145YHNHC,,NO_MATCH,,0
TXN250314716NXD,,NO_MATCH,,0
ATM25031477UHVO,,NO_MATCH,,0
TXN250314Z7JQB6,,NO_MATCH,,0
ATM250314894Z5W,,NO_MATCH,,0
TXN250314TOGK1S,,NO_MATCH,,0
TXN2503147SAIWS,,NO_MATCH,,0
TXN250314PJSB3F,,NO_MATCH,,0
ATM2503148XW2XT,CDR202600048607,RECEIVER_INCOMING_ACTIVITY,-72,1
TXN250314CYOX16,,NO_MATCH,,0
ATM250314C47GIM,,NO_MATCH,,0
TXN250314ETFEFG,,NO_MATCH,,0
ATM250314SC1AFI,CDR202600048624,RECEIVER_OUTGOING_ACTIVITY,876,1
ATM250314QBWOX4,,NO_MATCH,,0
ATM250314TJPG5H,,NO_MATCH,,0
TXN250314L90D0I,,NO_MATCH,,0
TXN250314RG1Q72,,NO_MATCH,,0
TXN250314YHVUYA,CDR202600060641,SENDER_OUTGOING_ACTIVITY,54,1
TXN250314KY3BMO,,NO_MATCH,,0
TXN250314YA5WSU,,NO_MATCH,,0
TXN250314IIZFH9,,NO_MATCH,,0
TXN2503142K52VN,CDR202600060641,SENDER_OUTGOING_ACTIVITY,-900,1
TXN250314GXOULC,,NO_MATCH,,0
TXN25031481BAPM,,NO_MATCH,,0
TXN250314SXFEKF,,NO_MATCH,,0
TXN2503142MGAEP,,NO_MATCH,,0
TXN25031422XXZE,,NO_MATCH,,0
ATM25031497RVLH,,NO_MATCH,,0
TXN250314W9NNFF,,NO_MATCH,,0
TXN250314L3C2DN,,NO_MATCH,,0
TXN250314UYGFGK,,NO_MATCH,,0
TXN250314QYUOL2,,NO_MATCH,,0
TXN2503147HCXRW,,NO_MATCH,,0
ATM250314CQ896S,,NO_MATCH,,0
ATM250314IDHJYY,,NO_MATCH,,0
ATM250314GUTKQE,,NO_MATCH,,0
TXN250314YFJVRE,,NO_MATCH,,0
ATM250314L0TPNN,,NO_MATCH,,0
ATM2503153H8A2L,,NO_MATCH,,0
TXN250315P26MY3,,NO_MATCH,,0
ATM250315K5DUJZ,,NO_MATCH,,0
ATM2503152RJLAH,,NO_MATCH,,0
ATM250315DMOPR0,,NO_MATCH,,0
ATM250315PZA2HT,,NO_MATCH,,0
TXN250315W3GM4N,,NO_MATCH,,0
TXN2503153IPPBR,,NO_MATCH,,0
TXN250315HE0VB5,,NO_MATCH,,0
TXN250315CNCVY1,,NO_MATCH,,0
ATM250315HHBJ0Z,,NO_MATCH,,0
ATM250315UUD52M,,NO_MATCH,,0
TXN2503153HS8FS,,NO_MATCH,,0
TXN250315FAUW12,,NO_MATCH,,0
TXN250315ZP7464,,NO_MATCH,,0
TXN250315KCZ5UB,,NO_MATCH,,0
ATM2503157T175O,,NO_MATCH,,0
TXN250315KTK4VD,,NO_MATCH,,0
TXN250315K82QTD,,NO_MATCH,,0
TXN2503155AXJ91,,NO_MATCH,,0
TXN250315I0SVW3,,NO_MATCH,,0
ATM250315FKQHXV,,NO_MATCH,,0
TXN250315UZ5WR1,,NO_MATCH,,0
ATM2503159WJUZN,,NO_MATCH,,0
ATM250315N40YA4,,NO_MATCH,,0
TXN25031567ZTP7,,NO_MATCH,,0
TXN2503159NVN4D,,NO_MATCH,,0
ATM250315HTTVTQ,,NO_MATCH,,0
ATM250315BC54OI,,NO_MATCH,,0
TXN250315X5USXM,CDR202600048710,SENDER_OUTGOING_ACTIVITY,-713,1
TXN250315A66BYF,,NO_MATCH,,0
TXN2503154WNAL5,,NO_MATCH,,0
TXN2503155BCKCO,,NO_MATCH,,0
TXN25031506KIBX,,NO_MATCH,,0
TXN250315PH178L,CDR202600048729,RECEIVER_OUTGOING_ACTIVITY,-731,1
TXN250315I4JDKC,,NO_MATCH,,0
ATM250315SYHG4Y,,NO_MATCH,,0
TXN250315H4J0LN,,NO_MATCH,,0
TXN250315NGAYB1,,NO_MATCH,,0
TXN250315N7UF6P,,NO_MATCH,,0
TXN250315G5NUDH,CDR202600048741,SENDER_OUTGOING_ACTIVITY,-844,1
TXN250315186IJN,,NO_MATCH,,0
TXN250315F6LKF3,,NO_MATCH,,0
TXN250315XKDMFF,CDR202600048767,RECEIVER_INCOMING_ACTIVITY,-145,1
ATM250315UDBU4W,CDR202600048753,SENDER_OUTGOING_ACTIVITY,-863,1
ATM250315FHT1FY,,NO_MATCH,,0
TXN250315U997JN,,NO_MATCH,,0
TXN250315MM8IRI,,NO_MATCH,,0
ATM2503158P7NG7,CDR202600048782,RECEIVER_INCOMING_ACTIVITY,394,1
TXN250315VZM8IR,CDR202600048801,RECEIVER_INCOMING_ACTIVITY,856,1
ATM250315FUJCO3,CDR202600048793,SENDER_OUTGOING_ACTIVITY,346,1
ATM250315OZEHTD,,NO_MATCH,,0
TXN250315PEIWFG,,NO_MATCH,,0
TXN250315TFY3TJ,,NO_MATCH,,0
TXN250315RNHCZN,,NO_MATCH,,0
TXN250315LSVWSA,CDR202600048807,RECEIVER_OUTGOING_ACTIVITY,9,1
TXN250315R4HAHE,CDR202600048799,SENDER_OUTGOING_ACTIVITY,-832,1
TXN250315G3FG42,,NO_MATCH,,0
TXN250315MQ2Z0Z,,NO_MATCH,,0
TXN250315PVRDSU,CDR202600048812,RECEIVER_INCOMING_ACTIVITY,-566,1
TXN25031589LA49,,NO_MATCH,,0
TXN250315DNLV58,,NO_MATCH,,0
TXN250315XXCOAJ,,NO_MATCH,,0
TXN2503150YHH0K,,NO_MATCH,,0
TXN250315LEZLD8,CDR202600048822,RECEIVER_INCOMING_ACTIVITY,-598,1
TXN2503157TUEI8,CDR202600048837,SENDER_INCOMING_ACTIVITY,252,1
ATM250315P4QU5F,,NO_MATCH,,0
ATM250315P6MXOB,,NO_MATCH,,0
TXN250315MBSF6I,,NO_MATCH,,0
TXN250315ESU4ZE,,NO_MATCH,,0
ATM25031556N2DH,CDR202600048857,SENDER_OUTGOING_ACTIVITY,781,1
TXN25031546U9KN,CDR202600048854,RECEIVER_OUTGOING_ACTIVITY,382,1
ATM250315TA3RD7,CDR202600060272,SENDER_OUTGOING_ACTIVITY,-600,1
TXN250315HMT95W,CDR202600048864,SENDER_OUTGOING_ACTIVITY,837,1
TXN250315NG1823,,NO_MATCH,,0
ATM250315Z2ZAYF,,NO_MATCH,,0
TXN250315Y2EOZM,,NO_MATCH,,0
ATM250315GYFGMU,,NO_MATCH,,0
TXN250315VCUGBT,,NO_MATCH,,0
TXN250315DAZOT5,,NO_MATCH,,0
TXN250315TXH9RJ,,NO_MATCH,,0
ATM250315KJQBVV,CDR202600048858,SENDER_OUTGOING_ACTIVITY,-251,1
TXN250315VFXX8F,,NO_MATCH,,0
TXN250315GUR6NM,CDR202600048862,RECEIVER_OUTGOING_ACTIVITY,-420,1
ATM250315G42T9E,,NO_MATCH,,0
ATM250315E847GG,,NO_MATCH,,0
TXN250315TD46V3,CDR202600048881,SENDER_INCOMING_ACTIVITY,175,1
TXN250315VXM2JW,,NO_MATCH,,0
TXN250315HJDAZW,,NO_MATCH,,0
ATM250315ORIWRJ,CDR202600048875,SENDER_INCOMING_ACTIVITY,-344,1
TXN250315R7RNGC,,NO_MATCH,,0
TXN25031539RI79,,NO_MATCH,,0
ATM250315XNBN68,,NO_MATCH,,0
ATM2503156YMNK1,,NO_MATCH,,0
TXN2503158QY748,,NO_MATCH,,0
TXN250315278Y6S,,NO_MATCH,,0
ATM2503156W2SQ2,,NO_MATCH,,0
TXN2503155VUAYN,,NO_MATCH,,0
TXN2503158GWRNA,,NO_MATCH,,0
TXN25031588EFUI,,NO_MATCH,,0
TXN25031555GWY3,CDR202600048933,RECEIVER_OUTGOING_ACTIVITY,501,1
TXN250315QIDTFK,,NO_MATCH,,0
TXN2503152AI46Q,,NO_MATCH,,0
TXN250315XSAOW5,CDR202600048931,SENDER_OUTGOING_ACTIVITY,-63,1
TXN25031514RHXR,,NO_MATCH,,0
TXN250315RWM8UQ,,NO_MATCH,,0
TXN250315SMSSD3,,NO_MATCH,,0
TXN2503158NZAAM,,NO_MATCH,,0
ATM250315WGWDYY,,NO_MATCH,,0
TXN2503153N4DE2,CDR202600048965,SENDER_INCOMING_ACTIVITY,868,1
TXN25031582YFF7,CDR202600048951,RECEIVER_INCOMING_ACTIVITY,-305,1
ATM250315WLSOU7,,NO_MATCH,,0
TXN250315PGF7UX,,NO_MATCH,,0
TXN250315WHSUK2,CDR202600048964,RECEIVER_INCOMING_ACTIVITY,-287,1
ATM250315ACGVZ9,,NO_MATCH,,0
TXN25031594WASW,CDR202600048966,RECEIVER_INCOMING_ACTIVITY,-712,1
TXN250315N7YH8P,CDR202600048987,SENDER_INCOMING_ACTIVITY,536,1
TXN2503152WFGO6,CDR202600048981,SENDER_OUTGOING_ACTIVITY,-130,1
ATM25031524EQN8,,NO_MATCH,,0
ATM250315H6HQEC,,NO_MATCH,,0
TXN250315BW8414,CDR202600048986,RECEIVER_OUTGOING_ACTIVITY,-833,1
ATM250315L4Z09E,,NO_MATCH,,0
TXN2503151F00Z0,,NO_MATCH,,0
ATM250315K7SV1B,CDR202600049002,SENDER_OUTGOING_ACTIVITY,44,1
TXN250315MF2QDY,,NO_MATCH,,0
TXN250315084SSR,,NO_MATCH,,0
TXN2503150NVOJQ,,NO_MATCH,,0
TXN250315TZ8VVR,,NO_MATCH,,0
TXN25031520RGJC,,NO_MATCH,,0
ATM2503158XU5JY,,NO_MATCH,,0
TXN2503155ADIK1,,NO_MATCH,,0
ATM2503153HZGZ4,,NO_MATCH,,0
TXN250315V2ABPC,,NO_MATCH,,0
ATM250315VUA8R9,,NO_MATCH,,0
TXN250315JOQH6Z,,NO_MATCH,,0
TXN250315GWMNU3,,NO_MATCH,,0
TXN250315MRD2YR,,NO_MATCH,,0
TXN2503153CUFDY,,NO_MATCH,,0
ATM250315L3E6JH,,NO_MATCH,,0
TXN250315MA48J5,,NO_MATCH,,0
TXN2503152E7SBZ,,NO_MATCH,,0
ATM250315K3ZPFK,,NO_MATCH,,0
ATM250315Z7WV76,,NO_MATCH,,0
TXN25031553D7DQ,,NO_MATCH,,0
TXN25031564E15Q,,NO_MATCH,,0
TXN250315ML931U,,NO_MATCH,,0
TXN250315BSUPTM,,NO_MATCH,,0
ATM250315FLV71E,,NO_MATCH,,0
TXN250315SUAJP7,CDR202600049077,RECEIVER_OUTGOING_ACTIVITY,-334,1
ATM250315DCC9KQ,,NO_MATCH,,0
TXN250315R5DF8U,,NO_MATCH,,0
TXN250315VGYYFK,,NO_MATCH,,0
TXN25031504L5N6,,NO_MATCH,,0
ATM250315REO0WX,CDR202600049128,SENDER_OUTGOING_ACTIVITY,870,1
TXN250315W7BL5K,,NO_MATCH,,0
ATM2503158Z5HSG,,NO_MATCH,,0
TXN250315R60TP1,,NO_MATCH,,0
TXN250315DX8FMX,,NO_MATCH,,0
ATM2503150A8TF2,CDR202600049123,SENDER_OUTGOING_ACTIVITY,-420,1
TXN250315O31M3K,,NO_MATCH,,0
ATM250315RK5LAO,,NO_MATCH,,0
TXN2503150ATO7O,CDR202600049144,RECEIVER_OUTGOING_ACTIVITY,-117,1
TXN250315FLG5UN,,NO_MATCH,,0
TXN250315PMSWIG,,NO_MATCH,,0
TXN250315YJS6RS,,NO_MATCH,,0
TXN2503159IQQ5C,CDR202600049152,SENDER_INCOMING_ACTIVITY,-567,1
TXN250315G5O9SY,CDR202600049167,SENDER_INCOMING_ACTIVITY,689,1
ATM250315E6FB3F,,NO_MATCH,,0
TXN250315YX6SIL,,NO_MATCH,,0
TXN250315QG6B0Q,,NO_MATCH,,0
ATM25031586S4VG,CDR202600049175,SENDER_OUTGOING_ACTIVITY,585,1
TXN250315X2736V,,NO_MATCH,,0
TXN250315RYQHFI,,NO_MATCH,,0
TXN250315SUXP6S,,NO_MATCH,,0
ATM250315QSHS6P,,NO_MATCH,,0
TXN250315299RH9,,NO_MATCH,,0
TXN250315MTSBXF,,NO_MATCH,,0
ATM250315R88UDR,,NO_MATCH,,0
TXN250315320VJJ,CDR202600049185,SENDER_INCOMING_ACTIVITY,729,1
ATM250315NN5WQ6,,NO_MATCH,,0
ATM250315HL78RC,CDR202600049175,RECEIVER_INCOMING_ACTIVITY,-834,1
TXN2503156IW484,CDR202600049184,RECEIVER_INCOMING_ACTIVITY,223,1
ATM250315G3YN9L,,NO_MATCH,,0
ATM250315RS49RZ,,NO_MATCH,,0
TXN250315XEU585,CDR202600049187,RECEIVER_INCOMING_ACTIVITY,-577,1
ATM250315DU0I1L,,NO_MATCH,,0
ATM2503156DZKQN,,NO_MATCH,,0
TXN250315LARHBI,,NO_MATCH,,0
TXN2503159H6GSW,CDR202600049202,SENDER_OUTGOING_ACTIVITY,-307,1
ATM25031539YU0M,,NO_MATCH,,0
ATM250315QUG1K8,,NO_MATCH,,0
ATM2503157T5LZU,,NO_MATCH,,0
TXN250315HQWP5X,,NO_MATCH,,0
ATM250315SX4QAO,,NO_MATCH,,0
TXN250315JBKH11,,NO_MATCH,,0
ATM250315MCO3IT,CDR202600049242,SENDER_INCOMING_ACTIVITY,664,1
ATM250315OHQP2C,CDR202600049241,SENDER_INCOMING_ACTIVITY,228,1
ATM250315JSD37U,,NO_MATCH,,0
ATM2503159UCM5N,,NO_MATCH,,0
TXN2503154YBWFI,,NO_MATCH,,0
TXN250315MXUFMS,,NO_MATCH,,0
ATM250315RWSFLI,CDR202600049267,SENDER_INCOMING_ACTIVITY,-58,1
TXN2503155ZLOV1,,NO_MATCH,,0
TXN250315OT5WAS,,NO_MATCH,,0
TXN25031507B8SX,,NO_MATCH,,0
ATM250315XAFH4J,,NO_MATCH,,0
TXN250315OKBXMF,,NO_MATCH,,0
ATM250315RYQSPJ,,NO_MATCH,,0
TXN250315H3BS79,,NO_MATCH,,0
TXN250315BLI6PD,,NO_MATCH,,0
TXN250315AX9B6S,,NO_MATCH,,0
TXN250315X83YRO,,NO_MATCH,,0
ATM250315MIDW02,,NO_MATCH,,0
TXN250315HA0OH3,,NO_MATCH,,0
TXN250315ZZ1SBC,,NO_MATCH,,0
TXN250315A9UELF,CDR202600049310,RECEIVER_INCOMING_ACTIVITY,548,1
TXN250315UGJBKW,,NO_MATCH,,0
TXN25031548CMTR,,NO_MATCH,,0
TXN250315FAWM5V,,NO_MATCH,,0
ATM250315VFHCGE,,NO_MATCH,,0
TXN250315Q651SL,,NO_MATCH,,0
TXN250315MQ5TV8,,NO_MATCH,,0
TXN250315NJSSOW,,NO_MATCH,,0
TXN250316KCGEFD,,NO_MATCH,,0
TXN2503166VQJEG,,NO_MATCH,,0
TXN250316WI22NT,,NO_MATCH,,0
TXN250316F6IHVX,,NO_MATCH,,0
ATM2503164ARQP4,,NO_MATCH,,0
ATM250316811S5X,,NO_MATCH,,0
ATM2503161LJKVN,,NO_MATCH,,0
TXN250316UG9PHW,,NO_MATCH,,0
TXN250316KYGAHX,,NO_MATCH,,0
TXN2503160CKPGV,,NO_MATCH,,0
ATM250316YE4W8W,,NO_MATCH,,0
TXN2503162ORFLR,,NO_MATCH,,0
ATM250316BRAY5E,,NO_MATCH,,0
TXN2503167NPZQT,,NO_MATCH,,0
TXN250316V9PTC4,,NO_MATCH,,0
TXN250316QB5D7H,,NO_MATCH,,0
ATM2503169ICE5Z,CDR202600049381,RECEIVER_OUTGOING_ACTIVITY,-860,1
ATM250316P2HT2D,,NO_MATCH,,0
ATM2503160DAP8E,,NO_MATCH,,0
TXN250316129LID,,NO_MATCH,,0
ATM250316M4LF1G,,NO_MATCH,,0
TXN250316HRAJWG,,NO_MATCH,,0
TXN25031617Q1OP,,NO_MATCH,,0
TXN2503162PC726,,NO_MATCH,,0
TXN250316MQEFQY,,NO_MATCH,,0
TXN2503167P5YHA,,NO_MATCH,,0
TXN250316XWZ0NN,,NO_MATCH,,0
TXN250316XV2MC1,CDR202600049405,SENDER_INCOMING_ACTIVITY,-215,1
ATM250316XJKPJU,,NO_MATCH,,0
ATM250316JR7WMJ,,NO_MATCH,,0
ATM2503162BV3FN,CDR202600049408,SENDER_INCOMING_ACTIVITY,-858,1
TXN25031668870E,,NO_MATCH,,0
ATM250316SFGM12,,NO_MATCH,,0
TXN2503160RV9FD,,NO_MATCH,,0
TXN25031660K266,,NO_MATCH,,0
ATM250316KKV98E,,NO_MATCH,,0
ATM250316AFJ0GV,,NO_MATCH,,0
TXN2503163WVDWH,,NO_MATCH,,0
ATM2503165JVGRI,,NO_MATCH,,0
ATM2503161QSJ7Q,CDR202600049426,SENDER_OUTGOING_ACTIVITY,-544,1
TXN250316R3X6R6,,NO_MATCH,,0
TXN250316TOK1IH,,NO_MATCH,,0
TXN2503165GH8LA,,NO_MATCH,,0
ATM250316001EC1,CDR202600049440,RECEIVER_OUTGOING_ACTIVITY,324,1
TXN2503162YRYVT,,NO_MATCH,,0
TXN250316D2THWS,,NO_MATCH,,0
TXN250316J4ZRHP,,NO_MATCH,,0
TXN250316Z5NLZI,,NO_MATCH,,0
TXN250316KJMO97,CDR202600049458,RECEIVER_INCOMING_ACTIVITY,-477,1
ATM250316AYLIQ8,,NO_MATCH,,0
TXN250316762NR6,,NO_MATCH,,0
TXN250316L5VIV7,,NO_MATCH,,0
TXN250316M4WDXB,,NO_MATCH,,0
ATM250316W1VZ4K,,NO_MATCH,,0
TXN2503168ZCSON,,NO_MATCH,,0
TXN250316UQCV06,,NO_MATCH,,0
TXN250316VRS51N,CDR202600049491,SENDER_OUTGOING_ACTIVITY,88,1
ATM2503166JEU7Y,,NO_MATCH,,0
TXN250316SEPWIF,CDR202600049487,SENDER_OUTGOING_ACTIVITY,-376,1
TXN2503168GN44G,,NO_MATCH,,0
TXN250316L83G5Q,,NO_MATCH,,0
ATM250316PW53CQ,,NO_MATCH,,0
ATM250316HLAEDZ,,NO_MATCH,,0
TXN250316WHES7H,,NO_MATCH,,0
ATM250316TGHNTF,,NO_MATCH,,0
TXN2503168YBZYN,,NO_MATCH,,0
ATM250316491BMK,,NO_MATCH,,0
TXN250316D5TV82,,NO_MATCH,,0
TXN250316IMV6ET,,NO_MATCH,,0
TXN2503167VYMFP,CDR202600049521,RECEIVER_INCOMING_ACTIVITY,45,1
ATM250316I078Y0,,NO_MATCH,,0
TXN2503160V5N4O,,NO_MATCH,,0
ATM250316LDE46I,,NO_MATCH,,0
TXN2503162D651B,CDR202600049537,SENDER_OUTGOING_ACTIVITY,793,1
TXN250316B3XQSW,,NO_MATCH,,0
ATM250316O335ID,,NO_MATCH,,0
TXN250316P3855W,,NO_MATCH,,0
ATM250316HK9CAG,,NO_MATCH,,0
TXN250316KM2POF,,NO_MATCH,,0
TXN250316FINKN0,CDR202600049552,SENDER_INCOMING_ACTIVITY,688,1
ATM250316NCBXER,,NO_MATCH,,0
TXN2503160IA45A,,NO_MATCH,,0
ATM250316O36SSB,,NO_MATCH,,0
TXN250316ZTUFRW,,NO_MATCH,,0
ATM250316438U44,CDR202600049562,SENDER_OUTGOING_ACTIVITY,493,1
ATM250316N8O9P0,,NO_MATCH,,0
TXN250316A9WR3L,,NO_MATCH,,0
TXN250316ZVBGZ4,,NO_MATCH,,0
ATM250316P0DNS5,,NO_MATCH,,0
ATM250316DNW3W7,CDR202600049573,RECEIVER_INCOMING_ACTIVITY,-268,1
ATM250316DFNRMC,,NO_MATCH,,0
TXN250316VAUYMP,CDR202600049584,SENDER_INCOMING_ACTIVITY,10,1
ATM250316C3MEOW,,NO_MATCH,,0
ATM25031602WI05,CDR202600049605,SENDER_INCOMING_ACTIVITY,833,1
ATM250316ZGHGEF,CDR202600060164,RECEIVER_OUTGOING_ACTIVITY,-263,1
ATM25031682FYJ1,,NO_MATCH,,0
ATM2503168I183M,,NO_MATCH,,0
ATM2503162D48GE,,NO_MATCH,,0
TXN250316556BPM,CDR202600049630,RECEIVER_OUTGOING_ACTIVITY,708,1
TXN250316F8DK39,,NO_MATCH,,0
ATM2503161PMAQ1,,NO_MATCH,,0
ATM2503160DBQCE,,NO_MATCH,,0
TXN250316YT8TSG,,NO_MATCH,,0
TXN250316UZTTLE,CDR202600049643,RECEIVER_INCOMING_ACTIVITY,321,1
TXN2503169U4FB8,CDR202600049650,SENDER_INCOMING_ACTIVITY,474,1
TXN250316KV39S7,,NO_MATCH,,0
TXN250316T2OAIN,,NO_MATCH,,0
ATM250316T1ABOX,,NO_MATCH,,0
TXN2503166DCCIU,,NO_MATCH,,0
TXN250316ZM8XG8,,NO_MATCH,,0
TXN250316PQO5GK,,NO_MATCH,,0
ATM250316LI9X27,,NO_MATCH,,0
ATM250316ETZ738,,NO_MATCH,,0
ATM250316UBYKW8,CDR202600049699,RECEIVER_INCOMING_ACTIVITY,366,1
TXN250316322WMJ,,NO_MATCH,,0
TXN250316KA1SM6,,NO_MATCH,,0
TXN250316FIZB5E,,NO_MATCH,,0
ATM25031646V9KR,,NO_MATCH,,0
ATM250316CLHWHU,,NO_MATCH,,0
TXN2503164IA0Y3,,NO_MATCH,,0
ATM2503169O1FRC,,NO_MATCH,,0
TXN250316I2ML4Z,CDR202600049730,SENDER_OUTGOING_ACTIVITY,-80,1
ATM25031647JYDZ,,NO_MATCH,,0
ATM2503165AGUA6,,NO_MATCH,,0
TXN250316FBXGPR,,NO_MATCH,,0
TXN250316BUMLHF,,NO_MATCH,,0
TXN2503164BCP0H,,NO_MATCH,,0
ATM250316ZL3JD1,,NO_MATCH,,0
TXN250316ZC3OJ8,,NO_MATCH,,0
TXN250316DXZ02O,,NO_MATCH,,0
TXN250316KV47EX,CDR202600049766,SENDER_INCOMING_ACTIVITY,-774,1
TXN250316BHAVLH,CDR202600049778,SENDER_INCOMING_ACTIVITY,560,1
ATM250316H5DYPO,,NO_MATCH,,0
ATM250316VYD72Z,,NO_MATCH,,0
ATM250316LE9ZX7,,NO_MATCH,,0
TXN250316TBMMDR,,NO_MATCH,,0
ATM250316N2ULFR,,NO_MATCH,,0
ATM2503168T8JEX,,NO_MATCH,,0
TXN250316419PL4,,NO_MATCH,,0
ATM250316XCYBNG,,NO_MATCH,,0
TXN250316MJ1JSB,,NO_MATCH,,0
TXN250316LJ5XMO,CDR202600049801,SENDER_INCOMING_ACTIVITY,180,1
TXN2503162LO9BW,,NO_MATCH,,0
TXN250316ETPWUH,,NO_MATCH,,0
TXN250316JHU75I,,NO_MATCH,,0
TXN250316ZANIRG,,NO_MATCH,,0
ATM250316HHJOEH,,NO_MATCH,,0
TXN250316CTFTQ9,,NO_MATCH,,0
ATM250316SNOTVB,,NO_MATCH,,0
TXN2503163S3JO2,CDR202600049810,RECEIVER_OUTGOING_ACTIVITY,-662,1
ATM250316JLIEWF,,NO_MATCH,,0
TXN250316MR76WS,,NO_MATCH,,0
TXN250316ZDBK4W,,NO_MATCH,,0
TXN2503164XWJ88,,NO_MATCH,,0
ATM250316OJ51R2,,NO_MATCH,,0
TXN25031696OUBO,,NO_MATCH,,0
TXN250316AHWDA4,,NO_MATCH,,0
TXN250316S7A77F,,NO_MATCH,,0
TXN250316V7DL85,,NO_MATCH,,0
TXN250316OISDZ9,,NO_MATCH,,0
ATM250316ZLKMOM,CDR202600049848,RECEIVER_INCOMING_ACTIVITY,-64,1
ATM250316JZEK61,,NO_MATCH,,0
TXN250316FLMCKL,CDR202600049854,SENDER_OUTGOING_ACTIVITY,-227,1
TXN250316DOT0LA,,NO_MATCH,,0
ATM250316FT2WYH,,NO_MATCH,,0
TXN250316SNRRP4,CDR202600049882,SENDER_INCOMING_ACTIVITY,803,1
TXN2503168L4E7N,CDR202600049870,SENDER_OUTGOING_ACTIVITY,-545,1
TXN250316KTS8WZ,,NO_MATCH,,0
TXN2503160YBPW8,,NO_MATCH,,0
TXN25031699Q4NI,,NO_MATCH,,0
TXN250316129OW8,,NO_MATCH,,0
TXN2503164CETH3,,NO_MATCH,,0
ATM250316VXT2J7,CDR202600049896,SENDER_OUTGOING_ACTIVITY,305,1
ATM250316V6J0P2,,NO_MATCH,,0
TXN2503161EATSP,,NO_MATCH,,0
TXN2503167OAN0K,,NO_MATCH,,0
TXN250316M13THU,,NO_MATCH,,0
ATM250316O7SXF7,,NO_MATCH,,0
ATM2503163PQPA0,CDR202600049907,SENDER_INCOMING_ACTIVITY,236,1
TXN250316ZYK03B,,NO_MATCH,,0
ATM2503169SLI5T,,NO_MATCH,,0
ATM2503164UDF1Y,,NO_MATCH,,0
ATM2503162ITJIZ,,NO_MATCH,,0
TXN250316MCAY59,,NO_MATCH,,0
TXN250316QR3TPD,,NO_MATCH,,0
ATM250316KG5JJW,,NO_MATCH,,0
ATM250316ZHGPTP,,NO_MATCH,,0
TXN2503165MYSBX,,NO_MATCH,,0
TXN250316R821D8,,NO_MATCH,,0
ATM250316H1B5WB,,NO_MATCH,,0
TXN25031626R9AL,,NO_MATCH,,0
TXN250316PRSCUI,,NO_MATCH,,0
TXN250316PRN3AR,,NO_MATCH,,0
TXN250316HKY3X2,CDR202600049949,RECEIVER_OUTGOING_ACTIVITY,898,1
TXN250316K0GJTO,CDR202600049945,SENDER_OUTGOING_ACTIVITY,357,1
TXN250316R3OBHR,CDR202600049942,SENDER_OUTGOING_ACTIVITY,-857,1
TXN250316XLYDRL,,NO_MATCH,,0
TXN250316D8OAPS,,NO_MATCH,,0
TXN250316VRGM4M,,NO_MATCH,,0
TXN250316QVVF5G,,NO_MATCH,,0
ATM250316XZ8JU7,,NO_MATCH,,0
ATM2503169ABSGP,,NO_MATCH,,0
TXN2503165XOCC8,,NO_MATCH,,0
TXN250316FU9VAU,,NO_MATCH,,0
TXN250316OE69TI,,NO_MATCH,,0
TXN2503165X6U6Z,,NO_MATCH,,0
TXN250316QJMET4,,NO_MATCH,,0
ATM2503162B2368,,NO_MATCH,,0
ATM250316F31RF8,,NO_MATCH,,0
TXN250316EM5QIY,,NO_MATCH,,0
ATM250316791LOL,,NO_MATCH,,0
ATM250316L9SEM3,,NO_MATCH,,0
TXN250316M9Z7AI,,NO_MATCH,,0
TXN250316T7KQ3D,,NO_MATCH,,0
TXN250316VLWGGH,,NO_MATCH,,0
TXN250316ZHAXE0,,NO_MATCH,,0
TXN250316MJMEBU,,NO_MATCH,,0
TXN250316TNSSY7,,NO_MATCH,,0
ATM25031628R1TW,,NO_MATCH,,0
TXN2503175APK5K,,NO_MATCH,,0
TXN250317B2XX12,,NO_MATCH,,0
TXN250317D5M5C3,,NO_MATCH,,0
TXN250317RP5OA6,,NO_MATCH,,0
TXN250317O0VB39,,NO_MATCH,,0
ATM250317ERAZZ8,,NO_MATCH,,0
TXN250317WGMOC4,CDR202600050060,SENDER_OUTGOING_ACTIVITY,253,1
TXN250317E0Q2R2,,NO_MATCH,,0
TXN250317J6NT40,,NO_MATCH,,0
ATM250317PEXI9Z,,NO_MATCH,,0
TXN250317NH8NHJ,CDR202600050082,RECEIVER_INCOMING_ACTIVITY,754,1
TXN250317GAKM47,,NO_MATCH,,0
TXN2503178N9HMA,,NO_MATCH,,0
TXN2503176LAY6L,,NO_MATCH,,0
TXN250317VM1UTG,CDR202600050084,RECEIVER_OUTGOING_ACTIVITY,228,1
ATM2503176KM4MZ,,NO_MATCH,,0
ATM250317PMO29B,CDR202600050100,RECEIVER_INCOMING_ACTIVITY,893,1
TXN250317WIGP5Z,,NO_MATCH,,0
ATM250317S0LUIW,,NO_MATCH,,0
TXN250317UQD095,CDR202600050095,SENDER_OUTGOING_ACTIVITY,-819,1
TXN250317BRK7H9,,NO_MATCH,,0
TXN2503176PADEW,CDR202600050107,RECEIVER_OUTGOING_ACTIVITY,63,1
ATM250317SSIDSR,,NO_MATCH,,0
TXN250317H2RZSQ,,NO_MATCH,,0
TXN2503177Q1RKR,,NO_MATCH,,0
TXN250317OZBTWL,,NO_MATCH,,0
ATM250317FDRXSR,,NO_MATCH,,0
TXN250317A97RWP,CDR202600050141,RECEIVER_OUTGOING_ACTIVITY,639,1
TXN250317C4V9JD,,NO_MATCH,,0
TXN250317UXDS9H,,NO_MATCH,,0
TXN250317RST6ZW,,NO_MATCH,,0
TXN2503172Y0LR8,,NO_MATCH,,0
ATM250317RY3TIF,,NO_MATCH,,0
ATM250317T8YHPI,,NO_MATCH,,0
TXN250317XO0LP6,,NO_MATCH,,0
ATM2503177BPUPK,,NO_MATCH,,0
TXN250317S6BNE4,,NO_MATCH,,0
TXN2503176OPZVA,,NO_MATCH,,0
ATM250317N79Z31,,NO_MATCH,,0
TXN2503171NDN9D,,NO_MATCH,,0
ATM250317MRIKDR,,NO_MATCH,,0
TXN2503177LFVZB,,NO_MATCH,,0
TXN250317WE65HQ,CDR202600050180,RECEIVER_OUTGOING_ACTIVITY,784,1
TXN25031783Q9I6,,NO_MATCH,,0
TXN250317ZPU07D,CDR202600050172,RECEIVER_OUTGOING_ACTIVITY,-77,1
TXN250317S5TXT3,,NO_MATCH,,0
TXN250317974M6M,CDR202600050177,SENDER_INCOMING_ACTIVITY,-216,1
TXN2503175BGLB3,,NO_MATCH,,0
TXN2503177MFZMF,,NO_MATCH,,0
TXN2503174XBPI6,,NO_MATCH,,0
TXN250317ZZVHHX,CDR202600050181,RECEIVER_OUTGOING_ACTIVITY,-54,1
TXN2503174CUMRM,,NO_MATCH,,0
TXN250317Y2HGWY,,NO_MATCH,,0
TXN250317C7J4QU,,NO_MATCH,,0
ATM250317KZJKFY,,NO_MATCH,,0
TXN250317XA4VMH,,NO_MATCH,,0
TXN25031726IPM5,,NO_MATCH,,0
TXN2503176WZX9N,,NO_MATCH,,0
TXN2503176KGK49,CDR202600050208,SENDER_OUTGOING_ACTIVITY,-161,1
TXN2503177PKHT0,,NO_MATCH,,0
TXN250317FCDJPE,,NO_MATCH,,0
TXN2503175DVSIR,,NO_MATCH,,0
TXN250317NKRFQU,,NO_MATCH,,0
TXN250317BUBNVL,CDR202600050213,RECEIVER_INCOMING_ACTIVITY,-480,1
TXN250317ELF5PQ,,NO_MATCH,,0
TXN250317ZPGWMS,,NO_MATCH,,0
TXN2503170VC26W,CDR202600050228,SENDER_INCOMING_ACTIVITY,649,1
TXN250317MWR5K4,,NO_MATCH,,0
TXN250317QV4S6I,,NO_MATCH,,0
TXN250317TP19WQ,CDR202600050223,SENDER_OUTGOING_ACTIVITY,94,1
TXN250317Q1GHIB,,NO_MATCH,,0
ATM250317NJ9FVC,CDR202600050237,RECEIVER_OUTGOING_ACTIVITY,530,1
ATM2503176DOIIB,CDR202600050232,SENDER_INCOMING_ACTIVITY,370,1
TXN250317A7VYC6,CDR202600050231,RECEIVER_OUTGOING_ACTIVITY,164,1
ATM25031756NS88,,NO_MATCH,,0
ATM250317ZZWRVT,,NO_MATCH,,0
ATM250317XXNVXQ,,NO_MATCH,,0
ATM250317CK6395,CDR202600050230,SENDER_OUTGOING_ACTIVITY,-699,1
ATM250317DZVNUJ,,NO_MATCH,,0
TXN250317LZ4YP6,,NO_MATCH,,0
TXN250317Q4TE78,,NO_MATCH,,0
TXN25031754IZG0,CDR202600050261,SENDER_OUTGOING_ACTIVITY,779,1
ATM250317N7M1LD,,NO_MATCH,,0
TXN250317UMZB54,,NO_MATCH,,0
ATM250317I7ECXH,,NO_MATCH,,0
ATM250317I6O2S4,,NO_MATCH,,0
ATM250317J6A5BL,,NO_MATCH,,0
ATM2503173WNXHN,CDR202600050277,RECEIVER_INCOMING_ACTIVITY,209,1
TXN250317OEQ4RN,CDR202600050288,RECEIVER_INCOMING_ACTIVITY,560,1
TXN250317X47CSL,,NO_MATCH,,0
ATM250317VNECK9,,NO_MATCH,,0
TXN250317S8K9UX,,NO_MATCH,,0
TXN250317YGQ5D7,CDR202600050297,SENDER_OUTGOING_ACTIVITY,331,1
ATM2503171SZLDD,CDR202600060207,SENDER_OUTGOING_ACTIVITY,-572,1
TXN250317SNKMB4,,NO_MATCH,,0
TXN2503176B99IJ,,NO_MATCH,,0
ATM250317ZKQCJ4,,NO_MATCH,,0
ATM2503177JGQ4V,CDR202600050309,SENDER_INCOMING_ACTIVITY,-338,1
ATM2503172V3QOH,CDR202600050316,RECEIVER_OUTGOING_ACTIVITY,-34,1
TXN250317AYR9A5,CDR202600050332,RECEIVER_OUTGOING_ACTIVITY,255,1
TXN250317EHS1U2,CDR202600050330,SENDER_OUTGOING_ACTIVITY,109,1
TXN250317MI14AI,,NO_MATCH,,0
TXN2503175M4X30,,NO_MATCH,,0
TXN250317CIQ7JJ,,NO_MATCH,,0
TXN250317U7U7OP,CDR202600050330,RECEIVER_INCOMING_ACTIVITY,-795,1
TXN250317SR3X8H,,NO_MATCH,,0
ATM250317TU2Z0T,,NO_MATCH,,0
TXN25031727KHN0,,NO_MATCH,,0
TXN250317G8R289,CDR202600050343,SENDER_OUTGOING_ACTIVITY,-843,1
TXN2503178CN0SW,,NO_MATCH,,0
TXN250317UCK1A0,,NO_MATCH,,0
ATM25031708HR88,,NO_MATCH,,0
TXN2503172S1280,,NO_MATCH,,0
TXN250317FZS3KD,CDR202600050359,SENDER_OUTGOING_ACTIVITY,-485,1
TXN250317IX6IBE,,NO_MATCH,,0
TXN250317Z7Y0GC,,NO_MATCH,,0
TXN250317IOE5OX,,NO_MATCH,,0
TXN250317J1J1WO,,NO_MATCH,,0
TXN250317W4A9L9,,NO_MATCH,,0
TXN250317D0RJ2Y,CDR202600050407,RECEIVER_OUTGOING_ACTIVITY,825,1
ATM250317OPMCUT,CDR202600050377,RECEIVER_OUTGOING_ACTIVITY,-882,1
TXN250317UU19X7,,NO_MATCH,,0
TXN250317QPETQP,,NO_MATCH,,0
TXN250317371GZP,,NO_MATCH,,0
TXN250317E6CBLU,,NO_MATCH,,0
TXN250317PJU4SC,,NO_MATCH,,0
TXN250317Z4MR3C,,NO_MATCH,,0
ATM250317H4TI59,,NO_MATCH,,0
TXN250317MD8X62,,NO_MATCH,,0
TXN250317CNOFZK,CDR202600050451,RECEIVER_OUTGOING_ACTIVITY,596,1
ATM25031744OFFU,,NO_MATCH,,0
ATM250317RAW533,,NO_MATCH,,0
ATM2503170HMRAZ,CDR202600050452,RECEIVER_INCOMING_ACTIVITY,186,1
TXN250317RGA7U8,,NO_MATCH,,0
TXN250317YUP8S4,,NO_MATCH,,0
TXN250317TI0HSL,,NO_MATCH,,0
TXN250317VXH0TT,,NO_MATCH,,0
ATM250317QYFZEK,,NO_MATCH,,0
ATM2503173HU6WB,CDR202600050482,SENDER_OUTGOING_ACTIVITY,497,1
ATM250317S4SJH9,,NO_MATCH,,0
TXN250317M9O2GB,,NO_MATCH,,0
TXN250317FRU65V,,NO_MATCH,,0
TXN2503171DCZ4D,,NO_MATCH,,0
TXN250317L46HCM,,NO_MATCH,,0
ATM250317N336K3,,NO_MATCH,,0
ATM250317GHI923,,NO_MATCH,,0
ATM2503178KW8IO,,NO_MATCH,,0
TXN250317L17542,CDR202600050496,RECEIVER_OUTGOING_ACTIVITY,134,1
TXN250317P1X5SX,,NO_MATCH,,0
ATM25031757TS8T,,NO_MATCH,,0
TXN250317KC0VJI,,NO_MATCH,,0
TXN250317GXLHFO,CDR202600050508,SENDER_OUTGOING_ACTIVITY,47,1
TXN250317YH5OJA,CDR202600050508,SENDER_OUTGOING_ACTIVITY,-275,1
ATM250317PU4XKU,,NO_MATCH,,0
TXN250317AGANV3,,NO_MATCH,,0
ATM250317F114R4,,NO_MATCH,,0
TXN250317L8CP7F,,NO_MATCH,,0
ATM250317T83J67,,NO_MATCH,,0
TXN250317KK47DZ,,NO_MATCH,,0
TXN250317E2LW7E,,NO_MATCH,,0
ATM250317ULJ5R1,CDR202600050529,RECEIVER_INCOMING_ACTIVITY,-382,1
TXN250317L7XDW7,,NO_MATCH,,0
ATM2503173KSHOZ,,NO_MATCH,,0
TXN2503178AC8CR,,NO_MATCH,,0
TXN250317USUWEM,,NO_MATCH,,0
TXN2503170KLBN0,,NO_MATCH,,0
ATM250317O1TG9D,,NO_MATCH,,0
TXN2503177LE2YD,,NO_MATCH,,0
TXN250317IRT8FA,,NO_MATCH,,0
ATM2503175IYUOU,,NO_MATCH,,0
TXN25031760EDI8,,NO_MATCH,,0
TXN250317YGLPKK,,NO_MATCH,,0
TXN2503178OVHJN,,NO_MATCH,,0
TXN2503172JTCL1,,NO_MATCH,,0
TXN250317NLRV29,,NO_MATCH,,0
TXN2503174YKHUI,,NO_MATCH,,0
ATM250317AF3IG0,,NO_MATCH,,0
TXN250317YMC8Z3,CDR202600050609,SENDER_INCOMING_ACTIVITY,528,1
TXN250317XNLWTI,,NO_MATCH,,0
ATM250317X2JJ7P,,NO_MATCH,,0
TXN2503176C68UH,CDR202600050621,RECEIVER_OUTGOING_ACTIVITY,726,1
TXN250317PW0GG8,,NO_MATCH,,0
ATM25031736Z8NN,,NO_MATCH,,0
ATM2503177TI7NE,,NO_MATCH,,0
ATM2503179C68EE,,NO_MATCH,,0
ATM2503170L6HVQ,,NO_MATCH,,0
ATM2503175RSQTB,,NO_MATCH,,0
TXN250317QTYALY,,NO_MATCH,,0
TXN250317XEHIV9,,NO_MATCH,,0
ATM250317EARFHS,,NO_MATCH,,0
TXN2503173L85WD,,NO_MATCH,,0
ATM2503172JJ2YM,,NO_MATCH,,0
TXN250317QBUS45,,NO_MATCH,,0
ATM250317OURR0F,,NO_MATCH,,0
ATM2503176URG2N,,NO_MATCH,,0
TXN2503171P3N7E,,NO_MATCH,,0
TXN250317Y8CYV5,,NO_MATCH,,0
ATM250317NM2SLH,,NO_MATCH,,0
TXN250317VDURM5,,NO_MATCH,,0
TXN250317NCOVGH,,NO_MATCH,,0
ATM2503171GPN2G,,NO_MATCH,,0
TXN250317GUDZ9R,,NO_MATCH,,0
TXN25031712B8XQ,,NO_MATCH,,0
TXN250317CDF3JF,,NO_MATCH,,0
TXN250317ZU37XK,,NO_MATCH,,0
TXN250317DQ556P,,NO_MATCH,,0
ATM250317H66AP6,CDR202600060088,SENDER_OUTGOING_ACTIVITY,-300,1
TXN2503179EPTJG,,NO_MATCH,,0
ATM250317H5Y1IY,,NO_MATCH,,0
TXN250318DXJBM7,,NO_MATCH,,0
ATM250318KP2TOO,,NO_MATCH,,0
ATM250318FXTHPP,,NO_MATCH,,0
ATM250318BY6WUR,,NO_MATCH,,0
TXN250318R2PKG0,,NO_MATCH,,0
TXN2503187MOMGX,,NO_MATCH,,0
ATM250318J8KY8G,,NO_MATCH,,0
ATM2503187ERBTE,,NO_MATCH,,0
TXN250318CG09MM,,NO_MATCH,,0
TXN25031802Q2EU,,NO_MATCH,,0
TXN2503183UNUYK,,NO_MATCH,,0
ATM250318HT74XD,,NO_MATCH,,0
TXN250318WQ84AW,,NO_MATCH,,0
TXN250318R61985,,NO_MATCH,,0
TXN2503185C6ZY1,,NO_MATCH,,0
TXN2503184C484T,,NO_MATCH,,0
ATM2503184QV1KE,,NO_MATCH,,0
TXN250318WDPR08,,NO_MATCH,,0
ATM2503187HG81T,,NO_MATCH,,0
TXN250318NB5HXC,,NO_MATCH,,0
ATM250318NTMNQ0,,NO_MATCH,,0
ATM250318TWWB6X,,NO_MATCH,,0
TXN2503185JQTJ4,,NO_MATCH,,0
TXN250318FL5RKU,,NO_MATCH,,0
ATM2503181QHEII,,NO_MATCH,,0
TXN250318E5P6PA,,NO_MATCH,,0
TXN250318VXPZRM,,NO_MATCH,,0
ATM250318SDCSR5,,NO_MATCH,,0
TXN250318KUN00G,,NO_MATCH,,0
ATM250318JUBTKZ,CDR202600050778,RECEIVER_INCOMING_ACTIVITY,223,1
TXN250318PHDAQB,CDR202600050790,RECEIVER_OUTGOING_ACTIVITY,661,1
TXN250318XYAC5E,,NO_MATCH,,0
TXN2503182O302A,,NO_MATCH,,0
TXN250318H9TM3Z,,NO_MATCH,,0
ATM250318SBKH2J,,NO_MATCH,,0
TXN2503187Q3IZ6,,NO_MATCH,,0
ATM2503184XMC12,,NO_MATCH,,0
TXN250318DJ9ZHS,,NO_MATCH,,0
ATM250318F6ICJG,,NO_MATCH,,0
TXN250318ES2OG7,,NO_MATCH,,0
TXN250318XBVPNW,,NO_MATCH,,0
TXN250318LVGAOT,CDR202600050813,SENDER_OUTGOING_ACTIVITY,765,1
TXN2503181VOTM8,CDR202600050810,RECEIVER_OUTGOING_ACTIVITY,468,1
TXN250318K7NDMR,,NO_MATCH,,0
ATM2503185GCM5F,,NO_MATCH,,0
TXN250318NHPTEY,,NO_MATCH,,0
TXN250318GLRF15,,NO_MATCH,,0
ATM250318NTE1RN,,NO_MATCH,,0
TXN2503187QEO7C,,NO_MATCH,,0
TXN250318VOQOMT,,NO_MATCH,,0
ATM250318ZYJMFZ,CDR202600050838,SENDER_INCOMING_ACTIVITY,652,1
TXN250318NUYMRD,,NO_MATCH,,0
TXN250318R0QSU6,,NO_MATCH,,0
TXN2503180S1W58,CDR202600050851,SENDER_OUTGOING_ACTIVITY,827,1
TXN250318IEH511,,NO_MATCH,,0
TXN250318NOHQFS,,NO_MATCH,,0
TXN2503189O5YJH,,NO_MATCH,,0
ATM250318SP5BYS,,NO_MATCH,,0
ATM25031828ZSY0,,NO_MATCH,,0
ATM250318A35PYA,CDR202600050857,RECEIVER_INCOMING_ACTIVITY,-73,1
TXN2503181YJ478,CDR202600050857,SENDER_OUTGOING_ACTIVITY,-142,1
TXN250318Z8TYE6,,NO_MATCH,,0
TXN250318MA1SIJ,,NO_MATCH,,0
TXN250318FDDRI1,CDR202600050876,SENDER_OUTGOING_ACTIVITY,496,1
TXN250318BZPXJ1,,NO_MATCH,,0
ATM250318OL796E,CDR202600050868,SENDER_OUTGOING_ACTIVITY,-439,1
TXN2503189MKEX2,,NO_MATCH,,0
ATM250318ZQZHG4,,NO_MATCH,,0
TXN250318ZYX79Q,,NO_MATCH,,0
TXN250318TSEJT7,,NO_MATCH,,0
ATM2503185NGJS5,,NO_MATCH,,0
ATM2503180G3DFP,,NO_MATCH,,0
TXN250318SDB6VR,,NO_MATCH,,0
TXN250318BEWEC5,CDR202600060341,SENDER_OUTGOING_ACTIVITY,-420,1
ATM250318SZLFYA,,NO_MATCH,,0
TXN2503182I0EJX,,NO_MATCH,,0
ATM250318P2WHVS,,NO_MATCH,,0
TXN2503183SOG6L,CDR202600050914,SENDER_OUTGOING_ACTIVITY,57,1
ATM250318SEHJ8Z,,NO_MATCH,,0
ATM25031864S9CK,,NO_MATCH,,0
ATM250318TX8MFR,,NO_MATCH,,0
ATM250318OAXII2,,NO_MATCH,,0
TXN250318VH8A5G,,NO_MATCH,,0
TXN25031835Y7Q3,,NO_MATCH,,0
ATM250318NLDA1R,,NO_MATCH,,0
ATM250318IJDPWR,,NO_MATCH,,0
ATM250318ZPN6W5,,NO_MATCH,,0
TXN2503182F1M6W,,NO_MATCH,,0
ATM25031822JWC6,,NO_MATCH,,0
TXN2503187ZTGP7,,NO_MATCH,,0
TXN25031894EVBV,CDR202600050983,SENDER_OUTGOING_ACTIVITY,839,1
TXN250318A9B8OH,,NO_MATCH,,0
TXN250318N5YESM,CDR202600050973,SENDER_INCOMING_ACTIVITY,18,1
TXN250318GV1MAQ,CDR202600050981,RECEIVER_INCOMING_ACTIVITY,344,1
TXN250318Y76NPE,,NO_MATCH,,0
TXN2503184HQ1DF,,NO_MATCH,,0
TXN250318CNCJ3I,,NO_MATCH,,0
TXN250318P67JU4,CDR202600050974,SENDER_OUTGOING_ACTIVITY,-703,1
ATM25031825LFF6,,NO_MATCH,,0
TXN250318M77EPK,CDR202600050985,SENDER_OUTGOING_ACTIVITY,47,1
ATM250318PBMKOE,,NO_MATCH,,0
TXN250318GJSRX0,,NO_MATCH,,0
TXN250318OF5Z9K,CDR202600050986,SENDER_OUTGOING_ACTIVITY,-105,1
TXN250318UEON2J,,NO_MATCH,,0
ATM25031849HE5L,,NO_MATCH,,0
TXN250318H9QKHC,,NO_MATCH,,0
ATM250318MU8MEV,,NO_MATCH,,0
TXN2503182SJA4J,,NO_MATCH,,0
ATM250318A40EWA,,NO_MATCH,,0
ATM250318QIIPKN,,NO_MATCH,,0
TXN250318MYUEAC,,NO_MATCH,,0
TXN250318HGBUWR,CDR202600051008,RECEIVER_INCOMING_ACTIVITY,526,1
TXN250318OBXMC9,,NO_MATCH,,0
TXN250318RBC40G,,NO_MATCH,,0
TXN2503188EBLBF,,NO_MATCH,,0
ATM2503181JOT13,CDR202600051020,RECEIVER_INCOMING_ACTIVITY,380,1
TXN250318UGAE7D,CDR202600051016,SENDER_INCOMING_ACTIVITY,53,1
TXN250318O7BPWJ,,NO_MATCH,,0
TXN2503183E0C65,CDR202600051029,RECEIVER_OUTGOING_ACTIVITY,805,1
TXN250318SCMETF,,NO_MATCH,,0
ATM250318QOPPGW,,NO_MATCH,,0
TXN2503186Q3WY7,,NO_MATCH,,0
TXN250318HTA1X9,,NO_MATCH,,0
ATM2503185RAK59,,NO_MATCH,,0
TXN250318LISLXT,,NO_MATCH,,0
TXN250318KEOLGM,CDR202600051038,RECEIVER_OUTGOING_ACTIVITY,216,1
TXN250318JXXDRS,,NO_MATCH,,0
TXN250318HH6G9F,,NO_MATCH,,0
ATM250318IJLMMM,,NO_MATCH,,0
TXN250318Z0YCRA,,NO_MATCH,,0
ATM250318AWE9IE,,NO_MATCH,,0
TXN250318ZJL922,,NO_MATCH,,0
TXN25031844AN8S,,NO_MATCH,,0
ATM250318N622II,,NO_MATCH,,0
ATM250318OA3SIE,,NO_MATCH,,0
TXN250318I7AXUZ,,NO_MATCH,,0
TXN250318ODFI3T,,NO_MATCH,,0
TXN2503185TFVDL,,NO_MATCH,,0
TXN250318QTW4W7,,NO_MATCH,,0
TXN2503186LGZFJ,CDR202600051062,SENDER_INCOMING_ACTIVITY,613,1
ATM250318SRAQ6M,,NO_MATCH,,0
TXN250318L32UZT,,NO_MATCH,,0
TXN250318WMG0PG,,NO_MATCH,,0
ATM250318VK03VI,,NO_MATCH,,0
ATM250318RP1JZK,,NO_MATCH,,0
TXN2503181QA48L,,NO_MATCH,,0
TXN250318PP7CA9,,NO_MATCH,,0
TXN250318CGNT47,,NO_MATCH,,0
TXN2503186K9CNN,,NO_MATCH,,0
ATM2503180RVL4T,,NO_MATCH,,0
TXN250318AF9RK7,,NO_MATCH,,0
TXN250318K1XNA3,,NO_MATCH,,0
ATM2503188ZCPHY,,NO_MATCH,,0
ATM250318P0JFV5,,NO_MATCH,,0
TXN250318PVX7O3,,NO_MATCH,,0
TXN250318UP4FU1,CDR202600051055,RECEIVER_OUTGOING_ACTIVITY,-745,1
TXN250318AFW2RC,,NO_MATCH,,0
TXN250318RXQRDT,,NO_MATCH,,0
ATM250318PBCS0R,,NO_MATCH,,0
TXN250318LT3BFK,,NO_MATCH,,0
TXN250318YI8JFT,,NO_MATCH,,0
ATM250318158H4Z,,NO_MATCH,,0
ATM250318GG9C01,,NO_MATCH,,0
TXN250318GQ8VIW,,NO_MATCH,,0
ATM250318BGCA4L,,NO_MATCH,,0
ATM25031854NM32,CDR202600051084,SENDER_OUTGOING_ACTIVITY,878,1
TXN250318VTPSQL,,NO_MATCH,,0
TXN250318RJV72K,,NO_MATCH,,0
TXN250318U7HOD2,,NO_MATCH,,0
TXN250318ZY024A,,NO_MATCH,,0
TXN250318H336AO,,NO_MATCH,,0
TXN25031863PG0T,CDR202600051083,RECEIVER_OUTGOING_ACTIVITY,380,1
TXN250318F55ZLE,,NO_MATCH,,0
ATM250318XVPMQK,CDR202600051084,SENDER_OUTGOING_ACTIVITY,218,1
TXN25031878OQJF,,NO_MATCH,,0
TXN250318FOC06P,,NO_MATCH,,0
ATM250318VJU5NP,CDR202600051084,SENDER_OUTGOING_ACTIVITY,-22,1
ATM250318284489,CDR202600051094,RECEIVER_OUTGOING_ACTIVITY,48,1
ATM250318BX20OT,,NO_MATCH,,0
TXN250318MQBSCZ,,NO_MATCH,,0
TXN250318372L1N,,NO_MATCH,,0
TXN250318XQPNYP,,NO_MATCH,,0
ATM250318OY06WH,,NO_MATCH,,0
ATM250318KJYBV4,,NO_MATCH,,0
TXN2503182PKFXK,CDR202600051133,RECEIVER_OUTGOING_ACTIVITY,892,1
ATM250318KW67EH,,NO_MATCH,,0
TXN250318F0B4Q8,,NO_MATCH,,0
ATM250318HH2WTH,,NO_MATCH,,0
ATM250318HFA1QJ,CDR202600051144,RECEIVER_INCOMING_ACTIVITY,846,1
TXN25031818DPY8,,NO_MATCH,,0
TXN250318HS0R1L,,NO_MATCH,,0
ATM2503187CNVC8,,NO_MATCH,,0
TXN250318V8S4HS,,NO_MATCH,,0
ATM250318JBDPXW,,NO_MATCH,,0
TXN250318YCVVR3,,NO_MATCH,,0
TXN2503180XUJWX,,NO_MATCH,,0
ATM250318IXCIF4,,NO_MATCH,,0
TXN250318ZR44JL,,NO_MATCH,,0
TXN250318KRKIMB,CDR202600051149,SENDER_INCOMING_ACTIVITY,-270,1
TXN250318WTI81F,,NO_MATCH,,0
TXN2503181WRG3K,,NO_MATCH,,0
TXN250318VSOOGS,CDR202600051155,RECEIVER_OUTGOING_ACTIVITY,-736,1
TXN250318JPQ4WX,CDR202600051158,RECEIVER_INCOMING_ACTIVITY,-874,1
TXN250318BZU8EJ,,NO_MATCH,,0
TXN250318OAPAO0,,NO_MATCH,,0
TXN250318INV5ZJ,CDR202600051165,SENDER_INCOMING_ACTIVITY,-667,1
ATM250318Q5DFKL,,NO_MATCH,,0
TXN2503189OUKA7,,NO_MATCH,,0
ATM250318QA2V6I,,NO_MATCH,,0
ATM250318NF29FZ,,NO_MATCH,,0
TXN2503184EMJ6M,,NO_MATCH,,0
TXN250318JH49AG,,NO_MATCH,,0
ATM250318NJT8H2,,NO_MATCH,,0
TXN2503183QXQ2A,,NO_MATCH,,0
ATM250318EQ6YZ1,,NO_MATCH,,0
TXN250318UAOD2Y,,NO_MATCH,,0
TXN250318Z31Z3B,,NO_MATCH,,0
TXN250318YO8F7C,,NO_MATCH,,0
TXN250318THZQQV,,NO_MATCH,,0
TXN250318O5AFH0,,NO_MATCH,,0
TXN250318KNEUJH,,NO_MATCH,,0
TXN2503189RDH5X,CDR202600051214,SENDER_OUTGOING_ACTIVITY,-542,1
TXN250318VFRTK3,,NO_MATCH,,0
TXN250318PGQ3N7,,NO_MATCH,,0
TXN250318EP7E0J,,NO_MATCH,,0
ATM2503189SPTEC,,NO_MATCH,,0
ATM2503189GOVGO,,NO_MATCH,,0
TXN250318M20RUF,,NO_MATCH,,0
TXN2503183U4LD9,,NO_MATCH,,0
ATM25031855JLJ0,CDR202600051256,SENDER_OUTGOING_ACTIVITY,-410,1
ATM250318XRR682,,NO_MATCH,,0
TXN250318D9IGLG,,NO_MATCH,,0
TXN25031808DT1P,,NO_MATCH,,0
ATM25031855TQPR,,NO_MATCH,,0
ATM2503186TCGXQ,CDR202600051294,SENDER_OUTGOING_ACTIVITY,390,1
TXN2503186FMDQ3,CDR202600051299,RECEIVER_INCOMING_ACTIVITY,681,1
ATM250318A39S80,,NO_MATCH,,0
ATM250318EZ3JOQ,,NO_MATCH,,0
TXN250318YBJ8WX,,NO_MATCH,,0
ATM250318F8K53C,,NO_MATCH,,0
TXN250318CX4G6M,CDR202600051296,RECEIVER_INCOMING_ACTIVITY,-869,1
ATM2503184B9FKL,,NO_MATCH,,0
ATM250318X8I4PJ,,NO_MATCH,,0
TXN250318O5CS9A,CDR202600051306,RECEIVER_INCOMING_ACTIVITY,-292,1
TXN250318WD61WW,CDR202600051307,SENDER_INCOMING_ACTIVITY,-634,1
TXN2503185T42AL,,NO_MATCH,,0
ATM25031816E5FB,,NO_MATCH,,0
TXN250318D6PWNM,,NO_MATCH,,0
TXN250318L16EEV,,NO_MATCH,,0
ATM250318ZCYV05,CDR202600051334,SENDER_INCOMING_ACTIVITY,776,1
ATM250318L4IZNC,,NO_MATCH,,0
TXN250318IO07LI,,NO_MATCH,,0
ATM2503187FY148,,NO_MATCH,,0
TXN250318SAMUIQ,,NO_MATCH,,0
TXN250318DKOF0E,,NO_MATCH,,0
ATM250318O9K0SI,,NO_MATCH,,0
TXN250318HS2CP1,,NO_MATCH,,0
ATM25031870OIOO,,NO_MATCH,,0
TXN250318GHDA9B,,NO_MATCH,,0
TXN2503189G4B3M,,NO_MATCH,,0
TXN250318FVLCQN,,NO_MATCH,,0
TXN2503189VRSTP,,NO_MATCH,,0
ATM2503189S6U07,,NO_MATCH,,0
TXN250318P2SPFI,CDR202600051359,SENDER_INCOMING_ACTIVITY,396,1
ATM2503182LF4E5,,NO_MATCH,,0
TXN250318EP6OHZ,,NO_MATCH,,0
ATM250318F0R2EG,,NO_MATCH,,0
TXN250319YU7ZRB,,NO_MATCH,,0
TXN250319HQ22B5,,NO_MATCH,,0
TXN2503196WK0B6,,NO_MATCH,,0
TXN250319STGQ5P,,NO_MATCH,,0
TXN250319EBVXXM,,NO_MATCH,,0
TXN2503192EJF3E,,NO_MATCH,,0
TXN250319J1XHPF,,NO_MATCH,,0
TXN250319F54VP7,,NO_MATCH,,0
TXN250319BH6QOY,,NO_MATCH,,0
TXN250319BSB6LC,CDR202600051401,SENDER_INCOMING_ACTIVITY,464,1
ATM2503190C30K8,,NO_MATCH,,0
TXN250319G24VWU,,NO_MATCH,,0
TXN250319ONFTKR,,NO_MATCH,,0
TXN250319PWAF5D,,NO_MATCH,,0
TXN250319C3VPQ2,,NO_MATCH,,0
TXN250319XB2P2J,,NO_MATCH,,0
TXN2503190NQNIK,,NO_MATCH,,0
TXN250319JUP689,,NO_MATCH,,0
ATM250319ZS392I,,NO_MATCH,,0
TXN250319JH0MOB,,NO_MATCH,,0
TXN2503192G9U03,,NO_MATCH,,0
TXN250319OBBAX1,,NO_MATCH,,0
TXN250319024YOM,,NO_MATCH,,0
TXN250319VF5RY4,CDR202600060092,SENDER_OUTGOING_ACTIVITY,-720,1
TXN2503195K3955,,NO_MATCH,,0
ATM250319HAT51Y,,NO_MATCH,,0
TXN250319PTTEQ8,,NO_MATCH,,0
TXN25031997N1JX,,NO_MATCH,,0
TXN2503196EFO4A,CDR202600051463,RECEIVER_INCOMING_ACTIVITY,861,1
ATM2503199DIEQN,,NO_MATCH,,0
ATM250319OC676I,,NO_MATCH,,0
ATM250319D952PF,,NO_MATCH,,0
TXN250319I3L3V0,CDR202600051467,SENDER_OUTGOING_ACTIVITY,-602,1
ATM2503197B6ZZ4,,NO_MATCH,,0
ATM250319007KA6,,NO_MATCH,,0
ATM250319KVXZUO,,NO_MATCH,,0
ATM2503190LN4ZR,CDR202600051487,SENDER_OUTGOING_ACTIVITY,357,1
ATM250319S3452K,,NO_MATCH,,0
TXN250319YA3GRQ,,NO_MATCH,,0
ATM250319DCBFMJ,,NO_MATCH,,0
TXN250319VO7JT4,CDR202600051490,RECEIVER_OUTGOING_ACTIVITY,-750,1
TXN250319QHHULR,,NO_MATCH,,0
TXN250319WD3VLV,,NO_MATCH,,0
ATM250319SVDNQ4,,NO_MATCH,,0
TXN2503196ZWG26,,NO_MATCH,,0
TXN250319LS734N,,NO_MATCH,,0
TXN250319K3ZE3K,CDR202600051519,SENDER_OUTGOING_ACTIVITY,577,1
TXN2503194VU1HW,,NO_MATCH,,0
ATM250319H76LIW,CDR202600051515,RECEIVER_OUTGOING_ACTIVITY,-582,1
TXN250319WAX0VR,,NO_MATCH,,0
ATM250319YAQ022,,NO_MATCH,,0
TXN250319BCP4TC,,NO_MATCH,,0
TXN250319EOCQ0O,,NO_MATCH,,0
ATM2503192QIKD9,,NO_MATCH,,0
ATM25031934WNUB,,NO_MATCH,,0
TXN2503194BIVGQ,,NO_MATCH,,0
ATM250319NT0ZV1,,NO_MATCH,,0
ATM250319G1RIFP,CDR202600051561,SENDER_OUTGOING_ACTIVITY,750,1
TXN250319IQMFU6,,NO_MATCH,,0
ATM250319V5HQNO,,NO_MATCH,,0
TXN2503196906GB,CDR202600051545,SENDER_OUTGOING_ACTIVITY,-82,1
TXN250319GO6QHL,,NO_MATCH,,0
TXN250319QSXJPD,,NO_MATCH,,0
TXN250319BSEINA,,NO_MATCH,,0
ATM25031990W6R4,CDR202600051574,SENDER_OUTGOING_ACTIVITY,680,1
ATM250319N6S5FS,,NO_MATCH,,0
ATM2503199P6X8R,,NO_MATCH,,0
TXN250319MC3K4Z,,NO_MATCH,,0
TXN250319GELJYX,CDR202600051576,SENDER_OUTGOING_ACTIVITY,-371,1
TXN250319WUED9T,,NO_MATCH,,0
TXN250319HTF615,,NO_MATCH,,0
TXN2503194A8W94,,NO_MATCH,,0
TXN250319NX2ZX6,,NO_MATCH,,0
ATM2503191MH9UU,CDR202600051589,SENDER_INCOMING_ACTIVITY,-487,1
TXN25031940MAC5,,NO_MATCH,,0
ATM250319WRBPJY,,NO_MATCH,,0
TXN2503198HIKDU,CDR202600051606,RECEIVER_OUTGOING_ACTIVITY,347,1
ATM250319XC1276,,NO_MATCH,,0
ATM250319K4HGD0,CDR202600051606,SENDER_INCOMING_ACTIVITY,-79,1
ATM250319OCJ8KI,,NO_MATCH,,0
TXN250319ZWO5KW,,NO_MATCH,,0
ATM250319SHS71T,CDR202600051627,SENDER_INCOMING_ACTIVITY,-447,1
TXN250319VOTQ3H,,NO_MATCH,,0
ATM25031922SKJY,CDR202600051639,RECEIVER_OUTGOING_ACTIVITY,36,1
TXN250319RZAJUM,,NO_MATCH,,0
TXN250319UXXTD6,,NO_MATCH,,0
ATM250319UALP18,CDR202600051641,SENDER_INCOMING_ACTIVITY,-548,1
ATM250319K9BP4O,,NO_MATCH,,0
ATM250319CF5T8S,,NO_MATCH,,0
TXN250319IJ8TYH,,NO_MATCH,,0
ATM250319398TEY,,NO_MATCH,,0
ATM250319QKT8MB,,NO_MATCH,,0
TXN250319VJCDTL,,NO_MATCH,,0
ATM250319ZAFYL3,,NO_MATCH,,0
TXN250319FNOA27,,NO_MATCH,,0
ATM2503197PZQYG,,NO_MATCH,,0
TXN2503193CFREA,,NO_MATCH,,0
TXN250319X1QXAS,CDR202600051680,RECEIVER_OUTGOING_ACTIVITY,726,1
TXN250319FNSCNS,,NO_MATCH,,0
TXN250319YVGBRB,,NO_MATCH,,0
ATM250319328HGH,,NO_MATCH,,0
TXN250319JTL5N7,CDR202600060308,SENDER_OUTGOING_ACTIVITY,-360,1
ATM250319SA0HQ8,,NO_MATCH,,0
TXN250319CWE9UD,,NO_MATCH,,0
TXN250319MKHAWK,,NO_MATCH,,0
TXN250319T9M22Z,,NO_MATCH,,0
ATM2503190J44P1,,NO_MATCH,,0
TXN250319Z1TSGK,CDR202600051689,RECEIVER_OUTGOING_ACTIVITY,523,1
TXN250319E7IOS3,,NO_MATCH,,0
TXN25031957H5JE,,NO_MATCH,,0
ATM250319LUEOJU,,NO_MATCH,,0
ATM250319DVP9DT,,NO_MATCH,,0
TXN250319KB4PFB,,NO_MATCH,,0
ATM2503193LKE9X,,NO_MATCH,,0
TXN250319V6CWGS,,NO_MATCH,,0
TXN25031955WCMK,,NO_MATCH,,0
TXN250319D10BWH,,NO_MATCH,,0
TXN250319S6SG43,,NO_MATCH,,0
TXN2503196WZY7G,,NO_MATCH,,0
ATM250319DHYP46,,NO_MATCH,,0
TXN250319541JC3,,NO_MATCH,,0
ATM250319J1GVC0,CDR202600051715,RECEIVER_OUTGOING_ACTIVITY,84,1
TXN250319RWEP24,CDR202600051725,RECEIVER_OUTGOING_ACTIVITY,593,1
TXN25031934S0OW,,NO_MATCH,,0
TXN25031962MKUM,,NO_MATCH,,0
ATM250319GVO2G7,,NO_MATCH,,0
TXN250319JMIXAV,,NO_MATCH,,0
ATM250319YI3S0V,,NO_MATCH,,0
TXN2503194ZC3N5,,NO_MATCH,,0
TXN2503190KC87N,,NO_MATCH,,0
TXN250319OW0U28,,NO_MATCH,,0
TXN250319DXT3NJ,,NO_MATCH,,0
TXN250319A1XKSY,,NO_MATCH,,0
ATM2503198TD1OJ,,NO_MATCH,,0
ATM250319JAG7GD,,NO_MATCH,,0
TXN250319OZK0EU,,NO_MATCH,,0
TXN250319LNFB6D,,NO_MATCH,,0
TXN250319SI4CNR,,NO_MATCH,,0
ATM250319DHMMSW,,NO_MATCH,,0
TXN250319NB7Y3A,,NO_MATCH,,0
TXN250319FYDW8P,,NO_MATCH,,0
TXN250319I8LXIQ,,NO_MATCH,,0
TXN25031923ARTS,CDR202600051792,SENDER_OUTGOING_ACTIVITY,-186,1
TXN250319NY6OMA,,NO_MATCH,,0
ATM2503190GCRXM,,NO_MATCH,,0
TXN2503192ZFEM1,,NO_MATCH,,0
TXN250319Q73Q10,CDR202600051814,SENDER_OUTGOING_ACTIVITY,319,1
TXN250319A7C1HH,,NO_MATCH,,0
ATM250319LD6XZD,,NO_MATCH,,0
TXN2503192SZ7N5,,NO_MATCH,,0
ATM250319HAL3YS,,NO_MATCH,,0
TXN250319R9OHEP,,NO_MATCH,,0
ATM250319D6I2UL,CDR202600051822,SENDER_INCOMING_ACTIVITY,-674,1
ATM250319TDXPB0,,NO_MATCH,,0
ATM2503199D4ZJS,,NO_MATCH,,0
TXN250319PHTGWW,,NO_MATCH,,0
TXN250319ND887M,,NO_MATCH,,0
TXN250319IJPJ4I,,NO_MATCH,,0
ATM250319HXHJF5,,NO_MATCH,,0
TXN250319SN0GF7,,NO_MATCH,,0
TXN250319NGYTH2,,NO_MATCH,,0
ATM250319ZIYNDO,,NO_MATCH,,0
TXN250319VE6MSO,,NO_MATCH,,0
TXN250319M7CL8A,,NO_MATCH,,0
TXN2503195YU43J,,NO_MATCH,,0
ATM2503198VS615,,NO_MATCH,,0
TXN250319P36G3U,,NO_MATCH,,0
TXN250319UW3N3P,,NO_MATCH,,0
TXN250319V7X2XE,,NO_MATCH,,0
TXN250319BTZRP5,,NO_MATCH,,0
TXN250319UZDWPV,CDR202600060039,SENDER_OUTGOING_ACTIVITY,-120,1
ATM250319JFHLAQ,,NO_MATCH,,0
TXN2503194X4XN9,,NO_MATCH,,0
ATM250319M1YENO,,NO_MATCH,,0
TXN250319VHE3BG,,NO_MATCH,,0
TXN250319VRRW9Y,,NO_MATCH,,0
TXN250319JAXLI1,,NO_MATCH,,0
TXN250319SSLEFI,,NO_MATCH,,0
TXN2503195E3345,,NO_MATCH,,0
TXN250319CXRJXQ,,NO_MATCH,,0
ATM250319RZ61TH,,NO_MATCH,,0
ATM250319YKHX5P,CDR202600051917,RECEIVER_OUTGOING_ACTIVITY,599,1
ATM250319394SL6,,NO_MATCH,,0
ATM250319T07O5G,,NO_MATCH,,0
ATM250319IGWAE3,,NO_MATCH,,0
ATM250319WVDX18,,NO_MATCH,,0
TXN250319J1UUAX,,NO_MATCH,,0
TXN250319PB9ULE,,NO_MATCH,,0
TXN250319LH2YFA,,NO_MATCH,,0
TXN250319A9EZH9,,NO_MATCH,,0
ATM25031905LZW5,,NO_MATCH,,0
ATM250319HAST0J,,NO_MATCH,,0
TXN2503190RWG68,,NO_MATCH,,0
TXN250319V5RLF6,,NO_MATCH,,0
TXN250319HDPISZ,,NO_MATCH,,0
TXN250319AD37BC,,NO_MATCH,,0
TXN250319H91B0N,,NO_MATCH,,0
TXN2503198AE1O0,,NO_MATCH,,0
ATM250319MARV1E,CDR202600051955,RECEIVER_OUTGOING_ACTIVITY,-315,1
TXN250319B838X7,,NO_MATCH,,0
TXN250319VQAJYO,,NO_MATCH,,0
TXN250319KYCCYZ,CDR202600051955,SENDER_OUTGOING_ACTIVITY,-755,1
TXN250319GRLLLK,,NO_MATCH,,0
TXN2503197SATR2,,NO_MATCH,,0
TXN250319SXRJSB,,NO_MATCH,,0
TXN250319XKKLEC,,NO_MATCH,,0
TXN2503190H9E6W,,NO_MATCH,,0
TXN250319TOMY8L,,NO_MATCH,,0
ATM250319PAP5GM,,NO_MATCH,,0
TXN250319HCXPGP,,NO_MATCH,,0
TXN2503193FV7TM,,NO_MATCH,,0
ATM2503197HNQAO,,NO_MATCH,,0
TXN250319NXPHAE,,NO_MATCH,,0
TXN250319VHJPT5,,NO_MATCH,,0
TXN250319HEOC5A,,NO_MATCH,,0
ATM250319DNUWOP,,NO_MATCH,,0
ATM250319A1AF9I,,NO_MATCH,,0
ATM25031914ELCD,,NO_MATCH,,0
TXN250319IA9N7D,,NO_MATCH,,0
TXN250319W2IEIJ,,NO_MATCH,,0
TXN250319GBDCAQ,,NO_MATCH,,0
ATM250319JHJR5A,,NO_MATCH,,0
ATM250319YQGP09,,NO_MATCH,,0
TXN250319PJT2CM,,NO_MATCH,,0
TXN250319BU3T8P,,NO_MATCH,,0
ATM250319RZ5J26,,NO_MATCH,,0
TXN250319RN75QN,,NO_MATCH,,0
ATM250319UAYO4S,,NO_MATCH,,0
TXN250319IJBWV2,,NO_MATCH,,0
ATM250319RI8DPR,,NO_MATCH,,0
TXN250320PVBTY3,,NO_MATCH,,0
TXN250320JC874M,,NO_MATCH,,0
TXN2503204G2P9R,,NO_MATCH,,0
TXN25032015ZHL8,,NO_MATCH,,0
TXN250320CV8HKB,,NO_MATCH,,0
TXN250320187R9H,,NO_MATCH,,0
TXN250320RSGL40,,NO_MATCH,,0
TXN250320XS46AX,,NO_MATCH,,0
TXN250320J12IOH,,NO_MATCH,,0
ATM25032004FF7E,,NO_MATCH,,0
ATM250320NVJ9FB,CDR202600052054,RECEIVER_INCOMING_ACTIVITY,301,1
TXN250320NCNUNL,,NO_MATCH,,0
TXN250320ERWAN0,,NO_MATCH,,0
TXN2503205V1UA3,,NO_MATCH,,0
ATM250320A45WJX,,NO_MATCH,,0
TXN2503202L55ZD,,NO_MATCH,,0
ATM250320HBOG9Z,CDR202600052077,SENDER_INCOMING_ACTIVITY,-253,1
TXN250320AALNAJ,,NO_MATCH,,0
TXN250320PSEDOD,,NO_MATCH,,0
ATM250320TLAKWA,,NO_MATCH,,0
TXN250320WL6ZOB,,NO_MATCH,,0
TXN250320RWQIX2,,NO_MATCH,,0
TXN250320W7W2VN,,NO_MATCH,,0
TXN25032022A79Y,CDR202600052105,SENDER_OUTGOING_ACTIVITY,807,1
TXN250320Q339TG,,NO_MATCH,,0
ATM2503201J52VR,,NO_MATCH,,0
TXN2503208C3CJO,,NO_MATCH,,0
ATM250320LJOKPP,,NO_MATCH,,0
ATM25032050O3G6,,NO_MATCH,,0
ATM250320XGB45E,CDR202600052119,RECEIVER_OUTGOING_ACTIVITY,625,1
TXN250320THYJQL,,NO_MATCH,,0
TXN2503201JELD4,,NO_MATCH,,0
ATM250320NTOMQ5,,NO_MATCH,,0
TXN250320CQX6XX,,NO_MATCH,,0
ATM250320CC499A,,NO_MATCH,,0
ATM250320C1ISUA,CDR202600052134,SENDER_INCOMING_ACTIVITY,-77,1
ATM2503209KRJT0,CDR202600052134,SENDER_INCOMING_ACTIVITY,-137,1
ATM250320QNJRFT,CDR202600052134,SENDER_INCOMING_ACTIVITY,-137,1
TXN25032044J5FQ,,NO_MATCH,,0
TXN250320NYECRB,,NO_MATCH,,0
ATM2503200N4WKY,,NO_MATCH,,0
TXN250320QX2EIM,,NO_MATCH,,0
TXN2503208QXKNH,,NO_MATCH,,0
ATM250320ESGE94,CDR202600052142,SENDER_OUTGOING_ACTIVITY,-21,1
ATM2503205DHIQ3,,NO_MATCH,,0
TXN250320TWYRX5,,NO_MATCH,,0
TXN250320V6TZS3,,NO_MATCH,,0
ATM2503207BVQQZ,CDR202600052150,SENDER_OUTGOING_ACTIVITY,-119,1
TXN25032097W1HA,,NO_MATCH,,0
TXN250320QU7T1Z,,NO_MATCH,,0
ATM25032037TXUY,CDR202600052150,SENDER_OUTGOING_ACTIVITY,-239,1
ATM2503208D5AZA,CDR202600052160,SENDER_OUTGOING_ACTIVITY,252,1
TXN2503205DZYFN,,NO_MATCH,,0
TXN250320ZF0R35,,NO_MATCH,,0
ATM250320F4B5EG,CDR202600052160,SENDER_OUTGOING_ACTIVITY,-348,1
ATM250320DZ3HF8,CDR202600052160,SENDER_OUTGOING_ACTIVITY,-708,1
ATM2503203RJ2X0,,NO_MATCH,,0
ATM250320GMM750,CDR202600052160,SENDER_OUTGOING_ACTIVITY,-828,1
ATM250320AGGB4E,,NO_MATCH,,0
TXN2503203HD27O,,NO_MATCH,,0
TXN2503202A2SWN,,NO_MATCH,,0
ATM250320J52R2H,,NO_MATCH,,0
ATM2503203G4S77,,NO_MATCH,,0
ATM25032044M7HM,,NO_MATCH,,0
TXN250320SDWVRH,,NO_MATCH,,0
ATM250320XYV5PX,,NO_MATCH,,0
TXN250320GT1PPU,,NO_MATCH,,0
TXN250320HN1TRD,,NO_MATCH,,0
TXN2503200A7AOD,,NO_MATCH,,0
TXN2503203NB073,,NO_MATCH,,0
ATM250320AZMQ90,CDR202600052231,RECEIVER_OUTGOING_ACTIVITY,801,1
ATM250320IH1HVD,,NO_MATCH,,0
TXN250320QFNL8J,CDR202600052234,RECEIVER_OUTGOING_ACTIVITY,455,1
TXN250320VTOB86,,NO_MATCH,,0
TXN250320FU1098,,NO_MATCH,,0
ATM250320AZEN3A,CDR202600052225,RECEIVER_INCOMING_ACTIVITY,-455,1
TXN250320VLY2YL,,NO_MATCH,,0
ATM250320QNLEYQ,,NO_MATCH,,0
TXN2503201MR8N0,CDR202600052227,SENDER_OUTGOING_ACTIVITY,-657,1
TXN25032071LD0D,,NO_MATCH,,0
TXN250320IKO8FZ,,NO_MATCH,,0
ATM2503204F30PB,CDR202600052241,SENDER_INCOMING_ACTIVITY,-545,1
ATM250320LKIO5O,,NO_MATCH,,0
TXN250320YL4IN1,,NO_MATCH,,0
TXN250320F8D0RU,,NO_MATCH,,0
ATM250320N7RCMD,CDR202600052267,SENDER_INCOMING_ACTIVITY,591,1
TXN250320JX5TB9,,NO_MATCH,,0
TXN250320ADOB8R,,NO_MATCH,,0
TXN250320KDDQ5G,CDR202600052253,RECEIVER_INCOMING_ACTIVITY,-700,1
TXN250320S3RRSE,CDR202600052274,SENDER_OUTGOING_ACTIVITY,580,1
TXN250320I6JK7Y,,NO_MATCH,,0
TXN250320FSNQDF,,NO_MATCH,,0
ATM250320TS8D5J,,NO_MATCH,,0
TXN250320I0NHHV,,NO_MATCH,,0
ATM250320LZV1ZK,CDR202600052292,RECEIVER_INCOMING_ACTIVITY,-112,1
TXN250320ITBC8U,,NO_MATCH,,0
TXN250320UD5BBV,,NO_MATCH,,0
ATM250320B2M7VF,,NO_MATCH,,0
TXN250320MBJSWH,CDR202600052309,RECEIVER_INCOMING_ACTIVITY,-227,1
ATM250320TF6LI2,,NO_MATCH,,0
ATM250320RP57ZO,,NO_MATCH,,0
ATM2503205P5MX0,,NO_MATCH,,0
ATM250320BB3PC1,,NO_MATCH,,0
TXN250320DFGGLS,,NO_MATCH,,0
TXN250320GBDTBO,,NO_MATCH,,0
TXN250320KFP7N6,,NO_MATCH,,0
ATM250320F76EAO,,NO_MATCH,,0
TXN2503209SASYD,,NO_MATCH,,0
TXN250320EWRZ02,,NO_MATCH,,0
TXN250320WMBOS8,,NO_MATCH,,0
TXN250320QU4TW4,,NO_MATCH,,0
TXN250320JY53QW,,NO_MATCH,,0
TXN250320RODO8Q,CDR202600052349,SENDER_OUTGOING_ACTIVITY,340,1
TXN250320I3HBX1,CDR202600052360,SENDER_OUTGOING_ACTIVITY,425,1
TXN2503205RNHEN,,NO_MATCH,,0
TXN2503205ZAPEN,,NO_MATCH,,0
TXN250320N1WR6N,,NO_MATCH,,0
ATM2503200PGLX5,,NO_MATCH,,0
ATM250320AX5HH4,CDR202600052362,SENDER_OUTGOING_ACTIVITY,-790,1
TXN250320AOAZ9H,,NO_MATCH,,0
ATM250320NPXIGA,,NO_MATCH,,0
TXN250320VG2IBE,,NO_MATCH,,0
ATM250320H99L7P,,NO_MATCH,,0
ATM25032050IZWM,,NO_MATCH,,0
ATM2503207FR2BZ,CDR202600052394,SENDER_OUTGOING_ACTIVITY,854,1
TXN250320VUYEJ7,,NO_MATCH,,0
TXN2503208HNM3E,,NO_MATCH,,0
ATM2503203YR1OH,,NO_MATCH,,0
ATM250320PE1LD8,,NO_MATCH,,0
TXN250320H3L35Q,,NO_MATCH,,0
TXN250320R70JO0,,NO_MATCH,,0
TXN2503206PHMJO,,NO_MATCH,,0
TXN250320KWF5L4,CDR202600052408,SENDER_OUTGOING_ACTIVITY,197,1
ATM250320HSJAZW,,NO_MATCH,,0
TXN25032023LKAW,,NO_MATCH,,0
TXN250320N6NF4S,,NO_MATCH,,0
ATM250320FC43S2,,NO_MATCH,,0
ATM25032060IP32,,NO_MATCH,,0
TXN250320X2OECI,,NO_MATCH,,0
ATM250320WG8OBH,,NO_MATCH,,0
ATM250320TSV706,,NO_MATCH,,0
ATM250320CO3SX7,CDR202600052452,RECEIVER_OUTGOING_ACTIVITY,388,1
ATM250320FJ81IE,,NO_MATCH,,0
TXN250320V0QH8J,CDR202600052459,RECEIVER_INCOMING_ACTIVITY,182,1
TXN250320FQ8UZB,,NO_MATCH,,0
TXN250320OVTD5D,,NO_MATCH,,0
TXN250320W2F7ZH,CDR202600052475,RECEIVER_OUTGOING_ACTIVITY,491,1
ATM25032013YUKZ,,NO_MATCH,,0
TXN250320GI1J6L,CDR202600052484,SENDER_INCOMING_ACTIVITY,898,1
TXN2503204MKMCH,CDR202600052484,SENDER_INCOMING_ACTIVITY,166,1
TXN250320SIVN9D,,NO_MATCH,,0
ATM25032063WOPU,,NO_MATCH,,0
TXN250320LBM3FH,,NO_MATCH,,0
TXN25032044AAWL,,NO_MATCH,,0
TXN2503201ZWM1Q,,NO_MATCH,,0
ATM250320KSX13O,,NO_MATCH,,0
TXN250320JFSJZB,,NO_MATCH,,0
ATM250320LR28M3,CDR202600052503,SENDER_INCOMING_ACTIVITY,787,1
ATM250320NVTTIU,,NO_MATCH,,0
ATM250320FKFFUZ,CDR202600052511,RECEIVER_INCOMING_ACTIVITY,387,1
ATM2503207ERBJV,,NO_MATCH,,0
TXN2503209OM422,,NO_MATCH,,0
TXN250320BQRPLL,,NO_MATCH,,0
TXN250320CQ7BHA,CDR202600060366,SENDER_OUTGOING_ACTIVITY,-540,1
TXN25032082ZRKZ,,NO_MATCH,,0
TXN2503200XD4HB,,NO_MATCH,,0
ATM250320LA2J16,,NO_MATCH,,0
TXN2503207TZWAN,,NO_MATCH,,0
TXN250320JCF00B,,NO_MATCH,,0
ATM250320DYOJK8,CDR202600060010,SENDER_OUTGOING_ACTIVITY,-840,1
ATM2503201OT9U7,,NO_MATCH,,0
TXN250320Y9O6PF,CDR202600052557,SENDER_OUTGOING_ACTIVITY,896,1
TXN250320YP12M9,,NO_MATCH,,0
TXN250320D58LU9,,NO_MATCH,,0
TXN250320F521KO,,NO_MATCH,,0
TXN250320NIA4YP,CDR202600052558,RECEIVER_OUTGOING_ACTIVITY,-71,1
TXN250320YMGZ5K,,NO_MATCH,,0
ATM2503201XS881,,NO_MATCH,,0
TXN2503201KEQ0H,,NO_MATCH,,0
TXN250320NDYTJD,CDR202600052580,SENDER_OUTGOING_ACTIVITY,818,1
TXN250320E8Q8A6,CDR202600052558,RECEIVER_INCOMING_ACTIVITY,-830,1
TXN2503204SRU8Z,,NO_MATCH,,0
TXN250320O918BU,,NO_MATCH,,0
TXN250320Y2CMA9,CDR202600052567,RECEIVER_INCOMING_ACTIVITY,-582,1
TXN2503203WELXN,CDR202600052588,SENDER_INCOMING_ACTIVITY,697,1
TXN250320KZTSGK,,NO_MATCH,,0
ATM250320IBZ53E,,NO_MATCH,,0
ATM25032025Q5E1,CDR202600052590,RECEIVER_OUTGOING_ACTIVITY,-323,1
ATM250320LC55E8,CDR202600052595,SENDER_OUTGOING_ACTIVITY,176,1
TXN250320U9JC3Q,,NO_MATCH,,0
TXN250320MT7DT4,CDR202600052598,RECEIVER_OUTGOING_ACTIVITY,-269,1
ATM250320ZQXU8I,,NO_MATCH,,0
ATM2503204EK0G9,,NO_MATCH,,0
TXN2503201G09M2,,NO_MATCH,,0
TXN250320R7C4VU,,NO_MATCH,,0
TXN250320XUI90K,,NO_MATCH,,0
ATM250320H7P67I,,NO_MATCH,,0
ATM250320ANSHKZ,,NO_MATCH,,0
TXN2503203OHZWD,,NO_MATCH,,0
ATM250320REL7R9,,NO_MATCH,,0
TXN250320HVPIY7,,NO_MATCH,,0
TXN2503204ED6DY,,NO_MATCH,,0
TXN2503206K9GGY,,NO_MATCH,,0
ATM250320665FBQ,,NO_MATCH,,0
TXN250320Z7IIQQ,CDR202600052635,RECEIVER_OUTGOING_ACTIVITY,752,1
ATM250320TE6YKN,,NO_MATCH,,0
TXN250320CILVOP,,NO_MATCH,,0
TXN2503204M35JB,,NO_MATCH,,0
ATM2503202640WY,,NO_MATCH,,0
ATM250320I4YIIH,,NO_MATCH,,0
ATM2503204VM6Y0,,NO_MATCH,,0
ATM2503209TP8JO,,NO_MATCH,,0
ATM250320CYY4YW,,NO_MATCH,,0
ATM2503206YR1L6,,NO_MATCH,,0
ATM250320DKTDS2,,NO_MATCH,,0
ATM250320M58Z3E,,NO_MATCH,,0
TXN250320LW14VF,,NO_MATCH,,0
TXN250320SFQC35,,NO_MATCH,,0
ATM2503203E1H2E,,NO_MATCH,,0
TXN250320O6NR3L,CDR202600052683,RECEIVER_OUTGOING_ACTIVITY,-142,1
TXN2503208803D5,,NO_MATCH,,0
TXN250320SS82FV,,NO_MATCH,,0
TXN250320P8YY6K,,NO_MATCH,,0
TXN2503217OTG87,,NO_MATCH,,0
TXN250321LZG6PJ,,NO_MATCH,,0
TXN250321JSYKE0,,NO_MATCH,,0
ATM250321W6MHS3,,NO_MATCH,,0
ATM250321SYR4SW,,NO_MATCH,,0
TXN250321L0WM90,,NO_MATCH,,0
ATM250321CPT6Z6,,NO_MATCH,,0
TXN250321B9FBLK,,NO_MATCH,,0
TXN250321QTVUNG,,NO_MATCH,,0
ATM250321KUW59V,,NO_MATCH,,0
TXN250321W5CH34,,NO_MATCH,,0
TXN250321836BP3,,NO_MATCH,,0
TXN250321O6YLN0,,NO_MATCH,,0
TXN250321YGH0IG,,NO_MATCH,,0
TXN2503211IWFTA,,NO_MATCH,,0
TXN250321FHEOFZ,,NO_MATCH,,0
TXN250321YGFMWX,,NO_MATCH,,0
TXN250321J2Z62H,,NO_MATCH,,0
TXN250321YFTOZ2,,NO_MATCH,,0
TXN250321V6Z7KE,,NO_MATCH,,0
TXN250321ZDK5FL,,NO_MATCH,,0
TXN250321884P6F,,NO_MATCH,,0
TXN250321290TWV,,NO_MATCH,,0
ATM250321JQ0ACC,,NO_MATCH,,0
ATM250321XQTBG7,,NO_MATCH,,0
ATM2503214X9E6W,,NO_MATCH,,0
TXN250321NK70FJ,,NO_MATCH,,0
TXN2503218X80HU,,NO_MATCH,,0
ATM2503210S1TNV,,NO_MATCH,,0
TXN250321Q1XBCH,CDR202600052811,RECEIVER_INCOMING_ACTIVITY,788,1
ATM2503214NOGU0,,NO_MATCH,,0
TXN250321UT6RYM,,NO_MATCH,,0
TXN250321ZLG5LK,,NO_MATCH,,0
TXN250321Y2VXL7,,NO_MATCH,,0
TXN250321ONUDSQ,CDR202600052835,SENDER_INCOMING_ACTIVITY,512,1
TXN2503212DVY6Z,,NO_MATCH,,0
TXN250321H3D129,CDR202600052816,RECEIVER_OUTGOING_ACTIVITY,-299,1
TXN2503214QOXLP,,NO_MATCH,,0
ATM250321ZMCQPU,CDR202600052836,RECEIVER_INCOMING_ACTIVITY,633,1
ATM2503211N2XGL,,NO_MATCH,,0
ATM250321C5XZUK,,NO_MATCH,,0
TXN2503213BSWRU,,NO_MATCH,,0
ATM250321HT6OZH,,NO_MATCH,,0
TXN2503210AZXRP,,NO_MATCH,,0
TXN250321VZJYNL,,NO_MATCH,,0
TXN250321BGZIQO,,NO_MATCH,,0
ATM250321I5C66X,,NO_MATCH,,0
ATM250321G1KQ66,,NO_MATCH,,0
ATM250321I1ONOK,,NO_MATCH,,0
TXN250321DJWG2C,,NO_MATCH,,0
TXN250321DFARXD,CDR202600052878,SENDER_INCOMING_ACTIVITY,826,1
TXN250321ZAHFPE,,NO_MATCH,,0
TXN250321QI77HQ,CDR202600052859,SENDER_INCOMING_ACTIVITY,-810,1
ATM250321TBGA7O,,NO_MATCH,,0
ATM2503212N5VO8,CDR202600052893,SENDER_INCOMING_ACTIVITY,880,1
TXN250321I6H1RO,,NO_MATCH,,0
TXN250321EFVK9J,,NO_MATCH,,0
ATM2503215EUVQC,,NO_MATCH,,0
ATM250321UF7MCF,,NO_MATCH,,0
TXN250321708WCZ,,NO_MATCH,,0
TXN250321YGVBGY,,NO_MATCH,,0
TXN250321OD69KU,,NO_MATCH,,0
TXN250321BZFEAB,,NO_MATCH,,0
TXN250321NFBSZ0,,NO_MATCH,,0
TXN250321WGC2VG,,NO_MATCH,,0
TXN250321N93JRL,,NO_MATCH,,0
ATM250321IQZAYA,,NO_MATCH,,0
TXN250321UUL8UK,,NO_MATCH,,0
TXN250321ONXMBI,,NO_MATCH,,0
ATM250321G15J9J,CDR202600052940,SENDER_OUTGOING_ACTIVITY,615,1
TXN250321N9O97L,,NO_MATCH,,0
ATM2503214VI1PW,,NO_MATCH,,0
TXN2503217Y19X8,CDR202600052926,SENDER_OUTGOING_ACTIVITY,-824,1
ATM25032157Z4RR,CDR202600052928,SENDER_OUTGOING_ACTIVITY,-626,1
TXN250321F3UT32,CDR202600052949,RECEIVER_OUTGOING_ACTIVITY,243,1
TXN2503212H6K4N,,NO_MATCH,,0
TXN250321IRT0B1,CDR202600052936,SENDER_OUTGOING_ACTIVITY,-783,1
TXN25032141U64Y,,NO_MATCH,,0
TXN250321HN8RNU,,NO_MATCH,,0
TXN250321CTQ1C6,,NO_MATCH,,0
TXN2503213VTC23,,NO_MATCH,,0
ATM250321C7EPEO,,NO_MATCH,,0
TXN250321ZLKP9Q,,NO_MATCH,,0
ATM2503212LVQPV,,NO_MATCH,,0
ATM250321GENPOA,,NO_MATCH,,0
TXN2503213347I3,,NO_MATCH,,0
ATM2503218NDD8Z,,NO_MATCH,,0
ATM25032100SJCN,,NO_MATCH,,0
TXN250321Z6IAVL,,NO_MATCH,,0
ATM250321L9DFMS,CDR202600052969,RECEIVER_OUTGOING_ACTIVITY,-87,1
TXN250321BV06LS,,NO_MATCH,,0
TXN250321RX5KX0,CDR202600052967,SENDER_INCOMING_ACTIVITY,-574,1
ATM2503216T4ZO0,CDR202600052994,SENDER_OUTGOING_ACTIVITY,-20,1
TXN250321PA4PBO,,NO_MATCH,,0
TXN250321DIK0G6,,NO_MATCH,,0
TXN250321EW3C3W,,NO_MATCH,,0
TXN250321C66LVR,CDR202600053008,SENDER_INCOMING_ACTIVITY,-336,1
TXN250321GWZ297,,NO_MATCH,,0
ATM250321C0DT0I,,NO_MATCH,,0
TXN250321QI7QXK,CDR202600053027,RECEIVER_INCOMING_ACTIVITY,386,1
ATM250321G71RGO,,NO_MATCH,,0
TXN250321FX2TTM,CDR202600053035,RECEIVER_OUTGOING_ACTIVITY,130,1
ATM250321IZ3R22,,NO_MATCH,,0
TXN250321XVJCGR,CDR202600053045,RECEIVER_OUTGOING_ACTIVITY,61,1
TXN250321AJPI06,,NO_MATCH,,0
TXN250321JS28DV,,NO_MATCH,,0
TXN2503210RWMK1,,NO_MATCH,,0
ATM2503218HDKVL,,NO_MATCH,,0
ATM250321RG0HLF,CDR202600053044,SENDER_OUTGOING_ACTIVITY,-740,1
ATM250321M3RKV4,,NO_MATCH,,0
ATM2503213IO8O0,,NO_MATCH,,0
TXN250321ISIDFB,CDR202600053063,SENDER_INCOMING_ACTIVITY,-5,1
TXN250321O4OBMV,,NO_MATCH,,0
TXN250321TM7K3E,,NO_MATCH,,0
TXN2503212AZHZY,,NO_MATCH,,0
ATM2503210DMRCR,,NO_MATCH,,0
ATM2503215FNKVK,,NO_MATCH,,0
ATM250321HX4D5H,,NO_MATCH,,0
ATM250321GGOCVI,,NO_MATCH,,0
TXN2503212XO3SG,,NO_MATCH,,0
TXN25032199IG9W,,NO_MATCH,,0
ATM250321RMR0D0,,NO_MATCH,,0
ATM250321FIZAP6,,NO_MATCH,,0
ATM2503218VC6SD,CDR202600053085,SENDER_OUTGOING_ACTIVITY,251,1
TXN250321F2PL1Y,,NO_MATCH,,0
ATM250321G95SQU,CDR202600053090,SENDER_OUTGOING_ACTIVITY,171,1
TXN250321693KTU,CDR202600060180,SENDER_OUTGOING_ACTIVITY,-180,1
ATM250321JWZS0O,CDR202600053090,RECEIVER_INCOMING_ACTIVITY,42,1
ATM2503217LTV1Y,,NO_MATCH,,0
TXN250321S0T071,,NO_MATCH,,0
TXN25032174K7OS,CDR202600053091,RECEIVER_INCOMING_ACTIVITY,-641,1
ATM250321TEADYZ,,NO_MATCH,,0
TXN250321G9VG3S,,NO_MATCH,,0
TXN250321IXWQV3,,NO_MATCH,,0
ATM250321E33911,,NO_MATCH,,0
TXN2503216IS7JI,,NO_MATCH,,0
TXN250321DHJVV9,,NO_MATCH,,0
TXN250321WAAAP6,,NO_MATCH,,0
ATM2503212P4ZH6,,NO_MATCH,,0
TXN250321QC7RRP,,NO_MATCH,,0
ATM250321W2PZLI,,NO_MATCH,,0
ATM250321E5VUB3,,NO_MATCH,,0
TXN2503217KCQSQ,CDR202600053156,SENDER_INCOMING_ACTIVITY,-178,1
TXN250321Q27RB4,,NO_MATCH,,0
TXN250321DJ0P4O,,NO_MATCH,,0
TXN250321TII75X,CDR202600053171,SENDER_INCOMING_ACTIVITY,880,1
ATM250321WXQ6HC,,NO_MATCH,,0
TXN250321Z0TJPA,,NO_MATCH,,0
TXN250321KFRXW1,CDR202600053169,SENDER_OUTGOING_ACTIVITY,586,1
TXN250321ORADJN,,NO_MATCH,,0
TXN250321Y02YAZ,CDR202600053164,SENDER_INCOMING_ACTIVITY,-602,1
TXN250321SSAZIZ,,NO_MATCH,,0
TXN250321TT0YTE,CDR202600053175,SENDER_INCOMING_ACTIVITY,-529,1
ATM250321D6QFN0,CDR202600053171,RECEIVER_INCOMING_ACTIVITY,-674,1
ATM250321CYB9O2,,NO_MATCH,,0
TXN25032108TS3V,CDR202600053192,SENDER_INCOMING_ACTIVITY,139,1
TXN250321JD97L2,CDR202600053201,RECEIVER_INCOMING_ACTIVITY,542,1
ATM250321NM0NE0,CDR202600053197,RECEIVER_OUTGOING_ACTIVITY,132,1
TXN250321RS55AV,CDR202600053201,SENDER_OUTGOING_ACTIVITY,78,1
TXN250321IBILWT,,NO_MATCH,,0
TXN250321G9WN4I,,NO_MATCH,,0
ATM250321P0K2NY,,NO_MATCH,,0
ATM2503211924OL,,NO_MATCH,,0
TXN250321XHNUCC,,NO_MATCH,,0
TXN2503214YR8ZH,,NO_MATCH,,0
ATM250321EZVAIO,,NO_MATCH,,0
TXN250321TISAJL,CDR202600053220,RECEIVER_INCOMING_ACTIVITY,162,1
ATM250321QO3ZP0,CDR202600053221,RECEIVER_INCOMING_ACTIVITY,145,1
ATM250321J2KJI1,,NO_MATCH,,0
TXN2503212QM398,,NO_MATCH,,0
ATM2503216ZE5AB,CDR202600053222,SENDER_INCOMING_ACTIVITY,-610,1
TXN250321QMLW9X,,NO_MATCH,,0
ATM250321QR1ZW0,,NO_MATCH,,0
TXN250321XS2V8V,,NO_MATCH,,0
ATM250321X3DBDR,,NO_MATCH,,0
ATM250321AI3262,CDR202600053246,RECEIVER_INCOMING_ACTIVITY,467,1
TXN250321FDFHLR,,NO_MATCH,,0
ATM250321OTCOK6,,NO_MATCH,,0
ATM2503214MAC1T,,NO_MATCH,,0
ATM25032184Q9VO,CDR202600053246,SENDER_INCOMING_ACTIVITY,-520,1
TXN250321JKH65D,,NO_MATCH,,0
TXN250321XWOD76,,NO_MATCH,,0
ATM250321STU6R0,CDR202600053267,RECEIVER_INCOMING_ACTIVITY,868,1
TXN250321FXW60V,CDR202600053256,SENDER_OUTGOING_ACTIVITY,-20,1
TXN250321022SOI,,NO_MATCH,,0
ATM2503216ZONRQ,,NO_MATCH,,0
TXN25032186D1DY,,NO_MATCH,,0
ATM250321S8VSLA,,NO_MATCH,,0
TXN250321XULK6T,,NO_MATCH,,0
TXN2503218R9M50,,NO_MATCH,,0
ATM250321AFXQL2,,NO_MATCH,,0
ATM2503212BPTM8,CDR202600053283,SENDER_INCOMING_ACTIVITY,-663,1
TXN250321YYH4EC,,NO_MATCH,,0
TXN250321TUUWQ5,CDR202600053294,RECEIVER_INCOMING_ACTIVITY,391,1
TXN2503211AQ81W,,NO_MATCH,,0
TXN250321I1U94N,,NO_MATCH,,0
ATM250321UD243Z,,NO_MATCH,,0
TXN250321B7V6LS,,NO_MATCH,,0
ATM250321MSMQ3R,,NO_MATCH,,0
TXN2503217G73AP,,NO_MATCH,,0
TXN250321FEKW09,,NO_MATCH,,0
TXN250321SXQP45,,NO_MATCH,,0
ATM2503216HHKVJ,,NO_MATCH,,0
TXN2503214MRS5K,,NO_MATCH,,0
ATM250321Z7TMUC,,NO_MATCH,,0
TXN250321AC7MD3,,NO_MATCH,,0
TXN250321303HF8,,NO_MATCH,,0
TXN250321EG2N4Q,,NO_MATCH,,0
TXN250321AN1CYS,,NO_MATCH,,0
TXN2503216Q65LM,,NO_MATCH,,0
ATM2503214UF9H4,,NO_MATCH,,0
TXN250321KV9E32,,NO_MATCH,,0
ATM250322W9NK44,,NO_MATCH,,0
TXN2503228YRGIN,,NO_MATCH,,0
ATM250322WTNQ5F,,NO_MATCH,,0
TXN250322XTU7Z0,,NO_MATCH,,0
TXN250322G0SCGO,,NO_MATCH,,0
TXN250322OVALCO,,NO_MATCH,,0
TXN25032248ULEQ,,NO_MATCH,,0
TXN250322QY9C5C,,NO_MATCH,,0
TXN2503226ZZ93Z,,NO_MATCH,,0
ATM250322DC2Q1K,CDR202600053395,RECEIVER_INCOMING_ACTIVITY,-772,1
TXN250322RNG9F1,,NO_MATCH,,0
TXN250322K2XMJ7,,NO_MATCH,,0
TXN250322VFWESO,,NO_MATCH,,0
ATM250322ACC0FR,,NO_MATCH,,0
ATM250322PAYF3D,CDR202600060132,SENDER_OUTGOING_ACTIVITY,-840,1
ATM250322BNJMIJ,CDR202600053417,SENDER_OUTGOING_ACTIVITY,-219,1
TXN250322L2BKI4,CDR202600053417,SENDER_INCOMING_ACTIVITY,-783,1
TXN250322WGPI2V,,NO_MATCH,,0
ATM250322JRD55A,,NO_MATCH,,0
TXN2503225YSJ6Q,,NO_MATCH,,0
TXN2503226P3S9C,,NO_MATCH,,0
TXN250322CICZJD,CDR202600053465,SENDER_OUTGOING_ACTIVITY,767,1
TXN25032241TRHO,,NO_MATCH,,0
TXN250322Q9F1W6,CDR202600053465,RECEIVER_INCOMING_ACTIVITY,368,1
TXN250322NSN1P4,,NO_MATCH,,0
ATM250322Z2ZV9U,,NO_MATCH,,0
ATM25032283APS5,,NO_MATCH,,0
TXN2503229SYLYA,,NO_MATCH,,0
TXN2503229QUDGX,,NO_MATCH,,0
ATM250322B8M6XX,,NO_MATCH,,0
ATM250322SYGBR3,,NO_MATCH,,0
ATM250322AWBE05,,NO_MATCH,,0
TXN2503226PPN15,,NO_MATCH,,0
ATM250322ALOCDH,,NO_MATCH,,0
ATM250322WL0AZ5,,NO_MATCH,,0
ATM250322HOB8W4,,NO_MATCH,,0
TXN250322XGBNHF,,NO_MATCH,,0
TXN2503224CFGZ4,,NO_MATCH,,0
ATM250322K4W5DD,,NO_MATCH,,0
TXN250322UATO6G,,NO_MATCH,,0
TXN25032252IODB,,NO_MATCH,,0
TXN25032259RT2Q,,NO_MATCH,,0
TXN250322ZSEOPB,,NO_MATCH,,0
ATM250322KI8B3K,,NO_MATCH,,0
ATM250322UFS9WL,,NO_MATCH,,0
TXN2503220BCZZU,,NO_MATCH,,0
ATM250322MXF05C,,NO_MATCH,,0
TXN250322AAVYZR,,NO_MATCH,,0
TXN250322GQM9IN,,NO_MATCH,,0
ATM250322BPSHE6,,NO_MATCH,,0
ATM250322LIQ9SZ,,NO_MATCH,,0
ATM250322Z4YGM6,,NO_MATCH,,0
ATM250322RC1YDR,,NO_MATCH,,0
ATM250322ZWXNDH,,NO_MATCH,,0
TXN2503220S71ZQ,,NO_MATCH,,0
TXN250322TBNLOM,,NO_MATCH,,0
ATM250322LKGVNK,,NO_MATCH,,0
ATM250322NXYEXM,,NO_MATCH,,0
ATM250322BKW14Q,,NO_MATCH,,0
ATM250322WAEQVN,,NO_MATCH,,0
TXN25032229NXE9,,NO_MATCH,,0
TXN250322QKCPPV,CDR202600053569,SENDER_INCOMING_ACTIVITY,-197,1
ATM2503222MQEG8,CDR202600053572,RECEIVER_OUTGOING_ACTIVITY,-218,1
ATM250322VDYVRT,,NO_MATCH,,0
TXN2503228QCQCB,CDR202600053585,RECEIVER_OUTGOING_ACTIVITY,101,1
TXN250322J8UF59,CDR202600053585,SENDER_OUTGOING_ACTIVITY,-19,1
ATM250322H9F0CI,CDR202600053593,RECEIVER_OUTGOING_ACTIVITY,59,1
ATM250322UR0QJE,,NO_MATCH,,0
ATM250322A7ZZKO,,NO_MATCH,,0
ATM250322EVXPQP,CDR202600053611,RECEIVER_INCOMING_ACTIVITY,837,1
ATM2503224PQ1II,CDR202600053601,SENDER_OUTGOING_ACTIVITY,-15,1
TXN250322JRCGCG,,NO_MATCH,,0
TXN25032279A811,,NO_MATCH,,0
TXN250322NKSN2P,CDR202600060403,SENDER_OUTGOING_ACTIVITY,-720,1
TXN250322I6N3V2,,NO_MATCH,,0
TXN2503227QNG2R,CDR202600053607,SENDER_INCOMING_ACTIVITY,-122,1
TXN250322I929AZ,CDR202600053602,SENDER_OUTGOING_ACTIVITY,-871,1
ATM250322XG7VC7,,NO_MATCH,,0
ATM250322COJMNN,CDR202600053610,SENDER_OUTGOING_ACTIVITY,-241,1
ATM250322IZ1DYH,,NO_MATCH,,0
ATM2503225S0INJ,CDR202600053623,SENDER_INCOMING_ACTIVITY,372,1
TXN250322RPMR6R,,NO_MATCH,,0
TXN250322WEG28P,,NO_MATCH,,0
ATM250322SN9ZVR,,NO_MATCH,,0
ATM25032260EYKR,,NO_MATCH,,0
TXN250322E7MA2S,,NO_MATCH,,0
ATM250322Q6FU4W,,NO_MATCH,,0
TXN250322X5LEG8,,NO_MATCH,,0
ATM250322UOS2DZ,,NO_MATCH,,0
TXN250322BZDWWK,,NO_MATCH,,0
TXN250322N1TVK1,,NO_MATCH,,0
TXN25032289NVC5,,NO_MATCH,,0
ATM250322NI3DAX,,NO_MATCH,,0
TXN2503223HUZDY,,NO_MATCH,,0
ATM250322XVITLV,CDR202600053655,RECEIVER_INCOMING_ACTIVITY,200,1
TXN250322APFWYA,,NO_MATCH,,0
TXN250322O96STJ,,NO_MATCH,,0
ATM2503228C947N,,NO_MATCH,,0
TXN250322HDF43X,,NO_MATCH,,0
ATM2503226VWYFW,,NO_MATCH,,0
TXN250322J4ERF3,,NO_MATCH,,0
TXN250322K9V3HJ,,NO_MATCH,,0
ATM250322QY66GR,CDR202600053691,SENDER_OUTGOING_ACTIVITY,185,1
ATM250322LZD7NQ,CDR202600053692,SENDER_OUTGOING_ACTIVITY,200,1
TXN2503229UXQ9V,,NO_MATCH,,0
TXN250322A4L8XI,CDR202600053705,RECEIVER_INCOMING_ACTIVITY,395,1
ATM250322L9DCYA,,NO_MATCH,,0
TXN250322TFBSJ2,,NO_MATCH,,0
TXN250322WIJO0P,,NO_MATCH,,0
TXN2503229ERCJ7,,NO_MATCH,,0
TXN250322SD055O,,NO_MATCH,,0
TXN250322RCVKAR,,NO_MATCH,,0
TXN250322M7IH02,,NO_MATCH,,0
TXN2503229UZNVX,,NO_MATCH,,0
ATM250322N353GP,,NO_MATCH,,0
TXN250322M6AYX3,,NO_MATCH,,0
ATM250322XPQPSB,,NO_MATCH,,0
TXN250322FSRC5L,,NO_MATCH,,0
ATM250322YIOEUG,,NO_MATCH,,0
TXN250322XWAENV,,NO_MATCH,,0
TXN250322J5PARR,,NO_MATCH,,0
TXN250322BBVU9X,,NO_MATCH,,0
ATM250322MQQER3,,NO_MATCH,,0
ATM2503226OPQJ9,,NO_MATCH,,0
TXN250322802S81,,NO_MATCH,,0
ATM250322VW235K,,NO_MATCH,,0
TXN250322Q42CPT,,NO_MATCH,,0
TXN250322VVXN1X,,NO_MATCH,,0
TXN250322891L1U,,NO_MATCH,,0
TXN250322CK7B8L,,NO_MATCH,,0
TXN250322QJB2NL,CDR202600053751,SENDER_INCOMING_ACTIVITY,-530,1
ATM25032208BBTR,,NO_MATCH,,0
TXN250322EYFCEX,CDR202600053761,SENDER_OUTGOING_ACTIVITY,-65,1
ATM250322XB8IS1,CDR202600053766,SENDER_OUTGOING_ACTIVITY,-315,1
ATM250322T5RZUG,,NO_MATCH,,0
ATM250322L7WT7Y,,NO_MATCH,,0
TXN250322QBQTKL,,NO_MATCH,,0
TXN250322ME5XX8,,NO_MATCH,,0
TXN250322ZQT27Z,,NO_MATCH,,0
TXN2503224IPMBF,,NO_MATCH,,0
TXN250322A49PC1,,NO_MATCH,,0
ATM2503229VRW88,,NO_MATCH,,0
TXN25032251DU3D,,NO_MATCH,,0
TXN2503220P6EKH,,NO_MATCH,,0
ATM250322S1HHVT,,NO_MATCH,,0
ATM2503221ALOWC,,NO_MATCH,,0
ATM250322KSEVEA,,NO_MATCH,,0
TXN2503227HU7AJ,CDR202600053821,RECEIVER_OUTGOING_ACTIVITY,574,1
TXN25032266CDJV,CDR202600053831,SENDER_OUTGOING_ACTIVITY,395,1
TXN250322S5YDRD,,NO_MATCH,,0
TXN250322GHINA0,,NO_MATCH,,0
TXN250322QF7GPX,,NO_MATCH,,0
ATM250322EJ7GS2,,NO_MATCH,,0
ATM250322NW0UKS,,NO_MATCH,,0
ATM250322F6M6NO,,NO_MATCH,,0
TXN250322YB1Z0F,,NO_MATCH,,0
ATM25032296GBJU,,NO_MATCH,,0
TXN250322W3TB7H,,NO_MATCH,,0
TXN2503225I0X3X,,NO_MATCH,,0
TXN250322DRZV8O,CDR202600053866,SENDER_OUTGOING_ACTIVITY,600,1
TXN2503225J42RC,,NO_MATCH,,0
TXN2503221A85PM,,NO_MATCH,,0
TXN250322C9AXRW,CDR202600053874,SENDER_OUTGOING_ACTIVITY,383,1
TXN250322RS85AQ,,NO_MATCH,,0
ATM250322OSL9A3,CDR202600053867,SENDER_INCOMING_ACTIVITY,-123,1
TXN2503227XIVJ2,CDR202600053877,SENDER_OUTGOING_ACTIVITY,332,1
TXN25032285AODW,CDR202600053875,RECEIVER_INCOMING_ACTIVITY,-1,1
ATM250322QB7YPX,,NO_MATCH,,0
TXN250322QSZY7H,,NO_MATCH,,0
TXN250322GNIZO0,,NO_MATCH,,0
TXN250322NCAT55,CDR202600053893,SENDER_OUTGOING_ACTIVITY,577,1
ATM250322KJAL38,,NO_MATCH,,0
TXN250322FHDABL,,NO_MATCH,,0
ATM250322XGFZPT,,NO_MATCH,,0
TXN250322MJSCK4,,NO_MATCH,,0
ATM250322DIAORD,,NO_MATCH,,0
TXN2503225KS82B,,NO_MATCH,,0
TXN250322HUXNW2,,NO_MATCH,,0
ATM2503227V5DKX,CDR202600053917,RECEIVER_OUTGOING_ACTIVITY,-504,1
TXN250322QR77V3,,NO_MATCH,,0
TXN25032216DV6U,,NO_MATCH,,0
TXN25032254NDOI,CDR202600053942,RECEIVER_INCOMING_ACTIVITY,131,1
TXN250322ARD6R8,CDR202600053944,SENDER_OUTGOING_ACTIVITY,356,1
TXN250322U4I3HZ,,NO_MATCH,,0
ATM250322SPLXYK,,NO_MATCH,,0
ATM250322G5KBYH,,NO_MATCH,,0
TXN2503228AANPQ,,NO_MATCH,,0
ATM250322J4RLQF,,NO_MATCH,,0
TXN250322G3QOOL,,NO_MATCH,,0
TXN250322RDXAW5,,NO_MATCH,,0
TXN2503229KXZQA,,NO_MATCH,,0
ATM250322OHJHXS,,NO_MATCH,,0
TXN250322JF9WJ9,,NO_MATCH,,0
TXN2503229Y7LR4,,NO_MATCH,,0
TXN250322ZWF64D,,NO_MATCH,,0
TXN250322BHRF0L,,NO_MATCH,,0
TXN25032214MNLC,,NO_MATCH,,0
TXN250322A1B5FD,,NO_MATCH,,0
TXN250322PHH87K,,NO_MATCH,,0
TXN250322J9SN94,,NO_MATCH,,0
ATM250322FIAG4W,,NO_MATCH,,0
ATM2503224NWQYQ,,NO_MATCH,,0
TXN2503229Q4HYV,,NO_MATCH,,0
TXN250322ZPZQDJ,,NO_MATCH,,0
TXN250322ZPV0CW,,NO_MATCH,,0
TXN250322FWPK4Z,,NO_MATCH,,0
ATM250322QM9JI4,,NO_MATCH,,0
TXN250322H4ZDPT,,NO_MATCH,,0
TXN250322Z2TYZG,CDR202600054023,RECEIVER_INCOMING_ACTIVITY,191,1
TXN2503228OC58I,,NO_MATCH,,0
TXN250322YNIFE9,,NO_MATCH,,0
TXN250322DHP7KI,,NO_MATCH,,0
TXN2503227N7691,,NO_MATCH,,0
ATM250323L9S208,,NO_MATCH,,0
TXN250323YQSVFO,,NO_MATCH,,0
ATM250323QOK83K,,NO_MATCH,,0
TXN250323YVYONX,,NO_MATCH,,0
ATM250323SH7PF3,,NO_MATCH,,0
TXN250323LEAL6T,,NO_MATCH,,0
ATM2503238PDNB4,,NO_MATCH,,0
ATM250323I0RBZL,,NO_MATCH,,0
TXN250323BSBHKF,,NO_MATCH,,0
ATM250323JPPRW0,,NO_MATCH,,0
TXN25032382VIG1,,NO_MATCH,,0
ATM250323OE2N2D,,NO_MATCH,,0
TXN250323HUDH25,,NO_MATCH,,0
TXN2503236MIE2S,,NO_MATCH,,0
ATM2503235SJUVS,,NO_MATCH,,0
TXN25032342A6HR,CDR202600054080,RECEIVER_OUTGOING_ACTIVITY,294,1
TXN250323PO29CD,,NO_MATCH,,0
ATM250323581E90,,NO_MATCH,,0
TXN2503232EHEXJ,,NO_MATCH,,0
ATM250323S3HQFW,CDR202600054099,RECEIVER_INCOMING_ACTIVITY,510,1
ATM250323ZG0QF4,,NO_MATCH,,0
ATM250323P60F4L,,NO_MATCH,,0
TXN2503237I1KR9,,NO_MATCH,,0
ATM250323BGS840,,NO_MATCH,,0
ATM250323SNFMVN,,NO_MATCH,,0
ATM2503238I5LYS,CDR202600054116,RECEIVER_OUTGOING_ACTIVITY,589,1
TXN2503231U43OX,,NO_MATCH,,0
ATM250323J6HBDJ,,NO_MATCH,,0
TXN250323WBNL5G,,NO_MATCH,,0
ATM250323VX3D63,,NO_MATCH,,0
TXN250323CTMY1R,,NO_MATCH,,0
TXN2503231UK22O,CDR202600054141,RECEIVER_INCOMING_ACTIVITY,501,1
ATM250323JYGVNA,,NO_MATCH,,0
ATM250323HU4V09,CDR202600054138,RECEIVER_INCOMING_ACTIVITY,-147,1
TXN250323WGO7I5,,NO_MATCH,,0
TXN250323T6IGQK,,NO_MATCH,,0
ATM250323JN15MB,CDR202600054148,SENDER_INCOMING_ACTIVITY,670,1
TXN250323RHYGDB,,NO_MATCH,,0
ATM250323SVYRDU,,NO_MATCH,,0
ATM250323IFT0BW,,NO_MATCH,,0
TXN250323D63NFP,,NO_MATCH,,0
ATM250323U5ZBF8,,NO_MATCH,,0
TXN250323GBWODL,,NO_MATCH,,0
TXN25032309XOJ2,CDR202600054169,RECEIVER_OUTGOING_ACTIVITY,773,1
ATM250323A7LBNM,,NO_MATCH,,0
TXN250323PHE28P,CDR202600054161,SENDER_OUTGOING_ACTIVITY,-584,1
TXN250323TRZ59Y,CDR202600054170,RECEIVER_INCOMING_ACTIVITY,-171,1
ATM2503235VH70B,,NO_MATCH,,0
TXN2503233IJ3OH,CDR202600054178,RECEIVER_INCOMING_ACTIVITY,-342,1
TXN250323JFAAT7,CDR202600054185,SENDER_OUTGOING_ACTIVITY,45,1
TXN2503235S7NBN,,NO_MATCH,,0
ATM250323SXAE5K,,NO_MATCH,,0
ATM250323RMN483,,NO_MATCH,,0
TXN2503234SAD5R,,NO_MATCH,,0
ATM250323N7QS1V,,NO_MATCH,,0
TXN25032340CAD9,,NO_MATCH,,0
ATM25032332QP7E,,NO_MATCH,,0
TXN250323TYCPSR,,NO_MATCH,,0
TXN250323OSH0IC,,NO_MATCH,,0
TXN250323S9JGDH,CDR202600054226,SENDER_OUTGOING_ACTIVITY,-202,1
ATM250323VZU2YY,,NO_MATCH,,0
ATM250323Z8ZPUL,,NO_MATCH,,0
TXN250323VVT21L,,NO_MATCH,,0
TXN25032365LEWM,,NO_MATCH,,0
ATM250323ZZEPKN,,NO_MATCH,,0
ATM250323SW7J57,,NO_MATCH,,0
TXN250323K93PSP,,NO_MATCH,,0
ATM25032352XXVO,CDR202600054247,RECEIVER_OUTGOING_ACTIVITY,122,1
TXN25032343QC4O,,NO_MATCH,,0
ATM250323Y4LO7V,,NO_MATCH,,0
ATM2503235BX35B,,NO_MATCH,,0
TXN250323FR2XFE,CDR202600054260,RECEIVER_INCOMING_ACTIVITY,434,1
ATM250323U4WQ8U,,NO_MATCH,,0
ATM2503233J4D4J,,NO_MATCH,,0
TXN2503239K4PZK,,NO_MATCH,,0
TXN250323SIHCGT,,NO_MATCH,,0
TXN250323QRGFAL,CDR202600054273,RECEIVER_INCOMING_ACTIVITY,860,1
ATM2503234WEFNU,,NO_MATCH,,0
ATM250323P71DCQ,,NO_MATCH,,0
ATM250323ETNVIH,,NO_MATCH,,0
ATM2503230HTZFJ,,NO_MATCH,,0
ATM250323ICGF5O,,NO_MATCH,,0
ATM250323O7CYXR,,NO_MATCH,,0
TXN2503235A2IIN,,NO_MATCH,,0
TXN250323TC8K9I,,NO_MATCH,,0
TXN250323R6QI34,,NO_MATCH,,0
TXN250323MFDSXH,,NO_MATCH,,0
ATM250323NUGHRY,,NO_MATCH,,0
ATM2503231NDMU6,,NO_MATCH,,0
TXN250323VO5S1H,CDR202600054291,RECEIVER_OUTGOING_ACTIVITY,-699,1
TXN25032379BMXQ,,NO_MATCH,,0
TXN250323I13RIN,,NO_MATCH,,0
TXN250323WCPBP9,,NO_MATCH,,0
ATM25032326RL3B,CDR202600054322,RECEIVER_OUTGOING_ACTIVITY,143,1
ATM250323M6NDID,,NO_MATCH,,0
TXN250323OYI0CZ,CDR202600054336,RECEIVER_OUTGOING_ACTIVITY,145,1
TXN250323SVI5AY,,NO_MATCH,,0
TXN2503234U17QS,,NO_MATCH,,0
TXN250323Z52ONR,,NO_MATCH,,0
ATM2503234G3N2Q,CDR202600054359,RECEIVER_INCOMING_ACTIVITY,233,1
TXN2503237GA3OT,CDR202600054360,SENDER_INCOMING_ACTIVITY,-485,1
TXN2503236T5D94,CDR202600054387,SENDER_OUTGOING_ACTIVITY,562,1
ATM2503235MXVH0,CDR202600060173,SENDER_OUTGOING_ACTIVITY,-780,1
ATM250323GYIWVH,,NO_MATCH,,0
TXN2503236GA22O,,NO_MATCH,,0
TXN250323ON034H,CDR202600054394,SENDER_OUTGOING_ACTIVITY,623,1
ATM250323W74WSG,,NO_MATCH,,0
ATM250323CPW8AM,,NO_MATCH,,0
TXN2503232QWSPW,,NO_MATCH,,0
TXN250323JKT5ZS,CDR202600054389,SENDER_OUTGOING_ACTIVITY,-145,1
TXN2503236J0ZUT,,NO_MATCH,,0
ATM250323UTIAI0,CDR202600054390,SENDER_OUTGOING_ACTIVITY,-248,1
ATM250323LGSSCT,CDR202600054394,SENDER_OUTGOING_ACTIVITY,-127,1
TXN250323096YL3,,NO_MATCH,,0
ATM250323VPCC78,,NO_MATCH,,0
TXN250323649TQ9,CDR202600054410,RECEIVER_OUTGOING_ACTIVITY,561,1
ATM250323VH39XC,,NO_MATCH,,0
ATM250323UFQAZT,,NO_MATCH,,0
TXN250323RMSBS7,,NO_MATCH,,0
ATM2503239LXKOI,,NO_MATCH,,0
ATM250323SSQB4M,CDR202600054422,SENDER_INCOMING_ACTIVITY,301,1
TXN250323OQJHVB,,NO_MATCH,,0
TXN250323JYEKEA,CDR202600054429,SENDER_OUTGOING_ACTIVITY,900,1
ATM250323RLAC8L,,NO_MATCH,,0
TXN250323N70025,,NO_MATCH,,0
ATM250323BUDO5Y,,NO_MATCH,,0
TXN250323BWL2D8,,NO_MATCH,,0
TXN25032339QWOK,CDR202600054441,RECEIVER_OUTGOING_ACTIVITY,435,1
TXN250323KKTD4E,CDR202600054439,SENDER_INCOMING_ACTIVITY,-461,1
ATM250323QYJ90W,,NO_MATCH,,0
TXN250323OJUBV2,,NO_MATCH,,0
TXN250323BK7CET,,NO_MATCH,,0
ATM250323DJ4HWD,,NO_MATCH,,0
ATM250323NJQAP2,,NO_MATCH,,0
TXN250323QRIUUZ,,NO_MATCH,,0
ATM2503233AOQK5,,NO_MATCH,,0
TXN2503238BO4O5,,NO_MATCH,,0
TXN250323PPBTAH,CDR202600054499,RECEIVER_OUTGOING_ACTIVITY,736,1
ATM250323LNW3AK,,NO_MATCH,,0
TXN250323L1G7H2,,NO_MATCH,,0
TXN250323QAE7VM,CDR202600054487,SENDER_INCOMING_ACTIVITY,-857,1
TXN25032316UKNT,CDR202600054497,RECEIVER_INCOMING_ACTIVITY,-436,1
TXN2503234PP4CX,CDR202600054492,RECEIVER_OUTGOING_ACTIVITY,-883,1
TXN250323I2X2VU,CDR202600054512,SENDER_INCOMING_ACTIVITY,341,1
ATM250323WTCL1A,,NO_MATCH,,0
TXN25032315UKG9,,NO_MATCH,,0
TXN2503234NV7DS,CDR202600054520,SENDER_OUTGOING_ACTIVITY,552,1
TXN250323FULQDG,,NO_MATCH,,0
ATM2503234VEHLB,,NO_MATCH,,0
TXN2503238MY9CR,CDR202600054517,RECEIVER_OUTGOING_ACTIVITY,-276,1
TXN2503230D8ZTO,,NO_MATCH,,0
TXN250323UJYZCV,,NO_MATCH,,0
ATM250323C293QF,,NO_MATCH,,0
TXN250323NPS2FW,,NO_MATCH,,0
TXN250323M19HI4,,NO_MATCH,,0
ATM250323MED0R8,CDR202600054558,SENDER_OUTGOING_ACTIVITY,736,1
ATM250323UYJ8VJ,CDR202600054548,RECEIVER_OUTGOING_ACTIVITY,-125,1
TXN250323CL7DSN,,NO_MATCH,,0
TXN2503238AS02H,CDR202600054546,SENDER_OUTGOING_ACTIVITY,-591,1
ATM250323N7TOUJ,,NO_MATCH,,0
ATM2503238K1MQK,,NO_MATCH,,0
TXN250323EJEBR0,,NO_MATCH,,0
ATM250323WD5S6O,,NO_MATCH,,0
TXN250323IPZ02K,,NO_MATCH,,0
ATM250323P2UPU9,CDR202600054577,SENDER_OUTGOING_ACTIVITY,340,1
ATM250323VAEG6G,,NO_MATCH,,0
TXN250323J4EGFF,CDR202600054583,SENDER_OUTGOING_ACTIVITY,570,1
ATM250323QDLCEQ,,NO_MATCH,,0
ATM2503237BENR5,CDR202600054591,RECEIVER_INCOMING_ACTIVITY,729,1
ATM250323IZEEFZ,,NO_MATCH,,0
ATM250323SP46YJ,CDR202600054584,SENDER_OUTGOING_ACTIVITY,-374,1
ATM250323Z223W8,,NO_MATCH,,0
ATM250323A7AOV5,CDR202600054588,RECEIVER_OUTGOING_ACTIVITY,-86,1
TXN250323DDTZGJ,,NO_MATCH,,0
TXN250323NFAA20,,NO_MATCH,,0
TXN2503236OE1PE,,NO_MATCH,,0
TXN2503233MY299,,NO_MATCH,,0
TXN25032308BN3R,,NO_MATCH,,0
ATM2503230KBTTD,CDR202600054604,RECEIVER_INCOMING_ACTIVITY,155,1
TXN250323XNS32K,,NO_MATCH,,0
TXN250323ZT3COD,,NO_MATCH,,0
ATM250323KP14HH,CDR202600054609,RECEIVER_OUTGOING_ACTIVITY,-467,1
TXN25032342ZA92,CDR202600054609,SENDER_OUTGOING_ACTIVITY,-783,1
TXN2503230W02RY,,NO_MATCH,,0
TXN250323436FRR,CDR202600054621,RECEIVER_OUTGOING_ACTIVITY,810,1
TXN250323G9F6X4,CDR202600054623,RECEIVER_OUTGOING_ACTIVITY,856,1
TXN250323S9AJHG,CDR202600054625,RECEIVER_INCOMING_ACTIVITY,638,1
TXN25032393940V,,NO_MATCH,,0
TXN250323WDXO5E,,NO_MATCH,,0
TXN250323ZH6CQ0,,NO_MATCH,,0
TXN250323H6BBSD,,NO_MATCH,,0
ATM250323S9NTEE,,NO_MATCH,,0
ATM250323IBH05U,,NO_MATCH,,0
TXN2503235GHDH0,,NO_MATCH,,0
TXN250323ZL79I8,,NO_MATCH,,0
TXN2503233M3E6R,CDR202600054645,SENDER_INCOMING_ACTIVITY,94,1
TXN250323BBO7H2,,NO_MATCH,,0
TXN250323HEVPJR,,NO_MATCH,,0
TXN250323R6X3GB,,NO_MATCH,,0
TXN2503236211BI,,NO_MATCH,,0
TXN250323HYJECR,,NO_MATCH,,0
TXN25032305TA66,,NO_MATCH,,0
ATM250323SGPCFD,,NO_MATCH,,0
ATM250323ZS21XJ,,NO_MATCH,,0
ATM250323VCWKKW,,NO_MATCH,,0
ATM2503232WPNUR,,NO_MATCH,,0
TXN250323MQZVNJ,,NO_MATCH,,0
TXN2503231ACMSF,,NO_MATCH,,0
TXN250323KCFU8K,,NO_MATCH,,0
TXN250323J8XLMU,,NO_MATCH,,0
ATM250323J5Z7XE,,NO_MATCH,,0
TXN250323XJTXWI,,NO_MATCH,,0
TXN250323GWKCSP,,NO_MATCH,,0
TXN250324VXXBQP,,NO_MATCH,,0
ATM250324AM8B20,,NO_MATCH,,0
TXN250324DYSVLV,,NO_MATCH,,0
ATM250324RRSUCX,,NO_MATCH,,0
ATM250324ZDM4AU,,NO_MATCH,,0
TXN250324NQIJWS,,NO_MATCH,,0
ATM25032423HNYW,,NO_MATCH,,0
ATM250324V011Y7,CDR202600054754,RECEIVER_OUTGOING_ACTIVITY,103,1
ATM250324SVCWVB,,NO_MATCH,,0
TXN250324N9JDTB,,NO_MATCH,,0
TXN250324DYY5LR,,NO_MATCH,,0
ATM250324CZ39BU,,NO_MATCH,,0
TXN2503243CYYUY,,NO_MATCH,,0
TXN250324NAIK8P,,NO_MATCH,,0
ATM250324HTJPRO,,NO_MATCH,,0
TXN250324GQB5JW,,NO_MATCH,,0
TXN250324HSOEST,,NO_MATCH,,0
TXN250324ZBJEE8,,NO_MATCH,,0
TXN250324D9CW48,,NO_MATCH,,0
TXN25032478XDIO,,NO_MATCH,,0
ATM2503247X2GN4,CDR202600054786,SENDER_INCOMING_ACTIVITY,732,1
ATM25032490O8GL,,NO_MATCH,,0
ATM250324QTJQRN,,NO_MATCH,,0
TXN250324IGKCUY,,NO_MATCH,,0
TXN250324UPIPZT,,NO_MATCH,,0
TXN250324G2UMTR,,NO_MATCH,,0
TXN2503243UJBUX,,NO_MATCH,,0
TXN250324K7X4NH,,NO_MATCH,,0
TXN2503245AVQC1,,NO_MATCH,,0
TXN250324QVBIYS,,NO_MATCH,,0
TXN250324QACYP3,,NO_MATCH,,0
ATM250324A14AAL,,NO_MATCH,,0
TXN250324ASOZOY,,NO_MATCH,,0
ATM250324U5BTAG,,NO_MATCH,,0
TXN250324AZMC09,,NO_MATCH,,0
TXN250324P0NL87,,NO_MATCH,,0
TXN250324M6TAST,,NO_MATCH,,0
TXN2503243RHMKT,,NO_MATCH,,0
TXN250324HZSY6U,CDR202600060130,SENDER_OUTGOING_ACTIVITY,-900,1
ATM2503247E2I3R,,NO_MATCH,,0
TXN250324N573LR,CDR202600054809,RECEIVER_OUTGOING_ACTIVITY,-138,1
TXN250324EMZIC8,,NO_MATCH,,0
TXN250324YZI3VP,,NO_MATCH,,0
TXN250324Y6OOK7,,NO_MATCH,,0
TXN250324L6JAC8,,NO_MATCH,,0
TXN250324UCRYRN,CDR202600054830,RECEIVER_OUTGOING_ACTIVITY,8,1
ATM25032469GCEY,,NO_MATCH,,0
TXN2503243TXBEE,,NO_MATCH,,0
TXN250324YNBJ2H,,NO_MATCH,,0
TXN2503243BH2NR,,NO_MATCH,,0
TXN250324HZT6UH,,NO_MATCH,,0
ATM2503241OEVP1,,NO_MATCH,,0
TXN2503241L8VVZ,,NO_MATCH,,0
ATM25032454G6TS,CDR202600054869,SENDER_INCOMING_ACTIVITY,631,1
TXN250324P8GH35,CDR202600054864,RECEIVER_INCOMING_ACTIVITY,162,1
ATM250324F4P2WZ,CDR202600054875,SENDER_OUTGOING_ACTIVITY,283,1
TXN250324ANR5GA,CDR202600054863,SENDER_OUTGOING_ACTIVITY,-652,1
ATM250324Z402BA,,NO_MATCH,,0
TXN250324I2LSX7,,NO_MATCH,,0
ATM250324E9DEUS,,NO_MATCH,,0
TXN250324AWTWC0,,NO_MATCH,,0
ATM250324N28Z59,,NO_MATCH,,0
TXN250324LB1YSZ,,NO_MATCH,,0
TXN250324D2783O,,NO_MATCH,,0
TXN250324MLR7PU,CDR202600054897,RECEIVER_INCOMING_ACTIVITY,26,1
TXN250324HFNHTS,CDR202600054890,RECEIVER_INCOMING_ACTIVITY,-774,1
ATM250324Y59OE7,,NO_MATCH,,0
TXN250324W99AO4,CDR202600054903,RECEIVER_INCOMING_ACTIVITY,67,1
ATM250324F4VEWQ,,NO_MATCH,,0
ATM250324NJB3L6,,NO_MATCH,,0
TXN250324CUPHQJ,,NO_MATCH,,0
TXN250324X0RVMZ,CDR202600054905,SENDER_OUTGOING_ACTIVITY,-586,1
TXN2503240BV0I5,,NO_MATCH,,0
ATM250324GV93NV,CDR202600054924,SENDER_OUTGOING_ACTIVITY,657,1
ATM250324WMM59C,,NO_MATCH,,0
TXN250324K7X3O6,CDR202600054934,RECEIVER_INCOMING_ACTIVITY,770,1
TXN250324ISUJ21,CDR202600054934,RECEIVER_INCOMING_ACTIVITY,710,1
TXN250324ICQ80I,CDR202600054943,SENDER_OUTGOING_ACTIVITY,886,1
TXN250324TXFEML,CDR202600054934,RECEIVER_INCOMING_ACTIVITY,50,1
TXN250324GT81Q8,CDR202600054943,SENDER_INCOMING_ACTIVITY,28,1
TXN250324YDQNLM,CDR202600054931,RECEIVER_OUTGOING_ACTIVITY,-631,1
TXN250324UTYFZL,,NO_MATCH,,0
TXN2503240MHJ5B,,NO_MATCH,,0
ATM25032417QSJQ,,NO_MATCH,,0
TXN250324KQB03A,,NO_MATCH,,0
TXN250324UXERAA,,NO_MATCH,,0
TXN250324FXAGRY,,NO_MATCH,,0
TXN250324QQWX8C,CDR202600054961,RECEIVER_OUTGOING_ACTIVITY,691,1
TXN250324KB708A,CDR202600054959,RECEIVER_OUTGOING_ACTIVITY,499,1
TXN2503241FUI39,,NO_MATCH,,0
ATM250324APNOPS,,NO_MATCH,,0
TXN250324L6ITTH,,NO_MATCH,,0
TXN250324LT9TJP,,NO_MATCH,,0
TXN250324FUDL1X,,NO_MATCH,,0
TXN250324QN8MYF,,NO_MATCH,,0
TXN250324J80XD1,,NO_MATCH,,0
ATM250324RTE5W6,,NO_MATCH,,0
TXN250324PAET0A,,NO_MATCH,,0
TXN250324BS6ZCU,,NO_MATCH,,0
TXN250324U78ZJN,,NO_MATCH,,0
TXN250324MWRXZB,CDR202600054999,RECEIVER_INCOMING_ACTIVITY,420,1
TXN250324HSWZPT,,NO_MATCH,,0
ATM2503249M2KT2,CDR202600055010,RECEIVER_OUTGOING_ACTIVITY,679,1
ATM2503248RCZIA,,NO_MATCH,,0
TXN2503249O4CZE,CDR202600054999,SENDER_OUTGOING_ACTIVITY,-158,1
ATM2503242NLQDV,,NO_MATCH,,0
TXN2503243UDE9R,,NO_MATCH,,0
ATM250324GIPI1B,CDR202600055001,SENDER_OUTGOING_ACTIVITY,-360,1
TXN250324UQORA0,,NO_MATCH,,0
TXN250324S6ZN91,,NO_MATCH,,0
TXN250324TO63LU,,NO_MATCH,,0
TXN250324IS74V7,,NO_MATCH,,0
TXN250324WMWWXB,,NO_MATCH,,0
TXN250324KHXALK,,NO_MATCH,,0
ATM2503240671CE,CDR202600055063,RECEIVER_INCOMING_ACTIVITY,576,1
TXN250324KIT7YI,CDR202600055075,RECEIVER_OUTGOING_ACTIVITY,619,1
TXN250324N1FHZJ,CDR202600055064,SENDER_OUTGOING_ACTIVITY,95,1
TXN250324OEHIQO,CDR202600055049,RECEIVER_OUTGOING_ACTIVITY,-658,1
TXN250324MWK3BQ,CDR202600055059,SENDER_OUTGOING_ACTIVITY,-332,1
ATM250324XE8HXG,,NO_MATCH,,0
ATM25032497L3UU,,NO_MATCH,,0
TXN250324ULBAI8,,NO_MATCH,,0
TXN250324H4196G,,NO_MATCH,,0
TXN250324ICMFWV,,NO_MATCH,,0
ATM250324RQFJ0J,CDR202600055096,RECEIVER_OUTGOING_ACTIVITY,-494,1
TXN250324HQ2ELJ,,NO_MATCH,,0
TXN250324U23I36,,NO_MATCH,,0
TXN2503243AF6JW,CDR202600055116,RECEIVER_INCOMING_ACTIVITY,292,1
TXN250324AVUMTF,,NO_MATCH,,0
ATM250324O7LHAT,CDR202600055121,RECEIVER_INCOMING_ACTIVITY,308,1
TXN250324ZMVITZ,CDR202600055112,RECEIVER_INCOMING_ACTIVITY,-308,1
ATM250324CT2ASI,,NO_MATCH,,0
ATM250324RLG0F2,CDR202600055110,RECEIVER_OUTGOING_ACTIVITY,-584,1
ATM250324GH1J6M,,NO_MATCH,,0
TXN2503240X8SFQ,CDR202600055128,SENDER_OUTGOING_ACTIVITY,493,1
TXN250324KIO1Q7,CDR202600055111,RECEIVER_OUTGOING_ACTIVITY,-809,1
TXN250324YLFGAU,,NO_MATCH,,0
TXN250324XQWUN4,,NO_MATCH,,0
TXN250324IY8SNV,,NO_MATCH,,0
TXN250324JRCUCL,,NO_MATCH,,0
TXN25032405CWCC,,NO_MATCH,,0
ATM25032475UJST,CDR202600055155,SENDER_OUTGOING_ACTIVITY,538,1
TXN250324JNP1YC,,NO_MATCH,,0
ATM250324S3DBWE,,NO_MATCH,,0
TXN2503248O4UAS,,NO_MATCH,,0
TXN250324EM576P,CDR202600055177,RECEIVER_INCOMING_ACTIVITY,689,1
TXN250324BMMBO7,,NO_MATCH,,0
TXN2503241WED27,,NO_MATCH,,0
ATM2503242I8C8X,,NO_MATCH,,0
TXN250324TVH6S7,CDR202600055175,RECEIVER_OUTGOING_ACTIVITY,-605,1
TXN250324Q9DUOE,,NO_MATCH,,0
TXN250324GUFDI1,,NO_MATCH,,0
TXN250324KZ68N4,,NO_MATCH,,0
TXN250324EG1H25,CDR202600055184,SENDER_INCOMING_ACTIVITY,-607,1
ATM250324B0BJ1J,,NO_MATCH,,0
TXN250324W6Y26F,,NO_MATCH,,0
TXN250324ZLO7DC,,NO_MATCH,,0
ATM250324YHQXI4,,NO_MATCH,,0
TXN25032430EP4I,,NO_MATCH,,0
ATM250324Y7KJ7A,,NO_MATCH,,0
TXN250324JCXBO7,CDR202600055220,SENDER_OUTGOING_ACTIVITY,252,1
ATM2503240JDOK8,,NO_MATCH,,0
ATM2503248ITGUJ,,NO_MATCH,,0
ATM2503244AQUCE,,NO_MATCH,,0
ATM250324UXR96N,,NO_MATCH,,0
TXN250324MFTNFK,,NO_MATCH,,0
TXN250324HN777I,CDR202600055230,SENDER_INCOMING_ACTIVITY,316,1
ATM2503242WZDNP,,NO_MATCH,,0
TXN250324UGHEQY,,NO_MATCH,,0
ATM250324OLDHQI,,NO_MATCH,,0
TXN250324DSGTHC,,NO_MATCH,,0
ATM250324BPW8SO,,NO_MATCH,,0
TXN2503243UC3G4,,NO_MATCH,,0
TXN2503243H6C2D,,NO_MATCH,,0
TXN250324IBAAG6,,NO_MATCH,,0
ATM250324CBHM4J,,NO_MATCH,,0
ATM250324O4ZRDI,,NO_MATCH,,0
ATM2503248RCCSF,,NO_MATCH,,0
TXN250324ZY7PCU,CDR202600055252,RECEIVER_INCOMING_ACTIVITY,-410,1
TXN250324N66U2A,,NO_MATCH,,0
TXN2503245E6FWF,,NO_MATCH,,0
TXN250324ZA3VBI,CDR202600055275,SENDER_OUTGOING_ACTIVITY,249,1
ATM250324JAXMGP,,NO_MATCH,,0
ATM250324TB0EIE,,NO_MATCH,,0
ATM2503241NSEVE,,NO_MATCH,,0
ATM2503243GLAP3,,NO_MATCH,,0
TXN2503242O64US,,NO_MATCH,,0
ATM250324MN7Q34,,NO_MATCH,,0
TXN250324GSE21Y,,NO_MATCH,,0
TXN2503240EKYZW,,NO_MATCH,,0
TXN250324LEIXAU,,NO_MATCH,,0
TXN250324MARHTN,CDR202600055288,SENDER_OUTGOING_ACTIVITY,318,1
TXN2503242PX91R,,NO_MATCH,,0
ATM250324NMXNL9,,NO_MATCH,,0
TXN250324XOBJAY,CDR202600055293,SENDER_OUTGOING_ACTIVITY,-155,1
ATM250324J2CLEM,,NO_MATCH,,0
TXN250324JV9ADN,,NO_MATCH,,0
ATM250324CKD5A4,,NO_MATCH,,0
ATM250324HVJ1MV,,NO_MATCH,,0
ATM2503241UDW0V,,NO_MATCH,,0
ATM250324TEQHYQ,CDR202600055317,RECEIVER_OUTGOING_ACTIVITY,73,1
TXN250324L5OGLQ,,NO_MATCH,,0
TXN2503247RYJ4F,,NO_MATCH,,0
TXN250324B239IV,,NO_MATCH,,0
TXN2503247PDNSG,,NO_MATCH,,0
ATM250324ALSZ76,CDR202600055331,SENDER_OUTGOING_ACTIVITY,573,1
ATM2503240AIX96,,NO_MATCH,,0
ATM2503241I20Q6,,NO_MATCH,,0
TXN250324Y5OQK4,,NO_MATCH,,0
ATM250324LJBIY0,,NO_MATCH,,0
ATM250324XNBXOU,,NO_MATCH,,0
TXN250324TE7CIP,,NO_MATCH,,0
TXN250324GJWYUJ,,NO_MATCH,,0
ATM250324PVCF6R,,NO_MATCH,,0
TXN250324BV2MAJ,,NO_MATCH,,0
TXN250324MANNW8,,NO_MATCH,,0
ATM250324T6NV5S,CDR202600055369,SENDER_OUTGOING_ACTIVITY,-396,1
TXN25032485JXCQ,,NO_MATCH,,0
TXN250324JXL5ML,,NO_MATCH,,0
ATM25032421Q40Z,,NO_MATCH,,0
ATM250324NDP8SX,,NO_MATCH,,0
TXN2503242RJO5F,CDR202600055389,SENDER_OUTGOING_ACTIVITY,-530,1
TXN250324GC0O05,,NO_MATCH,,0
TXN250324FBL5QV,,NO_MATCH,,0
TXN250325N4E3JD,,NO_MATCH,,0
ATM250325FMU191,,NO_MATCH,,0
TXN2503253OH754,,NO_MATCH,,0
TXN250325XI1DJZ,,NO_MATCH,,0
TXN250325I2EPX4,,NO_MATCH,,0
TXN250325RGJU4L,,NO_MATCH,,0
ATM250325U58MC6,,NO_MATCH,,0
ATM250325FG10FS,,NO_MATCH,,0
ATM2503255UN5OS,,NO_MATCH,,0
TXN250325YVTDQK,,NO_MATCH,,0
TXN250325KW6TNQ,,NO_MATCH,,0
ATM250325K8KV83,,NO_MATCH,,0
ATM250325MMLJYC,,NO_MATCH,,0
TXN2503253LOL9R,,NO_MATCH,,0
ATM250325JZCG30,,NO_MATCH,,0
TXN2503252WA60U,CDR202600055434,RECEIVER_OUTGOING_ACTIVITY,-32,1
TXN250325VS0ZMY,CDR202600055441,SENDER_OUTGOING_ACTIVITY,844,1
ATM25032515EQSS,,NO_MATCH,,0
TXN250325I048S4,,NO_MATCH,,0
TXN2503252FD0OB,,NO_MATCH,,0
TXN2503256GHY2Y,,NO_MATCH,,0
TXN250325SUS9V3,,NO_MATCH,,0
TXN25032586R0AW,CDR202600055450,SENDER_OUTGOING_ACTIVITY,303,1
TXN250325LVCULH,,NO_MATCH,,0
TXN250325OJ6DNS,,NO_MATCH,,0
TXN250325KVTWZX,,NO_MATCH,,0
TXN250325Q3RISZ,CDR202600055471,SENDER_INCOMING_ACTIVITY,821,1
TXN250325104313,,NO_MATCH,,0
ATM250325XRV83T,,NO_MATCH,,0
ATM250325O9C6VT,,NO_MATCH,,0
TXN250325T4CJV2,,NO_MATCH,,0
TXN250325STRU2V,,NO_MATCH,,0
TXN2503254E07A0,,NO_MATCH,,0
TXN250325CBCASX,,NO_MATCH,,0
TXN250325XKON15,,NO_MATCH,,0
TXN250325MTIR1I,,NO_MATCH,,0
TXN250325U51VZ1,,NO_MATCH,,0
TXN250325EG1C5X,,NO_MATCH,,0
TXN250325K7PCQC,CDR202600055497,RECEIVER_OUTGOING_ACTIVITY,508,1
ATM250325TK622V,,NO_MATCH,,0
ATM250325YLFMGN,,NO_MATCH,,0
ATM250325M8L8EU,,NO_MATCH,,0
ATM250325S1FA46,,NO_MATCH,,0
TXN2503252AR0O6,,NO_MATCH,,0
ATM250325BJUYXK,,NO_MATCH,,0
TXN250325QIOMMZ,,NO_MATCH,,0
ATM250325O8WASQ,,NO_MATCH,,0
TXN250325MYMGJA,,NO_MATCH,,0
ATM250325YYE99N,CDR202600055512,RECEIVER_OUTGOING_ACTIVITY,354,1
TXN250325SWBI37,,NO_MATCH,,0
ATM250325G4EU6R,CDR202600055512,SENDER_OUTGOING_ACTIVITY,-348,1
TXN2503251420UL,,NO_MATCH,,0
TXN250325G89M0Z,CDR202600055529,SENDER_OUTGOING_ACTIVITY,776,1
ATM250325F6XPDM,CDR202600055526,SENDER_OUTGOING_ACTIVITY,280,1
TXN250325I1H8QD,,NO_MATCH,,0
ATM250325D7XTE6,,NO_MATCH,,0
TXN250325C7Y4M7,CDR202600055547,RECEIVER_OUTGOING_ACTIVITY,713,1
TXN250325MR0NK6,,NO_MATCH,,0
ATM250325YBUP66,CDR202600055534,SENDER_OUTGOING_ACTIVITY,-419,1
ATM250325C6Y2D6,,NO_MATCH,,0
TXN250325CCT5F7,,NO_MATCH,,0
TXN2503258LCY1F,,NO_MATCH,,0
ATM250325MXG6X9,CDR202600055540,SENDER_INCOMING_ACTIVITY,-496,1
ATM250325AOETXU,,NO_MATCH,,0
TXN250325JEKT5V,,NO_MATCH,,0
TXN250325LO5M9V,,NO_MATCH,,0
ATM2503253EUDQ6,,NO_MATCH,,0
TXN250325V32SGT,,NO_MATCH,,0
ATM2503252L6CFV,CDR202600055564,RECEIVER_INCOMING_ACTIVITY,-300,1
TXN250325J9V846,,NO_MATCH,,0
TXN2503258HSTXQ,CDR202600055582,SENDER_OUTGOING_ACTIVITY,334,1
TXN250325WJ5XS2,,NO_MATCH,,0
TXN2503257HFZAW,CDR202600055609,RECEIVER_OUTGOING_ACTIVITY,433,1
TXN250325WQTOPX,,NO_MATCH,,0
TXN250325N0U1BL,,NO_MATCH,,0
TXN2503251TBQIW,,NO_MATCH,,0
TXN250325ZI5QZR,,NO_MATCH,,0
TXN250325FHQPCS,,NO_MATCH,,0
ATM250325WCQNMT,,NO_MATCH,,0
ATM250325KY9E1Y,CDR202600055613,RECEIVER_OUTGOING_ACTIVITY,-65,1
ATM250325UHI2PG,,NO_MATCH,,0
ATM250325QIT2XK,,NO_MATCH,,0
TXN250325LLNUIY,,NO_MATCH,,0
ATM2503257UNIY7,,NO_MATCH,,0
TXN250325FI6UA2,,NO_MATCH,,0
ATM250325ZZ6FDZ,,NO_MATCH,,0
TXN250325DYJAGH,,NO_MATCH,,0
TXN250325RP7PEC,,NO_MATCH,,0
TXN250325TB41ZZ,CDR202600055640,SENDER_INCOMING_ACTIVITY,89,1
ATM250325DZNJVB,,NO_MATCH,,0
TXN250325ROU6KP,,NO_MATCH,,0
TXN250325371NHS,,NO_MATCH,,0
TXN2503258GYK16,CDR202600055651,SENDER_INCOMING_ACTIVITY,-227,1
TXN2503252BVW2R,,NO_MATCH,,0
TXN250325R3RVR2,,NO_MATCH,,0
TXN250325FNKOP9,CDR202600055658,RECEIVER_OUTGOING_ACTIVITY,-371,1
TXN250325UIJBQZ,,NO_MATCH,,0
ATM250325ACHXNK,,NO_MATCH,,0
TXN250325AFSDWZ,,NO_MATCH,,0
TXN250325CTGMG0,,NO_MATCH,,0
TXN250325WWG4RC,,NO_MATCH,,0
TXN250325HPPEQR,,NO_MATCH,,0
ATM250325CPWCO7,CDR202600055673,RECEIVER_OUTGOING_ACTIVITY,-350,1
TXN250325P4WVL8,,NO_MATCH,,0
ATM2503250LICSO,,NO_MATCH,,0
ATM250325GZ95AR,,NO_MATCH,,0
TXN250325YDTP9T,,NO_MATCH,,0
TXN2503250ED347,,NO_MATCH,,0
TXN250325IBYDR5,CDR202600055709,SENDER_OUTGOING_ACTIVITY,-24,1
TXN250325NKOHK1,,NO_MATCH,,0
TXN250325YSE6A0,,NO_MATCH,,0
ATM250325ETKYDZ,,NO_MATCH,,0
ATM250325V21UG9,,NO_MATCH,,0
TXN250325HX2EWO,CDR202600055742,RECEIVER_INCOMING_ACTIVITY,782,1
ATM250325ZN3QH7,,NO_MATCH,,0
TXN250325VWRPU8,CDR202600055721,RECEIVER_OUTGOING_ACTIVITY,-702,1
TXN250325ZDLNUO,,NO_MATCH,,0
ATM250325JIF9H0,,NO_MATCH,,0
ATM250325CYWV5V,,NO_MATCH,,0
TXN2503254YJAI4,,NO_MATCH,,0
TXN250325BE9RUA,,NO_MATCH,,0
TXN250325BMAGLM,CDR202600055749,RECEIVER_OUTGOING_ACTIVITY,897,1
TXN2503256SXJWD,,NO_MATCH,,0
TXN2503252N66UO,,NO_MATCH,,0
ATM250325CA49UQ,,NO_MATCH,,0
ATM250325WEPJVD,,NO_MATCH,,0
TXN250325LRHF8R,,NO_MATCH,,0
TXN250325K4DGHH,,NO_MATCH,,0
ATM2503253POGU1,,NO_MATCH,,0
ATM250325PUZ999,CDR202600055757,RECEIVER_OUTGOING_ACTIVITY,-855,1
TXN250325KVUXRX,,NO_MATCH,,0
TXN2503255USNCA,,NO_MATCH,,0
TXN250325UR7JVC,,NO_MATCH,,0
TXN25032588QWKQ,CDR202600055776,RECEIVER_OUTGOING_ACTIVITY,-74,1
ATM250325ASV0OW,,NO_MATCH,,0
TXN250325U3YCX7,CDR202600055778,SENDER_INCOMING_ACTIVITY,218,1
TXN250325KG7GME,,NO_MATCH,,0
ATM25032573SEYA,,NO_MATCH,,0
TXN2503250VNSBC,,NO_MATCH,,0
ATM250325XY2RMT,,NO_MATCH,,0
TXN25032579EV8L,CDR202600060627,SENDER_OUTGOING_ACTIVITY,-240,1
ATM250325UZE302,,NO_MATCH,,0
ATM250325AUTPIE,,NO_MATCH,,0
TXN2503255CGQ9Y,,NO_MATCH,,0
ATM2503256O545F,CDR202600055794,RECEIVER_INCOMING_ACTIVITY,-528,1
ATM25032551PJW1,CDR202600055804,RECEIVER_OUTGOING_ACTIVITY,298,1
TXN250325D6MZTO,,NO_MATCH,,0
TXN250325Q1Q3K1,,NO_MATCH,,0
ATM250325T2JGKH,,NO_MATCH,,0
ATM250325SRX88V,CDR202600055809,SENDER_OUTGOING_ACTIVITY,221,1
TXN250325CSKUXN,,NO_MATCH,,0
TXN2503251A6O52,,NO_MATCH,,0
TXN250325QDGGNC,CDR202600055817,SENDER_OUTGOING_ACTIVITY,121,1
ATM25032539DU0H,,NO_MATCH,,0
TXN250325HFEFC2,,NO_MATCH,,0
ATM250325YOI0PT,CDR202600055820,RECEIVER_INCOMING_ACTIVITY,-658,1
TXN2503259NGCUG,,NO_MATCH,,0
TXN250325LU6MAA,,NO_MATCH,,0
ATM250325UKKV74,,NO_MATCH,,0
TXN250325F4DJZL,,NO_MATCH,,0
TXN2503259MS9QB,,NO_MATCH,,0
ATM250325AYI15R,,NO_MATCH,,0
TXN2503256BZQ75,,NO_MATCH,,0
TXN250325O3XPDT,,NO_MATCH,,0
TXN250325EB3DJ6,,NO_MATCH,,0
ATM250325QFZSE6,,NO_MATCH,,0
TXN250325D2JIRP,,NO_MATCH,,0
TXN250325F3L66V,CDR202600055875,SENDER_OUTGOING_ACTIVITY,-749,1
TXN25032546VPNC,,NO_MATCH,,0
TXN250325W4L2GY,,NO_MATCH,,0
ATM250325KIWAW2,CDR202600055902,SENDER_OUTGOING_ACTIVITY,495,1
ATM250325RHVALF,,NO_MATCH,,0
ATM250325YY3PKT,,NO_MATCH,,0
TXN250325AMJ69A,,NO_MATCH,,0
ATM2503257UG8II,,NO_MATCH,,0
ATM250325SPRZJU,,NO_MATCH,,0
ATM250325S6AVKL,,NO_MATCH,,0
ATM250325TMMSAS,,NO_MATCH,,0
TXN25032598GEVX,,NO_MATCH,,0
ATM250325BXPYIM,,NO_MATCH,,0
ATM250325VLAME0,,NO_MATCH,,0
TXN250325P59QVO,,NO_MATCH,,0
TXN2503258S63JF,,NO_MATCH,,0
TXN250325K1UWVA,,NO_MATCH,,0
ATM250325WQUWB2,,NO_MATCH,,0
TXN250325K7D5BM,,NO_MATCH,,0
ATM250325LYM8VR,,NO_MATCH,,0
TXN2503250MKWCC,CDR202600055934,SENDER_OUTGOING_ACTIVITY,-552,1
TXN25032517REYC,,NO_MATCH,,0
TXN250325WH34I2,,NO_MATCH,,0
TXN250325C44K5E,,NO_MATCH,,0
ATM250325PS271J,,NO_MATCH,,0
TXN250325FZ8FAN,CDR202600055956,RECEIVER_OUTGOING_ACTIVITY,749,1
TXN250325GHXFZM,CDR202600055956,RECEIVER_OUTGOING_ACTIVITY,540,1
TXN250325N60S13,,NO_MATCH,,0
ATM250325XEN8EM,CDR202600055950,SENDER_OUTGOING_ACTIVITY,191,1
TXN250325VCI2LO,,NO_MATCH,,0
TXN2503253O8COT,,NO_MATCH,,0
TXN250325QHTTTT,,NO_MATCH,,0
TXN2503250KXCHB,,NO_MATCH,,0
ATM25032546Y78C,,NO_MATCH,,0
TXN250325E35EM5,,NO_MATCH,,0
TXN250325KXOG27,,NO_MATCH,,0
ATM250325VQ8LRX,,NO_MATCH,,0
ATM250325JF8SUG,,NO_MATCH,,0
TXN250325UMY2M4,,NO_MATCH,,0
TXN2503253ZWWI8,,NO_MATCH,,0
TXN250325AAJO6T,CDR202600055976,RECEIVER_INCOMING_ACTIVITY,-614,1
ATM250325OSK7ST,,NO_MATCH,,0
ATM250325SO44CR,,NO_MATCH,,0
ATM2503258KMXIZ,,NO_MATCH,,0
ATM250325VGBC4I,,NO_MATCH,,0
TXN250325PKOJUP,,NO_MATCH,,0
ATM250325L5RLIF,,NO_MATCH,,0
TXN2503258OZAD6,,NO_MATCH,,0
TXN250325U3X9T8,,NO_MATCH,,0
TXN2503253XEV8G,,NO_MATCH,,0
TXN250325X14OHU,,NO_MATCH,,0
TXN250325URF42U,,NO_MATCH,,0
TXN250325M4XQD3,,NO_MATCH,,0
ATM250325SJTYIQ,,NO_MATCH,,0
ATM250325ICCJKR,,NO_MATCH,,0
TXN250325ZW1J9K,CDR202600056019,RECEIVER_INCOMING_ACTIVITY,474,1
ATM250325W5WA7S,,NO_MATCH,,0
TXN250326C7W9T7,,NO_MATCH,,0
TXN2503262L3FLU,,NO_MATCH,,0
TXN250326T29Q16,,NO_MATCH,,0
ATM2503267VIEIX,,NO_MATCH,,0
TXN2503263KYFH2,,NO_MATCH,,0
TXN2503267AOW6B,,NO_MATCH,,0
TXN25032692XKB5,,NO_MATCH,,0
ATM250326OX5NO8,,NO_MATCH,,0
ATM250326ZJY3J2,CDR202600056071,RECEIVER_OUTGOING_ACTIVITY,527,1
ATM250326ORA01J,,NO_MATCH,,0
TXN2503269T60PI,CDR202600056064,RECEIVER_INCOMING_ACTIVITY,-495,1
ATM250326LJ86HW,,NO_MATCH,,0
TXN250326BV8VNR,,NO_MATCH,,0
TXN250326PCEAWY,,NO_MATCH,,0
ATM250326585DKU,,NO_MATCH,,0
TXN250326SBPAGB,,NO_MATCH,,0
ATM2503263MMC9W,,NO_MATCH,,0
TXN250326YPWN8X,,NO_MATCH,,0
ATM2503260TNBMC,CDR202600056095,RECEIVER_INCOMING_ACTIVITY,-620,1
ATM250326WFY4O2,CDR202600056102,RECEIVER_OUTGOING_ACTIVITY,-27,1
ATM2503268891LN,,NO_MATCH,,0
TXN250326BBPBZY,,NO_MATCH,,0
ATM250326QBFAWZ,,NO_MATCH,,0
TXN250326XDZ9M4,,NO_MATCH,,0
ATM250326RQKUMZ,,NO_MATCH,,0
ATM250326BWASVV,,NO_MATCH,,0
TXN250326T91X6G,,NO_MATCH,,0
TXN250326THI91U,CDR202600056137,SENDER_INCOMING_ACTIVITY,-111,1
TXN250326J2ISS5,CDR202600056129,RECEIVER_OUTGOING_ACTIVITY,-781,1
TXN250326KGQ3C8,,NO_MATCH,,0
ATM250326YGGW2K,,NO_MATCH,,0
TXN250326ATUB2J,,NO_MATCH,,0
TXN250326V6YUWU,CDR202600060505,SENDER_OUTGOING_ACTIVITY,-720,1
TXN250326PHNOL9,,NO_MATCH,,0
TXN250326CXL0P7,,NO_MATCH,,0
ATM250326QRP5UB,,NO_MATCH,,0
ATM250326ESVSDC,,NO_MATCH,,0
ATM250326RVFELZ,,NO_MATCH,,0
TXN250326JJG1AJ,CDR202600056178,SENDER_INCOMING_ACTIVITY,479,1
TXN250326S6AVB3,,NO_MATCH,,0
ATM250326N2QRT5,,NO_MATCH,,0
ATM250326N5W09L,,NO_MATCH,,0
ATM2503269ZBI8T,,NO_MATCH,,0
TXN250326H5728B,,NO_MATCH,,0
ATM250326VZB3UQ,CDR202600056185,RECEIVER_INCOMING_ACTIVITY,-215,1
ATM250326EKBRKL,,NO_MATCH,,0
TXN2503262FJWW5,,NO_MATCH,,0
ATM2503262NWVB7,,NO_MATCH,,0
ATM250326OJSEMZ,,NO_MATCH,,0
TXN250326XPD6UV,CDR202600056192,SENDER_OUTGOING_ACTIVITY,-61,1
ATM250326VKHST6,,NO_MATCH,,0
ATM250326VW75U8,,NO_MATCH,,0
ATM250326XFCAYJ,CDR202600056198,RECEIVER_OUTGOING_ACTIVITY,140,1
TXN250326XWWYZO,CDR202600056197,SENDER_OUTGOING_ACTIVITY,-50,1
ATM250326D4E0FI,,NO_MATCH,,0
TXN250326VJ5J11,,NO_MATCH,,0
TXN250326RAQCS2,CDR202600056202,SENDER_INCOMING_ACTIVITY,-10,1
TXN250326TH4XB4,CDR202600056202,SENDER_OUTGOING_ACTIVITY,-459,1
TXN250326NRDI6T,,NO_MATCH,,0
ATM2503262E1XA6,,NO_MATCH,,0
ATM250326LMSKL2,,NO_MATCH,,0
TXN250326R0CH1N,,NO_MATCH,,0
ATM250326VEPP5G,,NO_MATCH,,0
ATM250326EUWUVJ,,NO_MATCH,,0
ATM250326NGOIM9,,NO_MATCH,,0
TXN250326G52QX9,CDR202600056249,RECEIVER_OUTGOING_ACTIVITY,869,1
TXN250326BH96N5,,NO_MATCH,,0
ATM250326RKFTCQ,CDR202600056240,RECEIVER_OUTGOING_ACTIVITY,-128,1
ATM250326USA4TI,CDR202600056235,SENDER_OUTGOING_ACTIVITY,-775,1
TXN250326UXCM19,,NO_MATCH,,0
TXN250326SUCQ4E,,NO_MATCH,,0
TXN250326206S0Q,,NO_MATCH,,0
TXN250326RWJ8MY,,NO_MATCH,,0
ATM250326Y5G337,,NO_MATCH,,0
TXN250326A2Q0Z1,,NO_MATCH,,0
ATM250326TDS7LI,,NO_MATCH,,0
TXN250326O3GIW7,,NO_MATCH,,0
TXN250326FXYIGP,CDR202600056293,RECEIVER_OUTGOING_ACTIVITY,781,1
TXN250326405FJ9,,NO_MATCH,,0
TXN2503264VONRD,CDR202600056291,SENDER_OUTGOING_ACTIVITY,180,1
TXN250326F26VQZ,,NO_MATCH,,0
ATM250326OX7P18,,NO_MATCH,,0
ATM25032645QCGG,,NO_MATCH,,0
TXN250326MVC0GO,CDR202600056305,RECEIVER_INCOMING_ACTIVITY,410,1
ATM2503268FFGPP,,NO_MATCH,,0
TXN250326ACB8C6,,NO_MATCH,,0
TXN250326OT8TNK,,NO_MATCH,,0
TXN2503260XD048,,NO_MATCH,,0
ATM25032638J9TY,,NO_MATCH,,0
TXN250326KXVS8M,,NO_MATCH,,0
ATM2503269R932K,CDR202600056316,RECEIVER_INCOMING_ACTIVITY,117,1
TXN250326TU2H3R,,NO_MATCH,,0
ATM25032690BQPM,,NO_MATCH,,0
TXN250326J9GVIF,,NO_MATCH,,0
TXN2503269RIKZC,,NO_MATCH,,0
ATM2503261RPS4J,,NO_MATCH,,0
ATM250326IG593Q,CDR202600056327,RECEIVER_OUTGOING_ACTIVITY,119,1
TXN25032615CVJ4,CDR202600056333,SENDER_OUTGOING_ACTIVITY,471,1
TXN250326TGGBAC,,NO_MATCH,,0
TXN250326NIPBZK,,NO_MATCH,,0
TXN250326IXFS6Y,CDR202600056345,SENDER_OUTGOING_ACTIVITY,624,1
TXN250326J6MA58,,NO_MATCH,,0
ATM250326EX186G,,NO_MATCH,,0
TXN250326WQYFRL,CDR202600056348,RECEIVER_INCOMING_ACTIVITY,448,1
ATM250326ZLKIJQ,,NO_MATCH,,0
ATM250326Z5RLUF,,NO_MATCH,,0
TXN2503263IDWYR,,NO_MATCH,,0
TXN250326R0U1N0,,NO_MATCH,,0
ATM250326XAVANZ,CDR202600056355,RECEIVER_OUTGOING_ACTIVITY,-121,1
TXN2503264LXCGP,,NO_MATCH,,0
TXN250326OXDFHO,,NO_MATCH,,0
TXN250326FR711P,,NO_MATCH,,0
TXN250326BPKA8O,,NO_MATCH,,0
ATM250326JGTDPK,,NO_MATCH,,0
ATM25032652PVVD,,NO_MATCH,,0
TXN250326Q751A6,,NO_MATCH,,0
TXN250326HW1LPC,,NO_MATCH,,0
ATM250326Q5T2FR,,NO_MATCH,,0
TXN250326EWTIIY,,NO_MATCH,,0
TXN2503267EVS9X,,NO_MATCH,,0
ATM250326704CTV,,NO_MATCH,,0
ATM250326PRGNQT,,NO_MATCH,,0
TXN2503267RYAHS,,NO_MATCH,,0
TXN250326VJ63S6,,NO_MATCH,,0
TXN250326VOZQDX,CDR202600056388,SENDER_OUTGOING_ACTIVITY,-362,1
ATM250326WNKY4T,CDR202600056416,SENDER_OUTGOING_ACTIVITY,837,1
ATM250326L9SNIK,CDR202600056409,RECEIVER_INCOMING_ACTIVITY,179,1
TXN2503269AUGD8,,NO_MATCH,,0
ATM250326XBGAFK,CDR202600056416,SENDER_OUTGOING_ACTIVITY,680,1
ATM250326DU1MAO,,NO_MATCH,,0
TXN250326Y66R7E,,NO_MATCH,,0
TXN2503262C6HEA,,NO_MATCH,,0
ATM250326052NVJ,,NO_MATCH,,0
TXN250326LWB8NP,CDR202600056457,RECEIVER_INCOMING_ACTIVITY,731,1
TXN250326W6E9CL,,NO_MATCH,,0
ATM250326QE83Q6,CDR202600056466,SENDER_OUTGOING_ACTIVITY,876,1
TXN250326W90P9Z,CDR202600056461,SENDER_INCOMING_ACTIVITY,29,1
TXN250326KC17EM,,NO_MATCH,,0
ATM250326QDYAO3,,NO_MATCH,,0
ATM25032699NDNP,,NO_MATCH,,0
TXN250326GSFPWV,CDR202600056461,SENDER_INCOMING_ACTIVITY,-812,1
ATM250326FQW72Y,,NO_MATCH,,0
TXN250326N9DQKJ,,NO_MATCH,,0
TXN250326C2COJF,,NO_MATCH,,0
TXN250326ZSPQPN,,NO_MATCH,,0
ATM250326JYLTD2,,NO_MATCH,,0
TXN250326GHEK27,,NO_MATCH,,0
TXN2503267S4AFZ,CDR202600056494,SENDER_INCOMING_ACTIVITY,-12,1
TXN250326AM1L2R,CDR202600056499,SENDER_OUTGOING_ACTIVITY,54,1
TXN250326423GTE,,NO_MATCH,,0
TXN250326DRF0U7,CDR202600056503,RECEIVER_INCOMING_ACTIVITY,224,1
TXN25032625CBJT,,NO_MATCH,,0
TXN250326XNU5BZ,,NO_MATCH,,0
ATM2503263UF34Y,CDR202600056508,RECEIVER_INCOMING_ACTIVITY,-729,1
TXN250326D5OPTF,CDR202600056532,SENDER_INCOMING_ACTIVITY,556,1
TXN250326S2L3AI,,NO_MATCH,,0
ATM250326T96PZ9,,NO_MATCH,,0
TXN250326219TK1,,NO_MATCH,,0
TXN250326BKMXVN,,NO_MATCH,,0
TXN2503266RE38D,,NO_MATCH,,0
TXN250326B6F7GR,CDR202600056537,SENDER_OUTGOING_ACTIVITY,-753,1
TXN250326U66BMP,,NO_MATCH,,0
ATM250326MEDA6Y,,NO_MATCH,,0
ATM25032685482P,CDR202600056546,SENDER_INCOMING_ACTIVITY,-438,1
ATM250326MDKGVJ,,NO_MATCH,,0
ATM250326ZPKWEY,,NO_MATCH,,0
ATM2503269H20Q6,CDR202600056548,RECEIVER_INCOMING_ACTIVITY,-687,1
TXN250326XN7N4V,,NO_MATCH,,0
TXN250326EA6GU8,CDR202600060023,SENDER_OUTGOING_ACTIVITY,-360,1
ATM250326BWTSM0,,NO_MATCH,,0
TXN250326748RDS,,NO_MATCH,,0
ATM250326MOMEZQ,CDR202600060314,SENDER_OUTGOING_ACTIVITY,-300,1
TXN2503266JNTN5,,NO_MATCH,,0
TXN250326A5Q7Z6,CDR202600056572,RECEIVER_OUTGOING_ACTIVITY,-535,1
TXN250326EZ6O1W,,NO_MATCH,,0
ATM250326R2R6AG,,NO_MATCH,,0
ATM250326QRYWQ5,,NO_MATCH,,0
TXN250326JJI6VH,,NO_MATCH,,0
TXN250326WT9WQU,,NO_MATCH,,0
ATM2503263C5ND4,,NO_MATCH,,0
TXN2503269OR924,,NO_MATCH,,0
ATM2503263X7LFP,,NO_MATCH,,0
ATM250326W6FM7O,,NO_MATCH,,0
TXN2503261RJ5ND,,NO_MATCH,,0
TXN250326B1BL73,,NO_MATCH,,0
ATM250326RX81EG,,NO_MATCH,,0
TXN250326JU3VPX,,NO_MATCH,,0
ATM250326HXXIXD,,NO_MATCH,,0
TXN2503260CIMQI,,NO_MATCH,,0
ATM250326DAC16B,,NO_MATCH,,0
TXN250326Q3QA4R,,NO_MATCH,,0
TXN250326CTKBF2,,NO_MATCH,,0
TXN250326DWB8K2,,NO_MATCH,,0
ATM250326ZQ6SDS,,NO_MATCH,,0
TXN2503260GZ1HA,,NO_MATCH,,0
TXN2503268R89XZ,,NO_MATCH,,0
TXN250326XZPUGE,,NO_MATCH,,0
ATM250326BPCA9X,,NO_MATCH,,0
TXN250326ISIU2E,,NO_MATCH,,0
ATM250326QIBY0C,,NO_MATCH,,0
ATM250326QIYFXO,,NO_MATCH,,0
ATM250326RRBJFB,,NO_MATCH,,0
ATM250326MRDM9D,,NO_MATCH,,0
ATM2503264G1FUP,,NO_MATCH,,0
TXN2503269X7AOF,,NO_MATCH,,0
ATM250326EC7J4E,,NO_MATCH,,0
ATM250326A6YPI5,,NO_MATCH,,0
TXN2503265EDOUA,,NO_MATCH,,0
TXN250327WIUYX6,,NO_MATCH,,0
TXN25032730BL6R,,NO_MATCH,,0
TXN250327K48NIT,,NO_MATCH,,0
ATM250327JBL9PW,,NO_MATCH,,0
TXN2503278KVNQ4,,NO_MATCH,,0
TXN250327U6QTY8,,NO_MATCH,,0
ATM250327H4PORH,,NO_MATCH,,0
TXN250327C65CG2,CDR202600056659,SENDER_INCOMING_ACTIVITY,-117,1
ATM250327K7FXCO,,NO_MATCH,,0
TXN250327EJQ1TF,,NO_MATCH,,0
TXN250327ENZ8MR,CDR202600056669,RECEIVER_OUTGOING_ACTIVITY,850,1
TXN250327MW3KAE,,NO_MATCH,,0
TXN250327Z9K87P,,NO_MATCH,,0
TXN250327MWEYIB,CDR202600060532,SENDER_OUTGOING_ACTIVITY,-300,1
TXN250327S9H069,,NO_MATCH,,0
TXN250327PYBEEP,,NO_MATCH,,0
TXN250327HLCQI2,,NO_MATCH,,0
TXN2503273BBFV9,,NO_MATCH,,0
ATM250327CVZ1JA,,NO_MATCH,,0
ATM25032729E6FJ,,NO_MATCH,,0
TXN250327LF3F74,,NO_MATCH,,0
TXN250327G1GINT,,NO_MATCH,,0
TXN250327UUULTK,,NO_MATCH,,0
TXN250327M8HBXF,,NO_MATCH,,0
ATM250327AMQIW6,,NO_MATCH,,0
TXN2503270WCD1R,,NO_MATCH,,0
TXN250327VTZUOP,,NO_MATCH,,0
TXN250327SL1SAG,,NO_MATCH,,0
ATM2503274KFZOP,CDR202600056717,SENDER_INCOMING_ACTIVITY,376,1
TXN2503274PPQYE,,NO_MATCH,,0
ATM2503274DVSS9,,NO_MATCH,,0
ATM250327HFIGK8,,NO_MATCH,,0
ATM250327EBJTYV,,NO_MATCH,,0
ATM2503275FB1QF,,NO_MATCH,,0
ATM25032737YDW7,,NO_MATCH,,0
TXN250327FVUIJ7,,NO_MATCH,,0
TXN250327O8L4O7,,NO_MATCH,,0
TXN250327AU3ABT,,NO_MATCH,,0
ATM250327X29BK2,,NO_MATCH,,0
TXN250327JQK7FF,,NO_MATCH,,0
TXN250327TP5JYN,,NO_MATCH,,0
TXN2503273S3P9M,CDR202600056767,SENDER_OUTGOING_ACTIVITY,266,1
TXN250327WQRJMZ,,NO_MATCH,,0
TXN250327VMDM3J,,NO_MATCH,,0
TXN250327T72SLQ,,NO_MATCH,,0
TXN250327T9RDBZ,,NO_MATCH,,0
TXN250327XBO4U8,,NO_MATCH,,0
ATM250327EY2OLL,CDR202600056782,RECEIVER_OUTGOING_ACTIVITY,347,1
TXN250327OLZKM7,CDR202600056772,SENDER_OUTGOING_ACTIVITY,-726,1
ATM2503272JICCN,,NO_MATCH,,0
TXN250327JG6LJ5,,NO_MATCH,,0
TXN2503276IOOVM,,NO_MATCH,,0
TXN2503274IREXG,CDR202600056785,SENDER_OUTGOING_ACTIVITY,133,1
TXN250327L9NGYC,,NO_MATCH,,0
TXN2503277KCJ18,,NO_MATCH,,0
TXN250327EP65G2,,NO_MATCH,,0
ATM2503278X0GG1,,NO_MATCH,,0
ATM2503272Q3IAQ,,NO_MATCH,,0
TXN2503274W868V,,NO_MATCH,,0
TXN25032755GLZH,,NO_MATCH,,0
TXN250327ZERLPF,,NO_MATCH,,0
TXN250327TXJE77,,NO_MATCH,,0
TXN250327PIZU3Z,,NO_MATCH,,0
TXN250327G7SC2A,,NO_MATCH,,0
TXN250327MZU2SZ,,NO_MATCH,,0
ATM2503278BOXE0,CDR202600056807,SENDER_INCOMING_ACTIVITY,-422,1
ATM250327MFZX44,,NO_MATCH,,0
TXN2503279PSQFR,,NO_MATCH,,0
ATM250327QOD9T4,,NO_MATCH,,0
TXN2503278VJIH3,,NO_MATCH,,0
TXN25032718WEJQ,CDR202600056821,SENDER_INCOMING_ACTIVITY,269,1
TXN250327GJ8HI8,,NO_MATCH,,0
TXN250327FEXOB4,,NO_MATCH,,0
TXN250327H80VIP,,NO_MATCH,,0
ATM25032758FHM1,,NO_MATCH,,0
TXN2503276SHX1Z,,NO_MATCH,,0
TXN250327PBVYXM,,NO_MATCH,,0
TXN250327FHMGFR,,NO_MATCH,,0
TXN250327DW6VF8,,NO_MATCH,,0
TXN250327CVJLN1,,NO_MATCH,,0
TXN2503276Y9UMF,,NO_MATCH,,0
TXN250327ZLXQ79,,NO_MATCH,,0
TXN2503270GSE7I,,NO_MATCH,,0
ATM250327VFLLMY,,NO_MATCH,,0
TXN250327XCST60,,NO_MATCH,,0
TXN25032779SEOT,,NO_MATCH,,0
ATM2503272N8DA2,,NO_MATCH,,0
TXN2503273XFM6V,,NO_MATCH,,0
TXN250327VWL6ZB,,NO_MATCH,,0
ATM2503274B9K75,,NO_MATCH,,0
TXN250327A2GPIZ,,NO_MATCH,,0
ATM250327IM4Y51,,NO_MATCH,,0
TXN250327NCY6UT,,NO_MATCH,,0
TXN2503272HA8XO,,NO_MATCH,,0
TXN250327C932QS,,NO_MATCH,,0
TXN250327XS8EI1,,NO_MATCH,,0
TXN250327S90SIP,,NO_MATCH,,0
TXN250327S7YRG0,,NO_MATCH,,0
TXN250327MK3166,,NO_MATCH,,0
ATM250327N0DO5D,,NO_MATCH,,0
TXN250327KDERI8,,NO_MATCH,,0
ATM250327RLPZDV,CDR202600056900,SENDER_INCOMING_ACTIVITY,-477,1
ATM250327013HO5,,NO_MATCH,,0
TXN250327LHAM5Z,,NO_MATCH,,0
TXN250327R7J1JJ,CDR202600056896,SENDER_INCOMING_ACTIVITY,-876,1
ATM2503271RHRMG,CDR202600056920,SENDER_INCOMING_ACTIVITY,6,1
ATM2503276A2WLP,,NO_MATCH,,0
ATM250327Q4CILN,CDR202600056920,SENDER_INCOMING_ACTIVITY,-289,1
TXN250327K9EYJD,,NO_MATCH,,0
TXN250327ZTHSHT,,NO_MATCH,,0
TXN2503271Y9NBS,,NO_MATCH,,0
TXN250327BW2I6A,,NO_MATCH,,0
TXN250327JL8YGN,CDR202600056953,RECEIVER_OUTGOING_ACTIVITY,579,1
ATM250327LVATVX,,NO_MATCH,,0
ATM250327I5VQ1J,,NO_MATCH,,0
ATM250327NC6CHI,CDR202600056963,RECEIVER_OUTGOING_ACTIVITY,162,1
TXN250327WPVNZD,CDR202600056964,SENDER_OUTGOING_ACTIVITY,-15,1
TXN2503279L5M0G,,NO_MATCH,,0
TXN2503278YZ4PF,CDR202600056977,SENDER_OUTGOING_ACTIVITY,-152,1
TXN250327365H4O,,NO_MATCH,,0
TXN250327TRQ6PR,,NO_MATCH,,0
TXN25032728SPUD,,NO_MATCH,,0
TXN2503279Z4GRY,,NO_MATCH,,0
ATM250327O3NX4X,,NO_MATCH,,0
ATM250327JS3EU7,CDR202600056991,RECEIVER_OUTGOING_ACTIVITY,-469,1
ATM250327CU9TOO,CDR202600060546,RECEIVER_OUTGOING_ACTIVITY,40,1
TXN250327LIR4IX,,NO_MATCH,,0
TXN250327AUWDOF,,NO_MATCH,,0
TXN250327N95AGP,,NO_MATCH,,0
TXN250327UTK89F,,NO_MATCH,,0
TXN250327ZVTTOT,CDR202600060547,SENDER_OUTGOING_ACTIVITY,-420,1
TXN250327FW0NMF,CDR202600060014,SENDER_OUTGOING_ACTIVITY,-360,1
ATM250327K2Z7T7,,NO_MATCH,,0
TXN250327V43RFE,,NO_MATCH,,0
TXN2503278IK82S,CDR202600057022,RECEIVER_OUTGOING_ACTIVITY,-292,1
TXN250327CUVSLN,CDR202600057040,RECEIVER_INCOMING_ACTIVITY,719,1
TXN25032761QGDR,CDR202600057044,RECEIVER_OUTGOING_ACTIVITY,683,1
TXN250327ZQXCUL,,NO_MATCH,,0
TXN250327JUI9TK,,NO_MATCH,,0
TXN250327S28HZN,,NO_MATCH,,0
TXN2503274RYCNQ,,NO_MATCH,,0
TXN250327AZA46W,,NO_MATCH,,0
ATM250327TUSVWA,CDR202600057054,SENDER_OUTGOING_ACTIVITY,209,1
TXN250327SCMZZU,,NO_MATCH,,0
TXN2503279O91VA,CDR202600057050,SENDER_OUTGOING_ACTIVITY,-277,1
TXN250327TGUK4P,,NO_MATCH,,0
ATM250327LCMFEY,,NO_MATCH,,0
TXN250327VIR6PL,CDR202600057053,RECEIVER_INCOMING_ACTIVITY,-359,1
TXN250327RR9RMP,,NO_MATCH,,0
TXN25032741NPUG,,NO_MATCH,,0
ATM2503270UCOOH,,NO_MATCH,,0
TXN250327A71SMW,,NO_MATCH,,0
ATM250327MI6ZJ9,,NO_MATCH,,0
TXN250327476GG8,,NO_MATCH,,0
TXN250327IMG3R9,,NO_MATCH,,0
TXN250327JOW9LS,,NO_MATCH,,0
ATM250327BXE4VX,,NO_MATCH,,0
TXN250327R65IZ4,,NO_MATCH,,0
TXN250327T4B5U2,CDR202600057086,RECEIVER_OUTGOING_ACTIVITY,-610,1
ATM250327R2RYT4,,NO_MATCH,,0
ATM250327C18CUP,,NO_MATCH,,0
TXN250327WXO17G,,NO_MATCH,,0
ATM250327ORQCZB,,NO_MATCH,,0
ATM250327QRWQJD,,NO_MATCH,,0
TXN2503278OLVDY,,NO_MATCH,,0
TXN250327AGPMJE,,NO_MATCH,,0
TXN250327EIG6OM,,NO_MATCH,,0
TXN250327JRAXO5,,NO_MATCH,,0
TXN250327ATOWOB,,NO_MATCH,,0
TXN250327N00PLY,,NO_MATCH,,0
ATM250327NHS7YD,,NO_MATCH,,0
ATM250327EHPQ9J,,NO_MATCH,,0
ATM250327MKIR53,CDR202600057110,RECEIVER_OUTGOING_ACTIVITY,-567,1
ATM250327EP875O,CDR202600057118,SENDER_OUTGOING_ACTIVITY,529,1
TXN250327JQM45T,,NO_MATCH,,0
TXN250327W1SVNB,,NO_MATCH,,0
ATM250327U9CZYC,,NO_MATCH,,0
TXN2503270TP78P,,NO_MATCH,,0
ATM25032775GKIH,CDR202600057136,SENDER_OUTGOING_ACTIVITY,835,1
TXN250327S2IJZX,,NO_MATCH,,0
TXN250327J5E4D6,CDR202600060063,SENDER_OUTGOING_ACTIVITY,-240,1
TXN250327RJ1K2F,,NO_MATCH,,0
ATM250327GL9R5G,,NO_MATCH,,0
TXN250327PXSWA4,,NO_MATCH,,0
ATM250327SAHVIZ,,NO_MATCH,,0
ATM25032715IK2A,,NO_MATCH,,0
TXN250327E6AQFW,,NO_MATCH,,0
TXN250327LNYOPG,,NO_MATCH,,0
ATM250327SJVC3N,,NO_MATCH,,0
ATM250327UNR3G2,,NO_MATCH,,0
ATM250327DMKXAY,CDR202600057156,RECEIVER_INCOMING_ACTIVITY,-236,1
TXN2503270B9K6Z,,NO_MATCH,,0
TXN250327ND7EYF,,NO_MATCH,,0
TXN25032733AH8J,,NO_MATCH,,0
TXN2503276T7TUF,,NO_MATCH,,0
TXN250327ND8CAR,,NO_MATCH,,0
ATM250327CF27ZK,,NO_MATCH,,0
TXN250327W9IF8R,,NO_MATCH,,0
ATM250327BE4GPT,,NO_MATCH,,0
TXN2503270K3GEI,CDR202600057176,SENDER_OUTGOING_ACTIVITY,-519,1
TXN250327M3ZF0J,,NO_MATCH,,0
ATM250327GK096Z,,NO_MATCH,,0
TXN250327ZOPMJ8,CDR202600057193,RECEIVER_INCOMING_ACTIVITY,591,1
TXN250327LA8FNC,CDR202600057189,RECEIVER_OUTGOING_ACTIVITY,263,1
TXN250327A4QYQZ,,NO_MATCH,,0
TXN250327IKS0KF,,NO_MATCH,,0
TXN2503273VQJ1V,CDR202600057184,RECEIVER_INCOMING_ACTIVITY,-666,1
ATM250327QY6UCO,,NO_MATCH,,0
ATM250327SINEPS,,NO_MATCH,,0
ATM2503271PK88H,,NO_MATCH,,0
ATM250327SCKDST,,NO_MATCH,,0
TXN2503274AT0K7,,NO_MATCH,,0
TXN2503273INWQA,,NO_MATCH,,0
TXN250327CWNZUD,,NO_MATCH,,0
ATM25032703J1OI,,NO_MATCH,,0
ATM250327UKX637,,NO_MATCH,,0
ATM250327U25WCO,,NO_MATCH,,0
ATM2503279TPXVN,,NO_MATCH,,0
TXN2503276EP55H,,NO_MATCH,,0
ATM250327P8FGEB,,NO_MATCH,,0
TXN2503270D4S0V,,NO_MATCH,,0
ATM250327JRXG2X,CDR202600057206,RECEIVER_OUTGOING_ACTIVITY,-624,1
ATM250327E61NHZ,,NO_MATCH,,0
ATM250327UAM3Q0,,NO_MATCH,,0
ATM250327FAA1IQ,,NO_MATCH,,0
TXN2503278MYWKP,,NO_MATCH,,0
TXN2503273HHFQV,,NO_MATCH,,0
ATM25032725JH6J,,NO_MATCH,,0
ATM250327UDAJP0,,NO_MATCH,,0
TXN250327Y6VE0R,,NO_MATCH,,0
ATM250327RD0CP3,,NO_MATCH,,0
ATM250327S1UJA1,,NO_MATCH,,0
TXN2503274GGTIO,,NO_MATCH,,0
ATM2503274TRWOR,,NO_MATCH,,0
TXN250327E5HXYC,,NO_MATCH,,0
TXN250327Z9Z1WJ,,NO_MATCH,,0
ATM250327BFAPMG,,NO_MATCH,,0
TXN25032746S1B1,,NO_MATCH,,0
ATM250327NAII1Y,,NO_MATCH,,0
ATM250327Z0SRGV,,NO_MATCH,,0
TXN250327QDI2J0,,NO_MATCH,,0
TXN2503279HSMB3,,NO_MATCH,,0
ATM2503272IM3C2,,NO_MATCH,,0
TXN250327HP63MS,,NO_MATCH,,0
ATM250327A98LJD,,NO_MATCH,,0
ATM250327LCE9OC,,NO_MATCH,,0
TXN2503273ZL8UV,,NO_MATCH,,0
ATM2503278OGJ67,,NO_MATCH,,0
TXN250327LR6POH,,NO_MATCH,,0
TXN250327E50PFC,,NO_MATCH,,0
TXN2503281N4FMF,,NO_MATCH,,0
TXN250328METIKR,,NO_MATCH,,0
ATM250328VEOMM1,,NO_MATCH,,0
ATM2503288W4AU5,,NO_MATCH,,0
TXN250328A10NL9,,NO_MATCH,,0
ATM250328GD39I1,,NO_MATCH,,0
ATM25032863VRJS,,NO_MATCH,,0
ATM250328B1A95C,,NO_MATCH,,0
ATM250328HZYM2O,,NO_MATCH,,0
TXN250328US4RZJ,,NO_MATCH,,0
ATM25032808BLJ9,,NO_MATCH,,0
TXN250328Z0RLPN,,NO_MATCH,,0
ATM250328XIKLUH,,NO_MATCH,,0
TXN250328TL7R4Z,,NO_MATCH,,0
ATM2503280Q6T83,,NO_MATCH,,0
ATM2503286DWTGJ,,NO_MATCH,,0
TXN250328HYBL5Z,,NO_MATCH,,0
TXN250328FBIV9Y,,NO_MATCH,,0
TXN250328U3UUMR,,NO_MATCH,,0
TXN250328UTF34H,,NO_MATCH,,0
ATM2503287AWQTF,,NO_MATCH,,0
ATM25032861RBQT,,NO_MATCH,,0
TXN250328D5N3L7,CDR202600057354,SENDER_INCOMING_ACTIVITY,354,1
TXN2503289DN0JR,,NO_MATCH,,0
TXN2503287SMHU0,,NO_MATCH,,0
ATM250328ENUIIW,,NO_MATCH,,0
ATM2503289XWO85,CDR202600057372,SENDER_INCOMING_ACTIVITY,405,1
ATM250328IKF0BH,,NO_MATCH,,0
ATM250328QNZ3SL,,NO_MATCH,,0
TXN250328F4W8BY,,NO_MATCH,,0
TXN250328RM0LBP,,NO_MATCH,,0
ATM2503282D6VIO,,NO_MATCH,,0
ATM250328RRH1JU,,NO_MATCH,,0
TXN2503286YES46,,NO_MATCH,,0
ATM2503289FLQHZ,,NO_MATCH,,0
ATM250328E3D2PK,CDR202600057414,SENDER_OUTGOING_ACTIVITY,405,1
TXN2503289Z8Y75,,NO_MATCH,,0
TXN250328IKNEDY,,NO_MATCH,,0
ATM250328HHNYW1,CDR202600057405,SENDER_OUTGOING_ACTIVITY,-178,1
TXN250328QO5WFR,,NO_MATCH,,0
ATM2503284XP4JC,,NO_MATCH,,0
TXN250328FQWKMF,,NO_MATCH,,0
ATM250328TOJ89P,,NO_MATCH,,0
TXN250328IWG76G,,NO_MATCH,,0
TXN250328X39DDF,,NO_MATCH,,0
ATM25032816GCXI,,NO_MATCH,,0
TXN25032805JKLQ,,NO_MATCH,,0
ATM250328A4Q6EF,CDR202600060633,SENDER_OUTGOING_ACTIVITY,-540,1
ATM2503280LTY1T,,NO_MATCH,,0
TXN250328UMBET4,,NO_MATCH,,0
ATM250328OTQPP2,,NO_MATCH,,0
ATM250328BBYR0S,,NO_MATCH,,0
TXN2503280HR60W,,NO_MATCH,,0
TXN250328C51YEQ,,NO_MATCH,,0
ATM2503284BO4SM,,NO_MATCH,,0
TXN250328IHR2RV,,NO_MATCH,,0
TXN2503280WX4KZ,CDR202600057442,RECEIVER_OUTGOING_ACTIVITY,-338,1
ATM2503280GPHYA,CDR202600057439,RECEIVER_INCOMING_ACTIVITY,-758,1
ATM250328LGRAU6,CDR202600057461,SENDER_OUTGOING_ACTIVITY,665,1
ATM250328E1N3CI,,NO_MATCH,,0
ATM2503285NA9GE,,NO_MATCH,,0
TXN250328DXL3TK,,NO_MATCH,,0
ATM2503287CZ5ME,,NO_MATCH,,0
TXN250328ZNA5EX,,NO_MATCH,,0
ATM250328WWA32B,,NO_MATCH,,0
TXN250328XT6F4D,,NO_MATCH,,0
TXN250328S6ALIX,,NO_MATCH,,0
ATM250328JJ4CA2,CDR202600057467,RECEIVER_INCOMING_ACTIVITY,-698,1
TXN250328JIV8LC,,NO_MATCH,,0
TXN2503283482PT,,NO_MATCH,,0
TXN250328DPBD7C,,NO_MATCH,,0
TXN250328ZZQEX1,,NO_MATCH,,0
ATM250328V4XCGF,,NO_MATCH,,0
TXN250328HM4GYB,,NO_MATCH,,0
ATM250328S0WQCB,,NO_MATCH,,0
ATM250328XT7WKC,,NO_MATCH,,0
TXN2503283A7SFL,CDR202600057513,RECEIVER_OUTGOING_ACTIVITY,578,1
ATM250328N6KXDF,CDR202600060163,SENDER_OUTGOING_ACTIVITY,-840,1
ATM2503287ZBZKX,CDR202600057522,RECEIVER_OUTGOING_ACTIVITY,883,1
ATM250328XTZJ1T,,NO_MATCH,,0
TXN25032853MVIT,,NO_MATCH,,0
TXN250328SZGVMG,,NO_MATCH,,0
TXN250328GVQATV,,NO_MATCH,,0
TXN250328C8V2XB,CDR202600057515,RECEIVER_OUTGOING_ACTIVITY,-228,1
ATM250328A54BFR,,NO_MATCH,,0
TXN2503283DQD9T,CDR202600057532,RECEIVER_INCOMING_ACTIVITY,547,1
TXN250328IIME6T,,NO_MATCH,,0
ATM250328Q8R5LM,,NO_MATCH,,0
TXN2503283K4LUB,CDR202600057544,SENDER_OUTGOING_ACTIVITY,753,1
ATM250328U88E77,,NO_MATCH,,0
ATM250328316MQE,,NO_MATCH,,0
ATM250328T214Z2,CDR202600057518,SENDER_INCOMING_ACTIVITY,-899,1
ATM2503283ZF4F6,,NO_MATCH,,0
ATM250328ZBT386,,NO_MATCH,,0
ATM250328T6CX7B,,NO_MATCH,,0
ATM250328T4MUTW,CDR202600057563,RECEIVER_OUTGOING_ACTIVITY,819,1
ATM2503283RMKJH,,NO_MATCH,,0
TXN250328PB80QO,,NO_MATCH,,0
TXN25032834R4LY,CDR202600057562,SENDER_INCOMING_ACTIVITY,331,1
ATM25032851ZFZN,CDR202600057569,RECEIVER_OUTGOING_ACTIVITY,544,1
TXN25032834MN3V,,NO_MATCH,,0
TXN250328C72GWZ,,NO_MATCH,,0
TXN250328H25RY2,,NO_MATCH,,0
ATM250328R31RPB,,NO_MATCH,,0
TXN250328FNV4BC,CDR202600057569,RECEIVER_INCOMING_ACTIVITY,-70,1
ATM250328VQHKPE,,NO_MATCH,,0
TXN250328FZ9WZF,,NO_MATCH,,0
TXN2503280FCB98,CDR202600057570,SENDER_OUTGOING_ACTIVITY,-591,1
TXN2503285Q4WF0,CDR202600057574,SENDER_OUTGOING_ACTIVITY,-405,1
ATM250328PJ82S7,CDR202600057580,SENDER_OUTGOING_ACTIVITY,12,1
TXN250328LYQYHY,CDR202600057587,SENDER_OUTGOING_ACTIVITY,-157,1
TXN250328G2EDCR,CDR202600057598,RECEIVER_OUTGOING_ACTIVITY,495,1
ATM2503287E5NU2,CDR202600060249,SENDER_OUTGOING_ACTIVITY,-120,1
TXN250328XETH9G,,NO_MATCH,,0
TXN250328P7UR9J,,NO_MATCH,,0
TXN250328CAOKTZ,,NO_MATCH,,0
TXN250328IQWMPN,,NO_MATCH,,0
ATM250328H3116W,,NO_MATCH,,0
TXN250328VJYAIT,CDR202600057635,SENDER_OUTGOING_ACTIVITY,825,1
ATM250328QNT8EK,,NO_MATCH,,0
ATM250328ENGURW,,NO_MATCH,,0
ATM250328MTEPTR,CDR202600057621,SENDER_OUTGOING_ACTIVITY,-506,1
TXN250328BEUNZF,CDR202600057633,SENDER_OUTGOING_ACTIVITY,44,1
TXN250328VC7G7M,,NO_MATCH,,0
ATM2503289B6ZYK,CDR202600057630,RECEIVER_OUTGOING_ACTIVITY,-416,1
TXN250328NM2885,CDR202600057635,SENDER_OUTGOING_ACTIVITY,-101,1
TXN250328YA6X0H,,NO_MATCH,,0
TXN250328USFL1Y,,NO_MATCH,,0
ATM250328SHW88A,CDR202600057652,RECEIVER_INCOMING_ACTIVITY,45,1
ATM250328KWFOBE,,NO_MATCH,,0
ATM250328ZX4X7Y,,NO_MATCH,,0
TXN250328H4XI85,,NO_MATCH,,0
TXN250328C12R29,,NO_MATCH,,0
ATM250328M0VLN3,,NO_MATCH,,0
ATM2503282EPITC,,NO_MATCH,,0
ATM250328X25CXY,,NO_MATCH,,0
TXN250328FE8AIN,,NO_MATCH,,0
ATM2503283A4AV9,,NO_MATCH,,0
TXN250328ZW6VTK,,NO_MATCH,,0
TXN250328IJEGGC,CDR202600057685,RECEIVER_INCOMING_ACTIVITY,669,1
ATM2503280LKAH1,,NO_MATCH,,0
TXN250328SS9955,,NO_MATCH,,0
TXN2503289GZQPT,,NO_MATCH,,0
TXN250328E6GQB7,,NO_MATCH,,0
TXN250328RUVXBF,,NO_MATCH,,0
TXN250328EBRT24,,NO_MATCH,,0
TXN250328NWHDH3,,NO_MATCH,,0
ATM25032846U5X0,,NO_MATCH,,0
TXN250328YZ64UR,,NO_MATCH,,0
TXN250328UMOHO0,,NO_MATCH,,0
TXN250328EIKDBN,,NO_MATCH,,0
TXN250328JGUS27,,NO_MATCH,,0
TXN250328MO277V,CDR202600060153,SENDER_OUTGOING_ACTIVITY,-780,1
TXN250328ISHARM,,NO_MATCH,,0
TXN2503284FX5HS,,NO_MATCH,,0
ATM250328YI0FG0,CDR202600057726,RECEIVER_INCOMING_ACTIVITY,-574,1
TXN250328LZMAQK,CDR202600057738,SENDER_OUTGOING_ACTIVITY,376,1
TXN250328ZH4ZV6,,NO_MATCH,,0
TXN250328Y57SW4,,NO_MATCH,,0
ATM250328G9T32V,,NO_MATCH,,0
TXN250328BZID4J,CDR202600057746,RECEIVER_OUTGOING_ACTIVITY,829,1
TXN2503288NH6IH,,NO_MATCH,,0
ATM250328HBNL9P,CDR202600057737,RECEIVER_INCOMING_ACTIVITY,-217,1
TXN2503288J5R56,,NO_MATCH,,0
TXN250328LEIOPB,,NO_MATCH,,0
TXN250328U0JXY6,,NO_MATCH,,0
ATM2503288AV8Y3,,NO_MATCH,,0
TXN250328XMXUE3,,NO_MATCH,,0
ATM250328Z4AGRF,CDR202600057761,SENDER_OUTGOING_ACTIVITY,298,1
TXN250328PWA8TV,,NO_MATCH,,0
TXN250328TGKFPW,CDR202600057760,SENDER_OUTGOING_ACTIVITY,-303,1
TXN250328TDKIVL,,NO_MATCH,,0
TXN250328E7AI5I,,NO_MATCH,,0
TXN250328WLLFG9,CDR202600057792,SENDER_INCOMING_ACTIVITY,345,1
TXN250328592D37,CDR202600057798,SENDER_OUTGOING_ACTIVITY,-462,1
ATM25032832FOB5,,NO_MATCH,,0
TXN250328A0BXGT,,NO_MATCH,,0
TXN250328BVYB5Z,,NO_MATCH,,0
TXN250328JYHUOV,,NO_MATCH,,0
TXN250328BOAEM2,,NO_MATCH,,0
ATM250328MCNZTW,,NO_MATCH,,0
TXN2503284RFQXB,CDR202600057816,SENDER_INCOMING_ACTIVITY,-687,1
ATM250328HDG96N,,NO_MATCH,,0
TXN250328BPCJW7,CDR202600057831,SENDER_OUTGOING_ACTIVITY,-516,1
ATM250328VIKHY9,,NO_MATCH,,0
ATM2503281QVEAK,,NO_MATCH,,0
TXN250328MF48OX,,NO_MATCH,,0
TXN250328HBG7AB,,NO_MATCH,,0
TXN250328QSXKJN,,NO_MATCH,,0
TXN250328316XQ5,,NO_MATCH,,0
TXN250328LJ43NG,,NO_MATCH,,0
TXN250328D9OGDN,,NO_MATCH,,0
ATM250328WT90RG,,NO_MATCH,,0
TXN2503283JJF23,,NO_MATCH,,0
TXN250328K47TE0,CDR202600057872,SENDER_INCOMING_ACTIVITY,60,1
TXN2503281HL7JX,,NO_MATCH,,0
TXN250328JK1ZRB,CDR202600057876,RECEIVER_OUTGOING_ACTIVITY,-42,1
TXN250328PXQPJI,,NO_MATCH,,0
TXN250328Y8GW9F,,NO_MATCH,,0
TXN25032815W0T5,,NO_MATCH,,0
TXN250328UTGTWA,,NO_MATCH,,0
TXN250328SKBAAC,,NO_MATCH,,0
TXN2503283B6Q1C,,NO_MATCH,,0
ATM2503289E73X8,,NO_MATCH,,0
TXN25032863CS26,,NO_MATCH,,0
TXN250328CO79R6,,NO_MATCH,,0
ATM2503284NX8Y8,,NO_MATCH,,0
ATM250328R7BTQK,,NO_MATCH,,0
TXN250328F2V88O,,NO_MATCH,,0
TXN250328O1YZKY,,NO_MATCH,,0
TXN25032822RO6X,,NO_MATCH,,0
TXN250328FKT09C,,NO_MATCH,,0
ATM2503280L0U24,,NO_MATCH,,0
ATM2503289NCPN4,,NO_MATCH,,0
ATM25032822JPIM,,NO_MATCH,,0
TXN2503289LVSY3,,NO_MATCH,,0
ATM250328OF4QFA,,NO_MATCH,,0
ATM250328RPKMJE,,NO_MATCH,,0
TXN250328S3BMD7,,NO_MATCH,,0
ATM2503285S1ARO,,NO_MATCH,,0
TXN250328OCPQ6U,,NO_MATCH,,0
ATM250328QCDUEO,,NO_MATCH,,0
TXN250328VJPKDN,,NO_MATCH,,0
TXN250329YRLDWZ,,NO_MATCH,,0
ATM2503293DLD10,,NO_MATCH,,0
ATM250329UUB8H2,,NO_MATCH,,0
ATM250329DI7I3V,,NO_MATCH,,0
TXN250329957BKZ,,NO_MATCH,,0
TXN250329RE9L5E,CDR202600057954,RECEIVER_OUTGOING_ACTIVITY,174,1
TXN2503291QLVOA,,NO_MATCH,,0
TXN250329P2ZA64,,NO_MATCH,,0
TXN2503299CR9EC,,NO_MATCH,,0
TXN250329M195BR,,NO_MATCH,,0
TXN2503297TFXUX,,NO_MATCH,,0
ATM250329O2NO84,,NO_MATCH,,0
ATM250329XDMFB4,,NO_MATCH,,0
ATM250329V6H1GC,CDR202600057985,RECEIVER_INCOMING_ACTIVITY,480,1
ATM250329KZUI64,,NO_MATCH,,0
TXN250329AL9S4K,,NO_MATCH,,0
TXN250329KNZI62,,NO_MATCH,,0
ATM250329ULQQ5G,,NO_MATCH,,0
TXN250329F3C4YT,,NO_MATCH,,0
TXN250329X4HIVB,,NO_MATCH,,0
ATM250329AN001C,,NO_MATCH,,0
ATM250329PK1PRC,,NO_MATCH,,0
ATM250329VEWKIB,,NO_MATCH,,0
TXN250329YYFRN7,,NO_MATCH,,0
TXN250329H5R7QR,CDR202600058000,RECEIVER_OUTGOING_ACTIVITY,66,1
ATM250329546D5H,,NO_MATCH,,0
TXN2503295RTYAU,,NO_MATCH,,0
TXN250329UIQC2B,,NO_MATCH,,0
TXN2503295T8MF5,,NO_MATCH,,0
TXN250329M6CKDN,,NO_MATCH,,0
TXN250329PIFMA0,CDR202600058014,SENDER_OUTGOING_ACTIVITY,-644,1
TXN2503298A58GV,,NO_MATCH,,0
ATM250329N3JHWJ,,NO_MATCH,,0
TXN2503292GEVBD,CDR202600058044,SENDER_INCOMING_ACTIVITY,-46,1
TXN250329T3PDLW,,NO_MATCH,,0
TXN250329S6N6UN,,NO_MATCH,,0
ATM250329MS81CI,,NO_MATCH,,0
TXN250329D18UIK,,NO_MATCH,,0
TXN250329A837CD,,NO_MATCH,,0
TXN250329T3N0UP,CDR202600058066,SENDER_INCOMING_ACTIVITY,-792,1
TXN25032953BU18,,NO_MATCH,,0
TXN250329G7KK5Z,,NO_MATCH,,0
TXN250329WKJQ9B,,NO_MATCH,,0
TXN250329T8PG9X,,NO_MATCH,,0
TXN250329U67X26,,NO_MATCH,,0
ATM25032968EW34,,NO_MATCH,,0
ATM250329Z7D440,,NO_MATCH,,0
ATM250329GLHIVY,,NO_MATCH,,0
TXN250329SKFC7D,CDR202600058086,SENDER_OUTGOING_ACTIVITY,-118,1
TXN250329VU3UNC,,NO_MATCH,,0
ATM25032905KUGM,CDR202600058099,SENDER_INCOMING_ACTIVITY,102,1
ATM250329BERZOW,,NO_MATCH,,0
ATM250329BF5QJE,,NO_MATCH,,0
TXN250329QYG6Q1,,NO_MATCH,,0
TXN250329U662V6,,NO_MATCH,,0
TXN2503296M24M6,CDR202600058108,SENDER_OUTGOING_ACTIVITY,-821,1
ATM250329XXACEL,,NO_MATCH,,0
ATM250329XKQIZ1,,NO_MATCH,,0
ATM2503295QVUHY,,NO_MATCH,,0
ATM250329HSAZLG,,NO_MATCH,,0
ATM250329IH8C53,,NO_MATCH,,0
ATM2503290T4FN7,,NO_MATCH,,0
TXN250329I62XJW,,NO_MATCH,,0
TXN2503298Y7RM2,CDR202600060190,SENDER_OUTGOING_ACTIVITY,-120,1
TXN250329S1SDV8,,NO_MATCH,,0
TXN250329TQ1AMN,CDR202600058171,SENDER_INCOMING_ACTIVITY,704,1
TXN25032974DPOS,,NO_MATCH,,0
TXN2503293TCNIZ,,NO_MATCH,,0
TXN250329NG64CW,,NO_MATCH,,0
ATM250329GZ2G99,,NO_MATCH,,0
TXN25032914F7EW,CDR202600058185,SENDER_INCOMING_ACTIVITY,190,1
TXN250329DEVNRZ,,NO_MATCH,,0
TXN25032901UVJA,,NO_MATCH,,0
TXN250329II3RFV,CDR202600058187,SENDER_OUTGOING_ACTIVITY,-544,1
ATM250329UH92II,,NO_MATCH,,0
TXN250329RVWEHE,CDR202600058207,SENDER_OUTGOING_ACTIVITY,807,1
TXN250329ZW21G6,,NO_MATCH,,0
ATM250329X8MS1G,,NO_MATCH,,0
TXN250329FGTPUO,,NO_MATCH,,0
ATM2503295L3VM5,CDR202600058214,SENDER_OUTGOING_ACTIVITY,696,1
ATM250329ZGIOI7,,NO_MATCH,,0
ATM250329BBQMIC,CDR202600058225,RECEIVER_INCOMING_ACTIVITY,858,1
TXN250329STAUNC,,NO_MATCH,,0
TXN250329WBDUM7,,NO_MATCH,,0
TXN250329H2L7IB,,NO_MATCH,,0
ATM2503294YPP06,,NO_MATCH,,0
TXN250329HB8N9X,CDR202600058244,SENDER_OUTGOING_ACTIVITY,71,1
TXN250329GZJKVB,,NO_MATCH,,0
TXN250329YRMSF9,CDR202600058242,SENDER_OUTGOING_ACTIVITY,-236,1
ATM250329V6GWVK,,NO_MATCH,,0
TXN2503292AGYTS,,NO_MATCH,,0
TXN250329LDAWZ0,,NO_MATCH,,0
TXN250329SE0UHS,,NO_MATCH,,0
TXN2503293HS4WH,CDR202600058270,RECEIVER_INCOMING_ACTIVITY,543,1
ATM250329X0RFER,CDR202600058268,RECEIVER_OUTGOING_ACTIVITY,9,1
TXN250329Z4OWYP,,NO_MATCH,,0
TXN250329UFRSPW,,NO_MATCH,,0
ATM25032943QDOL,,NO_MATCH,,0
TXN250329ZWZA3E,,NO_MATCH,,0
TXN250329AOEODK,CDR202600058276,SENDER_OUTGOING_ACTIVITY,-260,1
TXN25032915HQ7L,,NO_MATCH,,0
TXN250329BLYKK6,,NO_MATCH,,0
ATM250329LEQLG7,,NO_MATCH,,0
TXN250329ZA5ZOH,CDR202600058307,RECEIVER_OUTGOING_ACTIVITY,-82,1
TXN250329ODJSHL,,NO_MATCH,,0
TXN250329GP4XPR,,NO_MATCH,,0
TXN250329H4RALQ,CDR202600058308,SENDER_OUTGOING_ACTIVITY,-552,1
ATM250329B5X0IY,,NO_MATCH,,0
ATM250329AU176S,,NO_MATCH,,0
TXN250329WDY0F9,,NO_MATCH,,0
ATM250329K48HG6,,NO_MATCH,,0
TXN250329O1PAJ6,,NO_MATCH,,0
TXN250329TCPOFD,,NO_MATCH,,0
ATM250329G0FRZD,,NO_MATCH,,0
TXN250329M15PCT,,NO_MATCH,,0
TXN250329TQE76K,CDR202600058356,RECEIVER_INCOMING_ACTIVITY,753,1
TXN250329F0B4H0,CDR202600058338,RECEIVER_OUTGOING_ACTIVITY,-268,1
TXN250329SC6RLU,,NO_MATCH,,0
TXN250329C33QAX,CDR202600058356,RECEIVER_OUTGOING_ACTIVITY,302,1
TXN2503298LLPBV,,NO_MATCH,,0
ATM250329F8O27T,,NO_MATCH,,0
TXN250329PM6DAI,,NO_MATCH,,0
ATM250329CL5QWC,CDR202600058360,SENDER_OUTGOING_ACTIVITY,-564,1
TXN250329TIKVC6,,NO_MATCH,,0
ATM2503290W2SGN,,NO_MATCH,,0
TXN250329PPR4XZ,,NO_MATCH,,0
TXN250329AXO9IH,CDR202600058373,RECEIVER_INCOMING_ACTIVITY,-110,1
TXN2503292NLZRH,,NO_MATCH,,0
TXN250329A0OQSA,,NO_MATCH,,0
TXN250329EDISYB,,NO_MATCH,,0
ATM250329Y4PEN8,,NO_MATCH,,0
TXN250329G1UW2T,,NO_MATCH,,0
TXN250329TXDL87,,NO_MATCH,,0
TXN2503297NJ5DQ,,NO_MATCH,,0
ATM250329RX1LET,,NO_MATCH,,0
TXN2503298XP2H7,,NO_MATCH,,0
ATM250329GOE0CQ,,NO_MATCH,,0
TXN250329H1KT3D,,NO_MATCH,,0
TXN2503292HPE4E,,NO_MATCH,,0
TXN250329ZA2XVP,CDR202600058422,RECEIVER_OUTGOING_ACTIVITY,550,1
TXN250329328S2G,,NO_MATCH,,0
ATM250329L04C3E,,NO_MATCH,,0
TXN2503296IJ1HK,CDR202600058427,SENDER_INCOMING_ACTIVITY,550,1
TXN250329DSF1DA,,NO_MATCH,,0
ATM25032994O59I,CDR202600058440,RECEIVER_INCOMING_ACTIVITY,370,1
ATM250329IC8LHY,,NO_MATCH,,0
ATM250329VPIQN0,,NO_MATCH,,0
TXN2503293V6WHY,CDR202600058430,SENDER_OUTGOING_ACTIVITY,-740,1
ATM250329BKPRWD,CDR202600058431,RECEIVER_OUTGOING_ACTIVITY,-839,1
ATM250329U4X7MB,,NO_MATCH,,0
TXN250329E7MZ1H,,NO_MATCH,,0
TXN250329QAUYW2,,NO_MATCH,,0
TXN250329VXQP9E,,NO_MATCH,,0
TXN250329W3HOV0,,NO_MATCH,,0
ATM2503292V7S3H,,NO_MATCH,,0
TXN2503295VVFZB,,NO_MATCH,,0
ATM250329C83IYH,,NO_MATCH,,0
TXN250329Q9FK0E,CDR202600058473,SENDER_OUTGOING_ACTIVITY,20,1
ATM250329QRXBS5,CDR202600058483,RECEIVER_OUTGOING_ACTIVITY,589,1
TXN2503290EDLZ4,,NO_MATCH,,0
TXN250329B7L8HM,,NO_MATCH,,0
TXN250329APBIIZ,,NO_MATCH,,0
ATM2503295BV4IJ,,NO_MATCH,,0
ATM250329CG25AP,CDR202600058485,RECEIVER_INCOMING_ACTIVITY,-667,1
TXN250329HID7BL,,NO_MATCH,,0
ATM250329E21P7T,,NO_MATCH,,0
TXN250329TWS4VZ,,NO_MATCH,,0
TXN250329GC5G54,CDR202600058517,RECEIVER_OUTGOING_ACTIVITY,380,1
TXN250329O78FUT,,NO_MATCH,,0
ATM250329GWFI2T,,NO_MATCH,,0
TXN250329KFY42K,,NO_MATCH,,0
ATM25032932KB41,,NO_MATCH,,0
TXN2503296AS5MN,,NO_MATCH,,0
TXN250329O7NIP5,,NO_MATCH,,0
TXN250329U1DSW1,,NO_MATCH,,0
ATM250329S6VV5V,,NO_MATCH,,0
TXN250329FLIASN,,NO_MATCH,,0
TXN2503294NJCIP,,NO_MATCH,,0
TXN250329RMTNBR,CDR202600060169,SENDER_OUTGOING_ACTIVITY,-180,1
TXN250329EUXBGX,,NO_MATCH,,0
TXN250329UZ4QVC,,NO_MATCH,,0
TXN250329YCU3QI,,NO_MATCH,,0
ATM250329E6C3JE,,NO_MATCH,,0
ATM250329RDULFP,,NO_MATCH,,0
TXN250329Q96AAA,,NO_MATCH,,0
ATM250329H4X4GR,,NO_MATCH,,0
ATM2503298LEFZG,,NO_MATCH,,0
TXN2503295ETEHN,,NO_MATCH,,0
TXN250329FUJ284,,NO_MATCH,,0
ATM2503292LS0ZN,,NO_MATCH,,0
TXN250329WPBXD8,,NO_MATCH,,0
TXN25032908A551,,NO_MATCH,,0
TXN25032907DG8W,,NO_MATCH,,0
TXN250329IEWBKY,,NO_MATCH,,0
TXN250329RELRPE,,NO_MATCH,,0
TXN250329IKHTCZ,,NO_MATCH,,0
ATM2503296SZV5T,,NO_MATCH,,0
TXN2503301FSZHC,,NO_MATCH,,0
TXN250330PC04QB,,NO_MATCH,,0
TXN250330BGZ55P,,NO_MATCH,,0
ATM250330491HBF,,NO_MATCH,,0
TXN2503306W59V0,,NO_MATCH,,0
ATM250330YGQG8L,,NO_MATCH,,0
TXN250330Y8H360,,NO_MATCH,,0
TXN250330L8GR2V,,NO_MATCH,,0
TXN250330FMNDIP,,NO_MATCH,,0
TXN250330714MCV,,NO_MATCH,,0
TXN250330M81FHK,,NO_MATCH,,0
TXN250330AUXMG5,,NO_MATCH,,0
ATM250330FXLT9W,,NO_MATCH,,0
ATM250330ZMZVDN,,NO_MATCH,,0
ATM25033090S2OY,,NO_MATCH,,0
TXN2503306OLDS9,,NO_MATCH,,0
ATM250330U35J30,,NO_MATCH,,0
TXN250330PKDIJ4,,NO_MATCH,,0
TXN250330HIOHA6,CDR202600058658,SENDER_OUTGOING_ACTIVITY,-19,1
ATM2503300S9GT3,,NO_MATCH,,0
TXN2503308OLAJT,,NO_MATCH,,0
TXN2503308G46GS,,NO_MATCH,,0
TXN25033060V633,,NO_MATCH,,0
TXN250330JGR48I,,NO_MATCH,,0
TXN2503309HJS6U,,NO_MATCH,,0
TXN250330DJR6N1,,NO_MATCH,,0
TXN250330JWY0C2,,NO_MATCH,,0
ATM250330SRB1OH,,NO_MATCH,,0
ATM250330XEQ1D3,,NO_MATCH,,0
TXN250330Z6P4QG,,NO_MATCH,,0
TXN250330F8C5SC,,NO_MATCH,,0
TXN250330GZB92M,,NO_MATCH,,0
TXN250330G500EJ,,NO_MATCH,,0
TXN250330T465EX,,NO_MATCH,,0
ATM250330H7DHDW,,NO_MATCH,,0
TXN2503303FNYXX,,NO_MATCH,,0
ATM2503307DQATT,,NO_MATCH,,0
TXN25033078VE4A,,NO_MATCH,,0
TXN250330Q3T8X8,,NO_MATCH,,0
TXN250330B2D2SP,,NO_MATCH,,0
ATM250330HJXFR8,,NO_MATCH,,0
TXN2503309T7XM4,,NO_MATCH,,0
TXN250330QF1PVB,,NO_MATCH,,0
TXN250330DA8D0U,,NO_MATCH,,0
ATM250330TNBBRB,,NO_MATCH,,0
TXN2503307PX0UD,CDR202600058734,RECEIVER_OUTGOING_ACTIVITY,-851,1
TXN250330OFFWOG,,NO_MATCH,,0
TXN250330NOQ1VB,,NO_MATCH,,0
TXN250330A17BNG,,NO_MATCH,,0
ATM250330BL6G45,CDR202600058760,SENDER_OUTGOING_ACTIVITY,-648,1
TXN250330S5RLOH,,NO_MATCH,,0
ATM250330U2JNU8,,NO_MATCH,,0
TXN250330IF18S4,CDR202600058774,SENDER_INCOMING_ACTIVITY,-335,1
TXN250330ZBVPL1,,NO_MATCH,,0
TXN250330LSC1DX,CDR202600058783,RECEIVER_OUTGOING_ACTIVITY,-96,1
TXN250330ACE1GI,,NO_MATCH,,0
TXN250330RTVF3N,,NO_MATCH,,0
TXN2503307BQ147,,NO_MATCH,,0
TXN250330I63XQ2,,NO_MATCH,,0
TXN250330SAAROJ,,NO_MATCH,,0
TXN250330F8TDZ8,CDR202600058786,RECEIVER_INCOMING_ACTIVITY,-788,1
TXN250330XNFHK1,,NO_MATCH,,0
ATM250330PHUEAH,,NO_MATCH,,0
TXN250330KGLTS4,,NO_MATCH,,0
TXN250330UNO50V,,NO_MATCH,,0
TXN2503300HPYHE,,NO_MATCH,,0
ATM2503301PHL2F,,NO_MATCH,,0
ATM2503302DP4DZ,,NO_MATCH,,0
ATM250330N7BTR4,CDR202600060025,SENDER_OUTGOING_ACTIVITY,-300,1
TXN250330HZ3835,,NO_MATCH,,0
TXN250330ZRKQ7O,,NO_MATCH,,0
TXN250330LOUK63,,NO_MATCH,,0
ATM250330Q3GQNM,,NO_MATCH,,0
TXN250330M8H1GH,,NO_MATCH,,0
ATM250330QYWLQ1,CDR202600060482,SENDER_OUTGOING_ACTIVITY,-360,1
TXN25033076R0BI,,NO_MATCH,,0
TXN250330Z777LR,,NO_MATCH,,0
TXN250330RKTBHZ,,NO_MATCH,,0
TXN2503302HTD12,,NO_MATCH,,0
TXN250330K8YDEU,,NO_MATCH,,0
TXN250330ACT4SB,CDR202600058865,RECEIVER_INCOMING_ACTIVITY,-400,1
TXN250330G4IAZY,,NO_MATCH,,0
ATM250330GI9V0B,,NO_MATCH,,0
ATM2503303DNSCJ,,NO_MATCH,,0
TXN250330NQ03BA,,NO_MATCH,,0
ATM250330UCYGKH,,NO_MATCH,,0
TXN25033012I9F7,,NO_MATCH,,0
TXN250330TROYDY,,NO_MATCH,,0
TXN2503300GTONZ,,NO_MATCH,,0
ATM2503307QLUUD,CDR202600058895,RECEIVER_INCOMING_ACTIVITY,574,1
TXN2503303AXN4Z,CDR202600058890,SENDER_INCOMING_ACTIVITY,362,1
TXN25033069ALVC,,NO_MATCH,,0
TXN2503306GZ4JG,,NO_MATCH,,0
ATM2503301MP0SU,,NO_MATCH,,0
TXN250330X1PZFF,CDR202600058914,RECEIVER_INCOMING_ACTIVITY,894,1
TXN250330A8R7YV,CDR202600058908,SENDER_INCOMING_ACTIVITY,462,1
TXN250330RL63SF,CDR202600058908,SENDER_INCOMING_ACTIVITY,424,1
TXN250330YUNRC7,,NO_MATCH,,0
TXN250330V0V6UV,,NO_MATCH,,0
TXN250330BSD6J9,,NO_MATCH,,0
TXN250330R8R64I,,NO_MATCH,,0
TXN250330OSPA9A,,NO_MATCH,,0
TXN250330Z3RSUH,,NO_MATCH,,0
ATM250330E2E35P,,NO_MATCH,,0
ATM250330ZJR221,,NO_MATCH,,0
TXN250330M0UY1P,,NO_MATCH,,0
ATM250330IE2FOK,CDR202600058936,SENDER_OUTGOING_ACTIVITY,849,1
TXN250330AVO2L3,,NO_MATCH,,0
TXN2503308086PT,CDR202600058926,RECEIVER_OUTGOING_ACTIVITY,18,1
TXN250330IYE3AG,CDR202600058940,SENDER_INCOMING_ACTIVITY,723,1
ATM2503304OHMA2,,NO_MATCH,,0
TXN250330NN1E7R,CDR202600058933,SENDER_INCOMING_ACTIVITY,205,1
TXN250330W04I0I,CDR202600058931,SENDER_INCOMING_ACTIVITY,-207,1
ATM250330IFKG1M,CDR202600058931,SENDER_INCOMING_ACTIVITY,-221,1
TXN250330H7A493,,NO_MATCH,,0
TXN250330LIBGVA,,NO_MATCH,,0
ATM2503305OW49D,,NO_MATCH,,0
TXN25033026ZAO1,CDR202600060077,SENDER_OUTGOING_ACTIVITY,-120,1
TXN2503302INN9E,,NO_MATCH,,0
ATM250330HFC20J,,NO_MATCH,,0
TXN250330FYLH8P,CDR202600058961,SENDER_OUTGOING_ACTIVITY,855,1
ATM250330T4CQC8,,NO_MATCH,,0
ATM25033039TOGL,,NO_MATCH,,0
TXN250330MMUYHH,CDR202600058967,RECEIVER_INCOMING_ACTIVITY,-91,1
TXN250330ZKLOVI,,NO_MATCH,,0
TXN250330GAABQO,,NO_MATCH,,0
ATM250330YSCTSN,CDR202600058970,SENDER_OUTGOING_ACTIVITY,-535,1
TXN250330M23UAG,,NO_MATCH,,0
ATM250330RJGPA2,CDR202600059003,SENDER_OUTGOING_ACTIVITY,520,1
TXN250330T69J1N,,NO_MATCH,,0
TXN250330GVZN0Y,CDR202600058985,RECEIVER_INCOMING_ACTIVITY,-848,1
ATM25033064ZXIX,CDR202600058991,RECEIVER_OUTGOING_ACTIVITY,-629,1
ATM250330KY8AJY,,NO_MATCH,,0
ATM250330YE1UU6,CDR202600059006,RECEIVER_INCOMING_ACTIVITY,-106,1
TXN2503300PI6JN,,NO_MATCH,,0
TXN2503309ZY1ID,,NO_MATCH,,0
TXN250330WEMRO2,,NO_MATCH,,0
TXN250330SEIG98,,NO_MATCH,,0
TXN2503307GEQ2J,,NO_MATCH,,0
TXN250330XTZZBL,,NO_MATCH,,0
TXN250330K5E7K1,,NO_MATCH,,0
TXN2503304GK0K3,,NO_MATCH,,0
TXN250330RHUFPT,,NO_MATCH,,0
TXN250330C6UW06,,NO_MATCH,,0
TXN250330E64LKP,CDR202600060396,SENDER_OUTGOING_ACTIVITY,-120,1
TXN250330Z2P4K1,,NO_MATCH,,0
TXN2503308H7GC0,,NO_MATCH,,0
ATM250330MIFZCL,,NO_MATCH,,0
TXN250330HO39MD,,NO_MATCH,,0
TXN25033074MWZ0,,NO_MATCH,,0
ATM25033011C7YF,,NO_MATCH,,0
TXN250330B1LQ1W,,NO_MATCH,,0
TXN250330XLGC3H,CDR202600059045,RECEIVER_OUTGOING_ACTIVITY,234,1
TXN250330089JFL,,NO_MATCH,,0
ATM250330N87L9V,,NO_MATCH,,0
TXN250330BSKB36,,NO_MATCH,,0
TXN250330XY5G76,,NO_MATCH,,0
ATM250330IINSZC,CDR202600059052,RECEIVER_OUTGOING_ACTIVITY,51,1
TXN250330N31CVW,CDR202600059040,SENDER_INCOMING_ACTIVITY,-645,1
TXN250330PRNIA5,CDR202600059057,SENDER_INCOMING_ACTIVITY,278,1
TXN250330E4EQ3J,,NO_MATCH,,0
TXN250330TWAMTH,,NO_MATCH,,0
ATM250330E2IHFU,,NO_MATCH,,0
TXN250330SPWRAA,,NO_MATCH,,0
TXN250330J37C97,,NO_MATCH,,0
TXN250330KQEEEA,,NO_MATCH,,0
TXN2503300ZBCI7,CDR202600059062,SENDER_INCOMING_ACTIVITY,19,1
TXN25033018W9FA,,NO_MATCH,,0
TXN250330CG8DP9,,NO_MATCH,,0
ATM250330HSW2Q2,,NO_MATCH,,0
ATM250330EQUUQE,CDR202600059077,RECEIVER_OUTGOING_ACTIVITY,389,1
TXN250330XUBUGJ,,NO_MATCH,,0
ATM250330WZQVCU,CDR202600059063,RECEIVER_OUTGOING_ACTIVITY,-895,1
TXN2503303PXEYP,,NO_MATCH,,0
TXN250330CVPJJH,,NO_MATCH,,0
ATM250330YMEAH9,CDR202600059088,SENDER_INCOMING_ACTIVITY,506,1
TXN250330UDT3MQ,,NO_MATCH,,0
TXN250330Q4V79G,,NO_MATCH,,0
TXN250330FDZS3O,,NO_MATCH,,0
TXN250330PLK6DT,,NO_MATCH,,0
TXN250330DEL992,CDR202600060096,SENDER_OUTGOING_ACTIVITY,-420,1
ATM250330WMKWO2,,NO_MATCH,,0
TXN250330QWECJK,CDR202600059096,RECEIVER_OUTGOING_ACTIVITY,370,1
TXN250330QGPVNU,,NO_MATCH,,0
ATM25033096H2W8,,NO_MATCH,,0
TXN250330B14XK0,,NO_MATCH,,0
TXN250330J73WMP,CDR202600059111,RECEIVER_OUTGOING_ACTIVITY,109,1
TXN250330CH4YMA,,NO_MATCH,,0
TXN250330CCE0CJ,CDR202600059128,RECEIVER_INCOMING_ACTIVITY,446,1
TXN2503306THNEY,,NO_MATCH,,0
ATM250330HPZ3YQ,,NO_MATCH,,0
TXN250330GL7UJ4,,NO_MATCH,,0
TXN250330HHV0BJ,,NO_MATCH,,0
TXN250330H7MOZG,,NO_MATCH,,0
ATM250330H8W62T,CDR202600059142,SENDER_OUTGOING_ACTIVITY,270,1
ATM250330ZJ08DT,,NO_MATCH,,0
ATM2503309JJQ2U,,NO_MATCH,,0
TXN250330QLJOAK,,NO_MATCH,,0
ATM250330J6YFE3,,NO_MATCH,,0
TXN25033051XZVW,CDR202600059152,RECEIVER_INCOMING_ACTIVITY,701,1
TXN250330DSJJ0C,CDR202600059139,SENDER_OUTGOING_ACTIVITY,-737,1
ATM250330ZR6R73,,NO_MATCH,,0
TXN250330NU7X5O,,NO_MATCH,,0
ATM250330KM58CZ,CDR202600059173,SENDER_INCOMING_ACTIVITY,896,1
TXN250330GQCGHR,,NO_MATCH,,0
TXN2503301WK4DE,,NO_MATCH,,0
TXN250330ZMKJU4,,NO_MATCH,,0
ATM250330Y37721,,NO_MATCH,,0
ATM250330YWFJ4Y,CDR202600059189,SENDER_OUTGOING_ACTIVITY,864,1
ATM250330RK1O3X,CDR202600059194,RECEIVER_INCOMING_ACTIVITY,881,1
ATM250330XCTFSS,,NO_MATCH,,0
ATM250330OAJUB0,CDR202600059195,SENDER_INCOMING_ACTIVITY,245,1
TXN2503306CWTP1,,NO_MATCH,,0
ATM250330EQE3HP,,NO_MATCH,,0
TXN2503302W6UJ2,,NO_MATCH,,0
ATM250330YC4UB6,,NO_MATCH,,0
TXN2503306YW40Z,CDR202600059208,RECEIVER_OUTGOING_ACTIVITY,533,1
TXN2503306XKFNZ,,NO_MATCH,,0
TXN2503304YBL9Q,,NO_MATCH,,0
TXN2503304LFN9T,,NO_MATCH,,0
TXN250330620QLW,,NO_MATCH,,0
ATM250330ENR7FS,,NO_MATCH,,0
TXN250330ISJ2XP,CDR202600059225,RECEIVER_OUTGOING_ACTIVITY,-771,1
ATM250330MG8FFA,CDR202600059238,SENDER_OUTGOING_ACTIVITY,249,1
TXN2503305UU924,,NO_MATCH,,0
TXN250330G8TU34,CDR202600059240,SENDER_OUTGOING_ACTIVITY,72,1
TXN2503307NTNG9,,NO_MATCH,,0
ATM250330U0B0YL,,NO_MATCH,,0
TXN25033033PYUF,CDR202600059249,RECEIVER_OUTGOING_ACTIVITY,236,1
ATM2503305HP3MO,,NO_MATCH,,0
ATM250330DWM5YU,,NO_MATCH,,0
ATM2503307AN59T,CDR202600059258,SENDER_INCOMING_ACTIVITY,-424,1
ATM2503300PCE18,,NO_MATCH,,0
ATM250330O4HASJ,,NO_MATCH,,0
TXN250330PVR2WE,,NO_MATCH,,0
TXN250330T5GCTY,,NO_MATCH,,0
ATM250330825497,,NO_MATCH,,0
ATM2503304LAFQ4,,NO_MATCH,,0
ATM250330CTFL3F,,NO_MATCH,,0
TXN250330Y6HUMH,,NO_MATCH,,0
TXN250330VKI5F7,,NO_MATCH,,0
ATM25033179TH3N,,NO_MATCH,,0
TXN25033168G32H,,NO_MATCH,,0
TXN250331OAUURC,,NO_MATCH,,0
ATM250331SSR3B1,,NO_MATCH,,0
ATM250331K6AGPS,,NO_MATCH,,0
ATM2503317I38MV,,NO_MATCH,,0
TXN250331CTMYXR,,NO_MATCH,,0
TXN2503310OKX4K,,NO_MATCH,,0
TXN250331B5AEUJ,,NO_MATCH,,0
TXN2503314XY2SC,,NO_MATCH,,0
TXN250331TBTFOI,,NO_MATCH,,0
ATM250331QGYVX0,,NO_MATCH,,0
TXN25033157708Z,,NO_MATCH,,0
TXN250331CVXK0V,,NO_MATCH,,0
TXN250331YJLYWU,,NO_MATCH,,0
TXN250331SRUUQL,,NO_MATCH,,0
TXN2503318YW411,,NO_MATCH,,0
ATM250331G3TFTG,,NO_MATCH,,0
TXN250331W0NHMA,,NO_MATCH,,0
TXN250331B8C8Y7,CDR202600059365,SENDER_INCOMING_ACTIVITY,65,1
TXN250331TUNHNU,,NO_MATCH,,0
TXN25033195XO6D,,NO_MATCH,,0
TXN250331F2662Y,,NO_MATCH,,0
TXN250331ZMWGCU,,NO_MATCH,,0
TXN250331LF6PXB,,NO_MATCH,,0
ATM250331YA512X,CDR202600059393,RECEIVER_INCOMING_ACTIVITY,710,1
TXN250331QRFO32,CDR202600059384,RECEIVER_INCOMING_ACTIVITY,-614,1
TXN250331KA0BO2,,NO_MATCH,,0
ATM250331DQM1U2,,NO_MATCH,,0
ATM250331NVVVTL,,NO_MATCH,,0
TXN250331UN5MO7,CDR202600059390,RECEIVER_OUTGOING_ACTIVITY,-635,1
ATM250331HB1R3I,,NO_MATCH,,0
ATM25033168Y9YG,,NO_MATCH,,0
ATM2503313Y1117,,NO_MATCH,,0
TXN250331ORPBKV,,NO_MATCH,,0
TXN2503317H1PEZ,,NO_MATCH,,0
ATM250331Y7N0NM,,NO_MATCH,,0
TXN250331G4RQOB,CDR202600059433,SENDER_INCOMING_ACTIVITY,298,1
TXN250331MPLQWG,,NO_MATCH,,0
TXN250331JZ5IFK,,NO_MATCH,,0
ATM250331002P1A,,NO_MATCH,,0
TXN2503312N880M,,NO_MATCH,,0
TXN250331ITVJFH,CDR202600059453,RECEIVER_INCOMING_ACTIVITY,126,1
TXN250331WDYEIK,,NO_MATCH,,0
ATM2503314YAWZC,,NO_MATCH,,0
TXN25033183OQK3,CDR202600059459,SENDER_INCOMING_ACTIVITY,-156,1
TXN250331A3HZRU,CDR202600059459,SENDER_INCOMING_ACTIVITY,-456,1
TXN2503313ZNF2X,,NO_MATCH,,0
ATM250331CEIXDL,CDR202600059477,RECEIVER_OUTGOING_ACTIVITY,94,1
TXN250331ZJR04L,,NO_MATCH,,0
TXN2503311A73M7,,NO_MATCH,,0
TXN250331XT3534,,NO_MATCH,,0
TXN2503312FALJ8,,NO_MATCH,,0
TXN250331LA9SQ6,,NO_MATCH,,0
TXN250331N88MHS,,NO_MATCH,,0
TXN250331XJA9MF,,NO_MATCH,,0
ATM250331XEWWUO,,NO_MATCH,,0
TXN250331P041YG,,NO_MATCH,,0
TXN250331MFY7U5,,NO_MATCH,,0
TXN2503313MOSV9,,NO_MATCH,,0
TXN2503311OAJAO,,NO_MATCH,,0
TXN250331KFJRNM,,NO_MATCH,,0
TXN250331DT993U,,NO_MATCH,,0
TXN2503319O76OQ,,NO_MATCH,,0
ATM250331XPKJCD,,NO_MATCH,,0
ATM250331IA0PBF,CDR202600059523,RECEIVER_OUTGOING_ACTIVITY,-57,1
TXN250331YM7O2G,,NO_MATCH,,0
ATM250331JQJ9SP,CDR202600059551,RECEIVER_INCOMING_ACTIVITY,755,1
ATM250331TOF5CA,,NO_MATCH,,0
TXN250331EIKFG2,,NO_MATCH,,0
TXN250331S0310B,,NO_MATCH,,0
ATM250331F6HY2W,,NO_MATCH,,0
TXN250331C0T0FR,,NO_MATCH,,0
TXN250331PZWJLV,CDR202600059565,RECEIVER_INCOMING_ACTIVITY,-201,1
TXN2503312KXXEM,,NO_MATCH,,0
TXN250331NXCBEF,,NO_MATCH,,0
TXN2503315YBA2I,CDR202600059570,SENDER_OUTGOING_ACTIVITY,-487,1
ATM250331TK6YBM,,NO_MATCH,,0
TXN250331XMZOQQ,,NO_MATCH,,0
TXN250331M821I7,,NO_MATCH,,0
TXN250331RJA3LP,,NO_MATCH,,0
ATM250331PIZX02,,NO_MATCH,,0
TXN250331LGD9RE,,NO_MATCH,,0
TXN250331PPW4OR,CDR202600059589,RECEIVER_INCOMING_ACTIVITY,-552,1
ATM250331J8DCPU,CDR202600059595,RECEIVER_INCOMING_ACTIVITY,-431,1
TXN250331Q17EBZ,,NO_MATCH,,0
ATM2503313TGWTD,,NO_MATCH,,0
TXN2503315XHSJ7,CDR202600059591,RECEIVER_OUTGOING_ACTIVITY,-853,1
ATM25033165UQ66,,NO_MATCH,,0
TXN2503315W8NLW,,NO_MATCH,,0
TXN250331B29ORW,,NO_MATCH,,0
ATM250331ALYEDG,,NO_MATCH,,0
TXN250331XDTM0H,,NO_MATCH,,0
ATM250331H8E4UR,,NO_MATCH,,0
ATM2503317J1UMF,,NO_MATCH,,0
ATM250331DND3R0,CDR202600059620,SENDER_OUTGOING_ACTIVITY,-38,1
ATM250331BBYGSS,,NO_MATCH,,0
TXN250331JC6OGV,,NO_MATCH,,0
ATM250331AKPMK9,CDR202600059629,SENDER_OUTGOING_ACTIVITY,223,1
ATM250331H2L2DL,CDR202600059632,SENDER_INCOMING_ACTIVITY,194,1
ATM2503313A5MFX,,NO_MATCH,,0
ATM2503310FQEEI,,NO_MATCH,,0
ATM250331FSMQQT,,NO_MATCH,,0
TXN250331Y7UU3W,CDR202600059637,RECEIVER_OUTGOING_ACTIVITY,1,1
ATM250331IA5CTK,CDR202600059642,RECEIVER_OUTGOING_ACTIVITY,227,1
TXN250331UO17YZ,,NO_MATCH,,0
TXN250331E3U6FM,,NO_MATCH,,0
TXN250331BVYMY9,,NO_MATCH,,0
TXN250331UM4ONE,,NO_MATCH,,0
TXN250331J731EX,,NO_MATCH,,0
TXN2503318XAN2T,,NO_MATCH,,0
TXN250331BXSN3L,,NO_MATCH,,0
TXN25033105RQOB,,NO_MATCH,,0
TXN250331MX5OBF,CDR202600059662,RECEIVER_INCOMING_ACTIVITY,-414,1
TXN250331FL24BJ,,NO_MATCH,,0
ATM250331WVC3X7,,NO_MATCH,,0
ATM250331CAY11M,,NO_MATCH,,0
TXN250331QR9W7Y,,NO_MATCH,,0
ATM250331OSCEPR,,NO_MATCH,,0
TXN250331KKTTUH,,NO_MATCH,,0
TXN2503316YX7J9,CDR202600059697,RECEIVER_OUTGOING_ACTIVITY,420,1
ATM2503310HUMLS,,NO_MATCH,,0
TXN250331BKRMZW,,NO_MATCH,,0
TXN2503314S4YNO,CDR202600059708,SENDER_INCOMING_ACTIVITY,255,1
TXN250331BWKX4F,,NO_MATCH,,0
TXN25033130R47Z,,NO_MATCH,,0
TXN250331L5RJ9S,,NO_MATCH,,0
TXN250331Q7SD11,,NO_MATCH,,0
ATM250331ZLCUMH,,NO_MATCH,,0
TXN250331A977R1,,NO_MATCH,,0
TXN250331007QFY,,NO_MATCH,,0
ATM2503318BBBYT,,NO_MATCH,,0
ATM250331AM6HX4,CDR202600059721,SENDER_OUTGOING_ACTIVITY,495,1
TXN250331TMF0J9,CDR202600059710,SENDER_INCOMING_ACTIVITY,-367,1
TXN250331JYJOS5,CDR202600059715,SENDER_OUTGOING_ACTIVITY,-452,1
TXN25033192IQZS,,NO_MATCH,,0
TXN250331LFMWIW,,NO_MATCH,,0
ATM250331BKJ76X,,NO_MATCH,,0
ATM250331FFUH2K,,NO_MATCH,,0
TXN250331ZGFAWW,CDR202600059731,SENDER_INCOMING_ACTIVITY,-173,1
TXN250331JRUJ3F,CDR202600059724,SENDER_INCOMING_ACTIVITY,-727,1
TXN250331EBD4IB,,NO_MATCH,,0
TXN250331OF3M38,CDR202600059746,RECEIVER_INCOMING_ACTIVITY,351,1
TXN2503315PHXTK,,NO_MATCH,,0
TXN2503318HI19F,,NO_MATCH,,0
TXN2503317PRZXS,,NO_MATCH,,0
TXN250331PWC1JL,,NO_MATCH,,0
TXN250331UEREEH,,NO_MATCH,,0
TXN250331O16VS4,,NO_MATCH,,0
TXN2503311VCY1Z,CDR202600059770,RECEIVER_OUTGOING_ACTIVITY,307,1
ATM250331EO28IS,,NO_MATCH,,0
TXN250331GAW1KK,CDR202600059786,RECEIVER_OUTGOING_ACTIVITY,876,1
TXN25033126YIZK,,NO_MATCH,,0
TXN250331C2LMBI,,NO_MATCH,,0
ATM2503319GZ7KC,,NO_MATCH,,0
ATM250331UDFAD9,,NO_MATCH,,0
TXN250331NY2O6P,,NO_MATCH,,0
TXN250331H0X19P,,NO_MATCH,,0
TXN250331XOHFT2,,NO_MATCH,,0
ATM250331OLSASY,,NO_MATCH,,0
TXN250331W66KOD,,NO_MATCH,,0
ATM250331GQ8V1Y,,NO_MATCH,,0
TXN250331XNTMRC,,NO_MATCH,,0
TXN250331KQK662,CDR202600059811,SENDER_INCOMING_ACTIVITY,156,1
ATM250331VVJ73N,CDR202600059819,RECEIVER_OUTGOING_ACTIVITY,392,1
TXN250331EY0ENE,,NO_MATCH,,0
TXN25033139H1SB,,NO_MATCH,,0
TXN2503311WCX4S,,NO_MATCH,,0
TXN250331IWUSM7,,NO_MATCH,,0
ATM250331BSB1C9,,NO_MATCH,,0
ATM2503311KPAQF,,NO_MATCH,,0
ATM250331Q7S6XX,,NO_MATCH,,0
ATM2503313DD3PK,CDR202600059866,SENDER_OUTGOING_ACTIVITY,7,1
ATM2503316K2JRP,CDR202600060159,SENDER_OUTGOING_ACTIVITY,-540,1
TXN2503319L5DC9,CDR202600059872,RECEIVER_INCOMING_ACTIVITY,33,1
TXN250331W3MMM5,CDR202600059883,SENDER_OUTGOING_ACTIVITY,414,1
ATM2503318MBNXM,,NO_MATCH,,0
TXN250331D1Q9TP,CDR202600059883,SENDER_OUTGOING_ACTIVITY,114,1
TXN2503316R1E6D,,NO_MATCH,,0
TXN250331SZYBJ8,,NO_MATCH,,0
ATM25033119L1KW,,NO_MATCH,,0
TXN250331RTEKAV,CDR202600059890,SENDER_INCOMING_ACTIVITY,-334,1
TXN250331PTV2YR,,NO_MATCH,,0
TXN250331Q5RV54,,NO_MATCH,,0
TXN250331QMMGBJ,,NO_MATCH,,0
TXN250331UHIP9A,,NO_MATCH,,0
TXN250331BY1OXT,,NO_MATCH,,0
TXN250331J90S9G,CDR202600059905,SENDER_INCOMING_ACTIVITY,-36,1
TXN250331ME0721,,NO_MATCH,,0
TXN250331TA4GUS,,NO_MATCH,,0
ATM250331N7L9JL,,NO_MATCH,,0
TXN250331U7XLH0,,NO_MATCH,,0
TXN250331AONYSS,,NO_MATCH,,0
TXN25033181CZOB,,NO_MATCH,,0
ATM250331YUQTK4,,NO_MATCH,,0
ATM250331OSR1E4,,NO_MATCH,,0
ATM250331Q43GPJ,,NO_MATCH,,0
TXN250331KFKD0D,CDR202600059917,SENDER_OUTGOING_ACTIVITY,482,1
TXN2503315D1PMG,,NO_MATCH,,0
TXN250331MNQDK7,CDR202600059920,RECEIVER_INCOMING_ACTIVITY,426,1
ATM250331I8SGV4,,NO_MATCH,,0
ATM250331LSTHLL,,NO_MATCH,,0
ATM250331T5FI29,,NO_MATCH,,0
TXN25033170DD9Y,,NO_MATCH,,0
TXN250331BDJUXV,,NO_MATCH,,0
TXN25033140GQJE,,NO_MATCH,,0
TXN250331736MAP,CDR202600059939,RECEIVER_OUTGOING_ACTIVITY,-847,1
TXN250331E3EE8H,,NO_MATCH,,0
TXN250331V4R4PB,,NO_MATCH,,0
ATM250331TQ4ADS,,NO_MATCH,,0
ATM2503314SDFWM,,NO_MATCH,,0
TXN250331D6D04U,,NO_MATCH,,0
ATM2503319LPXTW,,NO_MATCH,,0
TXN250331J4TWM6,,NO_MATCH,,0
TXN250331ICCPBY,,NO_MATCH,,0
ATM250331PS10LD,,NO_MATCH,,0
ATM250331KWOOSM,CDR202600059989,SENDER_OUTGOING_ACTIVITY,684,1
TXN250331S9RPLM,CDR202600059984,RECEIVER_INCOMING_ACTIVITY,-165,1
ATM2503317R27LT,CDR202600059989,SENDER_OUTGOING_ACTIVITY,504,1
ATM250331RV7IJ0,CDR202600059989,SENDER_OUTGOING_ACTIVITY,264,1
ATM250331U7QVNC,CDR202600059989,SENDER_OUTGOING_ACTIVITY,24,1
ATM250331YJ8BKI,CDR202600059989,SENDER_OUTGOING_ACTIVITY,-36,1
ATM250331PMU3E8,CDR202600059989,SENDER_OUTGOING_ACTIVITY,-216,1
ATM250331VAAFLR,CDR202600059989,SENDER_OUTGOING_ACTIVITY,-336,1
ATM250331L5S7ED,,NO_MATCH,,0
ATM250331I4BWXE,,NO_MATCH,,0
ATM250331RAQH4U,,NO_MATCH,,0
ATM250331U868MM,,NO_MATCH,,0
ATM2503317ZDUUA,,NO_MATCH,,0
ATM250331O197W7,,NO_MATCH,,0
ATM250331WAIJKO,,NO_MATCH,,0
TXN250331DUG7O5,,NO_MATCH,,0
TXN250331GFA7WI,,NO_MATCH,,0
